개방자치단체코드,관리번호,소재지전체주소,도로명전체주소,도로명우편번호,지정일자,해제일자,운영상태,시설명,시설구분,시설위치(지상/지하),시설면적(㎡),최대수용인원,위도(도),위도(분),위도(초),경도(도),경도(분),경도(초),위도(EPSG4326),경도(EPSG4326),좌표정보X(EPSG5179),좌표정보Y(EPSG5179),데이터갱신구분,데이터갱신시점,최종수정시점
3000000,3000000-S201000013,서울특별시 종로구 명륜3가 53번지 21호,"서울특별시 종로구 성균관로 25-2 (명륜3가, 성균관대학교)",3063.0,2010-12-30,,사용중,"성균관대학교 600주년기념관 지하2,3,4층",공공용시설,지하,6814.83,6814,37.0,35.0,14.99,126.0,59.0,39.85,37.58490741865327,126.99694886505672,955585.522201,1954065.168569,I,2026-02-28 22:58:42,2026-02-27 09:38:55
3000000,3000000-S201700008,서울특별시 종로구 혜화동 1번지 21호,"서울특별시 종로구 성균관로 91 (혜화동, 국민생활관)",3066.0,2017-09-29,,사용중,올림픽기념 국민생활관 지하1층,공공용시설,지하,1474.75,1474,37.0,35.0,25.63,126.0,59.0,55.78,37.59001485363123,126.99898391875064,955768.221125,1954630.854635,I,2026-02-28 22:58:42,2026-02-27 09:40:39
3000000,3000000-S200700223,서울특별시 종로구 숭인동 200-26 진형빌딩,"서울특별시 종로구 종로 386, 진형빌딩 지하1층 (숭인동)",3115.0,2009-12-15,,사용중,진형빌딩 지하1층,공공용시설,지하,734.0,734,37.0,34.0,26.68,127.0,1.0,13.23,37.57420241053118,127.02020769406876,957632.995712,1952866.75676,I,2026-02-27 22:58:42,2026-02-26 21:53:06
3000000,3000000-S200700181,서울특별시 종로구 명륜1가 46번지 7호,"서울특별시 종로구 혜화로3길 6 (명륜1가, 명륜교회)",3068.0,2009-12-15,,사용중,명륜교회 지하1층,공공용시설,지하,1938.46,1938,37.0,35.0,10.84,126.0,59.0,59.06,37.58635746581509,126.99998391515038,955854.345458,1954224.613836,I,2026-02-27 22:58:42,2026-02-26 17:35:35
3000000,3000000-S200700140,서울특별시 종로구 무악동 46번지 82호,"서울특별시 종로구 통일로12길 23 (무악동, 독립문초등학교)",3025.0,2009-12-15,,사용중,독립문초등학교 지하1층,공공용시설,지하,495.0,495,37.0,34.0,26.12,126.0,57.0,38.09,37.5739210911845,126.960580264274,952367.5094288668,1952864.1035973327,I,2026-03-05 22:58:40,2026-03-04 10:08:47
3000000,3000000-S200700088,서울특별시 종로구 관수동 20번지,"서울특별시 종로구 수표로 96 (관수동, 국일관 드림팰리스)",3192.0,2009-12-15,,사용중,국일관 드림팰리스 지하3~6층,공공용시설,지하,8201.0,8201,37.0,34.0,10.98,126.0,59.0,24.08,37.56973542916688,126.98964156894424,954931.211524,1952385.388761,U,2026-04-17 03:03:03,2026-04-16 08:15:57
3000000,3000000-S200700063,서울특별시 종로구 수송동 146번지 1호,"서울특별시 종로구 종로1길 42 (수송동, 이마빌딩)",3152.0,2009-12-15,,사용중,이마빌딩 지하2~3층,공공용시설,지하,4706.0,4706,37.0,34.0,25.72,126.0,58.0,44.62,37.57401456320851,126.9787719639739,953973.96399,1952865.406947,U,2026-04-17 03:03:03,2026-04-16 07:42:55
3000000,3000000-S200700151,서울특별시 종로구 송월동 112번지 27호,"서울특별시 종로구 통일로8길 16 (송월동, 서대문장로교회)",3180.0,2009-12-15,,사용중,서대문장로교회 지하2층,공공용시설,지하,657.6,657,37.0,34.0,9.92,126.0,57.0,55.18,37.56950318184958,126.96539875450569,952790.212074,1952371.525708,I,2026-03-05 22:58:40,2026-03-04 17:06:58
3000000,3000000-S200700067,서울특별시 종로구 수송동 80번지 6호,"서울특별시 종로구 종로5길 58 (수송동, 석탄회관빌딩)",3151.0,2009-12-15,,사용중,석탄회관빌딩 지하2~3층,공공용시설,지하,4803.0,4803,37.0,34.0,22.48,126.0,58.0,49.23,37.572852859484215,126.98018362331884,954097.90569,1952735.830905,U,2026-04-17 03:03:03,2026-04-16 07:56:42
3000000,3000000-S201700007,서울특별시 종로구 홍지동 7번지 1호,"서울특별시 종로구 홍지문2길 20 (홍지동, 상명대학교)",3016.0,2017-09-14,,사용중,상명대학교 자하관 지하1층,공공용시설,지하,992.0,992,37.0,36.0,3.76,126.0,57.0,16.21,37.60182056780232,126.95497524379992,951890.525162,1955962.283908,I,2026-02-27 22:58:42,2026-02-26 16:31:13
3000000,3000000-S200700119,서울특별시 종로구 적선동 80 적선현대빌딩,"서울특별시 종로구 사직로 130, 적선현대빌딩 지하2~4층 (적선동)",3170.0,2009-12-15,,사용중,적선현대빌딩 지하주차장 2~4층,공공용시설,지하,6079.8,6079,37.0,34.0,31.49,126.0,58.0,24.3,37.57557082165369,126.9733077881398,953492.424866,1953040.757173,I,2026-02-26 22:58:40,2026-02-25 11:36:56
3000000,3000000-S200700052,서울특별시 종로구 낙원동 58번지 8호,"서울특별시 종로구 삼일대로30길 22 (낙원동, 종로세무서)",3133.0,2009-12-15,2023-07-25,사용중지,종로세무서 지하1층,공공용시설,지하,410.0,410,37.0,34.0,25.85,126.0,59.0,20.19,37.573986936425,126.98893377552508,954871.272704,1952857.412535,I,2025-12-15 16:14:09,2023-07-25 15:25:57
3000000,3000000-S200700191,서울특별시 종로구 종로5가 82번지 1호,"서울특별시 종로구 종로 지하 216 (종로5가, 1호선 종로5가역)",3195.0,2009-12-15,,사용중,지하철1호선 종로5가역 대합실 승강장 지하2층,공공용시설,지하,10465.0,10465,37.0,34.0,15.22,127.0,0.0,6.88,37.57082788874661,127.00162372668711,955989.983061,1952500.912258,I,2026-02-27 22:58:42,2026-02-26 18:17:27
3000000,3000000-S200700128,서울특별시 종로구 세종로 191-1 현대해상빌딩,"서울특별시 종로구 세종대로 163, 현대해상빌딩 지하1~2층 (세종로)",3183.0,2009-12-15,,사용중,현대해상본사빌딩 지하2층,공공용시설,지하,1696.0,1696,37.0,34.0,15.12,126.0,58.0,34.26,37.57094655999557,126.97635053972564,953758.246302,1952526.215613,I,2026-03-11 02:04:18,2026-03-10 11:46:12
3000000,3000000-S201000003,서울특별시 종로구 창신동 327번지 2호,"서울특별시 종로구 지봉로 29 (창신동, 금호팔레스빌딩)",3121.0,2010-10-21,,사용중,금호팔레스빌딩 지하1~2층,공공용시설,지하,1875.0,1875,37.0,34.0,21.1,127.0,0.0,54.95,37.57260821996063,127.01537699507948,957205.516597,1952692.078417,I,2026-02-27 22:58:42,2026-02-26 14:33:05
3000000,3000000-S200700026,서울특별시 종로구 창신동 530번지 1호,"서울특별시 종로구 종로 311 (창신동, (주)우리은행창신동지점)",3106.0,2009-12-15,,사용중,우리은행창신동지점 지하1층,공공용시설,지하,132.0,132,37.0,34.0,20.29,127.0,0.0,44.08,37.57220972140684,127.01227833594984,956931.659276,1952649.282776,I,2026-02-28 22:58:41,2026-02-27 10:18:14
3000000,3000000-S201200002,서울특별시 종로구 수송동 58번지,"서울특별시 종로구 삼봉로 81 (수송동, 두산위브파빌리온)",3150.0,2012-10-25,,사용중,두산위브파빌리온 지하2~3층,공공용시설,지하,8056.0,8056,37.0,34.0,20.82,126.0,58.0,54.39,37.57231070783611,126.9817338873914,954234.470092,1952674.92557,U,2026-04-17 03:03:03,2026-04-16 08:24:28
3000000,3000000-S200700094,서울특별시 종로구 종로4가 183 가로판매대,서울특별시 종로구 종로 191-3 (종로4가),3130.0,2009-12-15,,사용중,종로4가지하상가 지하1층,공공용시설,지하,1682.0,1682,37.0,34.0,15.32,126.0,59.0,56.92,37.57096318997764,126.9990265153842,955760.710147,1952517.142888,U,2026-04-17 03:03:03,2026-04-16 08:18:47
3000000,3000000-S200700080,서울특별시 종로구 종로3가 10번지 5호,"서울특별시 종로구 종로 지하 129 (종로3가, 1호선 종로3가역)",3139.0,2009-12-15,,사용중,지하철1호선 종로3가역 대합실 승강장 지하1~2층,공공용시설,지하,9311.0,9311,37.0,34.0,13.46,126.0,59.0,31.47,37.57051667376227,126.99200033168536,955139.979404,1952470.935305,I,2026-03-06 22:58:41,2026-03-05 20:58:22
3000000,3000000-S201100004,서울특별시 종로구 명륜3가 1-1042 종로청소년문화센타,"서울특별시 종로구 명륜길 90, 종로청소년문화센타 지하1층 (명륜3가)",3065.0,2011-03-14,2023-06-15,사용중지,종로청소년문화센터 지하1층,공공용시설,지하,180.94,180,37.0,35.0,26.26,126.0,59.0,36.28,37.59059904138267,126.99337690865654,955273.557291,1954698.322928,I,2025-12-15 16:14:09,2023-06-15 09:18:53
3000000,3000000-S200700193,서울특별시 종로구 연지동 1번지 1호,"서울특별시 종로구 율곡로 190 (연지동, 여전도회관)",3127.0,2009-12-15,,사용중,여전도회관 지하1층,공공용시설,지하,2354.0,2354,37.0,34.0,32.88,127.0,0.0,0.27,37.5757573320574,126.9997678583528,955829.00781,1953048.680776,I,2026-02-27 22:58:42,2026-02-26 17:10:37
3000000,3000000-S200700071,서울특별시 종로구 돈의동 137번지,"서울특별시 종로구 돈화문로5가길 1 (돈의동, 피카디리플러스)",3139.0,2009-12-15,,사용중,피카디리플러스 지하5~7층,공공용시설,지하,6471.0,6471,37.0,34.0,15.53,126.0,59.0,28.39,37.57089531941018,126.99163154831209,955107.640237,1952513.120312,U,2026-04-17 03:03:03,2026-04-16 08:12:24
3000000,3000000-S200700081,서울특별시 종로구 인의동 48번지 57호,"서울특별시 종로구 창경궁로 112-16 (인의동, 서울혜화경찰서)",3130.0,2009-12-15,2025-07-29,사용중지,서울혜화경찰서 지하1층,공공용시설,지하,184.0,184,37.0,34.0,19.55,126.0,59.0,55.69,37.572345469012575,126.99865107097564,955728.373941,1952670.676792,I,2025-12-15 16:14:09,2025-07-29 16:10:35
3000000,3000000-S200700046,서울특별시 종로구 연건동 128번지 9호,"서울특별시 종로구 대학로 65 (연건동, KT혜화지사)",3082.0,2009-12-15,,사용중,KT혜화지사 지하1층 체력단련실,공공용시설,지하,216.0,216,37.0,34.0,37.88,127.0,0.0,5.28,37.57712822294289,127.00197551015674,956024.753135,1953199.738889,I,2026-02-26 22:58:40,2026-02-25 17:06:37
3000000,3000000-S201100001,서울특별시 종로구 무악동 60 인왕산아이파크,"서울특별시 종로구 통일로18길 9 (무악동, 인왕산아이파크)",3024.0,2011-01-03,,사용중,인왕산아이파크아파트 주차장 지하2층,공공용시설,지하,1295.0,1295,37.0,34.0,36.07,126.0,57.0,24.1,37.5766847357427,126.95669422486,952026.1300766668,1953172.6942763668,I,2026-03-05 22:58:40,2026-03-04 10:09:47
3000000,3000000-S200700154,서울특별시 종로구 창신동 222번지 8호,"서울특별시 종로구 지봉로5길 7-5 (창신동, 종로구구민회관, 보건소통합청)",3104.0,2009-12-15,,사용중,종로구민회관 지하2층,공공용시설,지하,608.0,608,37.0,34.0,24.68,127.0,0.0,51.74,37.57342692677644,127.01469280943157,957145.568569,1952783.221717,I,2026-02-27 22:58:42,2026-02-26 14:32:22
3000000,3000000-S201000010,서울특별시 성북구 정릉동 산 1-1 북악터널관리사무소,"서울특별시 성북구 정릉로 49, 북악터널관리사무소 (정릉동)",2703.0,2010-12-24,2023-06-15,사용중지,북악터널,공공용시설,지상,1838.0,1838,37.0,36.0,43.14,126.0,59.0,28.76,37.611945379233816,126.99136428521028,955108.703192,1957067.567178,I,2025-12-15 16:14:09,2023-06-15 09:10:41
3000000,3000000-S200700043,서울특별시 종로구 동숭동 169-1 한국방송통신대학,"서울특별시 종로구 대학로 86, 한국방송통신대학 지하1-3층 (동숭동)",3087.0,2009-12-15,,사용중,한국방송통신대학교 본관 지하1층~3층 주차장,공공용시설,지하,13159.0,13159,37.0,34.0,43.43,127.0,0.0,8.89,37.57873107512708,127.00246916120466,956069.284223,1953377.336686,I,2026-02-26 22:58:40,2026-02-25 17:04:48
3000000,3000000-S200700027,서울특별시 종로구 안국동 155-2,"서울특별시 종로구 율곡로 지하62, 3호선 안국역 (안국동)",3147.0,2009-12-15,,사용중,지하철3호선 안국역 지하1~3층 대합실 승강장,공공용시설,지하,10438.0,10438,37.0,34.0,36.19,126.0,59.0,8.96,37.57677456605093,126.98608594405776,954621.490305,1953168.058364,I,2026-02-27 22:58:42,2026-02-26 16:11:20
3000000,3000000-S200700184,서울특별시 종로구 명륜2가 41번지 4호,"서울특별시 종로구 창경궁로 254 (명륜2가, 동원빌딩)",3077.0,2009-12-15,,사용중,"동원빌딩, 한성대학교에듀센터 지하1층",공공용시설,지하,574.88,574,37.0,35.0,1.55,126.0,59.0,59.87,37.583883601835424,126.999988031098,955853.247884,1953950.148227,I,2026-02-27 22:58:42,2026-02-26 17:37:42
3000000,3000000-S200700034,서울특별시 종로구 삼청동 105-1 삼청동주민센터,"서울특별시 종로구 삼청로 107, 삼청동주민센터 지하1층 (삼청동)",3049.0,2009-12-15,2023-06-15,사용중지,삼청동주민센터 지하1층 헬스장,공공용시설,지하,135.0,135,37.0,35.0,5.95,126.0,58.0,54.86,37.58499587962657,126.98195338750408,954261.613644,1954082.178833,I,2025-12-15 16:14:09,2023-06-15 09:13:48
3000000,3000000-S200700122,서울특별시 종로구 세종로 80-1 세종로지하주차장,"서울특별시 종로구 세종대로 지하189, 세종로지하주차장 지하1~5층 (세종로)",3172.0,2009-12-15,,사용중,세종로공영주차장 지하1~5층,공공용시설,지하,35540.0,35540,37.0,34.0,24.31,126.0,58.0,33.7,37.573278995596375,126.97627827994586,953753.307571,1952785.023712,I,2026-04-24 22:58:46,2026-04-22 16:31:57
3000000,3000000-S200700020,서울특별시 종로구 연건동 187번지 1호,"서울특별시 종로구 율곡로 214 (연건동, 정림빌딩)",3122.0,2009-12-15,,사용중,서울대학교병원 융합의학기술원(정림빌딩)지하2층 강당,공공용시설,지하,405.0,405,37.0,34.0,33.07,127.0,0.0,9.54,37.575940762389344,127.002639632954,956082.697727,1953067.685235,I,2026-02-27 22:58:42,2026-02-26 14:40:08
3000000,3000000-S200700152,서울특별시 종로구 행촌동 180번지 10호,"서울특별시 종로구 송월길 154 (행촌동, 교남동주민센터)",3166.0,2009-12-15,2023-06-15,사용중지,교남동주민센터 지하1층,공공용시설,지하,438.0,438,37.0,34.0,18.89,126.0,57.0,43.11,37.57185075886597,126.96191187004894,952483.779978,1952633.735764,I,2025-12-15 16:14:09,2023-06-15 09:14:58
3000000,3000000-S201000006,서울특별시 종로구 창신동 492번지 1호,"서울특별시 종로구 종로 지하 302 (창신동, 1호선 동대문역)",3119.0,2010-10-22,,사용중,지하철1호선 동대문역 대합실 승강장,공공용시설,지하,5490.0,5490,37.0,34.0,18.4,127.0,0.0,40.26,37.5717781999383,127.011183131881,956834.6974370332,1952601.9101647004,I,2026-02-28 22:58:41,2026-02-27 10:28:20
3000000,3000000-S200700054,서울특별시 종로구 수송동 110번지,"서울특별시 종로구 율곡로2길 25 (수송동, 연합뉴스빌딩)",3143.0,2009-12-15,,사용중,연합뉴스빌딩 지하2~3층,공공용시설,지하,5856.0,5856,37.0,34.0,27.46,126.0,58.0,49.66,37.57455537245056,126.98040580939718,954118.570391,1952924.608045,U,2026-04-17 03:03:03,2026-04-16 07:30:55
3000000,3000000-S200700068,서울특별시 종로구 수송동 80번지,"서울특별시 종로구 종로5길 68 (수송동, 코리안리재보험빌딩)",3151.0,2009-12-15,2025-07-29,사용중지,코리안리재보험빌딩 지하1~3층,공공용시설,지하,5716.0,5716,37.0,34.0,24.27,126.0,58.0,49.6,37.57331086593959,126.98012521734071,954093.029295,1952786.673058,I,2025-12-15 16:14:09,2025-07-29 16:07:33
3000000,3000000-S201100002,서울특별시 종로구 세종로 1-68 5호선 광화문역,"서울특별시 종로구 세종대로 지하172, 5호선 광화문역 지하1~3층 (세종로)",3154.0,2011-01-03,,사용중,지하철5호선 광화문역 지하1~3층 대합실 승강장,공공용시설,지하,10051.0,10051,37.0,34.0,17.85,126.0,58.0,36.36,37.5716249337359,126.976767922168,953795.5233262936,1952601.2725836337,U,2026-04-17 03:03:03,2026-04-16 15:34:56
3000000,3000000-S200700186,서울특별시 종로구 명륜4가 96번지 5호,"서울특별시 종로구 대학로 지하 120 (명륜4가, 4호선 혜화역)",3086.0,2009-12-15,,사용중,지하철4호선 혜화역 대합실 승강장,공공용시설,지하,5496.0,5496,37.0,34.0,54.85,127.0,0.0,7.04,37.58184728372861,127.00200679680854,956030.291027,1953723.281499,I,2026-02-27 22:58:42,2026-02-26 17:39:27
3000000,3000000-S201000007,서울특별시 종로구 종로6가 287번지 1호,"서울특별시 종로구 율곡로 지하 308 (종로6가, 4호선동대문역)",3198.0,2010-10-22,,사용중,지하철4호선 동대문역 대합실 지하4층 승강장,공공용시설,지하,3431.0,3431,37.0,34.0,13.45,127.0,0.0,34.62,37.57037804253119,127.0093889498207,956675.448911,1952447.3954,I,2026-02-28 22:58:41,2026-02-27 10:34:38
3000000,3000000-S200700079,서울특별시 종로구 묘동 20번지 5호,"서울특별시 종로구 돈화문로 지하 30 (묘동, 3호선 종로3가역)",3138.0,2009-12-15,,사용중,지하철3호선 종로3가역 대합실 승강장 지하1~4층,공공용시설,지하,14803.0,14803,37.0,34.0,16.01,126.0,59.0,31.32,37.57117082081028,126.99204240275674,955144.086932,1952543.489634,U,2026-04-17 03:03:03,2026-04-16 08:11:50
3000000,3000000-S200700196,서울특별시 종로구 연지동 263번지,"서울특별시 종로구 종로33길 31 (연지동, 삼양사)",3129.0,2009-12-15,,사용중,삼양사 지하1층,공공용시설,지하,2540.0,2540,37.0,34.0,20.65,127.0,0.0,3.92,37.57256246121639,127.00155558443876,955984.986443,1952693.386457,I,2026-02-27 22:58:42,2026-02-26 17:12:12
3000000,3000000-S200700135,서울특별시 종로구 부암동 272번지 7호,서울특별시 종로구 창의문로 143 (부암동),3022.0,2009-12-15,2023-06-15,사용중지,자하문터널,공공용시설,지상,9661.0,9661,37.0,35.0,33.22,126.0,57.0,51.8,37.592658328347575,126.9643748939032,952714.443095,1954940.99813,I,2025-12-15 16:14:09,2023-06-15 09:11:06
3000000,3000000-S200700216,서울특별시 종로구 숭인동 1390 서진빌딩,"서울특별시 종로구 난계로 247, 서진빌딩 지하1층 (숭인동)",3116.0,2009-12-15,,사용중,서진빌딩 지하1층,공공용시설,지하,545.0,545,37.0,34.0,25.33,127.0,1.0,22.74,37.57368581043283,127.02306559323218,957885.066798,1952808.157708,I,2026-02-27 22:58:42,2026-02-26 21:52:37
3000000,3000000-S201900001,서울특별시 종로구 무악동 89 경희궁 롯데캐슬,"서울특별시 종로구 통일로 230 (무악동, 경희궁 롯데캐슬)",3030.0,2019-05-15,,사용중,경희궁롯데캐슬아파트 지하2층,공공용시설,지하,9490.0,9490,37.0,34.0,24.63,126.0,57.0,33.97,37.5735096052491,126.959437074142,952266.2986549668,1952819.031328267,I,2026-03-05 22:58:40,2026-03-04 10:21:21
3000000,3000000-S200700010,서울특별시 종로구 명륜3가 53번지,"서울특별시 종로구 성균관로 31 (명륜3가, 유림회관)",3063.0,2009-12-15,,사용중,유림회관 지하1층,공공용시설,지하,3307.18,3307,37.0,35.0,7.75,126.0,59.0,48.14,37.5854861378019,126.996705160009,955564.3493077,1954129.4900212,I,2026-02-27 22:58:42,2026-02-26 17:32:29
3000000,3000000-S201800002,서울특별시 종로구 무악동 88 인왕산2차아이파크아파트,"서울특별시 종로구 통일로18길 34, 201동 지하1층 (무악동, 인왕산2차아이파크아파트)",3024.0,2018-05-23,,사용중,인왕산2차아이파크아파트 지하1층,공공용시설,지하,3440.0,3440,37.0,34.0,33.5,126.0,57.0,34.38,37.5760841399954,126.95911825248186,952239.789626,1953104.825963,I,2026-03-05 22:58:40,2026-03-04 10:19:49
3000000,3000000-S201600001,서울특별시 종로구 세종로 1-68 5호선 광화문역,"서울특별시 종로구 세종대로 지하172, 5호선 광화문역 (세종로)",3154.0,2016-09-02,,사용중,광화문역연결 청진지하공공보도,공공용시설,지하,2014.0,2014,37.0,34.0,17.85,126.0,58.0,36.36,37.5716501220266,126.97715638910336,953829.843043,1952603.876158,U,2026-04-17 03:03:03,2026-04-16 08:27:42
3000000,3000000-S201000012,서울특별시 종로구 행촌동 209번지 15호,"서울특별시 종로구 통일로12길 14 (행촌동, 영천교회)",3029.0,2010-12-10,,사용중,서울영천교회 지하1층,공공용시설,지하,971.98,971,37.0,34.0,23.67,126.0,57.0,37.44,37.57337111889599,126.96024604702664,952337.646232,1952803.256248,I,2026-03-05 22:58:40,2026-03-04 17:07:58
3000000,3000000-S200700047,서울특별시 종로구 이화동 149번지 1호,"서울특별시 종로구 이화장길 33 (이화동, 이화동주민센터)",3087.0,2009-12-15,2023-06-15,사용중지,이화동주민센터 지하1층,공공용시설,지하,345.0,345,37.0,34.0,37.2,127.0,0.0,15.92,37.576925233196654,127.00434116305652,956233.521327,1953176.113505,I,2025-12-15 16:14:09,2023-06-15 09:14:06
3000000,3000000-S200700210,서울특별시 종로구 숭인동 204-11 숭인상가아파트,"서울특별시 종로구 청계천로 391, 지하1층 (숭인동, 숭인상가아파트)",3117.0,2009-12-15,,사용중,숭인상가아파트 지하1층,공공용시설,지하,1122.0,1122,37.0,34.0,19.88,127.0,1.0,14.46,37.57210126365796,127.02071019202732,957676.178856,1952633.418501,I,2026-02-27 22:58:42,2026-02-26 21:52:22
3000000,3000000-S200700106,서울특별시 종로구 세종로 81-3 세종문화회관,"서울특별시 종로구 세종대로 175, 세종문화회관 (세종로)",3172.0,2009-12-15,,사용중,세종문화회관 지하1층 전시실,공공용시설,지하,2970.0,2970,37.0,34.0,19.24,126.0,58.0,34.71,37.5720098878195,126.976307064718,953755.0646377006,1952644.208108657,I,2026-03-14 23:08:55,2026-03-13 17:51:06
3000000,3000000-S200700050,서울특별시 종로구 운니동 98번지 5호,"서울특별시 종로구 율곡로 88 (운니동, 삼환빌딩)",3131.0,2009-12-15,2024-01-10,사용중지,삼환빌딩 지하1~2층,공공용시설,지하,4897.0,4897,37.0,34.0,36.51,126.0,59.0,20.42,37.57693620879362,126.98892182408574,954871.99723,1953184.625906,I,2025-12-15 16:14:09,2024-01-10 15:41:44
3000000,3000000-S200700138,서울특별시 종로구 무악동 82 무악현대아파트,"서울특별시 종로구 통일로 246-20, 110동 지하1층 (무악동, 무악현대아파트)",3025.0,2009-12-15,,사용중,무악현대아파트 지하1층,공공용시설,지하,2970.0,2970,37.0,34.0,29.56,126.0,57.0,37.42,37.57476316686315,126.95934212140529,952258.714201,1952958.156369,I,2026-03-05 22:58:40,2026-03-04 10:04:47
3000000,3000000-S200700179,서울특별시 종로구 혜화동 90번지 1호,"서울특별시 종로구 창경궁로 296-12 (혜화동, 가톨릭대학교성신교정)",3083.0,2009-12-15,,사용중,가톨릭대학교성신교정 지하1층,공공용시설,지하,747.77,747,37.0,35.0,13.19,127.0,0.0,13.97,37.58642554195397,127.00323526765136,956141.444201,1954230.643469,I,2026-02-27 22:58:42,2026-02-26 17:34:41
3000000,3000000-S200700104,서울특별시 종로구 적선동 81-1 3호선 경복궁역,"서울특별시 종로구 사직로 지하130, 3호선 경복궁역 지하1~3층 (적선동)",3170.0,2009-12-15,,사용중,지하철3호선 경복궁역 대합실 승강장,공공용시설,지하,13176.0,13176,37.0,34.0,33.12,126.0,58.0,23.35,37.57578806818108,126.97315913809878,953479.43394,1953064.933243,U,2026-04-17 03:03:03,2026-04-16 15:34:11
3000000,3000000-S201000009,서울특별시 종로구 창신동 432번지,"서울특별시 종로구 종로44길 43 (창신동, 동신교회,동신교회교육관)",3120.0,2010-12-01,,사용중,동신교회 지하1층,공공용시설,지하,310.0,310,37.0,34.0,15.08,127.0,0.0,48.45,37.57077886185567,127.0126780946532,956966.136948,1952490.352864,I,2026-02-27 22:58:42,2026-02-26 14:34:04
3000000,3000000-S201700006,서울특별시 종로구 홍지동 7번지 1호,"서울특별시 종로구 홍지문2길 20 (홍지동, 상명대학교)",3016.0,2017-09-14,,사용중,상명대학교 미래백년관 지하2층~3층,공공용시설,지하,5588.57,5588,37.0,36.0,11.06,126.0,57.0,17.68,37.60182056780232,126.95497524379992,951890.525162,1955962.283908,I,2026-02-27 22:58:42,2026-02-26 16:30:46
3000000,3000000-S200700024,서울특별시 종로구 창신동 583번지 3호,"서울특별시 종로구 창신길 62 (창신동, 창신제2동주민센터)",3102.0,2009-12-15,2023-06-15,사용중지,창신2동주민센터 지하1층,공공용시설,지하,255.0,255,37.0,34.0,28.02,127.0,0.0,39.13,37.57440128293274,127.01078907130506,956801.414642,1952893.109387,I,2025-12-15 16:14:09,2023-06-15 09:13:30
3000000,3000000-S200700130,"서울특별시 종로구 당주동 100 세종빌딩, 세종아파트","서울특별시 종로구 세종대로23길 54, 세종빌딩, 세종아파트 지하1층 (당주동)",3173.0,2009-12-15,,사용중,세종빌딩 지하1층,공공용시설,지하,4752.0,4752,37.0,34.0,18.52,126.0,58.0,24.45,37.57175171224661,126.97336569134036,953495.162938,1952617.016491,I,2026-02-26 22:58:40,2026-02-25 11:40:59
3000000,3000000-S200700169,서울특별시 종로구 창신동 13-80 서일문화예술고등학교,"서울특별시 종로구 지봉로17길 49, 서일문화예술고등학교 (창신동)",3094.0,2009-12-15,2023-06-16,사용중지,서일문화예술고등학교 지하1층,공공용시설,지하,200.0,200,37.0,34.0,45.72,127.0,0.0,47.88,37.57966363178952,127.0130512445617,957004.197597,1953475.903689,I,2025-12-15 16:14:09,2023-06-16 10:51:54
3000000,3000000-S200700066,서울특별시 종로구 종로2가 1-2 종각지하쇼핑센터,"서울특별시 종로구 종로 지하73, 종각지하철역사 (종로2가)",3161.0,2009-12-15,,사용중,종로2가 지하상가 지하1층,공공용시설,지하,2194.0,2194,37.0,34.0,12.74,126.0,59.0,7.87,37.5702050221061,126.985518493482,954567.3932474,1952439.47332283,U,2026-04-17 03:03:03,2026-04-16 07:48:45
3000000,3000000-S200700085,서울특별시 종로구 인의동 28번지 9호,"서울특별시 종로구 창경궁로 112-7 (인의동, 인의빌딩)",3130.0,2009-12-15,,사용중,인의빌딩 지하2~4층,공공용시설,지하,1841.0,1841,37.0,34.0,21.28,126.0,59.0,53.22,37.57250826571081,126.99820788197424,955689.334325,1952688.947199,U,2026-04-17 03:03:03,2026-04-16 08:14:24
3000000,3000000-S200700100,서울특별시 종로구 사직동 1-38 지하1층,,,2009-12-15,2023-06-16,사용중지,사직공원지하보도 지하1층,공공용시설,지하,211.0,211,37.0,34.0,31.94,126.0,58.0,6.76,37.57552204932004,126.96829781425244,953050.0040675544,1953037.837867352,I,2025-12-15 16:14:09,2023-06-16 10:29:52
3000000,3000000-S200700032,서울특별시 종로구 삼청동 28-7 극동문제연구소/통일관,"서울특별시 종로구 북촌로15길 2, 극동문제연구소/통일관 지하2층 (삼청동)",3053.0,2009-12-15,,사용중,극동문제연구소 통일관 지하2층 주차장,공공용시설,지하,751.07,751,37.0,35.0,11.95,126.0,59.0,0.74,37.58665241296551,126.98353796143849,954402.527301,1954265.193244,I,2026-02-27 22:58:42,2026-02-26 16:11:36
3000000,3000000-S200700121,서울특별시 종로구 적선동 156 광화문 플래티넘,"서울특별시 종로구 새문안로5가길 28, 광화문 플래티넘 지하2~3층 (적선동)",3170.0,2009-12-15,,사용중,광화문플래티넘 빌딩 지하2~3층,공공용시설,지하,6760.0,6760,37.0,34.0,28.16,126.0,58.0,25.1,37.57442585433074,126.97345355846048,953504.584766,1952913.65632,I,2026-02-26 22:58:40,2026-02-25 11:37:19
3000000,3000000-S202600001,서울특별시 종로구 중학동 19 더케이트윈타워,"서울특별시 종로구 종로1길 50, 더케이트윈타워 지하5층 (중학동)",3142.0,2026-05-06,,사용중,종로구청임시청사(더케이트윈타워) 지하5층,공공용시설,지하,5298.4,5298,37.0,34.0,29.68,126.0,58.0,44.28,37.5749123994276,126.978965350839,953991.593153,1952964.9228734,I,2026-05-07 22:58:44,2026-05-06 14:49:20
3000000,3000000-S200700199,서울특별시 종로구 종로5가 82번지 1호,"서울특별시 종로구 종로 지하 200 (종로5가, 종오지하쇼핑센터)",3195.0,2009-12-15,,사용중,종오지하쇼핑센터 지하1층,공공용시설,지하,2311.0,2311,37.0,34.0,15.19,127.0,0.0,0.27,37.57075774570602,126.99994277267218,955841.500992,1952493.918869,I,2026-02-27 22:58:42,2026-02-26 17:09:02
3000000,3000000-S200700058,서울특별시 종로구 종로1가 1번지,"서울특별시 종로구 종로 1 (종로1가, 교보생명빌딩)",3154.0,2009-12-15,,사용중,교보생명빌딩 지하2~3층,공공용시설,지하,13410.0,13410,37.0,34.0,15.48,126.0,58.0,40.93,37.57056298975325,126.97779632168668,953885.682949,1952482.949827,U,2026-04-17 03:03:03,2026-04-16 07:33:17
3000000,3000000-S200700126,서울특별시 종로구 당주동 128-27 동원빌딩,"서울특별시 종로구 새문안로3길 15, 동원빌딩 지하1층 (당주동)",3175.0,2009-12-15,,사용중,동원빌딩  지하1층,공공용시설,지하,1752.0,1752,37.0,34.0,17.99,126.0,58.0,20.4,37.57171563816445,126.97244301283698,953413.662055,1952613.471308,I,2026-02-26 22:58:40,2026-02-25 11:40:00
3000000,3000000-S200700070,서울특별시 종로구 경운동 90번지 4호,"서울특별시 종로구 율곡로 46 (경운동, 서울종로경찰서)",3147.0,2009-12-15,2023-06-15,사용중지,종로경찰서 지하1층,공공용시설,지하,537.0,537,37.0,34.0,31.9,126.0,59.0,5.6,37.57593796815068,126.98459209643204,954489.073761,1953075.964384,I,2025-12-15 16:14:09,2023-06-15 09:18:04
3000000,3000000-S200700192,서울특별시 종로구 종로6가 287-1 4호선 동대문역,"서울특별시 종로구 율곡로 지하308, 4호선 동대문역 (종로6가)",3198.0,2009-12-15,,사용중,동대문전철역지하상가 지하1층,공공용시설,지하,1237.0,1237,37.0,34.0,13.55,127.0,0.0,34.35,37.57037804253119,127.0093889498207,956675.448911,1952447.3954,I,2026-02-27 22:58:42,2026-02-26 18:18:07
3000000,3000000-S201000004,서울특별시 종로구 창신동 328번지 18호,"서울특별시 종로구 지봉로 19 (창신동, 삼우텍스프라자)",3121.0,2010-10-21,,사용중,시즌빌딩 지하2~5층,공공용시설,지하,12325.0,12325,37.0,34.0,18.23,127.0,0.0,54.86,37.57174164004587,127.01546773189544,957213.033356,1952595.894361,I,2026-02-27 22:58:42,2026-02-26 14:33:23
3000000,3000000-S200700001,서울특별시 종로구 계동 140-2 현대빌딩,"서울특별시 종로구 율곡로 75, 현대빌딩 (계동)",3058.0,2009-12-15,,사용중,현대빌딩 본관 지하2층,공공용시설,지하,5330.16,5330,37.0,34.0,38.9,126.0,59.0,15.07,37.5774734174372,126.987519657039,954748.5106826668,1953244.901078,I,2026-03-06 22:58:41,2026-03-05 10:25:30
3000000,3000000-S200700124,서울특별시 종로구 도렴동 60 도렴빌딩,"서울특별시 종로구 새문안로5길 37, 도렴빌딩 지하1~2층 (도렴동)",3173.0,2009-12-15,,사용중,도렴빌딩 지하1~2층,공공용시설,지하,5544.0,5544,37.0,34.0,25.1,126.0,58.0,26.91,37.57367596881805,126.97428725294532,953577.737185,1952830.04785,I,2026-02-26 22:58:40,2026-02-25 11:38:10
3000000,3000000-S200700195,서울특별시 종로구 연지동 136번지 74호,서울특별시 종로구 김상옥로 29 (연지동),3128.0,2009-12-15,,사용중,서울보증보험 지하2~5층,공공용시설,지하,17586.85,17586,37.0,34.0,25.18,127.0,0.0,2.16,37.5734949909066,127.0008597457728,955924.089779,1952797.172251,I,2026-02-27 22:58:42,2026-02-26 17:11:22
3000000,3000000-S200700006,서울특별시 종로구 신교동 1-4 국립서울맹학교,"서울특별시 종로구 필운대로 97, 국립서울맹학교 초등교육관동 지하1층 (신교동)",3032.0,2009-12-15,,사용중,서울맹학교 초등교육관 지하1층,공공용시설,지하,312.0,312,37.0,35.0,3.12,126.0,58.0,5.62,37.58419964577799,126.96822659927734,953049.165189,1954000.612716,I,2026-02-26 22:58:40,2026-02-25 11:27:13
3000000,3000000-S200700056,서울특별시 종로구 관훈동 192번지 18호,"서울특별시 종로구 인사동7길 32 (관훈동, SK건설빌딩)",3149.0,2009-12-15,2023-06-30,사용중지,SK건설빌딩 지하2~4층,공공용시설,지하,7472.0,7472,37.0,34.0,22.97,126.0,59.0,3.48,37.57290317056192,126.98445117103564,954474.782375,1952739.336412,I,2025-12-15 16:14:09,2023-07-03 14:20:26
3000000,3000000-S200700168,서울특별시 종로구 창신동 7번지 40호,"서울특별시 종로구 낙산길 250 (창신동, 서울명신초등학교)",3093.0,2009-12-15,,사용중,서울명신초등학교 지하1층,공공용시설,지하,216.0,216,37.0,34.0,52.11,127.0,0.0,50.57,37.58210445213334,127.0148189523262,957161.679284,1953745.893424,I,2026-03-05 22:58:40,2026-03-04 21:10:06
3000000,3000000-S200700059,서울특별시 종로구 인사동 194번지 27호,"서울특별시 종로구 인사동5길 29 (인사동, 태화빌딩)",3162.0,2009-12-15,,사용중,태화빌딩 지하1~3층,공공용시설,지하,4328.0,4328,37.0,34.0,18.96,126.0,59.0,5.32,37.57213698961912,126.98476913768104,954502.394302,1952654.178324,U,2026-04-17 03:03:03,2026-04-16 07:37:00
3000000,3000000-S200700049,서울특별시 종로구 수송동 104번지,"서울특별시 종로구 종로5길 86 (수송동, 국세청)",3151.0,2009-12-15,,사용중,서울지방국세청 지하2~4층,공공용시설,지하,8166.0,8166,37.0,34.0,26.9,126.0,58.0,47.69,37.57401946567565,126.97953821758728,954041.630032,1952865.57577,U,2026-04-17 03:03:03,2026-04-16 07:26:40
3000000,3000000-S200700127,서울특별시 종로구 당주동 5 로얄빌딩,"서울특별시 종로구 새문안로5길 19, 로얄빌딩 지하2층 (당주동)",3173.0,2009-12-15,,사용중,로얄빌딩 지하2층,공공용시설,지하,5352.0,5352,37.0,34.0,19.16,126.0,58.0,27.62,37.57203484127175,126.97449736788386,953595.272886,1952647.868797,I,2026-02-26 22:58:40,2026-02-25 11:40:16
3000000,3000000-S200700132,서울특별시 종로구 신문로2가 89-29 한국씨티은행 본점,"서울특별시 종로구 새문안로 50, 한국씨티은행 본점 지하1층 (신문로2가)",3184.0,2009-12-15,,사용중,시티빌딩 지하1층,공공용시설,지하,3756.0,3756,37.0,34.0,8.31,126.0,58.0,14.51,37.56905844652911,126.97067549600108,953255.918256,1952319.546468,I,2026-02-26 22:58:40,2026-02-25 11:42:21
3000000,3000000-S200700180,서울특별시 종로구 혜화동 5번지 55호,"서울특별시 종로구 혜화로6가길 34 (혜화동, 혜성유치원)",3067.0,2009-12-15,,사용중,"혜성교회, 혜성유치원 지하1층",공공용시설,지하,825.75,825,37.0,35.0,25.87,127.0,0.0,3.84,37.59057256530201,127.00100189317747,955946.706182,1954691.781776,I,2026-02-27 22:58:42,2026-02-26 17:34:13
3000000,3000000-S200700114,서울특별시 종로구 내자동 223 세양빌딩,"서울특별시 종로구 사직로8길 39, 세양빌딩 지하2층 (내자동)",3170.0,2009-12-15,,사용중,세양빌딩 지하2층,공공용시설,지하,3410.0,3410,37.0,34.0,27.8,126.0,58.0,22.79,37.574178704464025,126.97300153899076,953464.516187,1952886.459998,I,2026-02-26 22:58:40,2026-02-25 11:36:38
3000000,3000000-S200700025,서울특별시 종로구 창신동 578번지 5호,"서울특별시 종로구 창신길 20 (창신동, 동대문맨션)",3106.0,2009-12-15,,사용중,동대문맨션 지하1층,공공용시설,지하,209.0,209,37.0,34.0,20.58,127.0,0.0,39.64,37.5723822807552,127.011010644097,956819.814469,1952669.0091917668,I,2026-02-28 22:58:41,2026-02-27 10:15:35
3000000,3000000-S201800003,서울특별시 종로구 원서동 165 원서빌딩,"서울특별시 종로구 창덕궁1길 13, 원서빌딩 (원서동)",3058.0,2018-07-09,,사용중,원서빌딩 주차장,공공용시설,지하,745.71,745,37.0,34.0,44.77,126.0,59.0,18.34,37.5791018630184,126.988427258865,954829.6353254002,1953425.132634067,I,2026-03-06 22:58:41,2026-03-05 10:27:23
3000000,3000000-S200700108,서울특별시 종로구 세종로 81-3,서울특별시 종로구 세종대로 175(세종로),3172.0,2009-12-15,,사용중,세종문화회관 지하2층 세종·충무공이야기 전시관,공공용시설,지하,2859.0,2859,37.0,34.0,19.24,126.0,58.0,34.71,37.57200988776516,126.97630706472178,953755.064638,1952644.208109,I,2026-02-26 22:58:40,2026-02-25 11:36:15
3000000,3000000-S200700185,서울특별시 종로구 명륜4가 188번지 10호,서울특별시 종로구 창경궁로 230 (명륜4가),3079.0,2009-12-15,,사용중,광원빌딩 지하1층,공공용시설,지하,346.67,346,37.0,34.0,56.0,126.0,59.0,53.56,37.58227885586644,126.9982065326541,955695.004838,1953772.947924,I,2026-02-27 22:58:42,2026-02-26 17:38:32
3000000,3000000-S201700002,서울특별시 종로구 신교동 66 종로구 장애인복지관 및 푸르메재활센터,"서울특별시 종로구 자하문로 89, 종로구 장애인복지관 및 푸르메재활센터(신교공영주차장) (신교동)",3032.0,2017-06-23,,사용중,신교공영주차장 지하1층~4층,공공용시설,지하,5834.14,5834,37.0,35.0,2.6,126.0,58.0,11.59,37.58397860908686,126.97009015697296,953213.563542,1953975.159888,I,2026-02-26 22:58:40,2026-02-25 11:27:53
3000000,3000000-S200700105,서울특별시 종로구 세종로 1-68 5호선 광화문역,"서울특별시 종로구 세종대로 지하172, 5호선 광화문역 지하1~3층 (세종로)",3154.0,2009-12-15,,사용중,광화문사거리 지하1층 지하중앙보도,공공용시설,지하,547.0,547,37.0,34.0,17.88,126.0,58.0,37.0,37.5716501220266,126.97715638910336,953829.843043,1952603.876158,I,2026-02-28 22:58:41,2026-02-27 13:57:36
3000000,3000000-S200700183,서울특별시 종로구 명륜2가 21번지 1호,"서울특별시 종로구 창경궁로 260 (명륜2가, 명륜프라자)",3077.0,2009-12-15,,사용중,명륜프라자 지하2~3층,공공용시설,지하,700.32,700,37.0,35.0,3.94,127.0,0.0,2.03,37.58441273888063,127.00048060166148,955897.050082,1954008.622128,I,2026-02-27 22:58:42,2026-02-26 17:36:35
3000000,3000000-S200700139,서울특별시 종로구 무악동 83 무악현대아파트,"서울특별시 종로구 통일로 246-11, 113동 지하2층 (무악동, 무악현대아파트)",3025.0,2009-12-15,,사용중,무악현대임대아파트 지하2층,공공용시설,지하,2640.0,2640,37.0,34.0,29.36,126.0,57.0,31.0,37.5748224763788,126.958610069781,952194.1098423002,1952965.1087039337,I,2026-03-05 22:58:40,2026-03-04 10:07:41
3000000,3000000-S200700172,서울특별시 종로구 창신동 20번지 8호,"서울특별시 종로구 지봉로 지하 112 (창신동, 6호선 창신역)",3108.0,2009-12-15,,사용중,"지하철6호선 창신역 대합실 승강장(지하 1,4층)",공공용시설,지하,6210.0,6210,37.0,34.0,47.99,127.0,0.0,54.66,37.580030398357486,127.01529596488272,957202.609397,1953515.569703,I,2026-03-04 22:58:41,2026-03-03 21:31:20
3000000,3000000-S201700004,서울특별시 종로구 평창동 153-3 창진파크팰리스,"서울특별시 종로구 평창문화로 87, 창진파크팰리스 지하1층 (평창동)",3009.0,2017-09-14,,사용중,창진파크팰리스 지하 1층,공공용시설,지하,900.13,900,37.0,36.0,26.11,126.0,58.0,14.86,37.6072540980497,126.970794960805,953290.3437306334,1956557.1236784,I,2026-02-26 22:58:40,2026-02-25 15:18:07
3000000,3000000-S200700197,서울특별시 종로구 연지동 270번지,"서울특별시 종로구 종로33길 15 (연지동, 두산아트센터)",3129.0,2009-12-15,,사용중,"연강빌딩, 두산아트센터 지하1~5층",공공용시설,지하,9166.0,9166,37.0,34.0,18.51,127.0,0.0,3.51,37.571857060265216,127.00127067710063,955959.412214,1952615.259185,I,2026-02-27 22:58:42,2026-02-26 17:12:59
3000000,3000000-S201000002,서울특별시 종로구 연건동 28-14 서울대학교병원 의학연구혁신센터,"서울특별시 종로구 대학로 71, 서울대학교병원 의학연구혁신센터 (연건동)",3082.0,2010-10-21,,사용중,서울대학교병원 의학연구혁신센터 지하4층 주차장,공공용시설,지하,3486.51,3486,37.0,34.0,39.99,127.0,0.0,6.42,37.57766230506952,127.0018746379688,956016.160289,1953259.039949,I,2026-02-26 22:58:40,2026-02-25 17:06:48
3000000,3000000-S200700142,서울특별시 종로구 평동 210 서대문역,"서울특별시 종로구 통일로 지하126, 서대문역 (평동)",3181.0,2009-12-15,,사용중,지하철5호선 서대문역 지하,공공용시설,지하,6807.0,6807,37.0,33.0,56.73,126.0,57.0,59.88,37.56598825648422,126.9667035695057,952903.225992,1951980.906987,I,2026-03-05 22:58:40,2026-03-04 17:03:07
3000000,3000000-S200700093,서울특별시 종로구 훈정동 1-2 종묘공원,"서울특별시 종로구 종로 157, 종묘공원 (훈정동)",3135.0,2009-12-15,,사용중,종묘공영주차장 지하2~5층,공공용시설,지하,49254.0,49254,37.0,34.0,15.53,126.0,59.0,42.47,37.5709802172755,126.99513110232196,955416.727124,1952520.873118,U,2026-04-17 03:03:03,2026-04-16 08:17:39
3000000,3000000-S200700064,서울특별시 종로구 세종로 1번지 58호,"서울특별시 종로구 삼청로 1 (세종로, 동십자각)",3045.0,2009-12-15,,사용중,동십자각지하도 지하1층,공공용시설,지하,429.0,429,37.0,34.0,33.84,126.0,58.0,45.92,37.576095094786325,126.97941200499552,954031.760932,1953095.918686,U,2026-04-17 03:03:03,2026-04-16 07:44:53
3000000,3000000-S200700147,서울특별시 종로구 평동 108-1 강북삼성병원,"서울특별시 종로구 새문안로 29, 강북삼성병원 지하2층 (평동)",3181.0,2009-12-15,,사용중,강북삼성병원 지하 2~3층,공공용시설,지하,1598.0,1598,37.0,34.0,4.7,126.0,58.0,1.28,37.568128271575496,126.96859239466444,953071.376838,1952217.386324,I,2026-03-05 22:58:40,2026-03-04 17:05:57
3000000,3000000-S201000011,서울특별시 종로구 숭인동 316-3 6호선 동묘앞역,"서울특별시 종로구 지봉로 지하24, 6호선 동묘앞역 (숭인동)",3114.0,2010-12-31,,사용중,지하철6호선 동묘앞역 대합실 승강장,공공용시설,지하,14001.0,14001,37.0,34.0,19.82,127.0,0.0,56.42,37.57220011944668,127.01574094122084,957237.421599,1952646.635995,I,2026-02-27 22:58:42,2026-02-26 21:53:22
3000000,3000000-S200700007,서울특별시 종로구 궁정동 12-1 청운효자동주민센터,"서울특별시 종로구 자하문로 92, 청운효자동주민센터 지하1층 (궁정동)",3047.0,2009-12-15,2023-06-15,사용중지,청운효자동주민센터 지하1층,공공용시설,지하,146.61,146,37.0,35.0,2.71,126.0,58.0,14.18,37.58404621793672,126.97061436144106,953259.888856,1953982.399822,I,2025-12-15 16:14:09,2023-06-15 09:13:08
3000000,3000000-S200700073,서울특별시 종로구 종로4가 126번지 2호,"서울특별시 종로구 종로 186 (종로4가, 우리은행)",3195.0,2009-12-15,2023-07-25,사용중지,우리은행 종로4가금융센터 지하1층,공공용시설,지하,213.0,213,37.0,34.0,13.46,126.0,59.0,55.09,37.57050789536387,126.9984137476555,955706.328687,1952466.918867,I,2025-12-15 16:14:09,2023-07-25 15:28:10
3000000,3000000-S202300001,서울특별시 종로구 평창동 596 삼성아파트,"서울특별시 종로구 평창문화로 172 (평창동, 삼성아파트)",3010.0,2023-06-16,,사용중,삼성아파트 지하주차장 1~2층,공공용시설,지하,6183.4,6183,37.0,36.0,39.68,126.0,58.0,42.69,37.61102288666165,126.97852553178298,953975.000835,1956971.437298,I,2026-03-06 22:58:41,2026-03-05 17:00:40
3000000,3000000-S200700187,서울특별시 종로구 혜화동 90번지 18호,"서울특별시 종로구 대학로 146 (혜화동, 두레빌딩)",3084.0,2009-12-15,,사용중,혜화동씨티밸리 지하3층,공공용시설,지하,2754.0,2754,37.0,35.0,3.3,127.0,0.0,7.39,37.58430711071853,127.00186391162045,956019.122229,1953996.254609,I,2026-02-27 22:58:42,2026-02-26 17:40:42
3000000,3000000-S201400001,서울특별시 종로구 청진동 70번지,서울특별시 종로구 종로 33 (청진동),3159.0,2014-07-01,,사용중,"GS건설, 그랑서울 지하2~7층",공공용시설,지하,41308.0,41308,37.0,34.0,14.72,126.0,58.0,53.17,37.57044711000584,126.98114900114754,954181.679622,1952468.453443,U,2026-04-17 03:03:03,2026-04-16 08:26:17
3000000,3000000-S200700016,서울특별시 종로구 구기동 117-41 구기터널관리사무소,"서울특별시 종로구 진흥로 419, 구기터널관리사무소 (구기동)",3000.0,2009-12-15,2023-06-15,사용중지,구기터널,공공용시설,지상,1781.0,1781,37.0,36.0,31.64,126.0,57.0,19.94,37.60878995094593,126.95553788094333,951944.673504,1956735.220391,I,2025-12-15 16:14:09,2023-06-15 09:10:05
3000000,3000000-S201700005,서울특별시 종로구 신영동 219번지 4호,"서울특별시 종로구 세검정로9길 1 (신영동, 서울세검정초등학교)",3014.0,2017-09-14,,사용중,서울세검정초등학교 지하2층,공공용시설,지하,450.0,450,37.0,36.0,12.18,126.0,57.0,39.89,37.60315310853331,126.96136705187185,952455.584083,1956106.86805,I,2026-02-27 22:58:42,2026-02-26 16:37:33
3000000,3000000-S200700125,서울특별시 종로구 당주동 145,"서울특별시 종로구 세종대로23길 47, 지하2층 (당주동)",3182.0,2009-12-15,,사용중,미도파광화문빌딩 지하2층,공공용시설,지하,3553.0,3553,37.0,34.0,17.19,126.0,58.0,25.59,37.57148576425859,126.97369360862452,953523.954863,1952587.348591,I,2026-02-26 22:58:40,2026-02-25 11:39:47
3000000,3000000-S200700061,서울특별시 종로구 공평동 100번지,"서울특별시 종로구 종로 47 (공평동, SC제일은행본점)",3160.0,2009-12-15,,사용중,SC제일은행본점 지하2~4층,공공용시설,지하,10166.0,10166,37.0,34.0,15.99,126.0,58.0,56.57,37.57061135648933,126.9825705683684,954307.315585,1952485.98357,U,2026-04-17 03:03:03,2026-04-16 07:39:44
3000000,3000000-S200700083,서울특별시 종로구 세종로 100번지,"서울특별시 종로구 세종대로 178 (세종로, KT광화문빌딩West)",3154.0,2009-12-15,2023-06-15,사용중지,KT광화문빌딩 지하1~3층,공공용시설,지하,9413.24,9413,37.0,34.0,19.55,126.0,58.0,40.07,37.5721838581992,126.977599306087,953869.28471,1952662.874076,I,2025-12-15 16:14:09,2023-06-15 09:18:29
3000000,3000000-S200700173,서울특별시 종로구 숭인동 55-2 숭인제1동주민센터 지하2층,"서울특별시 종로구 지봉로 86, 숭인제1동주민센터 지하2층 (숭인동)",3108.0,2009-12-15,2023-06-15,사용중지,숭인1동주민센터 지하2층,공공용시설,지하,32.0,32,37.0,34.0,40.23,127.0,0.0,56.21,37.57780547277804,127.01554483611366,957223.310958,1953268.611644,I,2025-12-15 16:14:09,2023-06-15 09:15:21
3000000,3000000-S200700165,서울특별시 종로구 창신동 138번지 32호,"서울특별시 종로구 창신5길 22 (창신동, 창신성결교회)",3105.0,2009-12-15,,사용중,창신성결교회 지하1층,공공용시설,지하,627.0,627,37.0,34.0,25.11,127.0,0.0,43.16,37.57368401076996,127.0118341012569,956893.280606,1952813.051609,I,2026-03-06 22:58:41,2026-03-05 20:45:28
3000000,3000000-S200700069,서울특별시 종로구 서린동 154번지 1호,"서울특별시 종로구 종로 6 (서린동, 광화문우체국)",3187.0,2009-12-15,,사용중,광화문우체국 지하1층,공공용시설,지하,1062.0,1062,37.0,34.0,11.46,126.0,58.0,40.8,37.57001391734867,126.97805425549676,953908.12214,1952421.906349,U,2026-04-17 03:03:03,2026-04-16 07:59:11
3000000,3000000-S201700009,서울특별시 종로구 숭인동 766 종로청계힐스테이트,"서울특별시 종로구 숭인동길 21, 지하1층 (숭인동, 종로청계힐스테이트)",3112.0,2017-09-29,,사용중,종로청계힐스테이트아파트 지하1층,공공용시설,지하,12936.0,12936,37.0,34.0,33.22,127.0,1.0,17.7,37.57589563532384,127.02158211103716,957755.317855,1953053.99282,I,2026-02-27 22:58:42,2026-02-26 21:53:41
3000000,3000000-S200700098,"서울특별시 종로구 옥인동 45-30 종로구보건소, 청운효자동자치회관","서울특별시 종로구 자하문로19길 36, 종로구보건소, 청운효자동자치회관 지하1층 (옥인동)",3035.0,2009-12-15,2023-06-15,사용중지,청운효자동자치회관 지하1층,공공용시설,지하,142.0,142,37.0,34.0,54.59,126.0,58.0,9.18,37.5817287803639,126.96920900565236,953134.354577,1953725.990902,I,2025-12-15 16:14:09,2023-06-15 10:29:04
3000000,3000000-S200700005,서울특별시 종로구 신교동 1-1 국립서울농학교,"서울특별시 종로구 필운대로 103, 국립서울농학교 청각언어훈련센터동 지하1층 (신교동)",3032.0,2009-12-15,,사용중,서울농학교 청각장애 교육지원센터 지하1층,공공용시설,지하,198.0,198,37.0,35.0,2.89,126.0,58.0,7.83,37.58413718522873,126.96884140648686,953103.408385,1953993.375886,I,2026-02-26 22:58:40,2026-02-25 11:26:53
3000000,3000000-S201700003,서울특별시 종로구 평창동 577-7,"서울특별시 종로구 평창문화로 151, 지하주차장 (평창동)",3004.0,2017-09-14,,사용중,상명대학교 박물관 지하주차장 1층,공공용시설,지하,979.67,979,37.0,36.0,37.44,126.0,58.0,34.71,37.6104005490648,126.976307719124,953778.8715624334,1956903.4810947669,I,2026-02-26 22:58:40,2026-02-25 15:17:51
3000000,3000000-S200700198,서울특별시 종로구 연지동 1번지 7호,"서울특별시 종로구 율곡로 194 (연지동, 현대그룹빌딩)",3127.0,2009-12-15,,사용중,현대그룹빌딩 지하1층,공공용시설,지하,2102.0,2102,37.0,34.0,31.17,127.0,0.0,2.61,37.57559803435426,127.00026603501632,955872.903588,1953030.773373,I,2026-02-27 22:58:42,2026-02-26 17:06:20
3000000,3000000-S200700107,서울특별시 종로구 사직동 284-1 종로문화체육센터,"서울특별시 종로구 인왕산로1길 21, 종로문화체육센터 지하1~2층 (사직동)",3028.0,2009-12-15,,사용중,종로구문화체육센터 지하1~2층,공공용시설,지하,1023.0,1023,37.0,34.0,27.14,126.0,57.0,52.64,37.57427903721584,126.96449239161902,952713.191759,1952901.839933,I,2026-02-26 22:58:40,2026-02-25 11:35:25
3000000,3000000-S201700001,서울특별시 종로구 서린동 159번지 1호,"서울특별시 종로구 청계천로 1 (서린동, 동아일보사)",3187.0,2017-02-23,,사용중,동아일보사 지하2~4층,공공용시설,지하,4130.16,4130,37.0,34.0,10.45,126.0,58.0,40.77,37.56947758313516,126.97779641524257,953885.021992,1952362.529176,U,2026-04-17 03:03:03,2026-04-16 08:29:17
3000000,3000000-S201000005,서울특별시 종로구 창신동 232번지,"서울특별시 종로구 지봉로5길 7 (창신동, 두산아파트)",3104.0,2010-10-21,,사용중,두산아파트 지하1~2층,공공용시설,지하,14915.0,14915,37.0,34.0,27.26,127.0,0.0,51.17,37.57440423595678,127.01509895527217,957181.992554,1952891.464181,I,2026-02-27 22:58:42,2026-02-26 14:33:44
3000000,3000000-S200700004,서울특별시 종로구 계동 35 대동세무고등학교,"서울특별시 종로구 계동길 84-10, 대동세무고등학교 (계동)",3057.0,2009-12-15,,사용중,대동세무고등학교 본관 지하1층,공공용시설,지하,183.36,183,37.0,34.0,51.8,126.0,59.0,14.94,37.5810562855101,126.987482600172,954747.4071111,1953642.421241633,I,2026-03-06 22:58:41,2026-03-05 10:26:28
3000000,3000000-S200700065,서울특별시 종로구 종로1가 54번지,"서울특별시 종로구 종로 지하 55 (종로1가, 종각지하철역사)",3161.0,2009-12-15,,사용중,지하철1호선 종각역 대합실 승강장 지하1~2층,공공용시설,지하,10410.0,10410,37.0,34.0,12.76,126.0,58.0,56.33,37.570286992137845,126.98361037914216,954398.941122,1952449.491796,U,2026-04-17 03:03:03,2026-04-16 07:47:09
3000000,3000000-S200700200,서울특별시 종로구 숭인동 117 동묘앞역 지하1층,"서울특별시 종로구 종로 359, 동묘앞역 지하1층 (숭인동)",3113.0,2009-12-15,,사용중,지하철1호선 동묘앞역 대합실 승강장 지하1층,공공용시설,지하,5501.0,5501,37.0,34.0,23.92,127.0,0.0,59.04,37.57367267492826,127.01737305618684,957382.385834,1952809.267179,I,2026-02-26 22:58:40,2026-02-25 13:13:44
3000000,3000000-S201700010,서울특별시 종로구 가회동 156 가회동주민센터,"서울특별시 종로구 북촌로 35, 가회동주민센터 (가회동)",3055.0,2017-11-29,2023-06-15,사용중지,가회동주민센터 지하1~2층,공공용시설,지하,458.86,458,37.0,34.0,48.17,126.0,59.0,5.2,37.58006610443749,126.98486973710013,954516.101048,1953533.827133,I,2025-12-15 16:14:09,2023-06-15 09:16:00
3000000,3000000-S202100001,서울특별시 종로구 수송동 83-1 수송스퀘어,"서울특별시 종로구 율곡로2길 19, 수송스퀘어 (수송동)",3143.0,2021-12-14,,사용중,SK에코플랜트 수송스퀘어 지하2~6층,공공용시설,지하,12988.0,12988,37.0,34.0,28.1,126.0,58.0,51.94,37.57470120741301,126.98089031176087,954161.442823,1952940.551252,U,2026-04-25 03:03:03,2026-04-24 10:04:04
3000000,3000000-S200700051,서울특별시 종로구 수송동 146번지 12호,"서울특별시 종로구 종로1길 36 (수송동, 대림빌딩)",3152.0,2009-12-15,2026-04-16,사용중지,대림빌딩 지하1~2층,공공용시설,지하,3951.0,3951,37.0,34.0,24.5,126.0,58.0,44.58,37.5735029656705,126.97877661344548,953974.05969,1952808.645368,U,2026-04-17 03:03:03,2026-04-16 09:40:25
3000000,3000000-S201800001,서울특별시 서대문구 현저동 101 독립문역,"서울특별시 서대문구 통일로 지하247, 독립문역 지하3층동 (현저동)",3732.0,2018-05-23,2023-07-10,사용중지,지하철3호선 독립문역 지하3층,공공용시설,지하,5294.0,5294,37.0,34.0,27.93,126.0,57.0,27.89,37.57437981324468,126.95782423784324,952124.435266,1952916.397435,I,2025-12-15 16:14:09,2023-07-11 08:47:59
3000000,3000000-S200700137,서울특별시 종로구 무악동 60-2 무악동주민센터,"서울특별시 종로구 통일로14길 36, 무악동주민센터 지하1층동 (무악동)",3030.0,2007-11-06,2023-06-15,사용중지,무악동주민센터 지하1층,공공용시설,지하,146.0,146,37.0,34.0,33.63,126.0,57.0,29.38,37.576062118303824,126.95808561228486,952148.592029,1953102.908196,I,2025-12-15 16:14:09,2023-06-15 09:14:27
3000000,3000000-S201000001,서울특별시 종로구 평창동 186번지 9호 평창동 주민센터,"서울특별시 종로구 평창문화로 65, 평창동 주민센터 (평창동)",3009.0,2010-10-21,2023-06-15,사용중지,평창동주민센터 지하1층,공공용시설,지하,89.0,89,37.0,36.0,22.96,126.0,58.0,6.19,37.60632783373172,126.96834167070058,953073.223458,1956455.581842,I,2025-12-15 16:14:09,2023-06-15 09:15:37
3000000,3000000-S200700053,서울특별시 종로구 서린동 136번지,"서울특별시 종로구 종로 14 (서린동, 한국무역보험공사빌딩)",3187.0,2009-12-15,,사용중,한국무역보험공사빌딩 지하2~4층,공공용시설,지하,5102.0,5102,37.0,34.0,11.01,126.0,58.0,44.06,37.56989745489536,126.9789611078794,953988.133201,1952408.540964,U,2026-04-17 03:03:03,2026-04-16 07:29:09
3010000,3010000-S199000013,서울특별시 중구 남대문로3가 13-3 남대문로지하쇼핑센터,"서울특별시 중구 남대문로 지하14, 남대문로지하쇼핑센터 (남대문로3가)",4528.0,1990-01-01,,사용중,남대문로지하쇼핑센터,공공용시설,지하,3059.0,3059,37.0,33.0,39.6,126.0,58.0,40.46,37.56085909400669,126.97735178971035,953840.439774,1951406.568627,I,2026-04-29 22:58:51,2026-02-09 09:51:11
3010000,3010000-S200800012,서울특별시 중구 신당동 842번지,"서울특별시 중구 동호로10길 30 (신당동, 약수하이츠)",4593.0,2008-12-09,,사용중,약수하이츠아파트 지하주차장,공공용시설,지하,47064.0,47064,37.0,33.0,18.61,127.0,0.0,44.67,37.5549110413082,127.0123437662424,956927.478592,1950730.052781,I,2026-04-29 22:58:49,2026-04-15 17:18:01
3010000,3010000-S200300601,서울특별시 중구 을지로3가 347번지 3호,"서울특별시 중구 을지로 지하 106 (을지로3가, 을지로3가역 2호선)",4550.0,1998-01-05,,사용중,2호선을지로3가역지하철승강장,공공용시설,지하,6154.0,6154,37.0,33.0,58.56,126.0,59.0,25.11,37.56624384099566,126.99028179769635,954985.648099,1951997.707423,I,2026-04-29 22:58:49,2026-02-09 09:58:43
3010000,3010000-S200800016,서울특별시 중구 신당동 850번지,"서울특별시 중구 다산로36길 110 (신당동, 신당푸르지오)",4587.0,2008-12-09,,사용중,신당푸르지오아파트 지하주차장 1~3층,공공용시설,지하,25890.0,25890,37.0,33.0,34.69,127.0,1.0,12.17,37.559368347296,127.0203027164053,957632.985551,1951220.950141,I,2026-04-29 22:58:49,2026-02-09 10:12:57
3010000,3010000-S198000003,서울특별시 중구 장충동2가 201번지,"서울특별시 중구 장충단로 60 (장충동2가, 반얀트리 클럽 앤 스파 서울)",4605.0,1980-12-31,,사용중,반얀트리클럽앤스파서울 지하1~2층,공공용시설,지하,5179.0,5179,37.0,33.0,4.05,127.0,0.0,3.08,37.55112381691272,127.00085577805964,955910.557678,1950315.206286,I,2026-04-29 22:58:49,2026-02-09 10:12:14
3010000,3010000-S200800008,서울특별시 중구 신당동 849번지,"서울특별시 중구 다산로42가길 43 (신당동, 삼성홈타운신당아파트)",4585.0,2008-12-09,,사용중,삼성홈타운신당아파트 지하주차장 1층,공공용시설,지하,1911.0,1911,37.0,33.0,45.88,127.0,1.0,0.88,37.5627435397785,127.016912143905,957335.4520167334,1951596.943995467,I,2026-04-29 22:58:49,2026-02-09 10:13:28
3010000,3010000-S199700007,서울특별시 중구 태평로1가 25번지,"서울특별시 중구 세종대로 124 (태평로1가, 프레스센터)",4520.0,1997-12-31,,사용중,덕수궁앞지하보도,공공용시설,지하,448.0,448,37.0,34.0,2.71,126.0,58.0,40.35,37.56730164033538,126.97769815383884,953875.002817,1952121.167158,I,2026-04-29 22:58:49,2026-02-09 10:19:52
3010000,3010000-S198500001,서울특별시 중구 신당동 369-44 약수역 3호선,"서울특별시 중구 다산로 지하122, 약수역 3호선 (신당동)",4597.0,1987-07-27,,사용중,3호선약수역지하철승강장,공공용시설,지하,1128.0,1128,37.0,33.0,16.44,127.0,0.0,38.94,37.554665497305365,127.0107423355242,956785.888607,1950703.545992,I,2026-04-29 22:58:49,2026-02-09 10:06:01
3010000,3010000-S200800010,서울특별시 중구 신당동 840번지,"서울특별시 중구 다산로36길 109 (신당동, 현대아파트)",4582.0,2008-12-09,,사용중,신당현대아파트 관리동 지하 2층,공공용시설,지하,2594.0,2594,37.0,33.0,35.0,127.0,1.0,12.42,37.55976778902146,127.02010907788956,957616.109502,1951265.353416,I,2026-04-29 22:58:52,2026-02-09 10:13:14
3010000,3010000-S200800015,서울특별시 중구 충정로1가 75번지 1호,"서울특별시 중구 새문안로 16 (충정로1가, 농업협동조합중앙회건물)",4516.0,2008-12-09,2024-07-22,사용중지,농협중앙회 지하2~3층,공공용시설,지하,1585.0,1585,37.0,34.0,0.64,126.0,58.0,4.99,37.56684474237607,126.9680516417339,953022.816478,1952075.255172,I,2026-04-29 22:58:51,2024-07-22 17:00:17
3010000,3010000-S200500021,서울특별시 중구 을지로6가 18번지 14호,"서울특별시 중구 을지로39길 40 (을지로6가, 구민회관)",4563.0,1991-12-31,,사용중,중구구민회관 지하1~3층,공공용시설,지하,907.0,907,37.0,34.0,6.26,127.0,0.0,19.66,37.56840431849508,127.00546096754516,956327.424637,1952230.238871,I,2026-04-29 22:58:49,2026-02-09 10:02:59
3010000,3010000-S200500018,서울특별시 중구 을지로7가 112번지 3호,"서울특별시 중구 을지로 지하 279 (을지로7가, 동대문역사문화공원역 2호선)",4566.0,1992-12-31,,사용중,동대문역사문화공원역지하철승강장,공공용시설,지하,14468.0,14468,37.0,33.0,56.12,127.0,0.0,32.87,37.56562586618249,127.00915456268916,956651.99676,1951920.273395,I,2026-04-29 22:58:52,2026-02-06 17:46:09
3010000,3010000-S198500003,서울특별시 중구 남대문로5가 120번지,"서울특별시 중구 소월로 10 (남대문로5가, 단암빌딩)",4527.0,1985-07-24,,사용중,단암타워빌딩 지하1~2층,공공용시설,지하,1650.0,1650,37.0,33.0,30.75,126.0,58.0,31.48,37.55862614936221,126.97554943897046,953679.875177,1951159.72137,I,2026-04-29 22:58:49,2026-02-09 10:13:39
3010000,3010000-S199000008,서울특별시 중구 서소문동 90번지 1호,"서울특별시 중구 서소문로 지하 127 (서소문동, 시청역 2호선)",4515.0,1990-01-01,,사용중,2호선시청역지하철승강장,공공용시설,지하,8322.0,8322,37.0,33.0,48.87,126.0,58.0,31.44,37.56356783789667,126.97526859618075,953658.131588,1951708.115444,I,2026-04-29 22:58:49,2026-02-09 09:51:46
3010000,3010000-S201100002,서울특별시 중구 신당동 844번지,"서울특별시 중구 다산로 32 (신당동, 남산타운)",4595.0,2011-04-06,,사용중,남산타운아파트2(임대동) 지하1층,공공용시설,지하,24454.0,24454,37.0,32.0,51.14,127.0,0.0,23.18,37.54759663071084,127.00670911933736,956425.533703,1949921.154734,I,2026-04-29 22:58:49,2026-02-06 17:53:48
3010000,3010000-S200500009,서울특별시 중구 인현동2가 192번지 30호,"서울특별시 중구 마른내로 72 (인현동2가, 인현상가)",4558.0,1980-12-21,2023-06-15,사용중지,인현지하쇼핑센터,공공용시설,지하,1970.0,1970,37.0,33.0,48.77,126.0,59.0,44.93,37.56410530791385,126.99586096680449,955477.087509,1951757.790062,I,2026-04-29 22:58:49,2023-06-15 11:11:51
3010000,3010000-S201200008,서울특별시 중구 태평로1가 31번지,"서울특별시 중구 세종대로 110 (태평로1가, 서울시청)",4524.0,2012-11-23,,사용중,서울특별시청 지하1~4층,공공용시설,지하,2021.0,2021,37.0,33.0,58.34,126.0,58.0,39.74,37.56620502187806,126.97770627907322,953875.044172,1951999.498732,I,2026-04-29 22:58:51,2026-02-09 10:00:57
3010000,3010000-S199000014,서울특별시 중구 남대문로4가 17번지 12호,"서울특별시 중구 세종대로 50 (남대문로4가, 흥국생명빌딩)",4526.0,1990-01-01,,사용중,남대문앞지하보도,공공용시설,지하,442.0,442,37.0,33.0,39.32,126.0,58.0,34.48,37.56082696469122,126.9760652426146,953726.793039,1951403.636688,I,2026-04-29 22:58:49,2026-02-09 10:11:45
3010000,3010000-S200300009,서울특별시 중구 중림동 441번지,"서울특별시 중구 청파로 463 (중림동, 한국경제신문사빌딩)",4505.0,2000-04-20,,사용중,한국경제신문사 지하1~5층,공공용시설,지하,17916.0,17916,37.0,33.0,38.53,126.0,58.0,3.44,37.56070414617848,126.96762207325706,952981.021069,1951394.201035,I,2026-04-29 22:58:52,2026-01-30 16:35:00
3010000,3010000-S201600001,서울특별시 중구 황학동 2545번지,"서울특별시 중구 청계천로 400 (황학동, 롯데캐슬베네치아)",4572.0,2016-03-31,,사용중,베네치아메가몰 지하3~4층,공공용시설,지하,39896.0,39896,37.0,34.0,17.51,127.0,1.0,18.37,37.57152959850574,127.02176965042877,957769.412394,1952569.518422,I,2026-04-29 22:58:49,2026-02-09 10:13:52
3010000,3010000-S200500006,서울특별시 중구 충무로5가 21번지,"서울특별시 중구 퇴계로45길 32-12 (충무로5가, 묵정경노당)",4559.0,1998-12-05,,사용중,묵정공원공영주차장 지하1~5층,공공용시설,지하,4735.0,4735,37.0,33.0,49.26,126.0,59.0,59.29,37.56371582523737,126.99979428615318,955824.229929,1951712.722765,I,2026-04-29 22:58:49,2026-04-17 08:25:16
3010000,3010000-S201200004,서울특별시 중구 회현동1가 115번지,"서울특별시 중구 퇴계로12길 78 (회현동1가, 중구회현체육센터)",4633.0,2012-06-29,,사용중,중구회현체육센터 지하1층,공공용시설,지하,1056.0,1056,37.0,33.0,21.71,126.0,58.0,53.91,37.55618587449472,126.98164067504264,954216.371473,1950886.000868,I,2026-04-29 22:58:49,2026-02-09 09:55:33
3010000,3010000-S199000004,서울특별시 중구 태평로2가 250번지,"서울특별시 중구 세종대로 67 (태평로2가, 삼성본관빌딩)",4514.0,1990-01-01,,사용중,삼성본관 지하2~3층,공공용시설,지하,8655.0,8655,37.0,33.0,44.58,126.0,58.0,32.01,37.562385711487714,126.97585409026566,953709.108666,1951576.675842,I,2026-04-29 22:58:49,2026-02-09 10:14:50
3010000,3010000-S200200008,서울특별시 중구 남대문로5가 73번지 6호,"서울특별시 중구 세종대로 지하 2 (남대문로5가, 서울역 1호선)",4527.0,2002-06-03,,사용중,1호선서울역지하철승강장,공공용시설,지하,9292.0,9292,37.0,33.0,25.77,126.0,58.0,21.2,37.55692795477346,126.97255639854666,953414.466947,1950972.794495,I,2026-04-29 22:58:49,2026-02-09 09:52:27
3010000,3010000-S198700012,서울특별시 중구 장충동2가 199번지 3호,"서울특별시 중구 동호로 지하 256 (장충동2가, 동대입구역 3호선)",4617.0,1987-12-31,,사용중,3호선동대입구역지하철승강장,공공용시설,지하,8890.0,8890,37.0,33.0,32.39,127.0,0.0,19.63,37.55909276775151,127.00542974829504,956319.231128,1951197.184181,I,2026-04-29 22:58:51,2026-02-09 10:01:24
3010000,3010000-S200700001,서울특별시 중구 신당동 99번지,서울특별시 중구 퇴계로 지하 431-1 (신당동),4612.0,1998-01-30,,사용중,2호선신당역지하철승강장,공공용시설,지하,4171.0,4171,37.0,33.0,56.33,127.0,1.0,10.33,37.565668806010684,127.0195551484464,957570.533054,1951920.290709,I,2026-04-29 22:58:49,2026-02-09 10:07:15
3010000,3010000-S198900006,서울특별시 중구 충무로2가 49-31 조양빌딩신관,"서울특별시 중구 삼일대로6길 5, 조양빌딩신관 (충무로2가)",4553.0,1989-12-31,,사용중,조양빌딩신관 지하1~2층,공공용시설,지하,2851.0,2851,37.0,33.0,45.15,126.0,59.0,21.51,37.56247549994449,126.98931175201255,954897.708735,1951580.09394,I,2026-04-29 22:58:49,2026-02-09 10:12:27
3010000,3010000-S200500017,서울특별시 중구 을지로5가 35번지 6호,"서울특별시 중구 을지로 지하 218 (을지로5가, 을지로4구역지하쇼핑)",4562.0,1990-12-31,,사용중,을지로4구역지하쇼핑센터,공공용시설,지하,4600.0,4600,37.0,33.0,59.15,127.0,0.0,12.26,37.56686788564932,127.0022931073546,956046.76734,1952061.256315,I,2026-04-29 22:58:49,2026-03-03 15:53:11
3010000,3010000-S201200002,서울특별시 중구 신당동 844번지,"서울특별시 중구 다산로 32 (신당동, 남산타운)",4595.0,2012-06-29,,사용중,남산타운문화체육센터 지하1층,공공용시설,지하,438.0,438,37.0,32.0,51.14,127.0,0.0,23.18,37.54759663071084,127.00670911933736,956425.533703,1949921.154734,I,2026-04-29 22:58:52,2026-02-06 17:55:08
3010000,3010000-S199200001,서울특별시 중구 남창동 51번지 1호,"서울특별시 중구 소월로 3 (남창동, 롯데손해보험빌딩)",4528.0,1992-10-21,,사용중,남산입구지하보도,공공용시설,지하,620.0,620,37.0,33.0,33.48,126.0,58.0,34.06,37.559385517615205,126.97606971680165,953726.29672,1951243.713172,I,2026-04-29 22:58:49,2026-02-09 09:54:53
3010000,3010000-S200700002,서울특별시 중구 신당동 160-2 중구종합복지센터,"서울특별시 중구 퇴계로 460, 중구종합복지센터 (신당동)",4579.0,2001-06-19,,사용중,중구종합복지센터 지하1~2층,공공용시설,지하,1648.0,1648,37.0,33.0,54.33,127.0,1.0,22.05,37.565141438533466,127.02279519588171,957856.375583,1951860.32406,I,2026-04-29 22:58:49,2026-04-16 17:25:01
3010000,3010000-S198500006,서울특별시 중구 장충동2가 186번지 54호,"서울특별시 중구 동호로 287 (장충동2가, 그랜드앰배서더서울)",4618.0,1985-10-31,,사용중,앰배서더호텔 지하1~2층,공공용시설,지하,3707.0,3707,37.0,33.0,36.43,127.0,0.0,9.34,37.56011824595524,127.00259491651896,956069.457398,1951312.276946,I,2026-04-29 22:58:51,2026-02-09 10:21:08
3010000,3010000-S199800004,서울특별시 중구 을지로3가 347-3 을지로3가역 2호선,"서울특별시 중구 을지로 지하106, 을지로3가역 2호선 (을지로3가)",4550.0,2003-01-06,,사용중,3호선을지로3가역지하철승강장,공공용시설,지하,16529.0,16529,37.0,33.0,58.56,126.0,59.0,25.11,37.56624384099566,126.99028179769635,954985.648099,1951997.707423,I,2026-04-29 22:58:49,2026-02-09 17:10:32
3010000,3010000-S201200001,서울특별시 중구 신당동 844번지 5호,"서울특별시 중구 동호로5길 19 (신당동, 중구청소년수련관)",4596.0,2012-06-29,,사용중,중구청소년수련관 지하,공공용시설,지하,1208.0,1208,37.0,33.0,6.68,127.0,0.0,45.24,37.55189629464631,127.01240870277115,956931.479281,1950395.552891,I,2026-04-29 22:58:51,2026-02-06 17:54:42
3010000,3010000-S198700007,서울특별시 중구 을지로1가 16번지,"서울특별시 중구 무교로 6 (을지로1가, 금세기빌딩)",4523.0,1987-12-31,2024-02-26,사용중지,금세기빌딩 지하2~3층,공공용시설,지하,3894.0,3894,37.0,33.0,59.36,126.0,58.0,46.12,37.56645416762749,126.97934825640992,954020.205135,1952026.335566,I,2026-04-29 22:58:49,2024-02-26 15:41:12
3010000,3010000-S199500001,서울특별시 중구 남대문로5가 73-6 서울역 1호선,"서울특별시 중구 세종대로 지하2, 서울역 1호선 (남대문로5가)",4527.0,1995-02-01,,사용중,서울역앞지하보도,공공용시설,지하,1507.0,1507,37.0,33.0,25.77,126.0,58.0,21.2,37.55692795477346,126.97255639854666,953414.466947,1950972.794495,I,2026-04-29 22:58:49,2026-02-09 10:16:16
3010000,3010000-S200200005,서울특별시 중구 신당동 369번지 2호,"서울특별시 중구 다산로 지하 115 (신당동, 약수역 6호선)",4598.0,2002-12-26,,사용중,6호선약수역지하철승강장,공공용시설,지하,10785.0,10785,37.0,33.0,14.16,127.0,0.0,36.24,37.55412449069521,127.01025330126228,956742.381237,1950643.749102,I,2026-04-29 22:58:49,2026-02-09 10:06:37
3010000,3010000-S199000007,서울특별시 중구 태평로2가 23번지,"서울특별시 중구 소공로 119 (태평로2가, 서울프라자호텔)",4525.0,1990-01-01,,사용중,프라자호텔 지하2층,공공용시설,지하,1303.0,1303,37.0,33.0,52.79,126.0,58.0,41.12,37.56475784933132,126.97817984800108,953915.974908,1951838.70974,I,2026-04-29 22:58:51,2026-04-16 15:29:54
3010000,3010000-S200800013,서울특별시 중구 정동 22번지,서울특별시 중구 정동길 3 (정동),4518.0,2008-12-09,,사용중,경향아트힐 지하1층,공공용시설,지하,476.0,476,37.0,34.0,5.08,126.0,58.0,10.69,37.56807891297721,126.96963520515143,953163.437242,1952211.389956,I,2026-04-29 22:58:49,2026-02-09 10:20:06
3010000,3010000-S198700006,서울특별시 중구 수표동 47번지 6호,"서울특별시 중구 수표로 67 (수표동, 외환은행)",4542.0,1987-12-31,2026-04-28,사용중지,천수빌딩KEB하나은행 지하1층,공공용시설,지하,1772.0,1772,37.0,34.0,2.48,126.0,59.0,21.45,37.56728490079851,126.98943685759552,954911.656562,1952113.612915,U,2026-04-29 03:03:03,2026-04-28 17:16:22
3010000,3010000-S200800014,서울특별시 중구 서소문동 41번지 3호,"서울특별시 중구 서소문로 117 (서소문동, 대한항공빌딩)",4515.0,2008-12-09,,사용중,대한항공 지하1~4층,공공용시설,지하,5700.0,5700,37.0,33.0,48.87,126.0,58.0,26.87,37.563423371264,126.97416718348482,953560.76949,1951692.63127,I,2026-04-29 22:58:51,2026-02-09 10:20:18
3010000,3010000-S201100003,서울특별시 중구 만리동1가 62번지 7호,"서울특별시 중구 만리재로 193 (만리동1가, 서울역 디오빌)",4501.0,2011-04-06,,사용중,서울역디오빌 지하1~3층,공공용시설,지하,4150.0,4150,37.0,33.0,18.04,126.0,58.0,1.97,37.55495010313536,126.9671933821798,952939.540559,1950756.03342,I,2026-04-29 22:58:49,2026-03-03 11:23:00
3010000,3010000-S201200003,서울특별시 중구 만리동2가 6번지 1호,"서울특별시 중구 손기정로 101 (만리동2가, 손기정공원)",4501.0,2012-06-29,,사용중,손기정체육공원 주차장 지하1~2층,공공용시설,지하,6776.0,6776,37.0,33.0,19.73,126.0,57.0,53.34,37.5554795137501,126.964815774652,952729.8698015668,1950815.961859333,I,2026-04-29 22:58:49,2026-03-03 11:24:12
3010000,3010000-S200500002,"서울특별시 중구 필동2가 16-2 충무로역 3,4호선","서울특별시 중구 퇴계로 지하214, 충무로역 3,4호선 (필동2가)",4625.0,1999-02-20,,사용중,4호선충무로역지하철승강장,공공용시설,지하,10701.0,10701,37.0,33.0,40.36,126.0,59.0,39.59,37.56143760418142,126.99553823334142,955446.996542,1951461.974779,I,2026-04-29 22:58:50,2026-03-03 15:52:28
3010000,3010000-S199900005,서울특별시 중구 충무로1가 52번지 41호,"서울특별시 중구 소공로 지하 58 (충무로1가, 회현지하쇼핑센터)",4535.0,1999-05-25,,사용중,회현지하쇼핑센터,공공용시설,지하,7678.0,7678,37.0,33.0,38.51,126.0,58.0,54.5,37.56043830862701,126.98206133031664,954256.125512,1951357.582006,I,2026-04-29 22:58:49,2026-02-09 09:56:59
3010000,3010000-S199900001,서울특별시 중구 봉래동1가 5번지 41호,"서울특별시 중구 칠패로 36 (봉래동1가, 연세봉래빌딩)",4512.0,1999-06-02,,사용중,연세봉래빌딩 지하1~3층,공공용시설,지하,1808.0,1808,37.0,33.0,33.8,126.0,58.0,22.35,37.5595110466986,126.97278510731547,953436.27488,1951259.262189,I,2026-04-29 22:58:49,2026-02-09 10:21:29
3010000,3010000-S198900002,서울특별시 중구 충무로1가 52번지 41호,서울특별시 중구 소공로 지하 58 (충무로1가),4535.0,1989-10-23,2023-06-16,사용중지,회현지하도상가,공공용시설,지하,287.0,287,37.0,33.0,38.51,126.0,58.0,54.5,37.56043830862701,126.98206133031664,954256.125512,1951357.582006,I,2026-04-29 22:58:49,2023-06-16 13:31:11
3010000,3010000-S199000001,서울특별시 중구 남대문로3가 110번지,"서울특별시 중구 남대문로 39 (남대문로3가, 한국은행건물)",4531.0,1990-01-01,,사용중,한국은행앞지하보도,공공용시설,지하,356.0,356,37.0,33.0,41.96,126.0,58.0,48.35,37.56165608050204,126.98009700640802,954083.384338,1951493.645544,I,2026-04-29 22:58:51,2026-02-09 09:50:46
3010000,3010000-S200000003,서울특별시 중구 남대문로2가 9번지 9호,"서울특별시 중구 남대문로 지하 72 (남대문로2가, 명동지하쇼핑센터)",4535.0,2000-04-03,,사용중,명동지하쇼핑센터,공공용시설,지하,1758.0,1758,37.0,33.0,48.87,126.0,58.0,55.51,37.56363702237599,126.982076641632,954259.43348,1951712.455806,I,2026-04-29 22:58:49,2026-02-09 09:57:49
3010000,3010000-S198800007,서울특별시 중구 황학동 370번지 1호,"서울특별시 중구 퇴계로85길 지하 56 (황학동, 신당지하쇼핑센터)",4576.0,1988-10-30,,사용중,신당지하쇼핑센터,공공용시설,지하,1412.0,1412,37.0,34.0,1.58,127.0,1.0,9.09,37.56832853941904,127.01961766194022,957577.562275,1952215.346382,I,2026-04-29 22:58:49,2026-02-09 10:19:36
3010000,3010000-S199700006,서울특별시 중구 충무로2가 109번지 2호,"서울특별시 중구 퇴계로 지하 126 (충무로2가, 명동역 4호선)",4629.0,1997-12-31,,사용중,명동역지하철승강장,공공용시설,지하,9875.0,9875,37.0,33.0,39.28,126.0,59.0,9.4,37.560904705432336,126.98591109997582,954596.419092,1951407.459622,I,2026-04-29 22:58:51,2026-02-09 09:57:22
3010000,3010000-S200100001,서울특별시 중구 신당동 366번지 454호,"서울특별시 중구 다산로 지하 38 (신당동, 버티고개역 6호선)",4595.0,2002-12-26,,사용중,지하철6호선버티고개역 지하1층,공공용시설,지하,6278.0,6278,37.0,32.0,53.11,127.0,0.0,24.53,37.54794357066245,127.00697726349352,956449.422013,1949959.521603,I,2026-04-29 22:58:50,2026-04-15 08:50:05
3010000,3010000-S199500002,서울특별시 중구 남창동 5,서울특별시 중구 남대문시장8길 7(남창동),4529.0,1995-06-01,,사용중,삼익패션타운 지하2~4층,공공용시설,지하,4559.0,4559,37.0,33.0,36.52,126.0,58.0,43.8,37.56014428146534,126.97883240889388,953970.767175,1951326.537614,I,2026-04-29 22:58:49,2026-02-09 10:16:29
3010000,3010000-S201800001,서울특별시 중구 충무로3가 49번지,"서울특별시 중구 충무로 13 (충무로3가, 엘크루메트로시티)",4554.0,2018-09-07,,사용중,엘크루메트로시티 지하2~6층,공공용시설,지하,8800.0,8800,37.0,33.0,44.09,126.0,59.0,33.48,37.5622476074611,126.992632769112,955190.8754455335,1951553.2218286332,I,2026-04-29 22:58:49,2026-04-15 14:32:09
3010000,3010000-S200200004,서울특별시 중구 흥인동 162번지 1호,"서울특별시 중구 다산로 지하 260 (흥인동, 신당역 6호선)",4570.0,2002-12-26,,사용중,6호선신당역지하철승강장,공공용시설,지하,19215.0,19215,37.0,33.0,58.57,127.0,0.0,58.15,37.56624437305515,127.01617494829004,957272.34478,1951985.678455,I,2026-04-29 22:58:49,2026-02-09 10:05:14
3010000,3010000-S198700009,서울특별시 중구 을지로2가 9-7 을지로입구지하쇼핑센터,"서울특별시 중구 을지로 지하58, 을지로입구지하쇼핑센터 (을지로2가)",4539.0,1987-12-31,,사용중,을지로입구지하쇼핑센터,공공용시설,지하,1815.0,1815,37.0,33.0,58.02,126.0,59.0,2.32,37.56611284974552,126.98415290178684,954444.308082,1951986.128039,I,2026-04-29 22:58:49,2026-02-09 10:00:27
3010000,3010000-S199700003,서울특별시 중구 정동 5번지 5호,"서울특별시 중구 세종대로 지하 101 (정동, 시청역 1호선)",4519.0,1997-03-25,,사용중,1호선시청역지하철승강장,공공용시설,지하,8616.0,8616,37.0,33.0,55.59,126.0,58.0,37.06,37.565471899527694,126.97699297993226,953811.59797,1951918.51276,I,2026-04-29 22:58:49,2026-02-09 09:55:51
3010000,3010000-S199000012,서울특별시 중구 소공동 91번지 1호,"서울특별시 중구 소공로 116 (소공동, 서울센타빌딩)",4533.0,1990-01-01,2024-01-03,사용중지,소공지하도상가,공공용시설,지하,2310.0,2310,37.0,33.0,53.45,126.0,58.0,44.26,37.56490652703192,126.97885578678432,953975.761665,1951854.873546,I,2026-04-29 22:58:49,2024-01-03 09:47:10
3010000,3010000-S200200007,서울특별시 중구 을지로3가 282-8 을지로3구역지하쇼핑,"서울특별시 중구 을지로 지하131, 을지로3구역지하쇼핑 (을지로3가)",4543.0,2002-06-03,,사용중,을지로3구역지하쇼핑센터,공공용시설,지하,14430.0,14430,37.0,33.0,59.19,126.0,59.0,39.12,37.56638343005883,126.99262997365034,955193.105779,1952012.071928,I,2026-04-29 22:58:52,2026-02-09 10:04:44
3010000,3010000-S200500020,서울특별시 중구 방산동 4번지 10호,"서울특별시 중구 동호로 지하 384 (방산동, 청계5가지하쇼핑센터)",4562.0,1992-12-31,,사용중,청계5가지하쇼핑센터,공공용시설,지하,884.0,884,37.0,34.0,8.27,127.0,0.0,7.53,37.568770776850464,127.00213771148414,956034.16251,1952272.445282,I,2026-04-29 22:58:49,2026-02-09 17:11:47
3010000,3010000-S200800011,서울특별시 중구 신당동 843번지,"서울특별시 중구 청구로1길 23 (신당동, 삼성아파트)",4588.0,2008-12-09,,사용중,신당삼성아파트 지하주차장,공공용시설,지하,33660.0,33660,37.0,33.0,30.43,127.0,1.0,0.15,37.558404347173926,127.01670412576412,957314.605012,1951115.627571,I,2026-04-29 22:58:49,2026-04-15 17:13:48
3010000,3010000-S199000003,서울특별시 중구 소공동 1번지,"서울특별시 중구 남대문로 81 (소공동, 롯데백화점 본점)",4533.0,1990-01-01,,사용중,롯데백화점 본점 지하주차장 2~7층,공공용시설,지하,39570.0,39570,37.0,33.0,53.03,126.0,58.0,54.24,37.56461599890018,126.98206477432448,954258.983991,1951821.074157,I,2026-04-29 22:58:49,2026-02-09 10:15:02
3010000,3010000-S200300200,서울특별시 중구 을지로4가 267번지 1호,"서울특별시 중구 을지로 지하 178 (을지로4가, 을지로4가역 2호선)",4548.0,2000-02-01,,사용중,을지로4가역지하철승강장,공공용시설,지하,7656.0,7656,37.0,33.0,59.9,126.0,59.0,52.25,37.56661003473568,126.99781104281791,955650.794093,1952034.75485,I,2026-04-29 22:58:49,2026-04-15 14:01:59
3010000,3010000-S199000011,서울특별시 중구 남대문로2가 9번지 9호,"서울특별시 중구 소공로 지하 102 (남대문로2가, 소공지하쇼핑센터)",4532.0,1990-01-01,,사용중,소공지하쇼핑센터,공공용시설,지하,5655.0,5655,37.0,33.0,50.95,126.0,58.0,49.34,37.56385499164738,126.9796180111305,954042.431102,1951737.83789,I,2026-04-29 22:58:51,2026-02-09 09:52:05
3010000,3010000-S200800009,서울특별시 중구 신당동 846번지,"서울특별시 중구 다산로42나길 46 (신당동, 신당동 파라다이스 아파트)",4585.0,2008-12-09,,사용중,신당동파라다이스아파트 지하주차장 1층,공공용시설,지하,1945.0,1945,37.0,33.0,44.44,127.0,1.0,2.13,37.56253709304943,127.01748862125216,957386.247103,1951573.778257,I,2026-04-29 22:58:52,2026-02-09 10:21:48
3010000,3010000-S199000018,서울특별시 중구 남창동 64번지 1호,"서울특별시 중구 퇴계로 지하 54 (남창동, 회현역 4호선)",4634.0,1990-05-02,,사용중,4호선회현역지하철승강장,공공용시설,지하,7955.0,7955,37.0,33.0,30.66,126.0,58.0,41.35,37.55855099831895,126.97830171394352,953922.91499,1951150.030926,I,2026-04-29 22:58:49,2026-02-09 09:55:14
3010000,3010000-S200500014,서울특별시 중구 쌍림동 151번지 11호,"서울특별시 중구 퇴계로 286 (쌍림동, 쌍림빌딩)",4615.0,1995-12-31,,사용중,쌍림빌딩 지하1층,공공용시설,지하,904.0,904,37.0,33.0,47.09,127.0,0.0,12.94,37.56321394243279,127.00355109577517,956155.721367,1951655.282133,I,2026-04-29 22:58:52,2026-02-06 17:44:57
3010000,3010000-S200200006,서울특별시 중구 신당동 295번지 2호,"서울특별시 중구 청구로 지하 77 (신당동, 청구역 5,6호선)",4608.0,2002-12-23,,사용중,청구역지하철승강장,공공용시설,지하,2138.0,2138,37.0,33.0,37.18,127.0,0.0,49.67,37.56022965017423,127.013759584162,957055.58484,1951319.476758,I,2026-04-29 22:58:49,2026-04-15 17:16:40
3010000,3010000-S199000006,서울특별시 중구 남대문로4가 45번지,"서울특별시 중구 세종대로 39 (남대문로4가, 대한서울상공회의소)",4513.0,1990-01-01,,사용중,대한상공회의소 지하3층,공공용시설,지하,5029.0,5029,37.0,33.0,38.57,126.0,58.0,25.6,37.560452466816486,126.97389341182505,953534.745918,1951363.159529,I,2026-04-29 22:58:49,2026-02-09 10:12:01
3010000,3010000-S200500012,서울특별시 중구 예관동 120번지 1호,"서울특별시 중구 창경궁로 17 (예관동, 중구청)",4558.0,1980-12-31,,사용중,중구청 지하1~3층,공공용시설,지하,1448.0,1448,37.0,33.0,49.97,126.0,59.0,53.45,37.56388110408805,126.99818030678136,955681.787979,1951731.819506,I,2026-04-29 22:58:49,2026-02-09 10:02:25
3010000,3010000-S198800004,서울특별시 중구 을지로1가 100번지 1호,"서울특별시 중구 을지로 지하 42 (을지로1가, 을지로입구역 2호선)",4533.0,1988-12-31,,사용중,2호선을지로입구역지하철승강장,공공용시설,지하,10408.0,10408,37.0,33.0,57.78,126.0,58.0,56.56,37.566035912269,126.98235941562102,954285.872893,1951978.463143,I,2026-04-29 22:58:49,2026-02-09 09:56:40
3010000,3010000-S200800007,서울특별시 중구 신당동 198번지 3호,"서울특별시 중구 마장로 40 (신당동, apM)",4569.0,2008-12-09,,사용중,에이피엠 지하2~3층,공공용시설,지하,2487.0,2487,37.0,34.0,3.81,127.0,0.0,50.52,37.56782066823004,127.01391276162596,957073.469455,1952161.59139,I,2026-04-29 22:58:49,2026-02-06 17:51:18
3010000,3010000-S198500002,서울특별시 중구 봉래동2가 123번지,"서울특별시 중구 통일로 21 (봉래동2가, 서울역앞우체국)",4509.0,1985-10-21,,사용중,서울역우체국앞지하보도,공공용시설,지하,495.0,495,37.0,33.0,27.33,126.0,58.0,17.07,37.5575916967641,126.971407460731,953313.4024020868,1951047.003369687,I,2026-04-29 22:58:50,2026-02-09 09:54:32
3010000,3010000-S198700013,서울특별시 중구 신당동 361번지 4호,"서울특별시 중구 동호로 191 (신당동, 선일빌딩)",4598.0,1987-10-31,2024-04-29,사용중지,선일빌딩3호선약수역지하철승강장,공공용시설,지하,6225.0,6225,37.0,33.0,17.83,127.0,0.0,35.83,37.55507180053568,127.01010499694188,956729.829692,1950748.916388,I,2026-04-29 22:58:50,2024-04-29 11:17:37
3010000,3010000-S201100004,서울특별시 중구 신당동 844번지,"서울특별시 중구 다산로 32 (신당동, 남산타운)",4595.0,2011-04-06,,사용중,남산타운아파트1 (분양동)지하1층,공공용시설,지하,71343.0,71343,37.0,32.0,51.14,127.0,0.0,23.18,37.54759663071084,127.00670911933736,956425.533703,1949921.154734,I,2026-04-29 22:58:49,2026-02-06 17:54:14
3010000,3010000-S199000021,서울특별시 중구 서소문동 120-23 부영빌딩,"서울특별시 중구 세종대로9길 42, 부영빌딩 (서소문동)",4513.0,1990-01-01,,사용중,부영빌딩 지하3층,공공용시설,지하,1380.0,1380,37.0,33.0,41.96,126.0,58.0,25.8,37.56160902702944,126.97364732384332,953513.730101,1951491.595799,I,2026-04-29 22:58:49,2026-02-09 10:14:22
3010000,3010000-S199700008,"서울특별시 중구 필동2가 16-2 충무로역 3,4호선","서울특별시 중구 퇴계로 지하214, 충무로역 3,4호선 (필동2가)",4625.0,1997-12-31,,사용중,3호선충무로역지하철승강장 지하3층,공공용시설,지하,15474.0,15474,37.0,33.0,40.64,126.0,59.0,39.15,37.5612891302137,126.994207463216,955329.3762807668,1951446.134020667,I,2026-04-29 22:58:49,2026-04-15 14:33:09
3010000,3010000-S198800002,서울특별시 중구 을지로2가 149번지 10호,"서울특별시 중구 을지로 지하 88 (을지로2가, 을지로2구역지하쇼핑)",4542.0,1988-12-31,,사용중,을지로지하상가,공공용시설,지하,14430.0,14430,37.0,33.0,58.16,126.0,59.0,12.52,37.56616365769674,126.98756664160392,954745.816444,1951990.115532,I,2026-04-29 22:58:49,2026-02-09 09:56:16
3010000,3010000-S198700008,서울특별시 중구 을지로1가 50번지 1호,"서울특별시 중구 을지로 지하 12 (을지로1가, 시청광장지하쇼핑센터)",4533.0,1987-12-31,,사용중,시청광장지하쇼핑센터,공공용시설,지하,1287.0,1287,37.0,33.0,55.61,126.0,58.0,43.61,37.56596076170285,126.97908777726823,953996.898102,1951971.722088,I,2026-04-29 22:58:49,2026-02-09 09:58:10
3020000,3020000-S200100016,서울특별시 용산구 서계동 224-32 종근당건강빌딩,"서울특별시 용산구 청파로 383, 종근당건강빌딩 지하 1층 (서계동)",4300.0,2001-12-10,2024-04-26,사용중지,소화아동병원(지하1층),공공용시설,지하,693.0,693,37.0,33.0,13.55,126.0,58.0,7.12,37.55375910254197,126.96876947275769,953078.003977,1950623.110063,I,2025-12-15 16:14:09,2024-05-01 20:24:49
3020000,3020000-S200800007,서울특별시 용산구 보광동 151번지,"서울특별시 용산구 보광로5길 40 (보광동, 리버빌아파트)",4396.0,2008-06-24,,사용중,리버빌아파트,공공용시설,지하,3087.0,3087,37.0,31.0,26.9,127.0,0.0,4.78,37.524388024379824,127.00114447927508,955920.323302,1947348.883203,I,2025-12-15 16:14:09,2025-09-08 18:54:37
3020000,3020000-S201000001,서울특별시 용산구 효창동 255번지 5호,"서울특별시 용산구 효창원로 161 (효창동, 효창동 주민센터)",4311.0,2010-12-09,,사용중,효창동 주민센터,공공용시설,지하,483.0,483,37.0,32.0,32.98,126.0,57.0,42.64,37.54250141853199,126.96196841689462,952470.134732,1949377.544951,I,2025-12-15 16:14:09,2025-09-08 18:56:09
3020000,3020000-S201100003,서울특별시 용산구 용산동2가 1번지 3호,"서울특별시 용산구 남산공원길 105 (용산동2가, YTN서울타워)",4340.0,2011-05-27,,사용중,YTN서울타워,공공용시설,지하,2482.0,2482,37.0,33.0,4.05,126.0,59.0,16.37,37.551072631213295,126.98789253195166,954765.474532,1950315.686285,I,2025-12-15 16:14:09,2025-09-08 18:56:43
3020000,3020000-S200100069,서울특별시 용산구 한남동 736-1 제일기획,"서울특별시 용산구 이태원로 222, 제일기획 (한남동)",4404.0,2001-12-10,,사용중,제일기획빌딩,공공용시설,지하,1023.0,1023,37.0,32.0,5.81,126.0,59.0,55.48,37.53498280062163,126.99875732682108,955715.653585,1948525.434644,I,2025-12-15 16:14:09,2025-09-08 18:49:36
3020000,3020000-S200600008,서울특별시 용산구 서빙고동 134번지,"서울특별시 용산구 서빙고로 279 (서빙고동, 서빙고동주민센터)",4398.0,2006-06-01,,사용중,서빙고동 주민센터,공공용시설,지하,752.0,752,37.0,31.0,13.81,126.0,59.0,40.68,37.52041442345296,126.99467359690868,955346.173685,1946911.087303,I,2025-12-15 16:14:09,2025-09-08 18:53:18
3020000,3020000-S200100006,서울특별시 용산구 용산동2가 5-236 남산3호터널기계실,"서울특별시 용산구 신흥로16길 40, 남산3호터널기계실 지하1층 (용산동2가)",4339.0,2001-12-10,2023-06-12,사용중지,남산3호터널(지하1층),공공용시설,지하,22859.0,22859,37.0,32.0,42.47,126.0,59.0,16.91,37.54510422705303,126.98826063096048,954794.384666,1949653.346431,I,2025-12-15 16:14:09,2023-06-12 13:24:29
3020000,3020000-S201000002,서울특별시 용산구 이태원동 34-87 용산구종합행정타운,"서울특별시 용산구 녹사평대로 150, 용산구종합행정타운 지하 2~5층 (이태원동)",4390.0,2010-12-09,,사용중,용산구청,공공용시설,지하,17737.0,17737,37.0,31.0,57.31,126.0,59.0,25.48,37.53218599958853,126.9902789027822,954964.905454,1948219.171492,I,2025-12-15 16:14:09,2025-09-08 18:56:21
3020000,3020000-S200100026,서울특별시 용산구 한강로1가 228-1 4호선 삼각지역,"서울특별시 용산구 한강대로 지하180, 4호선 삼각지역 지하1~4층 (한강로1가)",4375.0,2001-12-10,,사용중,삼각지역,공공용시설,지하,21054.0,21054,37.0,32.0,4.52,126.0,58.0,22.79,37.5346441664069,126.97311280213248,953449.755822,1948500.250135,I,2026-03-19 22:58:41,2026-03-18 14:30:38
3020000,3020000-S201800005,"서울특별시 용산구 용산동2가 11-13 용산2가동 주민센터, 용산치안센터","서울특별시 용산구 신흥로 90, 용산2가동 주민센터, 용산치안센터 지하1~3층 (용산동2가)",4339.0,2018-09-07,,사용중,용산2가동 주민센터,공공용시설,지하,1902.23,1902,37.0,32.0,45.74,126.0,59.0,7.92,37.54590293725277,126.98555799348338,954556.124477,1949743.26196,I,2025-12-15 16:14:09,2025-09-08 18:38:35
3020000,3020000-S201100001,서울특별시 용산구 동자동 14-151 4호선 서울역,"서울특별시 용산구 한강대로 지하392, 4호선 서울역 지하1~2층 (동자동)",4323.0,2011-05-27,,사용중,서울역(4호선),공공용시설,지하,9564.0,9564,37.0,33.0,11.53,126.0,58.0,22.11,37.55320347710936,126.97275360634195,953429.567358,1950559.484976,I,2025-12-15 16:14:09,2025-09-08 18:39:28
3020000,3020000-S200100019,서울특별시 용산구 산천동 193 리버힐삼성아파트,"서울특별시 용산구 효창원로 17, 지하1~4층 (산천동, 리버힐삼성아파트)",4358.0,2001-12-10,,사용중,리버힐삼성아파트,공공용시설,지하,33452.0,33452,37.0,32.0,4.99,126.0,56.0,57.81,37.53463692424784,126.95140687868412,951532.027723,1948510.412393,I,2025-12-15 16:14:09,2025-09-08 18:43:27
3020000,3020000-S201700004,서울특별시 용산구 용산동5가 24 파크타워,"서울특별시 용산구 서빙고로 67, 지하1~4층 (용산동5가, 파크타워)",4385.0,2008-08-01,,사용중,파크타워,공공용시설,지하,56771.0,56771,37.0,31.0,26.77,126.0,58.0,13.38,37.52406541266284,126.97196343672329,953341.619994,1947327.165971,I,2026-03-19 22:58:41,2026-03-18 14:47:48
3020000,3020000-S200100076,서울특별시 용산구 보광동 238번지 2호,"서울특별시 용산구 보광로 73 (보광동, 한국폴리텍1대학서울정수캠퍼스)",4392.0,2001-12-10,,사용중,한국폴리텍대학 서울정수캠퍼스 본관동,공공용시설,지하,1800.0,1800,37.0,31.0,48.07,126.0,59.0,48.51,37.530018533705146,126.99680962497482,955540.627911,1947975.596155,I,2025-12-15 16:14:09,2025-09-08 18:50:31
3020000,3020000-S200600006,서울특별시 용산구 서빙고동 296번지,"서울특별시 용산구 서빙고로51길 68-14 (서빙고동, 금호베스트빌)",4384.0,2006-06-01,,사용중,금호베스트빌아파트,공공용시설,지하,8788.0,8788,37.0,31.0,23.16,126.0,59.0,30.58,37.5233800926688,126.99176234869024,955090.693337,1947241.496965,I,2025-12-15 16:14:09,2025-09-08 18:52:46
3020000,3020000-S201800003,서울특별시 용산구 용문동 90번지,"서울특별시 용산구 효창원로 88 (용문동, 브라운스톤용산)",4363.0,2018-09-07,,사용중,브라운스톤용산아파트,공공용시설,지하,8848.0,8848,37.0,32.0,12.18,126.0,57.0,32.16,37.53671791998211,126.95893442385145,952198.416728,1948737.434614,I,2025-12-15 16:14:09,2025-09-08 18:35:06
3020000,3020000-S200800002,서울특별시 용산구 청파동2가 91-1 청파동 주민센터,"서울특별시 용산구 청파로49길 6, 청파동 주민센터 지하 1~2층 (청파동2가)",4309.0,2008-06-24,,사용중,청파동 주민센터,공공용시설,지하,4092.0,4092,37.0,32.0,43.74,126.0,58.0,11.51,37.54535054453904,126.96996681083752,953178.502376,1949689.627206,I,2025-12-15 16:14:09,2025-09-08 18:53:36
3020000,3020000-S201100002,서울특별시 용산구 한강로1가 50-1 용산파크자이,"서울특별시 용산구 한강대로 205,  지하1~5층 (한강로1가, 용산파크자이)",4322.0,2011-05-27,,사용중,파크자이,공공용시설,지하,39190.0,39190,37.0,32.0,10.64,126.0,58.0,23.65,37.53660745036997,126.9738792301121,953518.688486,1948717.686647,I,2026-03-19 22:58:41,2026-03-18 14:45:10
3020000,3020000-S200900003,서울특별시 용산구 한강로3가 63-387 용산 시티파크2단지,"서울특별시 용산구 서빙고로 31, 지하1~3층 (한강로3가, 용산 시티파크2단지)",4385.0,2009-09-16,,사용중,시티파크 2단지,공공용시설,지하,24693.0,24693,37.0,31.0,34.36,126.0,58.0,11.19,37.52640952622134,126.969739602129,953146.582092,1947588.337549,I,2026-03-19 22:58:41,2026-03-18 14:43:42
3020000,3020000-S200100053,서울특별시 용산구 이태원동 22-2 청화아파트,"서울특별시 용산구 장문로 27, 청화아파트 지하층 (이태원동, 청화아파트)",4392.0,2001-12-10,,사용중,청화아파트,공공용시설,지하,8184.0,8184,37.0,31.0,49.43,126.0,59.0,42.9,37.52817565759144,126.9934416815308,955241.950177,1947772.736921,I,2025-12-15 16:14:09,2025-09-08 18:47:04
3020000,3020000-S200600007,서울특별시 용산구 용산동6가 168번지 6호,"서울특별시 용산구 서빙고로 137 (용산동6가, 국립중앙박물관)",4383.0,2006-06-01,,사용중,국립중앙박물관,공공용시설,지하,17787.0,17787,37.0,31.0,26.0,126.0,58.0,49.14,37.52116818598397,126.9791296664001,953973.067315,1947002.204755,I,2025-12-15 16:14:09,2025-09-08 18:53:03
3020000,3020000-S200100067,서울특별시 용산구 한남동 747-7 하얏트호텔,"서울특별시 용산구 소월로 322, 하얏트호텔 지하 1~2층 (한남동)",4347.0,2001-12-10,,사용중,하얏트호텔,공공용시설,지하,3223.0,3223,37.0,32.0,23.09,126.0,59.0,46.45,37.540429955371415,126.99686268267716,955551.495812,1949130.660199,I,2025-12-15 16:14:09,2025-09-08 18:49:45
3020000,3020000-S200800009,서울특별시 용산구 이촌동 206-2 이촌2동 주민센터,"서울특별시 용산구 이촌로18길 20, 이촌2동 주민센터 지하1~2층 (이촌동)",4374.0,2008-06-24,,사용중,이촌제2동 주민센터,공공용시설,지하,573.0,573,37.0,31.0,34.65,126.0,57.0,16.79,37.52624013519826,126.95471656549373,951819.038402,1947577.13399,I,2025-12-15 16:14:09,2025-09-08 18:55:09
3020000,3020000-S200100007,서울특별시 용산구 용산동1가 8 전쟁기념관,"서울특별시 용산구 이태원로 29, 전쟁기념관 지하1~2층 (용산동1가)",4353.0,2001-12-10,,사용중,전쟁기념사업회,공공용시설,지하,21057.0,21057,37.0,32.0,10.64,126.0,58.0,32.59,37.53496756802763,126.97728233668992,953818.334406,1948534.074019,I,2025-12-15 16:14:09,2025-09-08 18:42:34
3020000,3020000-S200100054,서울특별시 용산구 이태원동 108-9 해밀톤호텔 (본관),"서울특별시 용산구 이태원로 179, 해밀톤호텔 (본관) 지하 3~4층 (이태원동)",4350.0,2001-12-10,,사용중,해밀턴호텔,공공용시설,지하,1198.0,1198,37.0,32.0,4.97,126.0,59.0,39.11,37.5346342076442,126.9938775919064,955284.322279,1948489.069279,I,2025-12-15 16:14:09,2025-09-08 18:47:17
3020000,3020000-S200600004,서울특별시 용산구 이촌동 430 엘지한강자이아파트,"서울특별시 용산구 이촌로64길 15, 지하 1~!층 (이촌동, 엘지한강자이아파트)",4427.0,2006-06-01,,사용중,LG한강자이아파트,공공용시설,지하,62439.5,62439,37.0,31.0,12.95,126.0,58.0,15.01,37.52015684196335,126.97036967009386,953198.349035,1946894.324102,I,2025-12-15 16:14:09,2025-09-08 18:52:07
3020000,3020000-S200100008,서울특별시 용산구 갈월동 16-7 숙대입구역,"서울특별시 용산구 한강대로 지하306, 숙대입구역 지하1~2층 (갈월동)",4320.0,2001-12-11,,사용중,숙대입구역,공공용시설,지하,6699.0,6699,37.0,32.0,42.72,126.0,58.0,18.77,37.54524790487965,126.97190970001482,953350.06852,1949677.274084,I,2025-12-15 16:14:09,2025-09-08 18:42:43
3020000,3020000-S201800002,서울특별시 용산구 후암동 435번지 2호,서울특별시 용산구 소월로2나길 18 (후암동),4326.0,2018-09-07,,사용중,혜심원,공공용시설,지하,1380.14,1380,37.0,33.0,12.15,126.0,58.0,39.18,37.5534301648759,126.97752180596704,953850.874037,1950582.283226,I,2025-12-15 16:14:09,2025-09-08 18:34:04
3020000,3020000-S200100009,서울특별시 용산구 갈월동 2-5,"서울특별시 용산구 한강대로 350, 지하1층 (갈월동)",4334.0,2001-12-10,2023-09-09,사용중지,갑을빌딩(지하1층),공공용시설,지하,613.0,613,37.0,32.0,58.98,126.0,58.0,20.89,37.54953513079501,126.97206312888508,953366.293046,1950152.84321,I,2025-12-15 16:14:09,2023-09-09 16:08:59
3020000,3020000-S200100059,서울특별시 용산구 이태원동 119-23 6호선 이태원역,"서울특별시 용산구 이태원로 지하177, 6호선 이태원역 지하층 (이태원동)",4350.0,2001-12-10,,사용중,이태원역,공공용시설,지하,25572.0,25572,37.0,32.0,4.21,126.0,59.0,37.31,37.5344884185311,126.99361337785724,955260.891839,1948473.020454,I,2025-12-15 16:14:09,2025-09-08 18:47:31
3020000,3020000-S200100064,서울특별시 용산구 한남동 36-1,서울특별시 용산구 독서당로 98 (한남동),4420.0,2001-12-10,,사용중,여선교회전국연합회관,공공용시설,지하,1320.0,1320,37.0,32.0,6.63,127.0,0.0,41.39,37.535085035750605,127.0113738400138,956830.377414,1948530.91064,I,2025-12-15 16:14:09,2025-09-08 18:49:56
3020000,3020000-S200500001,서울특별시 용산구 도원동 4번지 5호,"서울특별시 용산구 새창로12길 13 (도원동, 용문동 주민센터)",4356.0,2005-07-30,,사용중,용문동 주민센터,공공용시설,지하,2110.0,2110,37.0,32.0,20.27,126.0,57.0,27.34,37.5390150053331,126.95756826357668,952079.189547,1948992.979278,I,2026-03-14 22:58:43,2026-03-13 13:55:42
3020000,3020000-S200100022,서울특별시 용산구 효창동 80번지,"서울특별시 용산구 백범로 지하 287 (효창동, 6호선효창공원앞역)",4318.0,2001-12-10,,사용중,효창공원앞역,공공용시설,지하,6676.0,6676,37.0,32.0,21.61,126.0,57.0,40.74,37.53941679209223,126.96119950776486,952400.247552,1949035.710996,I,2025-12-15 16:14:09,2025-09-08 18:43:37
3020000,3020000-S200100029,서울특별시 용산구 한강로2가 181 4호선 신용산역,"서울특별시 용산구 한강대로 지하112, 4호선 신용산역 지하1~2층 (한강로2가)",4386.0,2001-12-10,,사용중,신용산역,공공용시설,지하,6428.0,6428,37.0,31.0,46.69,126.0,58.0,5.55,37.529676494981054,126.96844970581604,953034.655325,1947951.4328,I,2026-03-19 22:58:41,2026-03-18 14:33:05
3020000,3020000-S200600005,서울특별시 용산구 한남동 807 한남힐스테이트,"서울특별시 용산구 장문로 141, 지하 1~2층 (한남동, 한남힐스테이트)",4411.0,2006-06-01,,사용중,한남힐스테이트아파트,공공용시설,지하,16889.0,16889,37.0,31.0,41.47,127.0,0.0,11.81,37.52813016317434,127.00471907075054,956238.36812,1947762.382749,I,2025-12-15 16:14:09,2025-09-08 18:52:33
3020000,3020000-S200100063,서울특별시 용산구 한남동 657-58 순천향대학병원,"서울특별시 용산구 대사관로 59, 순천향대학병원 신관 지하 1~2층 (한남동)",4401.0,2001-12-10,,사용중,순천향대학 부속병원,공공용시설,지하,2056.0,2056,37.0,32.0,4.12,127.0,0.0,16.88,37.53344883895715,127.00472235286009,956241.765516,1948352.45799,I,2025-12-15 16:14:09,2025-09-08 18:50:06
3020000,3020000-S200100051,서울특별시 용산구 이촌동 400 현대한강아파트,"서울특별시 용산구 이촌로34길 29, 지하1~2층 (이촌동, 현대한강아파트)",4381.0,2001-12-10,,사용중,현대한강아파트,공공용시설,지하,9240.0,9240,37.0,31.0,23.2,126.0,57.0,28.63,37.52319751458482,126.9584831587174,952149.911887,1947237.64953,I,2025-12-15 16:14:09,2025-09-08 18:45:22
3020000,3020000-S201800004,서울특별시 용산구 산천동 81-1 원효로제2동 주민센터,"서울특별시 용산구 효창원로8길 3, 원효로제2동 주민센터 지하1층 (산천동)",4360.0,2018-09-07,,사용중,원효로2동 주민센터,공공용시설,지하,188.0,188,37.0,32.0,3.65,126.0,57.0,5.64,37.53438596226724,126.9514797379498,951538.30246,1948482.531964,I,2025-12-15 16:14:09,2025-09-08 18:37:32
3020000,3020000-S201200003,서울특별시 용산구 동빙고동 315번지,"서울특별시 용산구 장문로6길 76 (동빙고동, 용산푸르지오파크타운)",4393.0,2012-11-01,,사용중,용산푸르지오파크타운아파트,공공용시설,지하,28590.0,28590,37.0,31.0,31.74,126.0,59.0,44.57,37.52639750283462,126.99513821996872,955390.793599,1947574.654846,I,2025-12-15 16:14:09,2025-09-08 18:38:56
3020000,3020000-S200800006,서울특별시 용산구 이태원동 255번지 54호,"서울특별시 용산구 회나무로13길 58 (이태원동, 이태원제2동주민센터)",4342.0,2008-06-24,,사용중,이태원제2동 주민센터,공공용시설,지하,363.0,363,37.0,32.0,30.87,126.0,59.0,24.7,37.541938891856745,126.99014946208818,954959.335542,1949301.263073,I,2025-12-15 16:14:09,2025-09-08 18:54:19
3020000,3020000-S200100052,서울특별시 용산구 이촌동 422 북한강아파트,"서울특별시 용산구 이촌로2가길 66, 지하1~2층 (이촌동, 북한강아파트)",4374.0,2001-12-10,,사용중,북한강아파트,공공용시설,지하,4237.0,4237,37.0,31.0,36.79,126.0,57.0,13.52,37.52703662617509,126.95401625192729,951757.671511,1947665.859209,I,2025-12-15 16:14:09,2025-09-08 18:46:47
3020000,3020000-S200100049,"서울특별시 용산구 이촌동 301-82 이촌제1동주민센터, 용산청소년수련관","서울특별시 용산구 이촌로71길 24, 이촌제1동주민센터, 용산청소년수련관 지하 1~2층 (이촌동)",4422.0,2001-12-10,,사용중,이촌제1동 주민센터,공공용시설,지하,679.69,679,37.0,31.0,17.07,126.0,58.0,23.76,37.52138084483602,126.97310560663357,953440.876921,1947028.762555,I,2025-12-15 16:14:09,2025-09-08 18:44:53
3020000,3020000-S201300001,서울특별시 용산구 동자동 45 센트레빌아스테리움서울,"서울특별시 용산구 한강대로 372, 지하2~9층 (동자동, 센트레빌아스테리움서울)",4323.0,2013-12-06,,사용중,센트레빌 아스테리움,공공용시설,지하,39001.0,39001,37.0,33.0,6.12,126.0,58.0,22.38,37.55134898137791,126.97334332062108,953480.503121,1950353.446243,I,2025-12-15 16:14:09,2025-09-08 18:29:20
3020000,3020000-S200600002,서울특별시 용산구 신창동 102 세방리버하이빌,"서울특별시 용산구 효창원로15길 16, 지하1층 (신창동, 세방리버하이빌)",4357.0,2006-06-01,,사용중,세방리버하이빌아파트,공공용시설,지하,4907.0,4907,37.0,32.0,10.65,126.0,57.0,15.19,37.53603137401917,126.95337940986238,951707.200657,1948664.104295,I,2025-12-15 16:14:09,2025-09-08 18:51:36
3020000,3020000-S200100025,서울특별시 용산구 도원동 23번지,"서울특별시 용산구 새창로 70 (도원동, 삼성래미안아파트)",4354.0,2001-12-10,,사용중,도원삼성래미안아파트,공공용시설,지하,39860.0,39860,37.0,32.0,20.82,126.0,57.0,24.23,37.53968200829083,126.95693942207588,952024.061859,1949067.300366,I,2026-03-11 02:02:29,2026-03-10 15:21:23
3020000,3020000-S200100017,서울특별시 용산구 청파동2가 53-12 숙명여자대학교,"서울특별시 용산구 청파로47길 100, 숙명여자대학교 지하 1~3층 (청파동2가)",4310.0,2001-12-10,,사용중,숙명여자대학교,공공용시설,지하,9738.0,9738,37.0,32.0,44.56,126.0,57.0,49.05,37.54531633415772,126.96488274576105,952729.366763,1949688.375774,I,2025-12-15 16:14:09,2025-09-08 18:43:18
3020000,3020000-S200900001,서울특별시 용산구 갈월동 103-17 갈월동 오피스,"서울특별시 용산구 한강대로71길 4, 갈월동 오피스 지하1~5층 (갈월동)",4322.0,2009-09-16,,사용중,HJ중공업,공공용시설,지하,11281.0,11281,37.0,32.0,25.64,126.0,58.0,21.53,37.54037609955415,126.97279883282036,953425.581828,1949136.332456,I,2025-12-15 16:14:09,2025-09-08 18:55:29
3020000,3020000-S201800001,서울특별시 용산구 후암동 244번지 109호,"서울특별시 용산구 후암로 32-6 (후암동, 후암동 주민센터)",4331.0,2018-09-07,,사용중,후암동 주민센터,공공용시설,지하,235.33,235,37.0,32.0,55.15,126.0,58.0,41.39,37.54874516258551,126.97815971905624,953904.334301,1950062.1936,I,2025-12-15 16:14:09,2025-09-08 18:57:39
3020000,3020000-S201200001,서울특별시 용산구 효창동 274번지,"서울특별시 용산구 백범로 260 (효창동, 효창파크푸르지오)",4355.0,2012-11-01,,사용중,효창파크푸르지오아파트,공공용시설,지하,14931.0,14931,37.0,32.0,24.37,126.0,57.0,30.05,37.5404187615725,126.95820554811704,952136.38786,1949148.39398,I,2025-12-15 16:14:09,2025-09-08 18:57:11
3020000,3020000-S200100014,서울특별시 용산구 갈월동 51-19 남영동 주민센터,"서울특별시 용산구 두텁바위로 25, 남영동 주민센터 지하1층층 (갈월동)",4335.0,2001-12-10,,사용중,남영동 주민센터,공공용시설,지하,690.0,690,37.0,32.0,44.77,126.0,58.0,29.34,37.54557648453648,126.97496618068764,953620.274504,1949712.216088,I,2025-12-15 16:14:09,2025-09-08 18:43:05
3020000,3020000-S200100079,서울특별시 용산구 보광동 217번지 32호,"서울특별시 용산구 장문로 95 (보광동, 보광동 주민센터)",4394.0,2001-12-10,,사용중,보광동 주민센터,공공용시설,지하,300.0,300,37.0,31.0,34.72,127.0,0.0,0.64,37.52620993707639,127.00025282091336,955842.608324,1947551.432102,I,2025-12-15 16:14:09,2025-09-08 18:50:54
3020000,3020000-S200800008,서울특별시 용산구 문배동 24-21 용산아크로타워,"서울특별시 용산구 백범로90길 26, 지하1~3층 (문배동, 용산아크로타워)",4369.0,2008-06-24,,사용중,아크로타워,공공용시설,지하,14378.0,14378,37.0,32.0,12.88,126.0,58.0,7.61,37.53703833814731,126.96901872959072,953089.543484,1948767.904892,I,2025-12-15 16:14:09,2025-09-08 18:54:48
3020000,3020000-S200100050,서울특별시 용산구 이촌동 395 대림아파트,"서울특별시 용산구 이촌로2가길 122, 지하1~2층 (이촌동, 대림아파트)",4374.0,2001-12-10,,사용중,대림아파트,공공용시설,지하,5676.0,5676,37.0,31.0,27.66,126.0,57.0,21.17,37.525001873620575,126.95538590050124,951877.385539,1947439.413113,I,2025-12-15 16:14:09,2025-09-08 18:45:10
3020000,3020000-S200100070,서울특별시 용산구 한남동 726-494 6호선 한강진역,"서울특별시 용산구 이태원로 지하287, 6호선 한강진역 지하 4층 (한남동)",4347.0,2001-12-10,,사용중,한강진역,공공용시설,지하,10794.0,10794,37.0,32.0,25.07,127.0,0.0,6.35,37.54022260247465,127.00169040799082,955977.870952,1949105.384372,I,2025-12-15 16:14:09,2025-09-08 18:49:26
3020000,3020000-S200100030,서울특별시 용산구 한강로2가 191 LS용산타워,"서울특별시 용산구 한강대로 92, LS용산타워 지하1~4층 (한강로2가)",4386.0,2001-12-10,,사용중,LS용산타워,공공용시설,지하,8778.0,8778,37.0,31.0,41.5,126.0,58.0,2.99,37.5282173327553,126.9673656852622,952937.958754,1947790.088735,I,2026-03-19 22:58:41,2026-03-18 14:34:38
3020000,3020000-S201100004,서울특별시 용산구 한강로3가 40-999 용산역,"서울특별시 용산구 한강대로23길 55, 용산역 지하1~3층 (한강로3가)",4377.0,2011-05-31,,사용중,현대아이파크몰(용산역),공공용시설,지하,26549.0,26549,37.0,31.0,44.16,126.0,57.0,51.09,37.52912850008503,126.9654885873054,952772.676996,1947892.118579,I,2026-03-19 22:58:41,2026-03-18 14:46:27
3020000,3020000-S200100043,서울특별시 용산구 이촌동 301-160 현대아파트,"서울특별시 용산구 이촌로 303, 지하 1~1층 (이촌동, 현대아파트)",4424.0,2001-12-10,2023-06-12,사용중지,이촌동 현대아파트(지하 1~1층),공공용시설,지하,5178.0,5178,37.0,31.0,5.11,126.0,58.0,51.78,37.51809046476939,126.98044079292804,954087.040592,1946660.108728,I,2025-12-15 16:14:09,2023-06-13 10:50:01
3020000,3020000-S200100075,서울특별시 용산구 서빙고동 181번지 1호,"서울특별시 용산구 녹사평대로11길 58 (서빙고동, 모투스 엔 실버불렛 사옥)",4384.0,2001-12-10,2023-12-11,사용중지,모투스컴퍼니(지하3층),공공용시설,지하,1310.0,1310,37.0,31.0,14.61,126.0,59.0,36.37,37.52079015717821,126.99360792257026,955252.227738,1946953.279151,I,2025-12-15 16:14:09,2023-12-11 09:17:28
3020000,3020000-S200100045,서울특별시 용산구 이촌동 301-170 반도아파트,"서울특별시 용산구 이촌로 324-10, 지하 1~1층 (이촌동, 반도아파트)",4425.0,2001-12-10,2023-06-20,사용중지,이촌동 반도아파트(지하1층),공공용시설,지하,1832.0,1832,37.0,31.0,2.2,126.0,58.0,55.71,37.51700210265135,126.98279432125226,954294.357337,1946538.215307,I,2025-12-15 16:14:09,2023-06-20 14:49:20
3020000,3020000-S200600003,서울특별시 용산구 청암동 181 천년명가 청암자이,"서울특별시 용산구 삼개로 60, 지하1~2층 (청암동, 천년명가 청암자이)",4359.0,2006-06-01,,사용중,청암자이아파트,공공용시설,지하,19917.0,19917,37.0,32.0,5.72,126.0,56.0,53.72,37.53511122176904,126.94836779551729,951263.832512,1948564.603819,I,2025-12-15 16:14:09,2025-09-08 18:51:49
3020000,3020000-S200100033,서울특별시 용산구 용산동5가 17-112 4호선 이촌역,"서울특별시 용산구 서빙고로 지하83, 4호선 이촌역 지하1~2층 (용산동5가)",4422.0,2001-12-10,,사용중,이촌역,공공용시설,지하,7828.0,7828,37.0,31.0,21.09,126.0,58.0,25.24,37.522663846302926,126.97338947269114,953466.757832,1947170.963767,I,2026-03-19 22:58:41,2026-03-18 14:36:11
3020000,3020000-S200100061,서울특별시 용산구 이태원동 677,서울특별시 용산구 녹사평대로 228 (이태원동),4345.0,2001-12-10,,사용중,이태원 지하보도,공공용시설,지하,2294.0,2294,37.0,32.0,16.64,126.0,59.0,13.15,37.53794729053347,126.98693759216889,954673.177723,1948859.960067,I,2025-12-15 16:14:09,2025-09-08 18:47:57
3020000,3020000-S200100078,서울특별시 용산구 보광동 448번지,"서울특별시 용산구 장문로 104 (보광동, 신동아아파트)",4416.0,2001-12-10,,사용중,신동아아파트,공공용시설,지하,1980.0,1980,37.0,31.0,33.96,127.0,0.0,4.5,37.52617457937576,127.00120023626724,955926.301184,1947547.065015,I,2025-12-15 16:14:09,2025-09-08 18:50:40
3020000,3020000-S200900002,서울특별시 용산구 한강로3가 63-389 용산시티파크1단지,"서울특별시 용산구 서빙고로 35, 지하1~3층 (한강로3가, 용산시티파크1단지)",4385.0,2009-09-16,,사용중,시티파크 1단지,공공용시설,지하,12934.0,12934,37.0,31.0,30.42,126.0,58.0,8.12,37.52445556691083,126.96868292213618,953051.989419,1947372.083664,I,2026-03-19 22:58:41,2026-03-18 14:42:16
3020000,3020000-S200800005,서울특별시 용산구 효창동 268번지,"서울특별시 용산구 백범로 250 (효창동, 세양청마루아파트)",4355.0,2008-06-24,,사용중,세양청마루아파트,공공용시설,지하,2357.0,2357,37.0,32.0,26.95,126.0,57.0,25.49,37.54078381249252,126.9573028784244,952056.876669,1949189.354316,I,2025-12-15 16:14:09,2025-09-08 18:54:00
3020000,3020000-S200100005,서울특별시 용산구 용산동4가 4 6호선 녹사평역,"서울특별시 용산구 녹사평대로 지하195, 6호선 녹사평역 지하1~5층 (용산동4가)",4353.0,2001-12-10,,사용중,녹사평역,공공용시설,지하,12266.0,12266,37.0,32.0,5.39,126.0,59.0,13.29,37.53496413963724,126.98687580933066,954665.913517,1948529.025706,I,2025-12-15 16:14:09,2025-09-08 18:40:01
3020000,3020000-S200100001,서울특별시 용산구 후암동 30번지 90호,"서울특별시 용산구 두텁바위로 160 (후암동, 용산도서관)",4328.0,2001-12-10,,사용중,용산도서관,공공용시설,지하,911.0,911,37.0,33.0,7.25,126.0,58.0,48.29,37.55208924656821,126.97984935087788,954055.638251,1950432.375137,I,2025-12-15 16:14:09,2025-09-08 18:39:51
3020000,3020000-S202500001,서울특별시 용산구 효창동 288 용산 데시앙 포레,"서울특별시 용산구 효창원로 227, B1-3층 (효창동, 용산 데시앙 포레)",4311.0,2025-07-02,,사용중,용산데시앙포레아파트,공공용시설,지하,16491.0,16491,37.0,32.0,50.79,126.0,57.0,48.01,37.5474429233577,126.963336245388,952594.0993319056,1949925.0884139535,I,2025-12-15 16:14:09,2025-10-27 19:14:12
3020000,3020000-S200600001,서울특별시 용산구 후암동 458번지,"서울특별시 용산구 후암로 65 (후암동, 브라운스톤 남산아파트)",4325.0,2006-06-01,,사용중,브라운스톤용산아파트,공공용시설,지하,6871.0,6871,37.0,33.0,5.09,126.0,58.0,35.75,37.55176624409274,126.97675887240032,953782.458097,1950398.054641,I,2025-12-15 16:14:09,2025-09-08 18:51:20
3020000,3020000-S200100013,서울특별시 용산구 갈월동 70-9,서울특별시 용산구 한강대로 329 (갈월동),4320.0,2001-12-10,,사용중,예안빌딩(아트센타),공공용시설,지하,456.0,456,37.0,32.0,51.66,126.0,58.0,17.34,37.54777396959537,126.97151585183924,953316.852241,1949957.72318,I,2025-12-15 16:14:09,2025-09-08 18:42:56
3020000,3020000-S200800004,서울특별시 용산구 문배동 24-6 용산씨제이나인파크,"서울특별시 용산구 백범로90다길 12, 지하1~3층 (문배동, 용산씨제이나인파크)",4369.0,2008-06-24,,사용중,CJ나인파크,공공용시설,지하,20839.0,20839,37.0,32.0,10.95,126.0,58.0,9.28,37.53612842062833,126.9696234284422,953142.39768,1948666.653,I,2025-12-15 16:14:09,2025-09-08 17:48:24
3030000,3030000-S202300010,서울특별시 성동구 행당동 375 행당두산위브,"서울특별시 성동구 행당로8길 8 (행당동, 행당두산위브)",4716.0,2023-06-08,,사용중,행당두산위브(지하1층 주차장),공공용시설,지하,6101.0,6101,37.0,33.0,26.32,127.0,1.0,50.43,37.55731127648742,127.0306744496116,958547.886086,1950988.104346,I,2026-02-06 22:28:35,2026-02-05 16:26:28
3030000,3030000-S201700002,서울특별시 성동구 상왕십리동 811번지,"서울특별시 성동구 마장로 137 (상왕십리동, 텐즈힐)",4700.0,2017-03-17,,사용중,텐즈힐2단지 지하1~3층,공공용시설,지하,59477.82,59477,37.0,34.0,4.22,127.0,1.0,30.57,37.56783807134154,127.0251594868285,958066.68733,1952158.444034,I,2026-02-05 22:28:35,2026-02-04 22:12:21
3030000,3030000-S202400001,서울특별시 성동구 행당동 347 행당동 대림아파트 임대동,"서울특별시 성동구 행당로 79, 임대동 (행당동, 행당동 대림아파트)",4713.0,2024-05-31,,사용중,행당대림아파트임대(지하1층 주차장),공공용시설,지하,9956.0,9956,37.0,33.0,24.36,127.0,1.0,40.93,37.5567678709408,127.02803661638,958314.6013731068,1950928.982959712,I,2026-02-06 22:28:35,2026-02-05 16:34:04
3030000,3030000-S200600002,서울특별시 성동구 하왕십리동 1061 왕십리풍림아이원,"서울특별시 성동구 난계로 84(하왕십리동, 왕십리풍림아이원)",4712.0,2006-11-06,,사용중,왕십리풍림아이원아파트 전체 동의 지하주차장 1층~5층,공공용시설,지하,2869.0,2869,37.0,33.0,33.78,127.0,1.0,26.42,37.55938423218999,127.02400566179055,957960.041733,1951221.049768,I,2026-02-25 22:28:37,2026-02-24 14:49:23
3030000,3030000-S201100019,서울특별시 성동구 홍익동 53번지,"서울특별시 성동구 무학로12길 11 (홍익동, 청계대주파크빌)",4706.0,2011-09-07,,사용중,청계대주파크빌 지하1층,공공용시설,지하,2453.02,2453,37.0,34.0,3.05,127.0,1.0,53.22,37.56735323767038,127.03144545371192,958621.538038,1952101.867759,I,2026-02-05 22:28:35,2026-02-04 22:04:26
3030000,3030000-S202300003,서울특별시 성동구 하왕십리동 1002 왕십리KCC스위첸,"서울특별시 성동구 무학봉길 35 (하왕십리동, 왕십리KCC스위첸)",4711.0,2023-06-02,,사용중,KCC스위첸아파트 전체 동의 지하주차장 1층~3층,공공용시설,지하,11088.0,11088,37.0,33.0,37.36,127.0,1.0,36.06,37.56037647127753,127.02668289935112,958197.051903,1951329.939364,I,2026-02-25 22:28:37,2026-02-24 14:59:57
3030000,3030000-S200700010,서울특별시 성동구 성수동2가 830번지,"서울특별시 성동구 둘레19길 7 (성수동2가, 강변금호타운아파트)",4776.0,2007-02-20,2023-04-20,사용중지,강변금호타운아파트,공공용시설,지하,1633.37,1633,37.0,32.0,7.24,127.0,3.0,26.88,37.53514984792098,127.05768242853446,960921.750034,1948517.850502,I,2025-12-15 16:14:09,2023-04-20 09:54:45
3030000,3030000-S201400001,서울특별시 성동구 상왕십리동 813 왕십리도선동 공공복합청사,"서울특별시 성동구 마장로 141, 왕십리도선동 공공복합청사 (상왕십리동)",4700.0,2014-02-17,2024-12-26,사용중지,왕십리도선동 공공복합청사 지하주차장 1층,공공용시설,지하,681.53,681,37.0,34.0,4.35,127.0,1.0,31.91,37.56777082708917,127.02546354777508,958093.501532,1952150.847987,I,2025-12-15 16:14:09,2024-12-26 08:13:24
3030000,3030000-S201100012,서울특별시 성동구 사근동 110번지,"서울특별시 성동구 왕십리로 222 (사근동, 한양대학교)",4763.0,2011-05-02,2023-07-03,사용중지,한양대학교 한양종합기술연구원 지하 1층,공공용시설,지하,15345.85,15345,37.0,33.0,26.69,127.0,2.0,34.49,37.55741250387464,127.04291313584469,959628.900912,1950994.00797,I,2025-12-15 16:14:09,2023-07-03 16:27:51
3030000,3030000-S202600001,서울특별시 성동구 금호동1가 633 벽산아파트(501~505동),"서울특별시 성동구 금호로 100 (금호동1가, 벽산아파트)",4718.0,2026-01-29,,사용중,금호벽산아파트(임대) 지하1~2층 주차장,공공용시설,지하,13692.96,13692,37.0,33.0,8.26,127.0,1.0,32.43,37.5522945999106,127.025676187238,958103.6148146668,1950433.7468823,I,2026-02-20 22:28:36,2026-02-19 10:25:27
3030000,3030000-S197500002,서울특별시 성동구 마장동 523-1 대한적십자,"서울특별시 성동구 고산자로 356, 대한적십자 지하1층 (마장동)",4748.0,1975-01-03,,사용중,대한적십자사 서울지사 지하주차장(지하1층),공공용시설,지하,695.11,695,37.0,34.0,17.12,127.0,2.0,18.33,37.5714210170221,127.038425481371,959240.1706628,1952550.1164487663,I,2026-01-30 22:28:35,2026-01-29 13:24:36
3030000,3030000-S201000004,서울특별시 성동구 송정동 104번지,"서울특별시 성동구 동일로 237 (송정동, 서울숲아이파크)",4800.0,2010-12-10,,사용중,서울숲현대아이파크(지하1 ~ 2층 주차장),공공용시설,지하,13374.0,13374,37.0,33.0,10.68,127.0,4.0,11.47,37.552965870931146,127.06985392353182,962006.135709,1950489.448222,I,2026-02-06 22:28:35,2026-02-05 14:29:31
3030000,3030000-S199900002,서울특별시 성동구 성수동1가 708번지 성수동동아그린아파트,"서울특별시 성동구 상원길 76 (성수동1가, 성수동동아그린아파트)",4791.0,1999-07-01,,사용중,성수동동아그린아파트 지하주차장(지하1층),공공용시설,지하,3997.0,3997,37.0,33.0,2.77,127.0,2.0,51.53,37.55076841436681,127.04764597906718,960043.372971,1950254.860115,I,2026-03-11 02:02:42,2026-03-09 14:54:45
3030000,3030000-S200600003,서울특별시 성동구 도선동 69번지,"서울특별시 성동구 무학로6길 50 (도선동, 성동삼성쉐르빌)",4709.0,2006-11-06,,사용중,성동삼성쉐르빌 지하2~4층,공공용시설,지하,13966.95,13966,37.0,33.0,52.0,127.0,2.0,7.52,37.56444418562191,127.03542342448036,958971.242609,1951777.379305,I,2026-03-11 02:02:41,2026-03-09 14:43:19
3030000,3030000-S199700004,서울특별시 성동구 성수동2가 832번지,"서울특별시 성동구 연무장길 31-1 (성수동2가, 금호아파트)",4782.0,1997-01-01,,사용중,금호아파트 (지하1층),공공용시설,지하,2802.62,2802,37.0,32.0,35.77,127.0,3.0,10.7,37.5432688288008,127.05297191911,960509.8618914334,1949420.5726606331,I,2026-02-26 22:28:37,2026-02-25 09:20:59
3030000,3030000-S202300020,서울특별시 성동구 사근동 110 한양대학교,"서울특별시 성동구 왕십리로 222, 한양대학교 (사근동)",4763.0,2023-07-03,,사용중,한양대학교 대운동장 주차장 지하2층,공공용시설,지하,12664.75,12664,37.0,33.0,26.69,127.0,2.0,34.49,37.55741250387464,127.04291313584469,959628.900912,1950994.00797,I,2026-01-30 22:28:35,2026-01-29 10:59:39
3030000,3030000-S202300033,서울특별시 성동구 성수동1가 13-17,서울특별시 성동구 성수일로 111 (성수동1가),4791.0,2023-08-18,,사용중,성수선명스퀘어 지하주차장(지하1층),공공용시설,지하,2170.0,2170,37.0,33.0,1.63,127.0,3.0,5.7,37.5504528479103,127.051583024135,960390.9687252548,1950218.1836490023,I,2026-03-11 02:02:42,2026-03-09 15:03:11
3030000,3030000-S199900004,서울특별시 성동구 옥수동 4번지,"서울특별시 성동구 독서당로40길 25 (옥수동, 옥수현대아파트)",4739.0,1999-02-06,,사용중,옥수현대아파트단지 지하1층,공공용시설,지하,1880.52,1880,37.0,32.0,34.35,127.0,1.0,2.09,37.5428762959776,127.017247464718,957353.7470717,1949392.627232233,I,2026-02-07 22:28:35,2026-02-06 09:09:37
3030000,3030000-S200600022,서울특별시 성동구 옥수동 428번지,"서울특별시 성동구 독서당로 191 (옥수동, 옥수동극동아파트)",4732.0,1998-11-06,,사용중,옥수극동아파트 지하1층,공공용시설,지하,7260.76,7260,37.0,32.0,34.51,127.0,0.0,44.25,37.54291834607278,127.01229152745834,956915.962126,1949399.551855,I,2026-02-07 22:28:35,2026-02-06 09:11:53
3030000,3030000-S202300026,서울특별시 성동구 성수동2가 333-15 서울숲 한라시그마밸리Ⅱ,"서울특별시 성동구 성수이로7길 7, 서울숲 한라시그마밸리Ⅱ (성수동2가)",4781.0,2023-07-07,,사용중,서울숲 한라시그마밸리 2차 (지하3~4층),공공용시설,지하,4133.57,4133,37.0,32.0,23.31,127.0,3.0,16.06,37.5398084165423,127.054461967895,960639.6732986,1949036.0348764337,I,2026-02-06 22:28:35,2026-02-05 15:54:59
3030000,3030000-S202300024,서울특별시 성동구 행당동 387 지웰홈스 왕십리,"서울특별시 성동구 고산자로14길 26 (행당동, 지웰홈스 왕십리)",4750.0,2023-07-05,,사용중,지웰홈스 왕십리 지하주차장 1~2층,공공용시설,지하,7462.0,7462,37.0,33.0,48.12,127.0,2.0,15.52,37.56315771463208,127.03747210587106,959151.469065,1951633.759628,I,2026-01-30 22:28:35,2026-01-29 14:23:38
3030000,3030000-S199600001,서울특별시 성동구 응봉동 275번지,"서울특별시 성동구 독서당로 375 (응봉동, 신동아아파트)",4720.0,1996-04-15,,사용중,신동아아파트(지하 1층 주차장),공공용시설,지하,2144.0,2144,37.0,32.0,59.72,127.0,1.0,47.7,37.54992326640066,127.02991625715974,958476.821121,1950168.779006,I,2026-02-26 22:28:37,2026-02-25 09:47:31
3030000,3030000-S202300032,서울특별시 성동구 성수동1가 13-189 Metamorpho(지식산업센터),"서울특별시 성동구 성수일로 89, Metamorpho(지식산업센터) (성수동1가)",4790.0,2023-08-21,,사용중,메타모르포 지하주차장(지하1~3층),공공용시설,지하,3826.0,3826,37.0,32.0,54.3,127.0,3.0,2.73,37.5484179042788,127.050757046868,960316.9302535,1949992.766262844,I,2026-03-11 02:02:42,2026-03-09 15:02:24
3030000,3030000-S198900001,서울특별시 성동구 응봉동 97번지,"서울특별시 성동구 독서당로 431 (응봉동, 대림2차아파트)",4720.0,1989-03-18,,사용중,응봉 대림2차아파트 (지하 1층 관리사무소),공공용시설,지하,2389.0,2389,37.0,33.0,14.06,127.0,2.0,0.39,37.553905420627935,127.03344241688644,958790.486403,1950609.025777,I,2026-02-26 22:28:37,2026-02-25 09:43:41
3030000,3030000-S201100020,서울특별시 성동구 상왕십리동 750번지,"서울특별시 성동구 왕십리로 390 (상왕십리동, 노블리안)",4701.0,2011-09-07,,사용중,노블리안 지하2층,공공용시설,지하,971.6,971,37.0,33.0,54.71,127.0,1.0,37.54,37.5651610045434,127.0271239298928,958238.674399,1951860.562402,I,2026-02-05 22:28:35,2026-02-04 22:05:59
3030000,3030000-S200500011,서울특별시 성동구 용답동 15번지,"서울특별시 성동구 용답중앙27길 8 (용답동, 중앙하이츠아파트)",4805.0,2005-06-20,,사용중,중앙하이츠아파트단지 지하주차장 (지하1~2층),공공용시설,지하,1320.6,1320,37.0,33.0,47.53,127.0,3.0,18.12,37.56320700548604,127.0549909923716,960698.698039,1951631.75788,I,2026-02-25 22:28:37,2026-02-24 16:13:45
3030000,3030000-S201100021,서울특별시 성동구 하왕십리동 286번지 2호,"서울특별시 성동구 청계천로 474 (하왕십리동, 왕십리모노퍼스주상복합)",4702.0,2011-09-07,,사용중,왕십리모노퍼스주상복합 지하1~2층,공공용시설,지하,2210.04,2210,37.0,34.0,10.32,127.0,1.0,46.43,37.56956987398389,127.02962002654056,958461.563037,1952348.597605,I,2026-02-05 22:28:35,2026-02-04 22:07:20
3030000,3030000-S199000002,서울특별시 성동구 성수동1가 13번지 157호,"서울특별시 성동구 상원길 42 (성수동1가, 뚝섬현대아파트)",4790.0,1992-01-22,,사용중,뚝섬현대아파트 지하주차장(지하1층),공공용시설,지하,558.0,558,37.0,32.0,51.89,127.0,2.0,54.87,37.54774588958791,127.048574377433,960123.769037,1949919.133525,I,2026-03-11 02:02:41,2026-03-09 14:53:05
3030000,3030000-S200700015,서울특별시 성동구 사근동 110번지,"서울특별시 성동구 왕십리로 222 (사근동, 한양대학교)",4763.0,2011-05-02,2023-07-03,사용중지,한양대학교 경제금융관 지하 2층,공공용시설,지하,784.46,784,37.0,33.0,26.69,127.0,2.0,34.49,37.55741250387464,127.04291313584469,959628.900912,1950994.00797,I,2025-12-15 16:14:09,2023-07-03 16:27:35
3030000,3030000-S202200004,서울특별시 성동구 성수동2가 838 성수동 두산위브,"서울특별시 성동구 뚝섬로 434(성수동2가, 성수동 두산위브)",4777.0,2022-11-17,,사용중,성수두산위브아파트(지하1층),공공용시설,지하,5940.04,5940,37.0,32.0,15.53,127.0,3.0,29.6,37.53764651233625,127.05822166292212,960970.692272,1948794.616963,I,2026-02-06 22:28:35,2026-02-05 15:51:35
3030000,3030000-S200600028,서울특별시 성동구 행당동 347 행당동 대림아파트,"서울특별시 성동구 행당로 87, 리빙프라자 지하주차장1~2층 (행당동)",4713.0,2006-11-06,,사용중,행당대림아파트 리빙프라자(지하1층~지하3층),공공용시설,지하,6961.21,6961,37.0,33.0,26.25,127.0,1.0,42.76,37.5572920789738,127.028544323368,958359.7357382,1950986.9160174,I,2026-02-06 22:28:35,2026-02-05 16:14:02
3030000,3030000-S199000004,서울특별시 성동구 금호동4가 1470번지,"서울특별시 성동구 동호로 지하 104 (금호동4가, 금호역)",4724.0,1995-07-26,,사용중,3호선 금호역 지하 1~2층,공공용시설,지하,22439.77,22439,37.0,32.0,53.2,127.0,0.0,57.22,37.54853090540637,127.01568790107436,957219.206327,1950020.68375,I,2026-03-09 22:28:36,2026-03-08 14:23:57
3030000,3030000-S201000001,서울특별시 성동구 성수동1가 656-234 서울숲 대림,"서울특별시 성동구 뚝섬로 311(성수동1가, 서울숲 대림)",4778.0,2010-10-22,,사용중,서울숲대림아파트 지하 1층,공공용시설,지하,10712.08,10712,37.0,32.0,29.4,127.0,2.0,44.48,37.54149863463248,127.04568915401812,959865.555277,1949227.263325,I,2026-02-07 22:28:35,2026-02-06 18:53:15
3030000,3030000-S200700011,서울특별시 성동구 성수동2가 834번지,"서울특별시 성동구 성수이로 137 (성수동2가, 성수동아이파크)",4795.0,2007-02-20,,사용중,현대아이파크아파트 (지하1층~2층),공공용시설,지하,36225.0,36225,37.0,32.0,50.2,127.0,3.0,27.83,37.5472767305938,127.05773191216278,960932.450071,1949863.238179,I,2026-03-07 22:28:36,2026-03-06 14:49:17
3030000,3030000-S201000008,서울특별시 성동구 응봉동 193번지,"서울특별시 성동구 독서당로62길 28 (응봉동, 응봉초등학교)",4742.0,2010-01-01,,사용중,서울응봉초등학교 (지하1층 주차장),공공용시설,지하,2021.0,2021,37.0,33.0,2.68,127.0,1.0,59.78,37.55074361320431,127.03327161828588,958773.6586,1950258.315261,I,2026-02-26 22:28:37,2026-02-25 09:53:33
3030000,3030000-S200600021,서울특별시 성동구 옥수동 250 옥수삼성아파트,"서울특별시 성동구 독서당로 218(옥수동, 옥수삼성아파트)",4734.0,2006-11-06,,사용중,옥수삼성아파트 지하1~2층,공공용시설,지하,36036.34,36036,37.0,32.0,36.79,127.0,0.0,54.47,37.5435524982793,127.015131892281,957167.243582,1949468.6098076669,I,2026-02-24 22:28:37,2026-02-23 10:24:51
3030000,3030000-S200200003,서울특별시 성동구 금호동2가 511번지,"서울특별시 성동구 무수막길 69 (금호동2가, 금호초등학교)",4726.0,2002-05-01,,사용중,금호초등학교 지하1층,공공용시설,지하,1000.0,1000,37.0,33.0,7.37,127.0,1.0,14.42,37.552047456767866,127.02067232507017,957661.487918,1950408.569603,I,2026-03-09 22:28:36,2026-03-08 14:25:05
3030000,3030000-S202300035,서울특별시 성동구 성수동1가 16-4 SK테크노빌딩,"서울특별시 성동구 성수일로 55, SK테크노빌딩 (성수동1가)",4779.0,2023-08-18,,사용중,SK테크노빌딩 지하주차장(지하2~3층),공공용시설,지하,4315.0,4315,37.0,32.0,43.68,127.0,2.0,58.33,37.5454657435868,127.049535522027,960207.45918419,1949665.7568266303,I,2026-03-11 02:02:42,2026-03-09 15:07:38
3030000,3030000-S202300012,서울특별시 성동구 하왕십리동 1058 극동미라주 아파트,"서울특별시 성동구 난계로 73 (하왕십리동, 극동미라주 아파트)",4721.0,2023-06-09,,사용중,하왕극동미라주아파트 전체 동의 지하주차장 1층~2층,공공용시설,지하,16327.0,16327,37.0,33.0,30.76,127.0,1.0,24.82,37.558658708566746,127.02355753753616,957920.055008,1951140.757266,I,2026-03-11 02:02:42,2026-03-09 11:11:09
3030000,3030000-S202300037,서울특별시 성동구 성수동1가 671-6 서울숲IT캐슬,"서울특별시 성동구 광나루로 130, 서울숲IT캐슬 (성수동1가)",4788.0,2023-08-31,,사용중,서울숲IT캐슬 지하주차장(지하2~5층),공공용시설,지하,9331.0,9331,37.0,33.0,3.52,127.0,2.0,40.99,37.5509788076959,127.044720689583,959785.0925179484,1950279.4494671663,I,2026-03-11 02:02:42,2026-03-09 15:09:04
3030000,3030000-S200400019,서울특별시 성동구 금호동1가 127번지 2호,"서울특별시 성동구 행당로 15 (금호동1가, 금호1가동주민센터)",4721.0,2004-05-31,2023-03-02,사용중지,금호1가동주민센터,공공용시설,지하,165.0,165,37.0,33.0,17.48,127.0,1.0,18.03,37.554852291664574,127.02179870421736,957762.563431,1950719.244323,I,2025-12-15 16:14:09,2023-03-02 10:07:33
3030000,3030000-S201100001,서울특별시 성동구 금호동3가 1331번지,"서울특별시 성동구 동호로 100 (금호동3가, 두산아파트)",4724.0,2011-01-05,,사용중,두산아파트 지하1층,공공용시설,지하,35484.2,35484,37.0,32.0,55.35,127.0,1.0,0.08,37.548707894093866,127.01668856690834,957307.699744,1950039.864797,I,2026-03-09 22:28:36,2026-03-08 14:25:26
3030000,3030000-S200600008,서울특별시 성동구 행당동 319-36 무학빌딩,"서울특별시 성동구 고산자로 202, 무학빌딩 (행당동)",4745.0,2006-11-06,,사용중,무학빌딩 지하주차장 1~2층,공공용시설,지하,1119.67,1119,37.0,33.0,29.73,127.0,2.0,4.02,37.55822049235115,127.034247540056,958863.972842,1951087.407238,I,2026-03-11 02:02:42,2026-03-09 16:10:00
3030000,3030000-S200000002,서울특별시 성동구 송정동 67번지 6호,"서울특별시 성동구 광나루로 297 (송정동, 성동세무서)",4802.0,2012-11-01,,사용중,성동세무서(지하1층~ 2층 주차장),공공용시설,지하,3324.0,3324,37.0,32.0,54.66,127.0,3.0,46.08,37.5485159446352,127.062801003987,961380.8676049334,1949998.6276455333,I,2026-02-06 22:28:35,2026-02-05 14:28:37
3030000,3030000-S200400004,서울특별시 성동구 사근동 110번지,"서울특별시 성동구 왕십리로 222 (사근동, 한양대학교)",4763.0,2011-05-02,2023-07-03,사용중지,한양대학교 신소재공학관 지하 2층,공공용시설,지하,6166.21,6166,37.0,33.0,26.69,127.0,2.0,34.49,37.55741250387464,127.04291313584469,959628.900912,1950994.00797,I,2025-12-15 16:14:09,2023-07-03 16:25:46
3030000,3030000-S200600017,서울특별시 성동구 행당동 346 행당 한진타운,"서울특별시 성동구 행당로 82, 지하주차장 지하1층 (행당동, 행당 한진타운)",4717.0,2006-11-06,,사용중,행당한진타운아파트(지하1층~2층 주차장),공공용시설,지하,70795.98,70795,37.0,33.0,23.86,127.0,1.0,41.8,37.5566267936847,127.028277299266,958335.7808728002,1950913.2244752669,I,2026-02-06 22:28:35,2026-02-05 16:01:59
3030000,3030000-S202300002,서울특별시 성동구 용답동 238-5,서울특별시 성동구 자동차시장3길 93 (용답동),4808.0,2023-06-07,,사용중,와이하우스 지하주차장 (지하1~3층),공공용시설,지하,6435.0,6435,37.0,33.0,31.39,127.0,4.0,2.13,37.55861593077599,127.06713343337508,961768.726231,1951117.394404,I,2026-02-25 22:28:37,2026-02-24 16:14:32
3030000,3030000-S200600023,서울특별시 성동구 옥수동 436번지,"서울특별시 성동구 독서당로 175 (옥수동, 극동그린아파트)",4732.0,1998-11-06,,사용중,옥수극동그린아파트 지하1층,공공용시설,지하,10447.62,10447,37.0,32.0,30.36,127.0,0.0,39.48,37.5417654292356,127.01096779826084,956798.358236,1949272.249472,I,2026-02-14 22:28:35,2026-02-13 16:32:33
3030000,3030000-S202200001,서울특별시 성동구 성수동2가 835 성수동 롯데캐슬파크,"서울특별시 성동구 성수일로8길 47(성수동2가, 성수동 롯데캐슬파크)",4794.0,2022-11-15,,사용중,성수롯데캐슬파크 (지하 1~2층),공공용시설,지하,32136.9,32136,37.0,32.0,43.43,127.0,3.0,20.48,37.5453976668572,127.055689834146,960751.0779043668,1949655.6171428668,I,2026-02-07 22:28:35,2026-02-06 14:32:19
3030000,3030000-S201100005,서울특별시 성동구 용답동 29번지,"서울특별시 성동구 용답25길 1 (용답동, 용답초등학교)",4805.0,2011-01-10,,사용중,용답초등학교 지하1층,공공용시설,지하,395.0,395,37.0,33.0,39.95,127.0,3.0,15.22,37.561098169520605,127.05422667819374,960630.086999,1951398.113639,I,2026-02-25 22:28:37,2026-02-24 16:15:40
3030000,3030000-S200600016,서울특별시 성동구 행당동 317-18 행현초등학교,"서울특별시 성동구 행당로 95, 행현초등학교 지하1층 (행당동)",4713.0,2006-11-06,,사용중,행현초등학교(지하1층),공공용시설,지하,1791.24,1791,37.0,33.0,27.87,127.0,1.0,45.77,37.5577405719077,127.029381301896,958433.9095537668,1951036.3034672337,I,2026-02-06 22:28:35,2026-02-05 15:53:31
3030000,3030000-S202300016,서울특별시 성동구 성수동2가 289-27 기독교대한성결교회,"서울특별시 성동구 성수일로10길 33, 기독교대한성결교회 (성수동2가)",4793.0,2023-06-13,,사용중,성락성결교회(지하1층 ~ 4층),공공용시설,지하,14384.4,14384,37.0,32.0,46.93,127.0,3.0,13.15,37.5463707626579,127.053654134795,960571.7623978668,1949764.4284172668,I,2026-03-07 22:28:36,2026-03-06 14:56:52
3030000,3030000-S202300019,서울특별시 성동구 사근동 110 한양대학교,"서울특별시 성동구 왕십리로 222, 한양대학교 (사근동)",4763.0,2023-07-03,,사용중,한양대학교 대운동장 주차장 지하1층,공공용시설,지하,13016.25,13016,37.0,33.0,26.69,127.0,2.0,34.49,37.55741250387464,127.04291313584469,959628.900912,1950994.00797,I,2026-01-30 22:28:35,2026-01-29 10:57:45
3030000,3030000-S200400009,서울특별시 성동구 사근동 110번지,"서울특별시 성동구 왕십리로 222 (사근동, 한양대학교)",4763.0,2011-05-02,2023-07-03,사용중지,한양대학교 공업센터 별관 지하 1층,공공용시설,지하,771.66,771,37.0,33.0,26.69,127.0,2.0,34.49,37.55741250387464,127.04291313584469,959628.900912,1950994.00797,I,2025-12-15 16:14:09,2023-07-03 16:26:33
3030000,3030000-S199700002,서울특별시 성동구 성수동1가 706번지,"서울특별시 성동구 상원길 63 (성수동1가, 쌍용아파트)",4788.0,1997-10-07,,사용중,쌍용아파트 지하주차장(지하1층),공공용시설,지하,3461.0,3461,37.0,32.0,58.6,127.0,2.0,52.32,37.54961087006508,127.04786624032424,960062.211203,1950126.343363,I,2026-03-11 02:02:41,2026-03-09 14:53:44
3030000,3030000-S200400016,서울특별시 성동구 응봉동 276번지,"서울특별시 성동구 고산자로4길 34 (응봉동, 응봉동리버그린동아아파트)",4747.0,2004-06-01,,사용중,리버그린동아아파트(지하 1층 주차장),공공용시설,지하,2972.0,2972,37.0,33.0,12.51,127.0,2.0,15.49,37.553476247346126,127.0376371910086,959160.765054,1950559.58062,I,2026-02-25 22:28:37,2026-02-24 10:59:20
3030000,3030000-S202300006,서울특별시 성동구 성수동1가 656-323 성수문화복지회관,"서울특별시 성동구 뚝섬로1길 43, 성수문화복지회관 (성수동1가)",4778.0,2023-06-05,2024-11-26,사용중지,성수문화복지회관 지하1~2층,공공용시설,지하,2622.78,2622,37.0,32.0,43.54,127.0,2.0,49.01,37.54525214171232,127.04707647035504,959990.119366,1949643.102511,I,2025-12-15 16:14:09,2024-11-26 15:29:04
3030000,3030000-S199700001,서울특별시 성동구 금호동2가 223번지 1호,"서울특별시 성동구 금호로 지하 154 (금호동2가, 신금호역)",4727.0,1997-05-01,,사용중,"5호선 신금호역 지하 1,2,8층",공공용시설,지하,6788.0,6788,37.0,33.0,16.32,127.0,1.0,12.23,37.5545642339591,127.02013394774718,957615.358708,1950688.035198,I,2026-03-09 22:28:36,2026-03-08 14:24:27
3030000,3030000-S201200002,서울특별시 성동구 금호동4가 1507 브라운스톤금호,"서울특별시 성동구 매봉길 24, 지하1~3층 (금호동4가, 브라운스톤금호)",4733.0,2012-08-09,,사용중,금호브라운스톤아파트1차 지하1~3층,공공용시설,지하,8574.0,8574,37.0,32.0,45.87,127.0,0.0,56.28,37.5460753698944,127.015632589787,957212.9169253,1949748.2806002332,I,2026-02-28 22:28:35,2026-02-27 10:49:30
3030000,3030000-S202300005,서울특별시 성동구 마장동 818 마장동 현대아파트,"서울특별시 성동구 살곶이길 50, 지하1~2층 (마장동, 마장동 현대아파트)",4753.0,2023-06-07,,사용중,청계현대아파트 지하주차장(지하1~2층),공공용시설,지하,22534.69,22534,37.0,34.0,12.7,127.0,2.0,34.16,37.57019437659666,127.0428209317058,959627.655599,1952412.129371,I,2026-01-30 22:28:35,2026-01-29 13:38:16
3030000,3030000-S199500007,서울특별시 성동구 행당동 192번지,"서울특별시 성동구 왕십리로 지하 300 (행당동, 왕십리역)",4751.0,1995-11-15,,사용중,5호선 왕십리역 지하대합실 1층,공공용시설,지하,1650.0,1650,37.0,33.0,40.4,127.0,2.0,11.96,37.56118598065344,127.03648929262472,959063.591762,1951415.433716,I,2026-03-11 02:02:42,2026-03-09 16:02:36
3030000,3030000-S200700008,서울특별시 성동구 성수동2가 400번지,"서울특별시 성동구 둘레11길 1 (성수동2가, 강변현대아파트)",4775.0,2007-02-20,,사용중,강변현대아파트(지하1~2층),공공용시설,지하,3085.45,3085,37.0,32.0,10.42,127.0,3.0,4.72,37.5362273206281,127.051311449179,960359.4486940332,1948640.0563348,I,2026-02-06 22:28:35,2026-02-05 15:46:22
3030000,3030000-S200900001,서울특별시 성동구 성수동1가 715번지 중앙하이츠빌,"서울특별시 성동구 상원길 47 (성수동1가, 중앙하이츠빌)",4789.0,2009-01-02,,사용중,중앙하이츠빌 지하주차장(지하1층),공공용시설,지하,5574.8,5574,37.0,32.0,53.66,127.0,2.0,53.61,37.54823858195464,127.0482256856611,960093.230202,1949973.94296,I,2026-03-11 02:02:41,2026-03-09 14:55:15
3030000,3030000-S200500008,서울특별시 성동구 용답동 127번지,"서울특별시 성동구 용답길 86 (용답동, 용답역)",4761.0,2005-06-20,2023-03-02,사용중지,2호선 용답역,공공용시설,지하,224.42,224,37.0,33.0,43.21,127.0,3.0,2.63,37.56228271772191,127.0506727671332,960316.83848,1951531.027613,I,2025-12-15 16:14:09,2023-03-02 10:10:45
3030000,3030000-S200600005,서울특별시 성동구 행당동 287번지 15호,"서울특별시 성동구 왕십리로 309 (행당동, 왕십리역이스타빌)",4715.0,2006-11-06,,사용중,왕십리역이스타빌 지하주차장 1~5층,공공용시설,지하,6187.41,6187,37.0,33.0,40.96,127.0,2.0,4.5,37.56144731099359,127.03467910910244,958903.862337,1951445.216931,I,2026-01-30 22:28:35,2026-01-29 14:22:13
3030000,3030000-S198200002,서울특별시 성동구 행당동 318번지 26호,"서울특별시 성동구 고산자로 212 (행당동, 행당전화국)",4744.0,1982-01-03,,사용중,KT행당빌딩 지하1층,공공용시설,지하,2008.0,2008,37.0,33.0,32.29,127.0,2.0,4.01,37.55911237630028,127.03426834745024,958866.300898,1951186.347927,I,2026-01-30 22:28:35,2026-01-29 14:19:13
3030000,3030000-S202300034,서울특별시 성동구 성수동1가 14-18 서울숲 코오롱디지털타워 Ⅲ,"서울특별시 성동구 아차산로 49, 서울숲 코오롱디지털타워 Ⅲ (성수동1가)",4790.0,2023-08-18,,사용중,서울숲코오롱디지털타워3차 지하주차장(지하1~3층),공공용시설,지하,6310.7,6310,37.0,32.0,48.44,127.0,3.0,0.13,37.5467876473178,127.050037325453,960252.4889669776,1949812.202377932,I,2026-03-11 02:02:42,2026-03-09 15:03:44
3030000,3030000-S202300029,서울특별시 성동구 성수동2가 314-13 성수역 현대테라스타워,"서울특별시 성동구 연무장5가길 7, 성수역 현대테라스타워 (성수동2가)",4782.0,2023-08-21,,사용중,현대테라스타워 지식산업센터 지하 1~4층,공공용시설,지하,8053.51,8053,37.0,32.0,38.71,127.0,3.0,13.22,37.5440863066041,127.053671510018,960572.094099581,1949510.9735960437,I,2026-02-07 22:28:35,2026-02-06 14:34:25
3030000,3030000-S199500005,서울특별시 성동구 마장동 772번지,"서울특별시 성동구 마장로 지하 296 (마장동, 마장역)",4758.0,1995-01-03,,사용중,5호선 마장역(지하 1~3층),공공용시설,지하,4734.0,4734,37.0,33.0,58.62,127.0,2.0,35.39,37.56583625477559,127.04252479698258,959599.150685,1951928.74552,I,2026-01-30 22:28:35,2026-01-29 13:28:20
3030000,3030000-S202300011,서울특별시 성동구 행당동 376 서울숲행당푸르지오아파트,"서울특별시 성동구 고산자로 177 (행당동, 서울숲행당푸르지오아파트)",4716.0,2023-06-08,,사용중,서울숲행당푸르지오(지하1층~지하3층),공공용시설,지하,27968.18,27968,37.0,33.0,21.65,127.0,2.0,1.11,37.556012750551,127.033641613807,958809.2408588668,1950842.735402933,I,2026-02-06 22:28:35,2026-02-05 16:28:38
3030000,3030000-S202300017,서울특별시 성동구 하왕십리동 1070 센트라스,"서울특별시 성동구 왕십리로 410 (하왕십리동, 센트라스)",4701.0,2023-06-26,,사용중,센트라스 지하1~6층,공공용시설,지하,46450.0,46450,37.0,33.0,55.0,127.0,1.0,29.21,37.56527790790128,127.02478106154842,958031.831929,1951874.575931,I,2026-02-05 22:28:35,2026-02-04 22:17:02
3030000,3030000-S200700005,서울특별시 성동구 금호동4가 1250 롯데아파트,"서울특별시 성동구 동호로 84, 지하1~2층 (금호동4가, 롯데아파트)",4725.0,2007-02-20,,사용중,금호동롯데아파트 지하1~2층 주차장,공공용시설,지하,9509.0,9509,37.0,32.0,48.67,127.0,0.0,59.98,37.5468516898581,127.016662441787,957304.3332833332,1949833.9408783,I,2026-02-05 22:28:35,2026-02-04 16:19:09
3030000,3030000-S198400003,서울특별시 성동구 하왕십리동 946번지 14호,"서울특별시 성동구 왕십리로 지하 374 (하왕십리동, 상왕십리역)",4701.0,1984-01-03,,사용중,2호선 상왕십리역 지하대합실 1층,공공용시설,지하,5901.0,5901,37.0,33.0,51.95,127.0,1.0,44.44,37.56462664989164,127.02878456870566,958385.034774,1951800.541854,I,2026-02-25 22:28:37,2026-02-24 14:49:42
3030000,3030000-S199100002,서울특별시 성동구 응봉동 101번지,"서울특별시 성동구 독서당로 424 (응봉동, 응봉동주민센터)",4741.0,1991-02-23,2023-06-20,사용중지,응봉동주민센터(지하1층),공공용시설,지하,258.0,258,37.0,33.0,11.3,127.0,2.0,0.25,37.55317232866193,127.03334614820636,958781.579496,1950527.735386,I,2025-12-15 16:14:09,2023-06-20 09:53:02
3030000,3030000-S201000005,서울특별시 성동구 용답동 226번지 4호,"서울특별시 성동구 자동차시장1길 14 (용답동, 와이엠프라젠아파트)",4808.0,2010-12-10,,사용중,YM프라젠아파트 지하주차장 (지하1층),공공용시설,지하,656.54,656,37.0,33.0,40.7,127.0,3.0,31.21,37.561302756710525,127.05897861382095,961049.878236,1951418.831551,I,2026-02-25 22:28:37,2026-02-24 16:14:53
3030000,3030000-S202300038,서울특별시 성동구 성수동2가 284-55 서울숲 SK V1 TOWER,"서울특별시 성동구 성수일로8길 5, 서울숲 SK V1 TOWER (성수동2가)",4793.0,2023-09-13,,사용중,서울숲SK V1타워 지하 1~4층,공공용시설,지하,9496.49,9496,37.0,32.0,48.32,127.0,3.0,4.54,37.5467558710507,127.051261068698,960360.5722334,1949808.1603164335,I,2026-02-07 22:28:35,2026-02-06 14:35:34
3030000,3030000-S202300007,서울특별시 성동구 성수동1가 72-8 서울숲 ITCT 지식산업센터,"서울특별시 성동구 성수일로 10, 서울숲 ITCT 지식산업센터 (성수동1가)",4780.0,2023-06-07,,사용중,서울숲 ITCT 지식산업센터 지하 1~5층,공공용시설,지하,7017.48,7017,37.0,32.0,28.6,127.0,2.0,55.78,37.5413361235291,127.04874017638896,960135.001714,1949207.935723,I,2026-02-07 22:28:35,2026-02-06 18:53:44
3030000,3030000-S200400015,서울특별시 성동구 응봉동 15번지,"서울특별시 성동구 고산자로 160 (응봉동, 대림강변타운)",4747.0,2004-06-01,,사용중,대림강변타운1주차장(지하1~3층)2주차장(지하1~2층),공공용시설,지하,48722.0,48722,37.0,33.0,16.01,127.0,2.0,4.89,37.5544481301858,127.034691795043,958901.138588,1950668.68949,I,2026-02-25 22:28:37,2026-02-24 10:59:06
3030000,3030000-S200600010,서울특별시 성동구 행당동 7번지,"서울특별시 성동구 고산자로 270 (행당동, 성동구청)",4750.0,2006-11-06,,사용중,성동구청 지하주차장 1~2층,공공용시설,지하,17682.36,17682,37.0,33.0,48.32,127.0,2.0,13.07,37.56361074223124,127.03661264604568,959075.812555,1951684.394582,I,2026-03-11 02:02:42,2026-03-09 12:30:07
3030000,3030000-S200000011,서울특별시 성동구 옥수동 100번지,"서울특별시 성동구 한림말길 50 (옥수동, 옥수하이츠아파트)",4736.0,1998-02-03,,사용중,옥수하이츠아파트(지하1~2층),공공용시설,지하,13604.65,13604,37.0,32.0,27.95,127.0,0.0,59.58,37.5410962392625,127.016551363025,957291.2378172668,1949195.4557582664,I,2026-02-07 22:28:35,2026-02-06 09:10:59
3030000,3030000-S199400002,서울특별시 성동구 마장동 479-2,"서울특별시 성동구 마장로27길 13, 지하1층 (마장동)",4705.0,1994-01-03,,사용중,한국전력공사 성동지사 지하주차장(지하1층),공공용시설,지하,1570.2,1570,37.0,34.0,4.87,127.0,2.0,0.35,37.567334326699246,127.0339338015403,958841.277066,1952098.676906,I,2026-01-30 22:28:35,2026-01-29 13:26:28
3030000,3030000-S202300039,서울특별시 성동구 송정동 72-117 송정동 공공복합청사,"서울특별시 성동구 송정18가길 9, 송정동 공공복합청사 (송정동)",4800.0,2023-12-26,,사용중,송정동 공공복합청사(지하1층~ 3층 주차장),공공용시설,지하,3112.0,3112,37.0,33.0,11.59,127.0,4.0,6.09,37.5532205343181,127.068358478687,961874.1754148636,1950518.3071815483,I,2026-02-06 22:28:35,2026-02-05 14:30:48
3030000,3030000-S200600013,서울특별시 성동구 행당동 346 행당 한진타운 종합상가,"서울특별시 성동구 행당로 84, 행당 한진타운 종합상가지하주차장지하3층 (행당동)",4717.0,2006-11-06,,사용중,행당한진타운종합상가(지하4층~지하6층),공공용시설,지하,17314.53,17314,37.0,33.0,23.64,127.0,1.0,43.49,37.55663727934797,127.02864061493734,958367.876221,1950914.226829,I,2026-02-06 22:28:35,2026-02-05 15:44:55
3030000,3030000-S200500005,서울특별시 성동구 용답동 5번지 6호,"서울특별시 성동구 용답중앙23길 20 (용답동, 용답동주민센터)",4805.0,2005-06-20,2023-06-20,사용중지,용답동주민센터 지하1층,공공용시설,지하,282.0,282,37.0,33.0,50.62,127.0,3.0,20.04,37.56414674488445,127.05548798148968,960743.083359,1951735.809276,I,2025-12-15 16:14:09,2023-06-20 09:53:25
3030000,3030000-S200600020,서울특별시 성동구 금호동1가 1500번지,"서울특별시 성동구 독서당로 343 (금호동1가, 금호삼성래미안아파트)",4718.0,2006-11-06,,사용중,금호삼성래미안아파트(지하1층 주차장),공공용시설,지하,31260.54,31260,37.0,32.0,53.75,127.0,1.0,37.56,37.54826439740018,127.02710127716506,958227.242618,1949985.983613,I,2026-03-03 22:28:37,2026-03-02 15:08:59
3030000,3030000-S202300001,서울특별시 성동구 성수동1가 704 한진타운아파트,"서울특별시 성동구 뚝섬로 310(성수동1가, 한진타운아파트)",4773.0,2023-01-26,,사용중,한진타운아파트 지하 1층,공공용시설,지하,5599.04,5599,37.0,32.0,29.24,127.0,2.0,39.38,37.54145542234381,127.0442711167252,959740.259991,1949223.075383,I,2026-02-07 22:28:35,2026-02-06 18:46:52
3030000,3030000-S202300030,서울특별시 성동구 성수동2가 280-21 성수동 우림 이비즈센터,"서울특별시 성동구 광나루로6길 35, 성수동 우림 이비즈센터 (성수동2가)",4799.0,2023-08-18,,사용중,성수동 우림 이비즈센터 지식산업센터 지하 1~3층,공공용시설,지하,6727.21,6727,37.0,32.0,48.53,127.0,3.0,47.73,37.5468139714805,127.063259091953,961420.4549549668,1949809.6152159665,I,2026-02-07 22:28:35,2026-02-06 14:35:04
3030000,3030000-S202300004,서울특별시 성동구 행당동 349 서울숲한신더휴,"서울특별시 성동구 고산자로 164 (행당동, 서울숲한신더휴)",4746.0,2023-06-08,,사용중,서울숲한신더휴아파트 전체 동의 지하주차장 2~4층,공공용시설,지하,39243.0,39243,37.0,33.0,17.7,127.0,2.0,6.03,37.55491588255803,127.03500740037248,958929.271646,1950720.446156,I,2026-01-30 22:28:35,2026-01-29 14:17:47
3030000,3030000-S202200002,서울특별시 성동구 용답동 99 답십리역,"서울특별시 성동구 천호대로 지하300, 답십리역 (용답동)",4804.0,2022-11-15,,사용중,답십리역 지하 1~3층,공공용시설,지하,8923.0,8923,37.0,33.0,59.21,127.0,3.0,11.46,37.56594054592473,127.05386529989488,960600.720838,1951935.501127,I,2026-02-25 22:28:37,2026-02-24 16:14:10
3030000,3030000-S202300021,서울특별시 성동구 사근동 110 한양대학교,"서울특별시 성동구 왕십리로 222, 한양대학교 (사근동)",4763.0,2023-07-03,,사용중,한양대학교 한양종합기술연구원 주차장 지하1층,공공용시설,지하,5033.48,5033,37.0,33.0,26.69,127.0,2.0,34.49,37.55741250387464,127.04291313584469,959628.900912,1950994.00797,I,2026-01-30 22:28:35,2026-01-29 11:00:56
3030000,3030000-S200600024,서울특별시 성동구 마장동 831 마장 에스에이치빌,"서울특별시 성동구 마조로15가길 23, 지하1층 (마장동, 마장 에스에이치빌)",4759.0,2006-05-16,,사용중,마장에스에이치빌 지하주차장(지하1층),공공용시설,지하,11186.07,11186,37.0,33.0,53.08,127.0,2.0,27.59,37.564745632773246,127.0409972087205,959463.653582,1951808.404506,I,2026-01-30 22:28:35,2026-01-29 13:31:57
3030000,3030000-S200600001,서울특별시 성동구 하왕십리동 990번지,"서울특별시 성동구 왕십리로31나길 18 (하왕십리동, 한신무학아파트)",4710.0,2006-11-06,,사용중,한신무학아파트 전체 동의 지하주차장1층,공공용시설,지하,398.4,398,37.0,33.0,46.96,127.0,1.0,41.06,37.56305182397581,127.02822934332796,958335.123188,1951626.069085,I,2026-02-25 22:28:37,2026-02-24 15:17:47
3030000,3030000-S202300008,서울특별시 성동구 성수동1가 656-3 FORHU,"서울특별시 성동구 왕십리로 58, FORHU (성수동1가)",4778.0,2023-06-07,,사용중,FORHU 지하 1~5층,공공용시설,지하,20121.03,20121,37.0,32.0,33.71,127.0,2.0,42.74,37.542737029016585,127.044712422825,959779.934301,1949365.073534,I,2026-02-07 22:28:35,2026-02-06 18:54:25
3030000,3030000-S200700009,서울특별시 성동구 성수동2가 712 청구강변아파트,"서울특별시 성동구 둘레15길 7(성수동2가, 청구강변아파트)",4776.0,2007-02-20,,사용중,강변청구아파트(지하2층),공공용시설,지하,2151.07,2151,37.0,32.0,7.6,127.0,3.0,19.53,37.5354433711672,127.055425439349,960722.5005377,1948551.355462167,I,2026-02-06 22:28:35,2026-02-05 15:47:41
3030000,3030000-S200500007,서울특별시 성동구 용답동 223번지 5호,"서울특별시 성동구 천호대로78길 15-48 (용답동, 서울시투자기관교육복지센터)",4806.0,2005-06-20,,사용중,서울교통공사(인재개발원) 지하주차장 (지하1층),공공용시설,지하,1254.0,1254,37.0,33.0,42.51,127.0,3.0,24.1,37.56194460157959,127.05696605855684,960872.468158,1951490.876776,I,2026-02-25 22:28:37,2026-02-24 16:15:16
3030000,3030000-S199900001,서울특별시 성동구 성수동1가 709번지,"서울특별시 성동구 상원6길 16 (성수동1가, 성수2차대우아파트)",4790.0,1999-07-31,,사용중,성수2차대우아파트 지하주차장(지하1층),공공용시설,지하,3056.0,3056,37.0,32.0,56.11,127.0,2.0,59.76,37.548918214989584,127.04993245393514,960244.356656,1950048.621348,I,2026-03-11 02:02:42,2026-03-09 14:54:10
3030000,3030000-S200600019,서울특별시 성동구 금호동1가 633번지 벽산아파트,"서울특별시 성동구 금호로 100 (금호동1가, 벽산아파트)",4718.0,2006-11-06,,사용중,금호벽산아파트(일반) 지하1~2층 주차장,공공용시설,지하,59991.33,59991,37.0,33.0,8.26,127.0,1.0,32.43,37.55229459984823,127.0256761872425,958103.614815,1950433.746882,I,2026-02-05 22:28:35,2026-02-04 11:56:46
3030000,3030000-S202300028,서울특별시 성동구 옥수동 561 래미안 옥수 리버젠,"서울특별시 성동구 매봉길 15 (옥수동, 래미안 옥수 리버젠)",4733.0,2023-07-05,,사용중,래미안 옥수리버젠아파트(지하1~2층),공공용시설,지하,65696.15,65696,37.0,32.0,43.11,127.0,0.0,55.06,37.54530801427492,127.01529484871482,957182.643142,1949663.300454,I,2026-02-14 22:28:35,2026-02-13 16:38:32
3030000,3030000-S199600006,서울특별시 성동구 마장동 817 삼성아파트,"서울특별시 성동구 마장로 271, 지하1층 (마장동, 삼성아파트)",4755.0,1996-03-05,,사용중,삼성아파트 지하주차장(지하1층),공공용시설,지하,6504.95,6504,37.0,33.0,56.92,127.0,2.0,24.98,37.56592515196671,127.04005659763348,959381.22451,1951939.672165,I,2026-01-30 22:28:35,2026-01-29 13:29:51
3030000,3030000-S202200003,서울특별시 성동구 성수동2가 442 한강한신아파트,"서울특별시 성동구 성수이로 3(성수동2가, 한강한신아파트)",4775.0,2022-11-17,,사용중,한강한신아파트(지하2~3층),공공용시설,지하,5303.03,5303,37.0,32.0,8.23,127.0,3.0,12.03,37.535618366879,127.053341770354,960538.5027337332,1948571.6425370327,I,2026-02-06 22:28:35,2026-02-05 15:50:29
3030000,3030000-S202300014,서울특별시 성동구 성수동1가 656-436 서울숲역,"서울특별시 성동구 왕십리로 지하77, 서울숲역 (성수동1가)",4769.0,2023-06-13,,사용중,서울숲역 수인분당선 지하1층~4층,공공용시설,지하,10313.59,10313,37.0,32.0,37.01,127.0,2.0,40.87,37.54454564892728,127.0448533239716,959793.352898,1949565.669475,I,2026-02-07 22:28:35,2026-02-06 18:44:51
3030000,3030000-S202300036,서울특별시 성동구 성수동1가 13-214 동진아이티타워,"서울특별시 성동구 상원12길 30, 동진아이티타워 (성수동1가)",4790.0,2023-08-18,,사용중,동진아이티타워 지하주차장(지하1~5층),공공용시설,지하,4981.77,4981,37.0,33.0,0.14,127.0,3.0,2.39,37.5500400418446,127.050663370323,960309.5156302806,1950172.772977048,I,2026-03-11 02:02:41,2026-03-09 15:08:28
3030000,3030000-S201100014,서울특별시 성동구 사근동 110번지,"서울특별시 성동구 왕십리로 222 (사근동, 한양대학교)",4763.0,2011-05-02,2023-07-03,사용중지,한양대학교 제3법학관 지하 1층,공공용시설,지하,918.0,918,37.0,33.0,26.69,127.0,2.0,34.49,37.55741250387464,127.04291313584469,959628.900912,1950994.00797,I,2025-12-15 16:14:09,2023-07-03 16:28:19
3030000,3030000-S198800004,서울특별시 성동구 행당동 142-16 소월아트홀,"서울특별시 성동구 왕십리로 281, 소월아트홀 (행당동)",4744.0,1988-01-03,,사용중,소월아트홀 지하1층,공공용시설,지하,854.16,854,37.0,33.0,33.51,127.0,2.0,9.63,37.559345454148826,127.03612901061054,959030.76434,1951211.394004,I,2026-01-30 22:28:35,2026-01-29 14:19:23
3030000,3030000-S201100002,서울특별시 성동구 금호동3가 917번지,"서울특별시 성동구 금호산길 8 (금호동3가, 금호1차푸르지오아파트)",4726.0,2011-01-05,,사용중,금호1차 푸르지오아파트 지하1~3층,공공용시설,지하,14798.6,14798,37.0,32.0,56.83,127.0,1.0,11.13,37.54911925444769,127.01975737138794,957579.010931,1950084.113825,I,2026-03-09 22:28:36,2026-03-08 14:26:04
3030000,3030000-S201200004,서울특별시 성동구 금호동4가 340 서울숲푸르지오아파트,"서울특별시 성동구 금호로 15, 지하1~3층 (금호동4가, 서울숲푸르지오아파트)",4740.0,2012-08-09,,사용중,서울숲푸르지오1차 지하1~3층 주차장,공공용시설,지하,40532.0,40532,37.0,32.0,41.64,127.0,1.0,25.01,37.5449005774017,127.023613940075,957917.3013968,1949614.3414705333,I,2026-03-11 02:02:41,2026-03-09 17:07:02
3030000,3030000-S201100009,서울특별시 성동구 행당동 168번지 151호,서울특별시 성동구 왕십리광장로 17 (행당동),4750.0,2011-07-20,,사용중,비트플렉스 지하1층,공공용시설,지하,6428.0,6428,37.0,33.0,41.19,127.0,2.0,18.22,37.561285057541205,127.03790271111528,959188.477016,1951425.811082,I,2026-02-25 22:28:37,2026-02-24 11:26:55
3030000,3030000-S199000001,서울특별시 성동구 응봉동 98번지,"서울특별시 성동구 독서당로 377 (응봉동, 금호현대아파트)",4720.0,1990-07-18,,사용중,응봉 현대아파트(지하 1층 주차장),공공용시설,지하,1119.0,1119,37.0,33.0,0.0,127.0,1.0,49.43,37.55000153764523,127.0303982126964,958519.436578,1950177.250007,I,2026-02-26 22:28:37,2026-02-25 09:45:55
3030000,3030000-S200600004,서울특별시 성동구 도선동 14번지,"서울특별시 성동구 고산자로 269 (도선동, 신한넥스텔)",4709.0,2006-11-06,,사용중,신한넥스텔 지하1~3층,공공용시설,지하,3092.9,3092,37.0,33.0,49.3,127.0,2.0,8.78,37.56371880432287,127.03596698336,959018.849542,1951696.664861,I,2026-02-05 22:28:35,2026-02-04 22:04:40
3030000,3030000-S202300018,서울특별시 성동구 하왕십리동 1071 왕십리자이,"서울특별시 성동구 난계로 100 (하왕십리동, 왕십리자이)",4711.0,2023-07-23,,사용중,왕십리자이아파트 전체 동의 지하주차장 1층~3층,공공용시설,지하,14087.0,14087,37.0,33.0,38.8,127.0,1.0,26.34,37.56077686143719,127.02398284717592,957958.809242,1951375.5649,I,2026-02-25 22:28:37,2026-02-24 15:03:51
3030000,3030000-S201100010,서울특별시 성동구 송정동 72번지 8호,"서울특별시 성동구 동일로43길 9 (송정동, 송원초등학교)",4800.0,2011-04-01,,사용중,송원초등학교 지하주차장(지하 1층),공공용시설,지하,1311.0,1311,37.0,33.0,14.69,127.0,4.0,10.21,37.55414334086365,127.06975759279987,961998.224886,1950620.12093,I,2026-02-06 22:28:35,2026-02-05 14:30:06
3030000,3030000-S201000003,서울특별시 성동구 성수동1가 479번지 1호,"서울특별시 성동구 둘레길 21 (성수동1가, 성수동동양아파트)",4774.0,2010-12-01,,사용중,성수동 동양아파트 지하 1층,공공용시설,지하,967.72,967,37.0,32.0,14.91,127.0,2.0,46.1,37.53747427191691,127.04613932733216,959903.169419,1948780.591201,I,2026-02-07 22:28:35,2026-02-06 18:49:05
3030000,3030000-S200400011,서울특별시 성동구 사근동 110번지,"서울특별시 성동구 왕십리로 222 (사근동, 한양대학교)",4763.0,2011-05-02,2023-07-03,사용중지,한양대학교 자연과학관 지하 2층,공공용시설,지하,3333.08,3333,37.0,33.0,26.69,127.0,2.0,34.49,37.55741250387464,127.04291313584469,959628.900912,1950994.00797,I,2025-12-15 16:14:09,2023-07-03 16:27:00
3030000,3030000-S197300001,서울특별시 성동구 사근동 110번지,"서울특별시 성동구 왕십리로 222 (사근동, 한양대학교)",4763.0,2011-07-01,2023-07-03,사용중지,백남학술정보관 지하 3층,공공용시설,지하,6742.3,6742,37.0,33.0,26.69,127.0,2.0,34.49,37.55741250387464,127.04291313584469,959628.900912,1950994.00797,I,2025-12-15 16:14:09,2023-07-03 16:24:38
3030000,3030000-S199500003,서울특별시 성동구 하왕십리동 258번지 벽산아파트,"서울특별시 성동구 무학로 50 (하왕십리동, 벽산아파트)",4703.0,1995-03-02,,사용중,벽산아파트 지하1~2층,공공용시설,지하,14382.8,14382,37.0,34.0,7.02,127.0,1.0,49.51,37.56861739081445,127.03041868224388,958531.563272,1952242.571699,I,2026-02-05 22:28:35,2026-02-04 22:01:12
3030000,3030000-S202300031,서울특별시 성동구 성수동2가 322-1 성수 AK 밸리,"서울특별시 성동구 연무장길 76, 성수 AK 밸리 (성수동2가)",4784.0,2023-08-18,,사용중,성수AK밸리(지하3~4층),공공용시설,지하,2692.38,2692,37.0,32.0,29.42,127.0,3.0,27.1,37.5415059465198,127.057526612838,960911.3019595668,1949223.0876845005,I,2026-02-06 22:28:35,2026-02-05 15:57:23
3030000,3030000-S200600025,서울특별시 성동구 성수동1가 710번지,"서울특별시 성동구 왕십리로 36 (성수동1가, 강변건영아파트)",4773.0,2006-10-10,,사용중,강변건영아파트 지하 1층,공공용시설,지하,2741.45,2741,37.0,32.0,26.7,127.0,2.0,38.87,37.540750139943945,127.0441314487526,959727.542099,1949144.888111,I,2026-03-11 02:02:42,2026-03-09 09:46:45
3030000,3030000-S202300013,서울특별시 성동구 하왕십리동 1052 금호 베스트빌,"서울특별시 성동구 난계로 114-31 (하왕십리동, 금호 베스트빌)",4711.0,2023-06-09,,사용중,금호베스트빌아파트 전체 동의 지하주차장 1층~3층,공공용시설,지하,20694.0,20694,37.0,33.0,42.37,127.0,1.0,30.99,37.56175506242007,127.02526087270935,958072.231586,1951483.520286,I,2026-02-25 22:28:37,2026-02-24 15:07:28
3030000,3030000-S200400008,서울특별시 성동구 사근동 110번지,"서울특별시 성동구 왕십리로 222 (사근동, 한양대학교)",4763.0,2011-05-02,2023-07-03,사용중지,한양대학교 올림픽체육관 지하 1층,공공용시설,지하,9123.6,9123,37.0,33.0,26.69,127.0,2.0,34.49,37.55741250387464,127.04291313584469,959628.900912,1950994.00797,I,2025-12-15 16:14:09,2023-07-03 16:25:57
3030000,3030000-S200600014,서울특별시 성동구 행당동 347 행당동 대림아파트,"서울특별시 성동구 행당로 79, 지하주차장 지하1층 (행당동, 행당동 대림아파트)",4713.0,2006-11-06,,사용중,행당대림아파트(지하1층 주차장),공공용시설,지하,81163.37,81163,37.0,33.0,24.36,127.0,1.0,40.93,37.5567678709408,127.02803661638,958314.6013731,1950928.9829597,I,2026-02-06 22:28:35,2026-02-05 15:47:24
3030000,3030000-S200700002,서울특별시 성동구 금호동4가 800 금호동 대우아파트,"서울특별시 성동구 독서당로 272, 지하1~2층 (금호동4가, 금호동 대우아파트)",4738.0,2001-05-03,,사용중,금호동대우아파트 지하 1~2층 주차장,공공용시설,지하,45336.0,45336,37.0,32.0,47.52,127.0,1.0,12.18,37.5465322400765,127.020048905498,957603.2977588668,1949796.9671519669,I,2026-03-04 22:28:37,2026-03-03 17:15:38
3030000,3030000-S199800003,서울특별시 성동구 성수동2가 277번지 1호,"서울특별시 성동구 광나루로 270 (성수동2가, 르노삼성자동차 성수사업소)",4796.0,1998-01-01,,사용중,르노삼성AS센터 (지하1층~지하3층),공공용시설,지하,5312.56,5312,37.0,32.0,53.31,127.0,3.0,34.07,37.5481415940926,127.059464653394,961085.9613749,1949958.4713062337,I,2026-02-07 22:28:35,2026-02-06 14:30:00
3030000,3030000-S200600018,서울특별시 성동구 행당동 346 행당 한진타운,"서울특별시 성동구 행당로 82, 임대동 지하주차장 지하1층 (행당동, 행당 한진타운)",4717.0,2006-11-06,,사용중,행당한진타운임대아파트(지하1층 주차장),공공용시설,지하,6251.41,6251,37.0,33.0,23.86,127.0,1.0,41.8,37.5566267936847,127.028277299266,958335.7808728002,1950913.2244752669,I,2026-02-06 22:28:35,2026-02-05 16:07:06
3030000,3030000-S200400003,서울특별시 성동구 사근동 110번지,서울특별시 성동구 왕십리로 222 (사근동),4763.0,2011-05-01,2023-07-03,사용중지,한양대학교 사범대 본관 지하 1층,공공용시설,지하,919.74,919,37.0,33.0,26.69,127.0,2.0,34.49,37.55741250387464,127.04291313584469,959628.900912,1950994.00797,I,2025-12-15 16:14:09,2023-07-03 16:25:29
3030000,3030000-S201100013,서울특별시 성동구 사근동 110번지,"서울특별시 성동구 왕십리로 222 (사근동, 한양대학교)",4763.0,2011-05-02,2023-07-03,사용중지,한양대학교 정보통신관 지하 1층,공공용시설,지하,1554.01,1554,37.0,33.0,26.69,127.0,2.0,34.49,37.55741250387464,127.04291313584469,959628.900912,1950994.00797,I,2025-12-15 16:14:09,2023-07-03 16:28:29
3030000,3030000-S200000003,서울특별시 성동구 송정동 90번지,"서울특별시 성동구 동일로 263 (송정동, 송정동건영아파트)",4800.0,2000-01-01,,사용중,건영아파트(지하 1~3층 주차장),공공용시설,지하,9816.0,9816,37.0,33.0,19.17,127.0,4.0,15.15,37.55532382482366,127.07087389300044,962097.422068,1950750.638407,I,2026-02-06 22:28:35,2026-02-05 14:29:03
3030000,3030000-S202300022,서울특별시 성동구 사근동 110 한양대학교,"서울특별시 성동구 왕십리로 222, 한양대학교 (사근동)",4763.0,2023-07-03,,사용중,한양대학교 한양종합기술연구원 주차장 지하 2층,공공용시설,지하,4916.15,4916,37.0,33.0,26.69,127.0,2.0,34.49,37.55741250387464,127.04291313584469,959628.900912,1950994.00797,I,2026-01-30 22:28:35,2026-01-29 11:02:30
3030000,3030000-S202300027,서울특별시 성동구 성수동2가 308-4 서울숲코오롱디지털타워,"서울특별시 성동구 성수일로4길 25, 서울숲코오롱디지털타워 (성수동2가)",4781.0,2023-07-07,,사용중,서울숲 코오롱디지털타워1차(지하1~3층),공공용시설,지하,15205.47,15205,37.0,32.0,33.02,127.0,3.0,6.72,37.5425050249268,127.05186582052,960411.7455432,1949336.2980884667,I,2026-02-06 22:28:35,2026-02-05 15:56:11
3030000,3030000-S202300015,서울특별시 성동구 성수동2가 315-61 성수역 SK V1 Tower,"서울특별시 성동구 연무장5가길 25, 성수역 SK V1 Tower (성수동2가)",4782.0,2023-06-13,,사용중,성수SKV1 지식산업센터(지하1층~ 5층),공공용시설,지하,11354.0,11354,37.0,32.0,36.78,127.0,3.0,20.21,37.5435510723206,127.055613950532,960743.4062577668,1949450.7795987,I,2026-02-07 22:28:35,2026-02-06 14:33:07
3030000,3030000-S200600012,서울특별시 성동구 행당동 317-241 행당역,"서울특별시 성동구 행당로 지하89, 행당역 지하1~3층 (행당동)",4713.0,2006-11-06,,사용중,5호선 행당역(지하1층~3층),공공용시설,지하,8932.0,8932,37.0,33.0,26.2,127.0,1.0,45.24,37.5572784117848,127.029232072178,958420.4723686,1950985.0952564,I,2026-02-06 22:28:35,2026-02-05 15:42:33
3030000,3030000-S202300025,서울특별시 성동구 성수동2가 325-2 서울숲한라시그마벨리,"서울특별시 성동구 성수이로 51, 서울숲한라시그마벨리 (성수동2가)",4781.0,2023-07-07,,사용중,서울숲 한라시그마밸리(지하1~5층),공공용시설,지하,9953.06,9953,37.0,32.0,24.87,127.0,3.0,18.4,37.5402413073235,127.055111713116,960697.3015032,1949083.7898487337,I,2026-02-06 22:28:35,2026-02-05 15:53:08
3030000,3030000-S202300023,서울특별시 성동구 성수동1가 13-207 서울숲AK밸리 지식산업센터,"서울특별시 성동구 성수일로 99, 서울숲AK밸리 지식산업센터 (성수동1가)",4790.0,2023-07-03,,사용중,서울숲AK밸리 지식산업센터 지하주차장(지하2~5층),공공용시설,지하,6425.0,6425,37.0,32.0,58.09,127.0,3.0,4.27,37.549452033395696,127.05127894488228,960363.579035,1950107.276986,I,2026-03-11 02:02:42,2026-03-09 15:01:52
3030000,3030000-S201100008,서울특별시 성동구 하왕십리동 1064번지,"서울특별시 성동구 무학봉길 76 (하왕십리동, 하왕십리 신영지웰)",4714.0,2011-06-10,,사용중,신영지웰아파트 전체 동의 지하주차장 1층~2층,공공용시설,지하,4557.0,4557,37.0,33.0,39.77,127.0,1.0,51.78,37.56104782039039,127.03105132568685,958583.241335,1951402.488026,I,2026-02-25 22:28:37,2026-02-24 15:14:24
3030000,3030000-S199600005,서울특별시 성동구 행당동 147 서울숲삼부아파트,"서울특별시 성동구 왕십리로 280(행당동, 서울숲삼부아파트)",4751.0,1996-01-03,,사용중,서울숲 삼부아파트 전체 동의 지하주차장 1층,공공용시설,지하,9168.0,9168,37.0,33.0,34.16,127.0,2.0,13.78,37.55949000786167,127.03716227309243,959122.101906,1951226.981582,I,2026-01-30 22:28:35,2026-01-29 14:19:53
3030000,3030000-S201700001,서울특별시 성동구 하왕십리동 1066번지,"서울특별시 성동구 무학로 33 (하왕십리동, 텐즈힐)",4702.0,2017-03-17,,사용중,텐즈힐1단지 지하1~3층,공공용시설,지하,71972.53,71972,37.0,34.0,2.06,127.0,1.0,47.63,37.567237862878095,127.02989640695218,958484.675535,1952089.750732,I,2026-02-05 22:28:35,2026-02-04 22:12:34
3030000,3030000-S201100003,서울특별시 성동구 금호동3가 1662번지,"서울특별시 성동구 금호산길 27 (금호동3가, 금호동한신휴플러스아파트)",4724.0,2011-01-05,,사용중,금호동한신휴플러스아파트 지하 2층,공공용시설,지하,6893.2,6893,37.0,33.0,2.27,127.0,1.0,8.03,37.55063074291528,127.01889825635078,957503.980939,1950252.193314,I,2026-03-09 22:28:36,2026-03-08 14:26:25
3030000,3030000-S200500016,서울특별시 성동구 용답동 223번지 3호,서울특별시 성동구 천호대로 346 (용답동),4806.0,2005-06-10,,사용중,서울교통공사 본사 지하주차장 (지하1~3층),공공용시설,지하,5387.96,5387,37.0,33.0,45.31,127.0,3.0,26.17,37.56283403521619,127.05730133367138,960902.543693,1951589.415173,I,2026-02-25 22:28:37,2026-02-24 16:13:12
3030000,3030000-S198600001,서울특별시 성동구 응봉동 100번지,"서울특별시 성동구 독서당로62길 43 (응봉동, 대림아파트)",4741.0,1986-10-23,,사용중,응봉 대림1차아파트(지상1층 주차장),공공용시설,지상,1477.0,1477,37.0,33.0,7.78,127.0,2.0,2.36,37.55216145847585,127.03398869060022,958837.778086,1950415.303261,I,2026-02-26 22:28:37,2026-02-25 09:42:08
3030000,3030000-S202300009,서울특별시 성동구 행당동 364 행당브라운스톤,"서울특별시 성동구 행당로 99 (행당동, 행당브라운스톤)",4714.0,2023-06-08,,사용중,행당브라운스톤(지하1층 주차장),공공용시설,지하,9760.73,9760,37.0,33.0,30.01,127.0,1.0,46.72,37.55833666299692,127.02964380755807,958457.425716,1951102.320569,I,2026-02-06 22:28:35,2026-02-05 16:18:33
3040000,3040000-S201100004,서울특별시 광진구 중곡동 62번지 24호,"서울특별시 광진구 긴고랑로 131 (중곡동, 중곡제4동주민센터)",4944.0,2011-07-31,,사용중,중곡4동 주민센터 지하 1층,공공용시설,지하,330.0,330,37.0,33.0,32.76,127.0,5.0,21.96,37.55903882457963,127.08946937493222,963741.676241,1951155.461312,I,2026-04-30 22:36:32,2026-02-10 18:02:43
3040000,3040000-S201100002,서울특별시 광진구 중곡동 47번지 33호,"서울특별시 광진구 능동로 346 (중곡동, 중곡제2동주민센터)",4927.0,2011-07-31,,사용중,중곡2동 주민센터 지하1층,공공용시설,지하,445.0,445,37.0,33.0,36.97,127.0,4.0,52.88,37.56026907835952,127.08135666273652,963025.761053,1951295.111779,I,2026-04-30 22:36:31,2026-02-05 17:03:33
3040000,3040000-S201200001,서울특별시 광진구 능동 222번지 3호,서울특별시 광진구 천호대로 572 (능동),4985.0,2012-10-15,,사용중,범천타워 지하 1~4층,공공용시설,지하,3372.0,3372,37.0,33.0,21.59,127.0,4.0,52.41,37.55613873948558,127.08132304617158,963020.750891,1950836.886595,I,2026-04-30 22:36:32,2026-02-10 17:36:21
3040000,3040000-S201900002,서울특별시 광진구 구의동 668번지,"서울특별시 광진구 광나루로 545 (구의동, 래미안파크스위트)",4978.0,2019-07-04,,사용중,래미안파크스위트아파트 지하주차장 지하 1~2층,공공용시설,지하,46290.7,46290,37.0,32.0,43.68,127.0,5.0,28.39,37.54546563520552,127.09121899541933,963889.656255,1949648.919007,I,2026-04-30 22:36:33,2026-02-10 18:11:40
3040000,3040000-S202000002,서울특별시 광진구 자양동 830번지,"서울특별시 광진구 능동로3다길 13 (자양동, 한강아남아파트)",5086.0,2020-01-22,,사용중,한강아남아파트 지하주차장 1층,공공용시설,지하,673.0,673,37.0,32.0,0.39,127.0,3.0,53.43,37.533441447431,127.064842636349,961553.4723468334,1948325.3622038667,I,2026-04-30 22:36:33,2026-01-28 17:37:03
3040000,3040000-S199500001,서울특별시 광진구 능동 275번지 5호,서울특별시 광진구 천호대로 지하 550,4997.0,1995-11-15,,사용중,군자역 지하 1~3층,공공용시설,지하,10128.97,10128,37.0,33.0,25.7,127.0,4.0,46.06,37.55686262274165,127.07912053424924,962826.574788,1950918.06622,I,2026-04-30 22:36:31,2026-02-10 17:39:17
3040000,3040000-S199800002,서울특별시 광진구 자양동 644번지,"서울특별시 광진구 뚝섬로52마길 56 (자양동, 로얄동아아파트)",5108.0,1999-09-16,,사용중,로얄동아아파트 지하주차장 지하1~2층,공공용시설,지하,11920.92,11920,37.0,31.0,40.97,127.0,4.0,52.61,37.52865626609072,127.08140283017605,963014.223781,1947787.833902,I,2026-04-30 22:36:32,2026-02-10 18:13:55
3040000,3040000-S199300005,서울특별시 광진구 자양동 829번지,"서울특별시 광진구 능동로 19 (자양동, 한강현대아파트)",5086.0,1993-01-01,,사용중,한강현대아파트 지하주차장 1층,공공용시설,지하,1934.0,1934,37.0,31.0,59.56,127.0,4.0,2.16,37.53321153146178,127.06726686475608,961767.538707,1948298.866102,I,2026-04-30 22:36:33,2026-01-28 17:35:05
3040000,3040000-S201600005,서울특별시 광진구 구의동 656번지,"서울특별시 광진구 자양로26길 71 (구의동, 구의동새한아파트)",5041.0,2016-12-29,,사용중,새한아파트 주차장 지하1층,공공용시설,지하,5440.74,5440,37.0,32.0,27.8,127.0,5.0,18.83,37.54077720004043,127.08786990529993,963591.527593,1949130.055883,I,2026-04-30 22:36:32,2026-02-02 10:36:05
3040000,3040000-S199400004,서울특별시 광진구 구의동 610번지,"서울특별시 광진구 구의강변로 94 (구의동, 현대아파트)",5117.0,1994-04-29,,사용중,현대6단지아파트 지하주차장 1층,공공용시설,지하,4125.0,4125,37.0,32.0,19.81,127.0,5.0,38.77,37.5388362448348,127.094103712287,964141.3086057332,1948912.3228229336,I,2026-04-30 22:36:32,2026-02-04 09:32:43
3040000,3040000-S199300006,서울특별시 광진구 자양동 87번지 1호,"서울특별시 광진구 능동로1길 15 (자양동, 한강우성아파트)",5086.0,1993-01-01,,사용중,한강우성아파트 지하주차장 1층,공공용시설,지하,495.87,495,37.0,31.0,57.68,127.0,3.0,58.26,37.532689931835,127.06618334788854,961671.541357,1948241.438742,I,2026-04-30 22:36:32,2026-01-28 17:35:32
3040000,3040000-S200900003,서울특별시 광진구 중곡동 292번지,"서울특별시 광진구 용마산로 174 (중곡동, 에스케이아파트)",4938.0,2009-12-15,,사용중,에스케이아파트 지하주차장 1층,공공용시설,지하,7263.0,7263,37.0,34.0,9.54,127.0,5.0,11.91,37.56931788904328,127.08664151650632,963496.932816,1952296.96265,I,2026-04-30 22:36:33,2026-02-10 17:40:49
3040000,3040000-S199700001,서울특별시 광진구 구의동 587번지 54호,"서울특별시 광진구 구의강변로3가길 39 (구의동, 구의7단지조합현대아파트)",5048.0,1997-01-01,,사용중,현대7단지아파트 지하주차장 1~2층,공공용시설,지하,2475.0,2475,37.0,32.0,13.66,127.0,5.0,28.26,37.5371285314769,127.091183367465,963882.4874900668,1948723.9797635332,I,2026-04-30 22:36:32,2026-02-04 09:34:02
3040000,3040000-S201800001,서울특별시 광진구 중곡동 587번지 2호,"서울특별시 광진구 동일로 462 (중곡동, 케이티앤지성동지점)",4901.0,2018-03-23,,사용중,케이티앤지성동지사 주차장 지하1층,공공용시설,지하,1477.0,1477,37.0,34.0,16.82,127.0,4.0,49.16,37.57149366139419,127.08026723296896,962935.105067,1952540.848399,I,2026-04-30 22:36:33,2026-02-05 09:10:51
3040000,3040000-S199500004,서울특별시 광진구 능동 256-16 5호선 아차산역,"서울특별시 광진구 천호대로 지하657, 5호선 아차산역 지하 (능동)",4954.0,1995-01-01,,사용중,아차산역(5호선) 대합실 지하 1~2층,공공용시설,지하,6664.49,6664,37.0,33.0,8.62,127.0,5.0,21.62,37.5522775069751,127.08958013545904,963748.183459,1950405.288069,I,2026-04-30 22:36:31,2026-02-10 17:33:31
3040000,3040000-S199200004,서울특별시 광진구 광장동 344번지,"서울특별시 광진구 아차산로 627 (광장동, 인성하이텍빌딩)",4967.0,1993-01-21,,사용중,인성하이텍 빌딩 지하주차장 1~2층,공공용시설,지하,2510.81,2510,37.0,32.0,55.68,127.0,6.0,26.2,37.548795274184606,127.10740067564394,965320.640162,1950012.231224,I,2026-04-30 22:36:32,2026-02-10 17:50:56
3040000,3040000-S199200001,서울특별시 광진구 구의동 587번지 29호,"서울특별시 광진구 강변역로 17 (구의동, 구의제3동 복합청사)",5047.0,2012-01-06,,사용중,구의3동주민센터 지하주차장 1~2층,공공용시설,지하,132.23,132,37.0,32.0,16.78,127.0,5.0,31.14,37.5379934068348,127.091984705209,963953.6995039335,1948819.625091767,I,2026-04-30 22:36:32,2026-02-04 09:32:24
3040000,3040000-S199600008,서울특별시 광진구 자양동 761 자양2차현대아파트,"서울특별시 광진구 뚝섬로34길 9, 지하주차장 1층 (자양동, 자양2차현대아파트)",5090.0,1996-01-01,,사용중,자양현대2차아파트 지하주차장 1~2층,공공용시설,지하,1913.38,1913,37.0,32.0,3.62,127.0,4.0,12.1,37.5343401057173,127.070027081116,962011.9805912232,1948422.9562019864,I,2026-04-30 22:36:32,2026-02-10 17:38:02
3040000,3040000-S202200001,서울특별시 광진구 군자동 48-15 군자동 복합청사,"서울특별시 광진구 면목로 13, 군자동 복합청사 (군자동)",4995.0,2022-03-30,,사용중,군자동 복합청사 지하주차장 지하1~2층,공공용시설,지하,624.0,624,37.0,33.0,19.75,127.0,4.0,31.26,37.55547586576392,127.07547490241777,962503.884503,1950765.661205,I,2026-04-30 22:36:32,2026-02-10 18:05:34
3040000,3040000-S198400002,서울특별시 광진구 중곡동 106번지 45호,"서울특별시 광진구 영화사로9길 24 (중곡동, 현대하이츠빌라)",4947.0,1990-05-22,,사용중,현대하이츠빌라 지하주차장 1층,공공용시설,지하,661.16,661,37.0,33.0,22.03,127.0,5.0,36.01,37.556077844919024,127.09304221834384,964055.811111,1950825.584761,I,2026-04-30 22:36:31,2026-02-10 17:40:14
3040000,3040000-S199400001,서울특별시 광진구 중곡동 231번지 1호,"서울특별시 광진구 면목로 127 (중곡동, 신성그랜드타워)",4911.0,1996-06-28,,사용중,신성그랜드타워 지하주차장 1~2층,공공용시설,지하,826.45,826,37.0,33.0,54.27,127.0,4.0,49.57,37.56498488071704,127.0806214756758,962963.16426,1951818.594021,I,2026-04-30 22:36:32,2026-02-10 17:39:07
3040000,3040000-S199000001,서울특별시 광진구 구의동 546번지 7호,"서울특별시 광진구 구의강변로 42 (구의동, 구의동강변우성아파트)",5116.0,1993-01-01,,사용중,강변우성아파트 지하주차장 1층,공공용시설,지하,1650.0,1650,37.0,32.0,4.47,127.0,5.0,31.87,37.5345760463836,127.092184905671,963969.7422086668,1948440.412537,I,2026-04-30 22:36:32,2026-02-04 09:30:50
3040000,3040000-S201600001,서울특별시 광진구 자양동 642번지,"서울특별시 광진구 뚝섬로54길 74 (자양동, 자양5차현대아파트)",5109.0,2016-06-03,,사용중,자양5차현대아파트 지하주차장 지하 1~3층,공공용시설,지하,12458.0,12458,37.0,31.0,42.29,127.0,4.0,43.63,37.52842931092808,127.0794393592674,962840.624989,1947763.428514,I,2026-04-30 22:36:33,2026-03-23 14:31:58
3040000,3040000-S200900002,서울특별시 광진구 자양동 856 이튼타워리버5차,"서울특별시 광진구 능동로4길 40, 지하주차장 1층 (자양동, 이튼타워리버5차)",5096.0,2009-12-15,,사용중,이튼타워리버5차아파트 지하주차장 1~2층,공공용시설,지하,9414.26,9414,37.0,31.0,57.24,127.0,4.0,9.64,37.5325679302478,127.069344404311,961950.7656050152,1948226.619792779,I,2026-04-30 22:36:31,2026-02-10 17:38:36
3040000,3040000-S199300001,서울특별시 광진구 자양동 777번지,서울특별시 광진구 자양로 117 (자양동),5026.0,1991-01-01,2023-06-12,사용중지,광진구청 구내식당 지하1층,공공용시설,지하,378.4,378,37.0,32.0,17.93,127.0,4.0,59.19,37.538313496712455,127.08310898209356,963169.723503,1948858.576503,I,2026-04-30 22:36:33,2023-06-12 17:42:48
3040000,3040000-S199100002,서울특별시 광진구 자양동 673번지,"서울특별시 광진구 자양로3가길 43 (자양동, 현대강변아파트)",5107.0,1991-12-10,,사용중,강변현대아파트 지하주차장 지하1~2층,공공용시설,지하,3024.0,3024,37.0,31.0,42.36,127.0,5.0,9.37,37.52829718171785,127.08531965521964,963360.12663,1947746.462643,I,2026-04-30 22:36:32,2026-03-23 14:26:19
3040000,3040000-S197900001,서울특별시 광진구 광장동 248번지 24호,"서울특별시 광진구 광장로 52 (광장동, 광장동주민센터)",4968.0,2017-11-24,,사용중,광장동주민센터 지하 1층,공공용시설,지하,88.0,88,37.0,32.0,48.62,127.0,6.0,10.88,37.54684012025591,127.10302318010324,964933.046633,1949796.941944,I,2026-04-30 22:36:32,2026-02-10 18:32:22
3040000,3040000-S199800001,서울특별시 광진구 구의동 546번지 4호,"서울특별시 광진구 광나루로56길 85 (구의동, 테크노마트)",5116.0,1998-06-01,,사용중,테크노마트 지하주차장 1~5층,공공용시설,지하,45950.8,45950,37.0,32.0,8.61,127.0,5.0,44.49,37.53614095041674,127.09529347536046,964245.131124,1948612.842864,I,2026-04-30 22:36:33,2026-02-10 18:14:25
3040000,3040000-S198700001,서울특별시 광진구 중곡동 30번지 1호,"서울특별시 광진구 용마산로 127 (중곡동, 국립정신건강센터)",4933.0,2016-03-02,,사용중,국립정신건강센터 주차장 지하1~2층,공공용시설,지하,7855.0,7855,37.0,33.0,54.31,127.0,5.0,8.8,37.56501027465527,127.08617210467013,963453.375032,1951819.238301,I,2026-04-30 22:36:31,2026-02-05 09:06:22
3040000,3040000-S201200002,서울특별시 광진구 군자동 477번지 12호,서울특별시 광진구 능동로 289 (군자동),4997.0,2012-10-15,,사용중,군자메가박스 지하주차장 지하1층,공공용시설,지하,563.0,563,37.0,33.0,20.85,127.0,4.0,42.04,37.55574962740333,127.07841965665229,962764.116921,1950794.862945,I,2026-04-30 22:36:33,2026-02-10 18:03:34
3040000,3040000-S199600003,서울특별시 광진구 화양동 164-1 7호선 어린이대공원역,"서울특별시 광진구 능동로 지하210, 7호선 어린이대공원역 (화양동)",4991.0,1996-10-01,,사용중,어린이대공원역 지하 1~3층,공공용시설,지하,10168.64,10168,37.0,32.0,52.4,127.0,4.0,28.61,37.5478883187618,127.07461356893,962423.997795966,1949924.20921516,I,2026-04-30 22:36:32,2026-03-23 12:59:26
3040000,3040000-S199000002,서울특별시 광진구 구의동 546번지 1호,"서울특별시 광진구 강변역로 50 (구의동, 동서울터미널빌딩)",5116.0,1990-12-21,,사용중,동서울터미널 지하주차장 2~3층,공공용시설,지하,2578.52,2578,37.0,32.0,4.92,127.0,5.0,35.99,37.5347005075654,127.093330451014,964071.0107155668,1948453.7824883664,I,2026-04-30 22:36:32,2026-02-04 09:31:33
3040000,3040000-S201900004,서울특별시 광진구 구의동 237번지 6호,"서울특별시 광진구 광나루로36길 56 (구의동, 구의제1동주민센터)",5038.0,2019-08-02,,사용중,구의1동 주민센터 주차장 지하1층,공공용시설,지하,682.42,682,37.0,32.0,32.68,127.0,5.0,8.15,37.542386722739046,127.08576424975068,963406.295212,1949309.440457,I,2026-04-30 22:36:33,2026-02-02 10:49:49
3040000,3040000-S199700002,서울특별시 광진구 구의동 631번지 1호,"서울특별시 광진구 광나루로56길 29 (구의동, 현대프라임아파트)",5119.0,1997-01-01,,사용중,현대프라임아파트 지하주차장 1층,공공용시설,지하,8250.0,8250,37.0,32.0,16.95,127.0,5.0,50.08,37.5380421205852,127.097243428331,964418.3089891667,1948823.0267733664,I,2026-04-30 22:36:33,2026-02-04 09:33:30
3040000,3040000-S199300003,서울특별시 광진구 구의동 233번지 2호,"서울특별시 광진구 광나루로 520 (구의동, 신용보증기금)",5031.0,1993-01-01,2023-07-14,사용중지,신용보증기금 주차장 지하1층,공공용시설,지하,1507.44,1507,37.0,32.0,40.7,127.0,5.0,13.4,37.544774165963496,127.08725920522927,963539.523328,1949573.732694,I,2026-04-30 22:36:32,2023-07-14 13:58:04
3040000,3040000-S202000005,서울특별시 광진구 군자동 2-41,서울특별시 광진구 능동로27길 12 (군자동),4997.0,2020-01-30,,사용중,군자동 공영주차장 지하1층,공공용시설,지하,1075.1,1075,37.0,33.0,14.16,127.0,4.0,36.69,37.553874423338335,127.07682647998374,962622.463105,1950587.451753,I,2026-04-30 22:36:32,2026-02-10 18:05:10
3040000,3040000-S198900005,서울특별시 광진구 광장동 484번지,"서울특별시 광진구 아차산로70길 62 (광장동, 광장현대3단지아파트)",4974.0,1990-10-20,,사용중,광장현대3단지아파트 지하주차장 1~2층,공공용시설,지하,3142.0,3142,37.0,32.0,26.67,127.0,5.0,59.69,37.5407407592241,127.099913460308,964655.4689016668,1949121.4178192336,I,2026-04-30 22:36:33,2026-02-10 17:56:58
3040000,3040000-S197300001,서울특별시 광진구 중곡동 135번지 1호,"서울특별시 광진구 천호대로113길 10 (중곡동, 서울용마초등학교)",4926.0,2008-12-15,,사용중,용마초등학교 지하1층,공공용시설,지하,945.46,945,37.0,33.0,29.13,127.0,5.0,3.39,37.55756311464046,127.08329773659383,963195.864936,1950994.138115,I,2026-04-30 22:36:31,2026-02-05 16:58:25
3040000,3040000-S199600004,서울특별시 광진구 광장동 237번지,"서울특별시 광진구 아차산로 지하 571 (광장동, 광나루역5호선)",4968.0,1996-12-30,,사용중,광나루역 지하 1~2층,공공용시설,지하,9166.0,9166,37.0,32.0,43.0,127.0,6.0,13.27,37.5452786828097,127.103686526063,964990.9133308,1949623.4622975672,I,2026-04-30 22:36:31,2026-02-10 17:32:33
3040000,3040000-S197500001,서울특별시 광진구 능동 18번지 11호,"서울특별시 광진구 광나루로 441 (능동, 육영재단어린이회관)",4991.0,1975-10-10,,사용중,어린이회관 지하 1층,공공용시설,지하,1890.92,1890,37.0,32.0,45.65,127.0,4.0,42.98,37.5460145174239,127.07860555509126,962775.695005,1949714.733583,I,2026-04-30 22:36:32,2026-02-10 17:35:46
3040000,3040000-S199600006,서울특별시 광진구 자양동 680번지 65호,"서울특별시 광진구 자양로 76 (자양동, 동서울우편집중국)",5050.0,1996-05-31,,사용중,동서울우편집중국 지하주차장 2층,공공용시설,지하,4235.0,4235,37.0,32.0,7.27,127.0,5.0,6.66,37.53464007391671,127.0845988255023,963299.544202,1948450.449482,I,2026-04-30 22:36:32,2026-03-23 14:24:24
3040000,3040000-S200900004,서울특별시 광진구 중곡동 169번지 8호,서울특별시 광진구 능동로 447 (중곡동),4904.0,2009-12-15,,사용중,한국중앙교회 지하1층 식당,공공용시설,지하,2488.0,2488,37.0,34.0,6.93,127.0,5.0,5.39,37.56862615763464,127.08510009103595,963360.472387,1952220.81862,I,2026-04-30 22:36:32,2026-02-10 17:39:54
3040000,3040000-S199600001,서울특별시 광진구 중곡동 273번지 2호,"서울특별시 광진구 능동로 지하 417 (중곡동, 7호선 중곡역)",4908.0,1996-10-11,,사용중,중곡역 대합실 지하1~3층,공공용시설,지하,7233.09,7233,37.0,33.0,56.0,127.0,5.0,2.64,37.56626396540689,127.08432799524408,963291.129594,1951959.047311,I,2026-04-30 22:36:31,2026-02-05 09:07:50
3040000,3040000-S202000001,서울특별시 광진구 자양동 784번지 1호,"서울특별시 광진구 뚝섬로31길 20 (자양동, 대동아파트)",5074.0,2020-01-22,,사용중,자양대동아파트  지하주차장 1~2층,공공용시설,지하,11520.0,11520,37.0,32.0,11.12,127.0,4.0,4.51,37.5364210179024,127.067919913828,961826.8726049332,1948654.6744546,I,2026-04-30 22:36:33,2026-02-10 18:20:28
3040000,3040000-S199100004,서울특별시 광진구 자양동 57번지 103호,"서울특별시 광진구 능동로3길 53 (자양동, 극동아파트)",5087.0,1991-01-01,,사용중,한강극동아파트 지하주차장 1층,공공용시설,지하,1745.46,1745,37.0,32.0,2.72,127.0,3.0,52.05,37.53408965634297,127.06445795864596,961519.818625,1948397.434503,I,2026-04-30 22:36:31,2026-01-28 17:33:53
3040000,3040000-S202500002,서울특별시 광진구 자양동 870 광진구청,"서울특별시 광진구 아차산로 400, 광진구청 (자양동)",5050.0,2025-08-01,,사용중,광진구청 지하주차장 1~3층,공공용시설,지하,6526.0,6526,37.0,32.0,10.64,127.0,5.0,15.8,37.5362899166097,127.087722440505,963576.3174934684,1948632.275297002,I,2026-04-30 22:36:33,2026-02-10 18:21:46
3040000,3040000-S199700005,서울특별시 광진구 자양동 831번지 1호,"서울특별시 광진구 능동로3길 17 (자양동, 성원아파트)",5086.0,1997-01-01,,사용중,한강성원아파트 지하주차장 1층,공공용시설,지하,3871.09,3871,37.0,31.0,59.53,127.0,3.0,58.6,37.5332024007052,127.066278928746,961680.2483392,1948298.255178,I,2026-04-30 22:36:31,2026-01-28 17:36:10
3040000,3040000-S198300001,서울특별시 광진구 중곡동 611번지 7호,서울특별시 광진구 동일로 323 (중곡동),4900.0,1983-12-07,,사용중,군자지하보도 지하1층,공공용시설,지하,518.0,518,37.0,33.0,35.86,127.0,4.0,25.01,37.560073763984434,127.07382991047892,962360.903011,1951276.430311,I,2026-04-30 22:36:31,2026-02-10 17:38:55
3040000,3040000-S199100001,서울특별시 광진구 구의동 547번지 8호,"서울특별시 광진구 강변역로4길 68 (구의동, 리젠트오피스텔)",5116.0,1991-11-09,,사용중,리젠트오피스텔 지하주차장 1~4층,공공용시설,지하,2134.0,2134,37.0,31.0,57.36,127.0,5.0,33.35,37.5326011751223,127.092595965301,964005.1101364336,1948221.1550021332,I,2026-04-30 22:36:32,2026-02-04 09:31:10
3040000,3040000-S198400003,서울특별시 광진구 구의동 254번지 32호,"서울특별시 광진구 자양로 167 (구의동, 광진경찰서)",5038.0,2017-09-04,,사용중,광진경찰서 주차장 지하 1층~3층,공공용시설,지하,1571.4,1571,37.0,32.0,34.3,127.0,5.0,2.03,37.54267168108089,127.084058401391,963255.739245,1949341.720195,I,2026-04-30 22:36:33,2026-02-02 10:49:23
3040000,3040000-S199200003,서울특별시 광진구 중곡동 176번지 124호,"서울특별시 광진구 용마산로22길 26 (중곡동, 대원학원)",4939.0,1992-01-01,,사용중,대원외고 지하 1층 주차장,공공용시설,지하,426.0,426,37.0,33.0,49.13,127.0,5.0,18.97,37.56364851785929,127.08860330056852,963667.422264,1951667.216063,I,2026-04-30 22:36:33,2026-02-10 18:24:34
3040000,3040000-S198700002,서울특별시 광진구 중곡동 58번지 15호,"서울특별시 광진구 용마산로 74 (중곡동, 대순종단천안방면중앙연락소)",4942.0,1987-01-01,,사용중,대순진리회 지하1층,공공용시설,지하,376.86,376,37.0,33.0,37.0,127.0,5.0,15.82,37.56027679010968,127.08772617611858,963588.317584,1951293.480687,I,2026-04-30 22:36:32,2026-02-10 17:40:26
3040000,3040000-S196600001,서울특별시 광진구 자양동 222-6 서울자양초등학교,"서울특별시 광진구 아차산로44길 26, 서울자양초등학교 (자양동)",5054.0,1996-01-01,,사용중,자양초등학교 강당 지하 1층,공공용시설,지하,330.58,330,37.0,32.0,11.41,127.0,4.0,46.68,37.5365015085954,127.079633647408,962861.7946562,1948658.9139120667,I,2026-04-30 22:36:33,2026-02-10 17:36:52
3040000,3040000-S201100008,서울특별시 광진구 화양동 122번지,"서울특별시 광진구 능동로17길 39 (화양동, 화양동주민센터)",5010.0,2011-07-31,,사용중,화양동 주민센터,공공용시설,지하,655.0,655,37.0,32.0,47.57,127.0,4.0,16.83,37.546684239684005,127.07135365880757,962135.427081,1949791.931394,I,2026-04-30 22:36:32,2026-02-10 17:54:49
3040000,3040000-S199200002,서울특별시 광진구 중곡동 131번지 8호,"서울특별시 광진구 천호대로 605 (중곡동, JS빌딩)",4930.0,1995-07-03,,사용중,JS빌딩 지하1층,공공용시설,지하,462.81,462,37.0,33.0,19.29,127.0,5.0,6.39,37.5553571303747,127.085109496947,963354.8043809332,1950748.6885033003,I,2026-04-30 22:36:31,2026-02-05 17:01:07
3040000,3040000-S199600010,서울특별시 광진구 자양동 762 한라아파트,"서울특별시 광진구 뚝섬로33길 20, 지하주차장 1층 (자양동, 한라아파트)",5070.0,1996-01-01,,사용중,한라아파트 지하주차장 1~2층,공공용시설,지하,3033.2,3033,37.0,32.0,9.18,127.0,4.0,11.24,37.5358821048993,127.069787893394,961991.630920581,1948594.128585117,I,2026-04-30 22:36:31,2026-02-10 17:38:14
3040000,3040000-S198900003,서울특별시 광진구 광장동 114번지,서울특별시 광진구 아차산로78길 44 (광장동),4969.0,1992-02-06,,사용중,크레스코 오피스텔 지하주차장 3층~6층,공공용시설,지하,7257.58,7257,37.0,33.0,2.85,127.0,6.0,35.66,37.55106437315936,127.10970794022036,965525.493036,1950263.126106,I,2026-04-30 22:36:32,2026-03-04 20:26:43
3040000,3040000-S201600004,서울특별시 광진구 화양동 1번지,서울특별시 광진구 능동로 120 (화양동),5029.0,2016-12-01,,사용중,건국대 상허연구관 지하 1층,공공용시설,지하,6003.02,6003,37.0,32.0,29.79,127.0,4.0,18.41,37.54160909108665,127.07177995260164,962170.519604,1949228.701091,I,2026-04-30 22:36:32,2026-02-10 17:52:22
3040000,3040000-S197000001,서울특별시 광진구 구의동 238번지 1호,서울특별시 광진구 광나루로36길 47 (구의동),5038.0,2019-06-21,,사용중,동국대학교사범대학 부속 가람중학교 지하1층,공공용시설,지하,719.67,719,37.0,32.0,34.01,127.0,5.0,10.18,37.5427811715146,127.086161044947,963441.5409819332,1949353.0478989,I,2026-04-30 22:36:32,2026-02-02 10:48:55
3040000,3040000-S198800002,서울특별시 광진구 자양동 63번지 1호,"서울특별시 광진구 뚝섬로26길 58 (자양동, 자양제4동주민센터)",5084.0,2009-01-01,,사용중,자양4동주민센터 지하주차장 1층,공공용시설,지하,218.18,218,37.0,32.0,2.71,127.0,3.0,58.48,37.5340863927622,127.066244629772,961677.6703080336,1948396.342859967,I,2026-04-30 22:36:33,2026-02-10 17:27:36
3040000,3040000-S202400002,서울특별시 광진구 중곡동 684 중곡제3동주민센터,"서울특별시 광진구 동일로76가길 28, 중곡제3동주민센터 (중곡동)",4905.0,2024-12-30,,사용중,중곡제3동주민센터 지하 1층,공공용시설,지하,388.29,388,37.0,34.0,7.71,127.0,4.0,48.52,37.5688085263207,127.080145812121,962923.05178139,1952242.9946960504,I,2026-04-30 22:36:31,2026-02-10 18:12:25
3040000,3040000-S201600002,서울특별시 광진구 화양동 1번지,서울특별시 광진구 능동로 120 (화양동),5029.0,2016-12-01,,사용중,건국대 새천년관 지하 1~2층,공공용시설,지하,9125.2,9125,37.0,32.0,29.79,127.0,4.0,18.41,37.54160909108665,127.07177995260164,962170.519604,1949228.701091,I,2026-04-30 22:36:32,2026-02-10 18:17:43
3040000,3040000-S201100001,서울특별시 광진구 중곡동 259번지 10호,"서울특별시 광진구 긴고랑로12길 49 (중곡동, 중곡제1동주민센터)",4915.0,2017-12-14,,사용중,중곡1동 주민센터 지하1층,공공용시설,지하,132.0,132,37.0,33.0,38.25,127.0,4.0,48.07,37.560610822520175,127.07987881448696,962895.407569,1951333.608836,I,2026-04-30 22:36:31,2026-02-10 17:58:42
3040000,3040000-S201900001,서울특별시 광진구 구의동 238번지 1호,서울특별시 광진구 광나루로36길 47 (구의동),5038.0,2019-06-21,,사용중,동국대학교 사범대학 부속 가람고등학교 지하1층,공공용시설,지하,771.24,771,37.0,32.0,35.7,127.0,5.0,13.04,37.542781171454514,127.08616104494811,963441.540982,1949353.047899,I,2026-04-30 22:36:33,2026-02-02 10:36:18
3040000,3040000-S201800002,서울특별시 광진구 자양동 859번지,서울특별시 광진구 아차산로 345 (자양동),5026.0,2018-06-28,,사용중,"래미안프리미어팰리스아파트 102동 지하주차장 1,2층",공공용시설,지하,10734.2,10734,37.0,32.0,14.71,127.0,4.0,53.59,37.53742025164293,127.08155234691154,963031.760802,1948760.087032,I,2026-04-30 22:36:33,2026-02-10 17:37:24
3040000,3040000-S199000005,서울특별시 광진구 화양동 1번지,서울특별시 광진구 능동로 120 (화양동),5029.0,1990-01-01,,사용중,건국대 상허기념도서관 지하 1~2층,공공용시설,지하,3378.53,3378,37.0,32.0,29.79,127.0,4.0,18.41,37.54160909108665,127.07177995260164,962170.519604,1949228.701091,I,2026-04-30 22:36:33,2026-02-10 17:56:22
3040000,3040000-S199400005,서울특별시 광진구 광장동 565번지,"서울특별시 광진구 아차산로 522 (광장동, 현대아파트)",4974.0,1995-03-27,,사용중,광장현대8단지아파트 지하주차장 1~2층,공공용시설,지하,15199.0,15199,37.0,32.0,31.74,127.0,5.0,57.98,37.5421488179562,127.099439708903,964614.2819539,1949277.8118494332,I,2026-04-30 22:36:32,2026-02-10 17:32:45
3040000,3040000-S202400001,서울특별시 광진구 구의동 63-6 구의2동 복합청사,"서울특별시 광진구 천호대로136길 55, 구의2동 복합청사 (구의동)",4979.0,2024-06-17,,사용중,구의2동 복합청사 지하주차장 지하1~3층,공공용시설,지하,3125.98,3125,37.0,32.0,49.73,127.0,5.0,23.85,37.5471482251626,127.089957159608,963779.003559358,1949836.0780707852,I,2026-04-30 22:36:31,2026-02-10 17:34:00
3040000,3040000-S199600009,서울특별시 광진구 군자동 99번지,"서울특별시 광진구 군자로12길 46 (군자동, 일성파크아파트)",5004.0,1996-03-09,,사용중,일성파크아파트 지하주차장 지하1층,공공용시설,지하,919.05,919,37.0,33.0,7.72,127.0,4.0,21.43,37.55214531048604,127.07261832982591,962249.896976,1950397.297891,I,2026-04-30 22:36:31,2026-02-10 18:01:41
3040000,3040000-S199400002,서울특별시 광진구 중곡동 609번지,"서울특별시 광진구 긴고랑로15길 32 (중곡동, 삼민아파트)",4934.0,1994-01-01,,사용중,삼민아파트 지하1층,공공용시설,지하,661.16,661,37.0,33.0,47.15,127.0,5.0,1.38,37.56331303111137,127.0837887101534,963242.054031,1951631.867818,I,2026-04-30 22:36:32,2026-02-24 10:59:10
3040000,3040000-S198800001,서울특별시 광진구 자양동 519-10 자양제3동주민센터,"서울특별시 광진구 뚝섬로 568, 자양제3동주민센터  지하1층 (자양동)",5091.0,1988-05-16,,사용중,자양3동주민센터 지하1층,공공용시설,지하,149.0,149,37.0,32.0,1.8,127.0,4.0,22.45,37.5338339509908,127.072902443436,962265.764467268,1948365.643728584,I,2026-04-30 22:36:31,2026-02-10 17:37:50
3040000,3040000-S197900002,서울특별시 광진구 자양동 669번지 2호,"서울특별시 광진구 자양로3가길 26 (자양동, 자양2동주민센터)",5106.0,2001-11-15,,사용중,자양2동주민센터 지하주차장 1층,공공용시설,지하,568.3,568,37.0,31.0,43.71,127.0,5.0,3.82,37.52882135081084,127.08450619905676,963288.508724,1947804.933223,I,2026-04-30 22:36:32,2026-03-23 15:27:22
3040000,3040000-S200900005,서울특별시 광진구 중곡동 168번지 8호,"서울특별시 광진구 능동로 433 (중곡동, 중곡문화체육센터)",4904.0,2009-12-15,,사용중,중곡문화체육센터 주차장 지하1층,공공용시설,지하,1408.0,1408,37.0,34.0,3.93,127.0,5.0,5.02,37.5677529586637,127.08503274018844,963354.096855,1952123.968102,I,2026-04-30 22:36:32,2026-02-05 09:10:08
3040000,3040000-S201100007,서울특별시 광진구 자양동 630번지 1호,"서울특별시 광진구 자양로13길 37 (자양동, 자양제1동주민센터)",5058.0,2011-07-31,,사용중,자양1동 주민센터 지하주차장 1층,공공용시설,지하,422.0,422,37.0,32.0,4.19,127.0,4.0,56.62,37.53457692630216,127.0823088069851,963097.190331,1948444.339782,I,2026-04-30 22:36:31,2026-02-10 17:37:13
3040000,3040000-S201100005,서울특별시 광진구 능동 232-4 능동주민센터,"서울특별시 광진구 천호대로112길 55, 능동주민센터 (능동)",4989.0,2011-07-31,,사용중,능동 주민센터 지하 1층,공공용시설,지하,365.0,365,37.0,33.0,13.53,127.0,4.0,49.97,37.55384169245865,127.08043797282164,962941.439768,1950582.390542,I,2026-04-30 22:36:31,2026-02-10 17:36:09
3040000,3040000-S202000003,서울특별시 광진구 자양동 858번지,"서울특별시 광진구 동일로18길 10 (자양동, 한영해시안아파트)",5079.0,2020-01-22,,사용중,한영해시안아파트 지하주차장 1층,공공용시설,지하,1009.0,1009,37.0,32.0,23.04,127.0,3.0,47.95,37.5397319597764,127.063320520634,961422.2322007,1949023.8812172,I,2026-04-30 22:36:32,2026-01-28 17:37:22
3040000,3040000-S196000001,서울특별시 광진구 군자동 98번지,"서울특별시 광진구 능동로 209 (군자동, 세종대학교)",5006.0,1982-09-04,,사용중,세종대학교 군자관 지하1층,공공용시설,지하,854.0,854,37.0,32.0,57.07,127.0,4.0,30.2,37.54910625314847,127.0750472525664,962462.917679,1950059.15891,I,2026-04-30 22:36:33,2026-02-10 17:59:28
3040000,3040000-S199700008,서울특별시 광진구 화양동 6번지 3호,"서울특별시 광진구 능동로 지하 110 (화양동, 7호선 건대입구역)",5030.0,1997-01-01,,사용중,건대입구역 7호선 지하 1~3층,공공용시설,지하,10813.27,10813,37.0,32.0,27.03,127.0,4.0,15.77,37.54077772369288,127.071111895324,962111.081616,1949136.734664,I,2026-04-30 22:36:31,2026-02-10 18:18:22
3040000,3040000-S201600003,서울특별시 광진구 화양동 1번지,서울특별시 광진구 능동로 120 (화양동),5029.0,2016-12-01,,사용중,건국대 산학협동관 지하 1~2층,공공용시설,지하,3662.25,3662,37.0,32.0,29.79,127.0,4.0,18.41,37.54160909108665,127.07177995260164,962170.519604,1949228.701091,I,2026-04-30 22:36:32,2026-02-10 18:19:11
3040000,3040000-S201100003,서울특별시 광진구 중곡동 684번지,"서울특별시 광진구 동일로76가길 28 (중곡동, 중곡제3동주민센터)",4905.0,2011-07-31,2024-08-23,사용중지,중곡3동 주민센터 지하1층,공공용시설,지하,388.29,388,37.0,34.0,7.71,127.0,4.0,48.52,37.56879168739154,127.08008762117544,962917.904619,1952241.149474,I,2026-04-30 22:36:32,2024-08-27 15:09:18
3040000,3040000-S199700004,서울특별시 광진구 자양동 783-1 자양7차우성아파트,"서울특별시 광진구 아차산로36길 39, 지하주차장 1층 (자양동, 자양7차우성아파트)",5067.0,1997-01-01,,사용중,자양우성7차아파트 지하주차장 1~2층,공공용시설,지하,7743.87,7743,37.0,32.0,12.87,127.0,4.0,26.21,37.536909679677095,127.07394689673802,962359.588725,1948706.459142,I,2026-04-30 22:36:31,2026-02-10 17:38:25
3040000,3040000-S202000004,서울특별시 광진구 군자동 98번지,"서울특별시 광진구 능동로 209 (군자동, 세종대학교)",5006.0,2020-01-29,,사용중,세종대학교 대양AI센터 지하주차장 지하3~5층,공공용시설,지하,18728.74,18728,37.0,32.0,57.07,127.0,4.0,30.2,37.54910625314847,127.0750472525664,962462.917679,1950059.15891,I,2026-04-30 22:36:33,2026-02-10 18:04:43
3040000,3040000-S198900004,서울특별시 광진구 광장동 127번지,"서울특별시 광진구 아차산로78길 110 (광장동, 리버힐오피스텔)",4969.0,1993-10-28,,사용중,리버힐 오피스텔 지하 1~2층,공공용시설,지하,5034.73,5034,37.0,32.0,59.99,127.0,6.0,36.56,37.5499972439132,127.110156128509,965564.5907211,1950144.5699686669,I,2026-04-30 22:36:32,2026-02-10 17:49:58
3040000,3040000-S199000003,서울특별시 광진구 광장동 567번지,"서울특별시 광진구 아차산로76길 31 (광장동, 광나루현대아파트)",4969.0,1996-04-17,,사용중,광나루현대아파트 지하주차장 1~2층,공공용시설,지하,8765.0,8765,37.0,32.0,48.51,127.0,6.0,28.0,37.5468088001292,127.10777743636972,965353.001151,1949791.704501,I,2026-04-30 22:36:33,2026-02-10 17:33:05
3050000,3050000-S200900017,서울특별시 동대문구 답십리동 999번지,서울특별시 동대문구 천호대로 241 (답십리동),2603.0,2009-11-06,,사용중,답십리 청계벽산메가트리움 지하주차장 지하1층,공공용시설,지하,9429.0,9429,37.0,34.0,11.26,127.0,2.0,58.09,37.56974611328151,127.04933606172088,960202.755078,1952359.6176,I,2026-05-08 22:44:46,2026-02-20 10:43:32
3050000,3050000-S200400354,서울특별시 동대문구 이문동 84번지,"서울특별시 동대문구 외대역동로 101 (이문동, 중앙하이츠빌)",2427.0,2004-11-25,,사용중,"이문 중앙하이츠빌 지하주차장 1,2층",공공용시설,지하,1559.0,1559,37.0,35.0,47.45,127.0,3.0,52.77,37.59678477990919,127.06515154441632,961613.282544,1955352.842782,I,2026-05-08 22:44:47,2026-04-08 10:26:31
3050000,3050000-S200400349,서울특별시 동대문구 전농동 103번지 340호,"서울특별시 동대문구 전농로 222 (전농동, 씨티빌라트)",2492.0,2004-10-30,,사용중,"전농 씨티빌라트 지하주차장 1,2층",공공용시설,지하,899.0,899,37.0,35.0,2.34,127.0,3.0,12.89,37.58390573105359,127.053455781134,960574.027765,1953928.819024,I,2026-05-08 22:44:44,2026-02-04 14:55:53
3050000,3050000-S200400259,서울특별시 동대문구 제기동 65번지,"서울특별시 동대문구 왕산로 지하 93 (제기동, 제기동역)",2568.0,2004-10-11,,사용중,"1호선 제기동역 지하 1층, 2층",공공용시설,지하,6701.0,6701,37.0,34.0,41.6,127.0,2.0,7.07,37.578265579329695,127.0336911596097,958825.867729,1953311.550646,I,2026-05-08 22:44:44,2026-02-04 09:38:58
3050000,3050000-S199900001,서울특별시 동대문구 회기동 1번지 5호,"서울특별시 동대문구 경희대로 23 (회기동, 경희의료원)",2447.0,1999-08-23,,사용중,"경희의료원 지하 1,2층",공공용시설,지하,8284.0,8284,37.0,35.0,37.9,127.0,3.0,6.59,37.5937482617853,127.05256951545104,960500.979559,1955021.172801,I,2026-05-08 22:44:43,2026-02-04 10:42:14
3050000,3050000-S200900010,서울특별시 동대문구 장안동 374번지 1호,"서울특별시 동대문구 장한로 85 (장안동, 장안현대벤처빌)",2625.0,2009-10-01,,사용중,"장안현대벤처빌 지하주차장 지하1,2,3층",공공용시설,지하,7260.0,7260,37.0,34.0,6.47,127.0,4.0,7.57,37.56846750131545,127.06898314188994,961937.108051,1952209.622707,I,2026-05-08 22:44:45,2026-02-04 11:30:59
3050000,3050000-S200400105,서울특별시 동대문구 청량리동 40번지 9호,"서울특별시 동대문구 왕산로 259 (청량리동, 서울성심병원)",2488.0,2004-10-11,,사용중,"서울성심병원 지하 1,2층",공공용시설,지하,701.0,701,37.0,35.0,3.47,127.0,2.0,59.79,37.58415557916785,127.04996935880672,960266.338151,1953958.007437,I,2026-05-08 22:44:44,2026-02-03 16:52:43
3050000,3050000-S200400347,서울특별시 동대문구 장안동 336번지,서울특별시 동대문구 장안벚꽃로 107 (장안동),2638.0,2004-08-12,,사용중,"장안현대홈타운 지하주차장 지하1,2층",공공용시설,지하,15481.0,15481,37.0,34.0,11.12,127.0,4.0,29.31,37.56972668029375,127.07574226891909,962534.636888,1952346.605642,I,2026-05-08 22:44:44,2026-02-04 11:24:52
3050000,3050000-S200400352,서울특별시 동대문구 청량리동 213번지,"서울특별시 동대문구 제기로26길 26 (청량리동, 동부센트레빌아파트)",2484.0,2004-08-11,,사용중,"홍릉동부제2임대아파트 지하주차장 1,2,3,4층",공공용시설,지하,4562.0,4562,37.0,35.0,7.37,127.0,2.0,42.42,37.58563819661952,127.04528527478172,959853.569633,1954124.488251,I,2026-05-08 22:44:45,2026-02-04 11:45:25
3050000,3050000-S202200006,서울특별시 동대문구 용두동 753-9 래미안엘리니티,"서울특별시 동대문구 한빛로 49(용두동, 래미안엘리니티)",2578.0,2022-12-01,,사용중,"신설동래미안엘리니티1,2단지 지하1,2층",공공용시설,지하,45160.0,45160,37.0,34.0,43.73,127.0,1.0,41.35,37.57885977998452,127.02814437829564,958336.426352,1953379.919693,I,2026-05-08 22:44:48,2026-02-04 09:33:46
3050000,3050000-S200900002,서울특별시 동대문구 용두동 47번지 1호,서울특별시 동대문구 천호대로 지하 129 (용두동),2565.0,2009-10-21,,사용중,"2호선 용두역 지하 1층, 2층",공공용시설,지하,3100.0,3100,37.0,34.0,26.49,127.0,2.0,16.97,37.57427847100512,127.03778592534626,959185.25316,1952867.414163,I,2026-05-08 22:44:44,2026-02-04 09:38:20
3050000,3050000-S202400001,서울특별시 동대문구 이문동 270-1 한국외국어대학교,"서울특별시 동대문구 이문로 107, 한국외국어대학교 (이문동)",2450.0,2024-02-21,,사용중,한국외국어대학교 지하주차장 지하2층,공공용시설,지하,5384.0,5384,37.0,35.0,47.6,127.0,3.0,35.96,37.5965558003483,127.059988121772,961157.3544986974,1955329.5617101835,I,2026-05-08 22:44:44,2026-02-04 09:14:25
3050000,3050000-S202200001,서울특별시 동대문구 용두동 253-1 e편한세상 청계센트럴포레 아파트,"서울특별시 동대문구 무학로 91(용두동, e편한세상 청계센트럴포레 아파트)",2587.0,2022-07-05,,사용중,"신설동e편한세상센트럴포레 지하주차장 지하 1,2,3층",공공용시설,지하,42564.0,42564,37.0,34.0,20.56,127.0,1.0,45.39,37.57237886113591,127.02927521729104,958432.674556,1952660.39302,I,2026-05-08 22:44:48,2026-02-04 09:33:28
3050000,3050000-S201000001,서울특별시 동대문구 용두동 791번지,"서울특별시 동대문구 정릉천동로 16 (용두동, 용두두산위브)",2590.0,2010-12-03,,사용중,"용두두산위브아파트 지하주차장 지하1,2층",공공용시설,지하,15660.0,15660,37.0,34.0,25.66,127.0,2.0,9.87,37.5736226706195,127.03525935849956,958961.789367,1952795.756934,I,2026-05-08 22:44:46,2026-02-04 11:33:40
3050000,3050000-S201700003,서울특별시 동대문구 휘경동 286번지 66호,"서울특별시 동대문구 망우로18나길 20 (휘경동, 휘경중학교)",2498.0,2017-09-11,2023-11-20,사용중지,"휘경중학교 거주자 지하 주차장 지하1,2층",공공용시설,지하,8573.0,8573,37.0,35.0,13.06,127.0,3.0,42.34,37.58732458137175,127.06151102916408,961287.010373,1954304.773352,I,2026-05-08 22:44:47,2023-11-20 17:28:45
3050000,3050000-S200400067,서울특별시 동대문구 휘경동 29번지 1호,서울특별시 동대문구 망우로 82 (휘경동),2500.0,2004-10-11,,사용중,"서울삼육병원 추모관 지하주차장 1층, 2층",공공용시설,지하,621.0,621,37.0,35.0,16.44,127.0,3.0,55.34,37.58986392033396,127.06252527614797,961377.868076,1954586.083149,I,2026-05-08 22:44:43,2026-02-04 09:17:41
3050000,3050000-S200400302,서울특별시 동대문구 신설동 76번지 5호,"서울특별시 동대문구 왕산로 지하 1 (신설동, 신설동역)",2582.0,2004-10-11,,사용중,"2호선 신설동역 지하 1층, 2층",공공용시설,지하,3001.0,3001,37.0,34.0,29.02,127.0,1.0,29.87,37.575897207000594,127.02369520887493,957941.908083,1953053.21917,I,2026-05-08 22:44:44,2026-02-04 09:36:58
3050000,3050000-S200400364,서울특별시 동대문구 답십리동 990번지 1호,"서울특별시 동대문구 답십리로56길 21-1 (답십리동, 두산아파트)",2613.0,2004-10-01,,사용중,"답십리 두산아파트 지하주차장 1,2층",공공용시설,지하,2248.0,2248,37.0,34.0,8.16,127.0,3.0,33.79,37.57020176519005,127.05938074911624,961090.023267,1952405.963071,I,2026-05-08 22:44:47,2026-02-04 13:34:49
3050000,3050000-S201900002,서울특별시 동대문구 전농동 687번지,"서울특별시 동대문구 서울시립대로 75 (전농동, 전농동신성미소지움아파트)",2558.0,2019-07-17,,사용중,"전농동신성미소지움아파트 지하주차장 지하 1,2층",공공용시설,지하,14736.0,14736,37.0,34.0,41.26,127.0,2.0,56.01,37.57783860269175,127.04856924750034,960139.352485,1953257.763259,I,2026-05-08 22:44:48,2026-02-04 15:19:12
3050000,3050000-S200400243,서울특별시 동대문구 전농동 620번지 69호,"서울특별시 동대문구 왕산로 지하 205 (전농동, 청량리역)",2559.0,2004-10-11,,사용중,"1호선 청량리역 지하 1층, 2층",공공용시설,지하,6208.0,6208,37.0,34.0,48.31,127.0,2.0,40.79,37.580640984247175,127.04578750795088,959895.230969,1953569.857444,I,2026-05-08 22:44:43,2026-02-04 14:38:51
3050000,3050000-S199600016,서울특별시 동대문구 제기동 1019번지,서울특별시 동대문구 고산자로36길 3 (제기동),2571.0,1996-05-03,2025-08-22,사용중지,경동시장신관 지하주차장 1층,공공용시설,지하,5977.0,5977,37.0,34.0,45.3,127.0,2.0,22.67,37.57893198094295,127.03873337814052,959271.450981,1953383.286747,I,2026-05-08 22:44:44,2025-08-22 18:20:48
3050000,3050000-S201700001,서울특별시 동대문구 장안동 329번지 2호,"서울특별시 동대문구 장안벚꽃로1길 7 (장안동, 장안힐스테이트)",2521.0,2017-09-11,,사용중,"장안힐스테이트아파트 지하주차장 지하1,2층",공공용시설,지하,40710.0,40710,37.0,34.0,32.9,127.0,4.0,34.16,37.57668560440505,127.07591707098914,962553.558,1953118.59246,I,2026-05-08 22:44:47,2026-03-30 21:17:31
3050000,3050000-S202200002,서울특별시 동대문구 전농동 694 서울시립대학교,"서울특별시 동대문구 서울시립대로 163, 서울시립대학교 (전농동)",2504.0,2022-07-05,,사용중,"서울시립대운동장 지하주차장 1,2,3구역",공공용시설,지하,11085.0,11085,37.0,35.0,0.47,127.0,3.0,18.2,37.58346413762227,127.05505418084574,960714.92124,1953879.156746,I,2026-05-08 22:44:47,2026-02-04 14:28:36
3050000,3050000-S200900015,서울특별시 동대문구 휘경동 366번지,"서울특별시 동대문구 한천로 300 (휘경동, 동일스위트리버)",2511.0,2009-10-05,,사용중,"휘경 동일스위트리버 지하주차장 지하 1,2층",공공용시설,지하,19052.0,19052,37.0,35.0,15.54,127.0,4.0,5.71,37.58743616448648,127.06795410769388,961855.91187,1954314.516961,I,2026-05-08 22:44:46,2026-02-20 10:42:51
3050000,3050000-S198100002,서울특별시 동대문구 회기동 1번지 5호,서울특별시 동대문구 경희대로 26 (회기동),2453.0,2017-09-11,,사용중,"경희대학교 청운관 지하 1,2층",공공용시설,지하,2179.0,2179,37.0,35.0,42.09,127.0,3.0,6.62,37.59388228627294,127.05271438628552,960513.839594,1955035.981266,I,2026-05-08 22:44:43,2026-04-08 10:14:06
3050000,3050000-S202200003,서울특별시 동대문구 장안동 587 동대문더퍼스트데시앙,"서울특별시 동대문구 장한로27가길 37(장안동, 동대문더퍼스트데시앙)",2528.0,2022-07-05,,사용중,"장안 동대문퍼스트데시앙지하주차장 지하1,2층",공공용시설,지하,19545.0,19545,37.0,34.0,29.27,127.0,4.0,15.69,37.57476018949552,127.0710836654751,962125.791982,1952906.914963,I,2026-05-08 22:44:48,2026-03-30 21:16:45
3050000,3050000-S200600008,서울특별시 동대문구 제기동 252번지,"서울특별시 동대문구 왕산로23길 89 (제기동, 이수브라운스톤)",2575.0,2006-11-08,,사용중,"제기 이수브라운아파트 지하주차장 지하1,2층",공공용시설,지하,14992.0,14992,37.0,34.0,56.95,127.0,2.0,4.5,37.58224563611271,127.03483285525564,958928.864144,1953752.618694,I,2026-05-08 22:44:46,2026-02-04 09:34:17
3050000,3050000-S202200005,서울특별시 동대문구 휘경동 375 휘경 해모로 프레스티지,"서울특별시 동대문구 외대역동로1길 60-3(휘경동, 휘경 해모로 프레스티지)",2437.0,2022-07-05,,사용중,"휘경해모로아파트지하주차장 지하 1,2층",공공용시설,지하,12133.0,12133,37.0,35.0,29.99,127.0,3.0,47.99,37.59166342823295,127.06333064238676,961449.897797,1954785.399019,I,2026-05-08 22:44:48,2026-02-04 10:33:30
3050000,3050000-S200400350,서울특별시 동대문구 청량리동 212번지,"서울특별시 동대문구 홍릉로10길 48 (청량리동, 홍릉동부아파트)",2485.0,2004-08-11,,사용중,"홍릉동부센트레빌아파트 지하주차장 1,2,3,4층",공공용시설,지하,9620.0,9620,37.0,35.0,10.11,127.0,2.0,47.34,37.5862954966253,127.04556503907436,959878.622749,1954197.292975,I,2026-05-08 22:44:45,2026-02-05 14:33:50
3050000,3050000-S200400353,서울특별시 동대문구 이문동 73번지,"서울특별시 동대문구 한천로55길 9 (이문동, 이문동삼익아파트)",2429.0,2004-11-25,,사용중,이문 삼익아파트 지하주차장 1층,공공용시설,지하,10622.0,10622,37.0,35.0,44.06,127.0,4.0,3.85,37.596587900137536,127.06713226346456,961788.032838,1955330.192102,I,2026-05-08 22:44:47,2026-04-08 10:47:58
3050000,3050000-S200400018,서울특별시 동대문구 전농동 694번지,"서울특별시 동대문구 서울시립대로 163 (전농동, 서울시립대학교)",2504.0,2004-10-11,,사용중,"서울시립대 조형관 지하 1, 2층",공공용시설,지하,6697.0,6697,37.0,35.0,0.47,127.0,3.0,18.2,37.58346413762227,127.05505418084574,960714.92124,1953879.156746,I,2026-05-08 22:44:46,2026-02-04 14:16:36
3050000,3050000-S201200002,서울특별시 동대문구 휘경동 367번지,서울특별시 동대문구 외대역동로 14 (휘경동),2502.0,2012-07-17,,사용중,"휘경 동부센트레빌 아파트 지하주차장 지하 1,2층",공공용시설,지하,14980.0,14980,37.0,35.0,25.89,127.0,4.0,6.87,37.59091982361839,127.06794663759396,961857.030197,1954701.015034,I,2026-05-08 22:44:46,2026-02-04 09:28:27
3050000,3050000-S200900013,서울특별시 동대문구 이문동 270번지 1호,서울특별시 동대문구 이문로 107 (이문동),2450.0,2009-11-06,2024-02-21,사용중지,한국외국어대 교수학습개발원 지하1층,공공용시설,지하,2109.0,2109,37.0,35.0,54.23,127.0,3.0,28.58,37.59655580029266,127.05998812177536,961157.354499,1955329.56171,I,2026-05-08 22:44:46,2024-02-21 13:13:58
3050000,3050000-S200400341,서울특별시 동대문구 전농동 155번지,"서울특별시 동대문구 전농로 192 (전농동, 전농동삼성아파트)",2505.0,2004-11-24,,사용중,"전농 삼성아파트 지하주차장 1,2층",공공용시설,지하,14216.0,14216,37.0,34.0,56.89,127.0,3.0,18.99,37.58150099533811,127.05522983161228,960729.398649,1953661.282364,I,2026-05-08 22:44:45,2026-02-04 14:21:54
3050000,3050000-S200400098,서울특별시 동대문구 청량리동 207번지 42호,"서울특별시 동대문구 회기로 85 (청량리동, 한국과학기술원)",2455.0,2004-10-11,2023-11-20,사용중지,"과학기술원  경영관대학 지하 1층, 2층",공공용시설,지하,1752.0,1752,37.0,35.0,34.52,127.0,2.0,48.35,37.59180041162863,127.04612833987932,959931.307234,1954807.79652,I,2026-05-08 22:44:43,2023-11-20 17:27:57
3050000,3050000-S200300010,서울특별시 동대문구 답십리동 990번지,"서울특별시 동대문구 답십리로56길 21 (답십리동, 두산아파트)",2613.0,2003-03-04,,사용중,답십리 두산임대아파트 지하주차장 지하 1층,공공용시설,지하,700.0,700,37.0,34.0,10.19,127.0,3.0,37.17,37.57187967618982,127.05939855080427,961092.46818,1952592.11125,I,2026-05-08 22:44:44,2026-02-04 12:59:27
3050000,3050000-S201400001,서울특별시 동대문구 전농동 690번지,"서울특별시 동대문구 사가정로 65 (전농동, 래미안크레시티아파트)",2553.0,2014-08-04,,사용중,"전농래미안 크레시티 아파트 지하주차장 지하1,2,3층",공공용시설,지하,38955.0,38955,37.0,34.0,35.8,127.0,3.0,4.63,37.574881504079855,127.0528583927766,960516.518109,1952927.876953,I,2026-05-08 22:44:45,2026-02-04 15:17:03
3050000,3050000-S201100003,서울특별시 동대문구 용두동 118번지 20호,"서울특별시 동대문구 무학로 124 (용두동, 시립동부병원)",2584.0,2011-09-20,,사용중,"동부시립병원 지하주차장 지하 1,2층",공공용시설,지하,11580.0,11580,37.0,34.0,31.24,127.0,1.0,52.02,37.57527420111123,127.0309736143922,958584.255779,1952980.866505,I,2026-05-08 22:44:44,2026-02-20 10:41:14
3050000,3050000-S200300011,서울특별시 동대문구 답십리동 80번지,"서울특별시 동대문구 전농로10길 20 (답십리동, 답십리청솔우성아파트)",2536.0,2003-03-01,,사용중,"답십리 청솔우성아파트 지하주차장 지하 1,2층",공공용시설,지하,18800.0,18800,37.0,34.0,28.34,127.0,3.0,35.26,37.57490797933808,127.05873452420428,961035.408521,1952928.361132,I,2026-05-08 22:44:48,2026-02-04 13:08:13
3050000,3050000-S199900003,서울특별시 동대문구 답십리동 989번지 1호,"서울특별시 동대문구 답십리로59길 33 (답십리동, 우성그린아파트)",2535.0,1999-10-13,,사용중,답십리 우성그린아파트 지하주차장 지하 1층,공공용시설,지하,3944.0,3944,37.0,34.0,30.21,127.0,3.0,58.07,37.574285968936906,127.06643856629891,961715.375232,1952856.185218,I,2026-05-08 22:44:46,2026-02-04 12:57:11
3050000,3050000-S200400324,서울특별시 동대문구 이문동 45번지,서울특별시 동대문구 한천로58길 139 (이문동),2422.0,2004-08-13,,사용중,"이문푸르지오아파트 지하주차장 지하 1,2층",공공용시설,지하,15929.0,15929,37.0,36.0,9.76,127.0,4.0,10.61,37.60254239918488,127.07043684933312,962082.772915,1955989.476417,I,2026-05-08 22:44:45,2026-04-08 10:23:23
3050000,3050000-S201000003,서울특별시 동대문구 답십리동 1002번지,서울특별시 동대문구 서울시립대로 14 (답십리동),2593.0,2010-11-30,,사용중,"답십리 청계한신휴플러스 아파트 지하주차장 지하1,2층",공공용시설,지하,12698.0,12698,37.0,34.0,20.41,127.0,2.0,45.04,37.57295873964109,127.04527166084844,959845.55877,1952717.771211,I,2026-05-08 22:44:46,2026-02-20 10:44:24
3050000,3050000-S200400074,서울특별시 동대문구 휘경동 363번지,"서울특별시 동대문구 서울시립대로29길 62 (휘경동, 휘경동현대아파트)",2493.0,2004-10-11,,사용중,"휘경현대아파트 지하주차장 지하1,2층",공공용시설,지하,2579.0,2579,37.0,35.0,11.17,127.0,3.0,19.53,37.58627340226439,127.05515237216936,960725.066763,1954190.789848,I,2026-05-08 22:44:47,2026-02-04 11:54:34
3050000,3050000-S200900018,서울특별시 동대문구 장안동 329번지 3호,"서울특별시 동대문구 장안벚꽃로 167 (장안동, 래미안장안2차아파트)",2524.0,2009-10-23,,사용중,"장안삼성래미안2차 지하주차장 지하 1,2층",공공용시설,지하,21514.0,21514,37.0,34.0,27.54,127.0,4.0,32.78,37.57495422971925,127.07603531136388,962563.131873,1952926.458224,I,2026-05-08 22:44:45,2026-03-30 21:17:48
3050000,3050000-S200900016,서울특별시 동대문구 휘경동 57번지,서울특별시 동대문구 한천로 248 (휘경동),2512.0,2009-10-05,,사용중,"휘경 주공아파트 지하주차장 지하 1,2층",공공용시설,지하,15052.0,15052,37.0,35.0,1.09,127.0,4.0,15.02,37.58295113641459,127.0685901093446,961909.777636,1953816.667168,I,2026-05-08 22:44:46,2026-02-20 10:43:08
3050000,3050000-S201600001,서울특별시 동대문구 답십리동 1003번지,"서울특별시 동대문구 답십리로 130 (답십리동, 래미안위브아파트)",2598.0,2016-01-28,,사용중,"답십리 래미안위브 아파트 지하주차장 지하1,2층",공공용시설,지하,15732.0,15732,37.0,34.0,15.69,127.0,3.0,6.09,37.57269550591709,127.05421150954338,960634.850941,1952684.783839,I,2026-05-08 22:44:45,2026-02-04 14:35:22
3050000,3050000-S200100001,서울특별시 동대문구 회기동 109번지 5호,서울특별시 동대문구 경희대로1나길 56-3 (회기동),2454.0,2001-07-23,,사용중,"경희의료원 주차빌딩 지하주차장 지하1,2층",공공용시설,지하,8461.0,8461,37.0,35.0,36.93,127.0,3.0,1.29,37.59352010341605,127.0503221150424,960302.457518,1954996.807286,I,2026-05-08 22:44:43,2026-02-04 10:43:55
3050000,3050000-S200400258,서울특별시 동대문구 전농동 645번지 2호,서울특별시 동대문구 서울시립대로 31 (전농동),2591.0,2004-10-11,,사용중,"전농동 동아아파트 지하주차장 지하 1,2층",공공용시설,지하,11032.0,11032,37.0,34.0,28.27,127.0,2.0,44.7,37.57455852460334,127.046102567161,959919.789129,1952894.904478,I,2026-05-08 22:44:44,2026-02-04 14:45:02
3050000,3050000-S200400003,서울특별시 동대문구 휘경동 115번지,"서울특별시 동대문구 망우로 135 (휘경동, 휘경동동양아파트)",2435.0,2004-10-01,,사용중,"휘경동 동양아파트 지하주차장 지하1,2층",공공용시설,지하,10360.0,10360,37.0,35.0,33.21,127.0,4.0,4.3,37.59208435246233,127.06777903788726,961842.828484,1954830.281975,I,2026-05-08 22:44:47,2026-02-04 09:51:28
3050000,3050000-S201200003,서울특별시 동대문구 휘경동 368번지,"서울특별시 동대문구 망우로20길 86 (휘경동, 브라운스톤 휘경)",2501.0,2012-07-17,,사용중,"휘경 이수브라운스톤 아파트 지하주차장 지하 1,2층",공공용시설,지하,18688.0,18688,37.0,35.0,22.68,127.0,3.0,55.82,37.59074255580832,127.06707870149909,961780.315161,1954681.70086,I,2026-05-08 22:44:45,2026-02-04 09:30:10
3050000,3050000-S201700002,서울특별시 동대문구 회기동 351번지,"서울특별시 동대문구 회기로26길 15 (회기동, 회기힐스테이트)",2460.0,2017-09-11,,사용중,"회기힐스테이트아파트지하주차장 1층2,층, 104동앞",공공용시설,지하,9479.0,9479,37.0,35.0,24.3,127.0,3.0,14.6,37.59018808332628,127.05407783578104,960632.258953,1954625.554642,I,2026-05-08 22:44:47,2026-02-04 12:00:22
3050000,3050000-S201100004,서울특별시 동대문구 답십리동 994번지,서울특별시 동대문구 고미술로 57 (답십리동),2604.0,2011-09-26,,사용중,"답십리 한화아파트 지하주차장 지하 1,2층",공공용시설,지하,6235.0,6235,37.0,34.0,1.19,127.0,3.0,14.15,37.56692747979056,127.0538765576291,960602.234845,1952044.991553,I,2026-05-08 22:44:46,2026-02-20 10:44:58
3050000,3050000-S200400023,서울특별시 동대문구 전농동 6번지,"서울특별시 동대문구 사가정로 190 (전농동, 전농우성아파트)",2533.0,2004-10-11,,사용중,전농 우성아파트 지하주차장 지하 1층,공공용시설,지하,11413.0,11413,37.0,34.0,37.58,127.0,3.0,56.64,37.57833265123647,127.0660469402057,961682.867085,1953305.30364,I,2026-05-08 22:44:43,2026-02-04 14:18:55
3050000,3050000-S200400359,서울특별시 동대문구 청량리동 60번지,"서울특별시 동대문구 제기로 131 (청량리동, 한신아파트)",2463.0,2004-08-12,,사용중,"청량리 한신아파트 지하주차장 지하1,2,3층",공공용시설,지하,16753.0,16753,37.0,35.0,15.61,127.0,2.0,54.13,37.58727002678904,127.04826367370316,960117.40238,1954304.263135,I,2026-05-08 22:44:44,2026-02-04 11:45:43
3050000,3050000-S201000002,서울특별시 동대문구 용두동 792번지,"서울특별시 동대문구 정릉천동로 36 (용두동, 래미안허브리츠)",2567.0,2010-12-03,,사용중,"용두 래미안허브리츠아파트 지하주차장 지하 1,2층",공공용시설,지하,22368.0,22368,37.0,34.0,28.75,127.0,2.0,9.55,37.57545776433537,127.03516853749576,958954.776747,1952999.391062,I,2026-05-08 22:44:44,2026-04-16 10:12:48
3050000,3050000-S200400365,서울특별시 동대문구 장안동 472번지 3호,"서울특별시 동대문구 천호대로 지하 405 (장안동, 장한평역)",2633.0,2004-11-29,,사용중,"5호선 장한평역 지하 1층, 2층",공공용시설,지하,2532.0,2532,37.0,33.0,41.39,127.0,3.0,51.88,37.56165369730585,127.06397180823386,961491.049976,1951455.708922,I,2026-05-08 22:44:45,2026-02-20 10:41:59
3050000,3050000-S200400340,서울특별시 동대문구 장안동 555번지 1호,"서울특별시 동대문구 사가정로 245-3 (장안동, 한신아파트)",2515.0,2004-06-15,,사용중,"장안 한신아파트 지하주차장 지하1,2층",공공용시설,지하,6258.0,6258,37.0,34.0,46.67,127.0,4.0,19.6,37.57946438501736,127.0722958188038,962235.204075,1953428.333507,I,2026-05-08 22:44:45,2026-03-30 21:18:05
3050000,3050000-S202200007,서울특별시 동대문구 용두동 794 용두롯데캐슬리치,"서울특별시 동대문구 한빛로 73(용두동, 용두롯데캐슬리치)",2577.0,2022-12-01,,사용중,"용두동롯데캐슬리치지하주차장 지하1,2층",공공용시설,지하,13258.0,13258,37.0,34.0,43.49,127.0,1.0,51.24,37.57865726205719,127.03082883483869,958573.345765,1953356.264215,I,2026-05-08 22:44:48,2026-02-04 09:32:51
3050000,3050000-S200400301,서울특별시 동대문구 신설동 76번지 5호,"서울특별시 동대문구 왕산로 지하 1 (신설동, 신설동역)",2582.0,2004-10-11,,사용중,"1호선 신설동역 지하 1층, 2층",공공용시설,지하,6248.0,6248,37.0,34.0,33.92,127.0,1.0,28.18,37.575897207000594,127.02369520887493,957941.908083,1953053.21917,I,2026-05-08 22:44:44,2026-02-04 09:36:37
3050000,3050000-S200000002,서울특별시 동대문구 용두동 39번지 9호,서울특별시 동대문구 천호대로 145 (용두동),2565.0,2000-09-05,,사용중,"동대문구청 지하주차장 1층,2층",공공용시설,지하,12021.0,12021,37.0,34.0,27.93,127.0,2.0,23.45,37.574369404300775,127.03970793830436,959355.022448,1952876.669575,I,2026-05-08 22:44:43,2026-04-16 10:12:29
3050000,3050000-S201900001,서울특별시 동대문구 제기동 1082번지,"서울특별시 동대문구 약령중앙로 26 (제기동, 서울한방진흥센터)",2570.0,2019-07-17,,사용중,"제기서울한방진흥센터공영 지하주차장 1,2,3층",공공용시설,지하,6800.0,6800,37.0,34.0,49.57,127.0,2.0,14.5,37.580611633088594,127.03720984153368,959137.844194,1953570.297472,I,2026-05-08 22:44:47,2026-02-04 09:35:49
3050000,3050000-S200900011,서울특별시 동대문구 이문동 311번지,"서울특별시 동대문구 이문로12길 3-10 (이문동, 래미안이문2차아파트)",2442.0,2009-11-06,,사용중,"이문 래미안2차아파트 지하주차장 지하1,2층",공공용시설,지하,16262.0,16262,37.0,35.0,36.94,127.0,3.0,34.98,37.593759952255255,127.05910126520398,961077.609394,1955019.742746,I,2026-05-08 22:44:46,2026-04-08 10:25:16
3050000,3050000-S200400006,서울특별시 동대문구 휘경동 109번지,"서울특별시 동대문구 외대역동로1길 24 (휘경동, 휘경동롯데낙천대아파트)",2437.0,2009-10-14,,사용중,"휘경롯데낙천대아파트 지하주차장 지하1,2층",공공용시설,지하,11520.0,11520,37.0,35.0,32.27,127.0,3.0,55.99,37.59220825604515,127.06502488653396,961599.749972,1954845.150989,I,2026-05-08 22:44:47,2026-02-04 10:18:37
3050000,3050000-S201100010,서울특별시 동대문구 제기동 1212번지,서울특별시 동대문구 고산자로 534 (제기동),2467.0,2011-09-15,,사용중,"제기동한신휴플러스 지하주차장 지하1,2층",공공용시설,지하,10410.0,10410,37.0,35.0,20.38,127.0,2.0,19.87,37.587533527969015,127.03845732465076,959251.764787,1954337.706304,I,2026-05-08 22:44:46,2026-02-04 09:34:52
3050000,3050000-S200000008,서울특별시 동대문구 휘경동 106번지,"서울특별시 동대문구 망우로 105 (휘경동, 휘경미소지움아파트)",2436.0,2000-01-01,,사용중,"휘경미소지움아파트 지하주차장 지하 1,2층",공공용시설,지하,5298.0,5298,37.0,35.0,29.86,127.0,3.0,52.59,37.5910487923103,127.06484442199223,961583.222214,1954716.58786,I,2026-05-08 22:44:43,2026-02-04 11:56:56
3050000,3050000-S200400344,서울특별시 동대문구 장안동 354번지 2호,"서울특별시 동대문구 장한로14길 81 (장안동, 래미안장안아파트)",2641.0,2004-08-12,,사용중,"장안삼성래미안아파트 지하주차장 1,2층",공공용시설,지하,25216.0,25216,37.0,33.0,59.42,127.0,4.0,21.51,37.56507221631596,127.07240393360571,962237.483997,1951831.553726,I,2026-05-08 22:44:44,2026-02-04 12:02:54
3050000,3050000-S200400337,서울특별시 동대문구 이문동 64번지,"서울특별시 동대문구 한천로58길 47 (이문동, 쌍용아파트)",2423.0,2004-08-13,,사용중,"이문쌍용아파트 지하주차장 1, 2, 3층",공공용시설,지하,15843.0,15843,37.0,35.0,59.07,127.0,4.0,8.19,37.59920067762933,127.06905114957092,961958.756108,1955619.288412,I,2026-05-08 22:44:44,2026-02-04 09:41:36
3050000,3050000-S201100002,서울특별시 동대문구 전농동 591번지 53호,"서울특별시 동대문구 왕산로 214 (전농동, 청량리역,롯데백화점)",2555.0,2011-09-23,,사용중,"롯데백화점 청량리역사점 지하1층, 2층",공공용시설,지하,32982.0,32982,37.0,34.0,49.71,127.0,2.0,52.78,37.58049780410504,127.04746031938102,960042.856414,1953553.259505,I,2026-05-08 22:44:46,2026-02-20 10:44:41
3050000,3050000-S200400205,서울특별시 동대문구 답십리동 10번지,"서울특별시 동대문구 한천로11길 10-1 (답십리동, 동아아파트)",2612.0,2004-10-11,,사용중,"답십리 동아아파트 지하주차장 지하 1,2층",공공용시설,지하,24800.0,24800,37.0,34.0,9.78,127.0,3.0,41.92,37.56820213173554,127.06136039205134,961263.805864,1952183.296264,I,2026-05-08 22:44:43,2026-02-04 13:20:36
3050000,3050000-S200400332,서울특별시 동대문구 이문동 225번지,"서울특별시 동대문구 한천로63길 10 (이문동, 이문e편한세상아파트)",2407.0,2004-08-13,,사용중,"이문e편한세상아파트 지하주차장 지하1,2층",공공용시설,지하,15724.0,15724,37.0,36.0,15.41,127.0,3.0,54.76,37.604364808001485,127.06653426985169,961739.226762,1956193.247389,I,2026-05-08 22:44:44,2026-04-08 10:22:36
3050000,3050000-S202200004,서울특별시 동대문구 휘경동 372 휘경에스케이뷰,"서울특별시 동대문구 휘경로 60(휘경동, 휘경에스케이뷰)",2434.0,2022-07-05,,사용중,"휘경SK뷰아파트지하주차장(지하1,2,3층)",공공용시설,지하,43538.0,43538,37.0,35.0,38.46,127.0,3.0,58.67,37.59411470379455,127.066304092724,961713.657476,1955056.139998,I,2026-05-08 22:44:48,2026-02-04 10:29:08
3050000,3050000-S200600011,서울특별시 동대문구 제기동 153번지,서울특별시 동대문구 약령시로 25 (제기동),2477.0,2006-11-08,,사용중,"제기벽산아파트 지하주차장 지하1,2층 정문,102동앞",공공용시설,지하,14083.0,14083,37.0,34.0,58.95,127.0,1.0,56.68,37.5828501571058,127.03284672379849,958753.834592,1953820.557566,I,2026-05-08 22:44:45,2026-02-20 10:42:17
3050000,3050000-S200400011,서울특별시 동대문구 전농동 10번지,"서울특별시 동대문구 사가정로 148 (전농동, 전농SK아파트)",2532.0,2004-10-11,,사용중,"전농SK아파트 지하주차장 지하 1,2층",공공용시설,지하,34704.0,34704,37.0,34.0,36.86,127.0,3.0,36.3,37.57778786491456,127.06123660535329,961257.840332,1953246.835117,I,2026-05-08 22:44:43,2026-02-04 14:14:21
3050000,3050000-S201100005,서울특별시 동대문구 휘경동 78번지,"서울특별시 동대문구 망우로 95 (휘경동, 휘경동롯데아파트)",2436.0,2011-09-26,,사용중,"휘경 롯데아파트 지하주차장 지하 1,2층",공공용시설,지하,8022.0,8022,37.0,35.0,27.75,127.0,3.0,47.25,37.59072548912456,127.06366310207756,961478.76476,1954681.202778,I,2026-05-08 22:44:47,2026-02-20 10:45:18
3050000,3050000-S202200008,서울특별시 동대문구 장안동 371-1 장안삼성쉐르빌,"서울특별시 동대문구 장한로 119(장안동, 장안삼성쉐르빌)",2624.0,2022-12-01,,사용중,"장안삼성쉐르빌지하주차장 지하1,2,3,4,5층",공공용시설,지하,21514.0,21514,37.0,34.0,17.22,127.0,4.0,12.77,37.57122283977722,127.07070963796396,962090.971376,1952514.615161,I,2026-05-08 22:44:47,2026-02-04 11:32:37
3050000,3050000-S200400176,서울특별시 동대문구 답십리동 494번지 2호,"서울특별시 동대문구 천호대로 295 (답십리동, 우창프라자아파트)",2604.0,2004-10-11,,사용중,"5호선  답십리역 지하 1층, 2층",공공용시설,지하,5890.0,5890,37.0,33.0,59.41,127.0,3.0,12.88,37.56642292539606,127.05373612175886,960589.566872,1951989.072768,I,2026-05-08 22:44:43,2026-04-08 10:14:35
3050000,3050000-S200900019,서울특별시 동대문구 답십리동 80번지 2호,"서울특별시 동대문구 전농로10길 80 (답십리동, 청솔2차우성아파트)",2536.0,2009-10-27,,사용중,"답십리 청솔2차우성아파트 지하주차장 지하 1,2층",공공용시설,지하,1021.0,1021,37.0,34.0,31.84,127.0,3.0,43.12,37.57583084095664,127.06196389393126,961321.046875,1953029.413572,I,2026-05-08 22:44:47,2026-02-20 10:44:06
3050000,3050000-S201100008,서울특별시 동대문구 전농동 688번지,"서울특별시 동대문구 전농로16길 51 (전농동, 래미안아름숲)",2508.0,2011-09-26,,사용중,"전농 래미안 아름숲아파트 지하주차장 지하 1,2층",공공용시설,지하,18685.0,18685,37.0,34.0,48.57,127.0,3.0,40.47,37.57838147393173,127.06035928802416,961180.682298,1953313.055185,I,2026-05-08 22:44:45,2026-02-04 14:25:23
3050000,3050000-S200400338,서울특별시 동대문구 이문동 54번지,"서울특별시 동대문구 한천로58길 107 (이문동, 현대아파트)",2422.0,2004-08-13,,사용중,"이문현대아파트 지하주차장 지하 1,2,3층",공공용시설,지하,18760.0,18760,37.0,36.0,4.61,127.0,4.0,11.21,37.601339712329874,127.07080257949292,962114.445909,1955855.89626,I,2026-05-08 22:44:44,2026-04-08 10:22:59
3060000,3060000-S201100022,서울특별시 중랑구 신내동 665번지,"서울특별시 중랑구 봉화산로 190 (신내동, 신내2동 관상복합청사)",2076.0,2011-07-20,,사용중,중랑구청 제2청사(지하주차장 2~4층),공공용시설,지하,3120.0,3120,37.0,36.0,22.62,127.0,5.0,38.83,37.60637359680832,127.09407998066791,964171.581782,1956405.245201,I,2026-02-11 22:58:35,2026-02-10 09:30:48
3060000,3060000-S199700022,서울특별시 중랑구 신내동 618번지,"서울특별시 중랑구 신내로 110 (신내동, 동성아파트)",2054.0,1997-01-01,,사용중,동성3차아파트(모든 동의 지하주차장 1층),공공용시설,지하,24046.0,24046,37.0,36.0,31.7,127.0,5.0,46.77,37.60872962169344,127.09573965671277,964319.198749,1956666.003237,I,2026-03-04 23:00:53,2026-03-03 14:37:19
3060000,3060000-S201100001,서울특별시 중랑구 신내동 643번지 1호,"서울특별시 중랑구 신내로 지하 232 (신내동, 봉화산역)",2052.0,2011-04-15,,사용중,봉화산역(지하 1층),공공용시설,지하,9799.0,9799,37.0,37.0,3.31,127.0,5.0,27.07,37.61762389602264,127.09092334548768,963898.399977,1957654.624313,I,2026-03-04 23:00:53,2026-03-03 15:12:42
3060000,3060000-S200700015,서울특별시 중랑구 면목동 570번지,"서울특별시 중랑구 사가정로49길 56 (면목동, 까치어린이공원)",2221.0,2007-11-06,,사용중,까치공영주차장(지하 1층),공공용시설,지하,2676.0,2676,37.0,35.0,1.01,127.0,5.0,13.45,37.58345590955316,127.08694879436035,963530.963992,1953865.383569,I,2026-01-28 22:58:35,2026-01-27 15:29:46
3060000,3060000-S195800001,서울특별시 중랑구 면목동 226번지 1호,"서울특별시 중랑구 면목로84길 8 (면목동, 뉴한두빌라)",2160.0,1997-02-19,,사용중,뉴한두빌라(지하주차장 1층),공공용시설,지하,388.0,388,37.0,35.0,30.71,127.0,5.0,13.97,37.59190776055425,127.08718275119256,963555.741667,1954802.983697,I,2026-03-04 23:00:53,2026-03-03 14:13:29
3060000,3060000-S199300003,서울특별시 중랑구 면목동 174번지 1호,"서울특별시 중랑구 겸재로 92 (면목동, 동서그랜드맨션)",2230.0,1993-01-01,,사용중,동서그랜드맨션(지하주차장 1층),공공용시설,지하,701.0,701,37.0,35.0,9.6,127.0,4.0,40.51,37.58606671040311,127.07801556279776,962743.530421,1954158.544505,I,2026-02-11 22:58:35,2026-02-10 11:58:04
3060000,3060000-S199000002,서울특별시 중랑구 면목동 1077번지 1호,"서울특별시 중랑구 사가정로71길 19 (면목동, 용마한신아파트)",2196.0,1990-01-01,,사용중,용마한신아파트1차 상가 (지하주차장 1층),공공용시설,지하,367.0,367,37.0,34.0,52.08,127.0,5.0,46.01,37.58082616712031,127.09498195015726,964238.97102,1953570.538712,I,2026-02-11 22:58:35,2026-02-10 12:18:09
3060000,3060000-S201600001,서울특별시 중랑구 망우동 583번지,"서울특별시 중랑구 망우로75길 19 (망우동, 중랑숲리가아파트)",2065.0,2016-08-30,,사용중,중랑숲리가아파트(지하주차장 1~2층),공공용시설,지하,22284.0,22284,37.0,36.0,6.31,127.0,6.0,17.81,37.60158652607423,127.10457663256058,965095.833053,1955870.188541,I,2026-03-04 23:00:53,2026-03-03 14:34:17
3060000,3060000-S199600009,서울특별시 중랑구 면목동 1316번지 5호,"서울특별시 중랑구 용마산로 지하 227 (면목동, 용마산역)",2254.0,1996-01-01,,사용중,용마산역(지하 1~3층),공공용시설,지하,9672.0,9672,37.0,34.0,26.36,127.0,5.0,13.22,37.57395975546973,127.08681736024828,963514.725924,1952811.885013,I,2026-03-04 23:00:53,2026-03-03 14:16:05
3060000,3060000-S199600008,서울특별시 중랑구 면목동 1513번지,"서울특별시 중랑구 용마산로 259 (면목동, 면목동삼호아파트)",2251.0,1996-01-01,,사용중,삼호아파트(지하주차장1~2층),공공용시설,지하,2080.0,2080,37.0,34.0,35.41,127.0,5.0,18.02,37.57634465416728,127.0888239256365,963693.070412,1953075.699833,I,2026-03-04 23:00:53,2026-03-03 14:15:55
3060000,3060000-S201100007,서울특별시 중랑구 신내동 317번지,"서울특별시 중랑구 용마산로 669 (신내동, 신내데시앙아파트)",2053.0,2011-06-21,,사용중,데시앙아파트(모든 동의 지하주차장 1층),공공용시설,지하,33912.0,33912,37.0,36.0,38.92,127.0,5.0,54.06,37.61088025886973,127.1008714475548,964773.15684,1956902.668593,I,2026-03-04 23:00:53,2026-03-03 14:44:21
3060000,3060000-S199600015,서울특별시 중랑구 묵동 189번지 5호,"서울특별시 중랑구 동일로 지하 901 (묵동, 먹골역)",2006.0,1996-01-01,,사용중,먹골역(지하 1~3층),공공용시설,지하,5423.0,5423,37.0,36.0,39.8,127.0,4.0,39.53,37.61085963058811,127.07764881098274,962723.521467,1956909.347375,I,2026-02-06 22:58:35,2026-02-05 08:58:02
3060000,3060000-S201100019,서울특별시 중랑구 면목동 1521번지,"서울특별시 중랑구 동일로 483 (면목동, 두원아파트)",2248.0,2011-07-03,,사용중,두원아파트(지하주차장 1~2층),공공용시설,지하,3243.0,3243,37.0,34.0,25.06,127.0,4.0,47.15,37.57344617948083,127.07980573818163,962895.320871,1952757.652229,I,2026-02-11 22:58:35,2026-02-10 11:55:56
3060000,3060000-S199600007,서울특별시 중랑구 면목동 495번지,"서울특별시 중랑구 사가정로 지하 393 (면목동, 사가정역)",2228.0,1996-01-01,,사용중,사가정역(지하 1~3층),공공용시설,지하,6102.0,6102,37.0,34.0,50.9,127.0,5.0,18.34,37.58080822641216,127.08836273315764,963654.516602,1953571.088565,I,2026-02-07 22:58:47,2026-02-06 09:56:17
3060000,3060000-S199700023,서울특별시 중랑구 신내동 662번지,"서울특별시 중랑구 봉화산로 179 (신내동, 중랑구청)",2043.0,1997-01-01,,사용중,중랑구청(지하주차장 1층),공공용시설,지하,4840.0,4840,37.0,36.0,23.88,127.0,5.0,33.61,37.60626176888181,127.09304847765068,964080.482284,1956393.232534,I,2026-03-04 23:00:53,2026-03-03 15:10:06
3060000,3060000-S199700013,서울특별시 중랑구 면목동 172번지 28호,"서울특별시 중랑구 동일로91가길 30 (면목동, 건영빌라트)",2232.0,1997-01-01,,사용중,건영빌라트(지하주차장 1층),공공용시설,지하,395.0,395,37.0,35.0,3.43,127.0,4.0,44.74,37.58431843179596,127.07900620362868,962830.123954,1953964.189242,I,2026-03-04 23:00:53,2026-03-03 14:18:35
3060000,3060000-S202200007,서울특별시 중랑구 망우동 0 신내역 힐데스하임 참좋은아파트,"서울특별시 중랑구 봉화산로 301(망우동, 신내역 힐데스하임 참좋은아파트)",2057.0,2022-07-04,,사용중,힐데스하임 참좋은아파트(지하1~2층),공공용시설,지하,11624.0,11624,37.0,36.0,34.81,127.0,6.0,19.71,37.60966935137691,127.10547617559232,965179.004437,1956766.606105,I,2026-03-04 23:00:53,2026-03-03 14:34:59
3060000,3060000-S201100015,서울특별시 중랑구 신내동 316번지,"서울특별시 중랑구 신내로 156 (신내동, 서울의료원)",2053.0,2011-06-21,,사용중,서울의료원(지하주차장 1~3층),공공용시설,지하,45542.0,45542,37.0,36.0,46.67,127.0,5.0,52.74,37.612873818290886,127.0967197079662,964407.675403,1957125.410925,I,2026-03-04 23:00:53,2026-03-03 14:47:06
3060000,3060000-S199600005,서울특별시 중랑구 면목동 100번지 31호,"서울특별시 중랑구 겸재로49길 18 (면목동, 신세대프라자)",2162.0,1996-05-12,,사용중,신세대프라자(지하주차장 2층),공공용시설,지하,803.0,803,37.0,35.0,23.44,127.0,5.0,25.65,37.5898856560204,127.09028945465148,963829.02969,1954577.440164,I,2026-03-04 23:00:53,2026-03-03 14:13:39
3060000,3060000-S199300001,서울특별시 중랑구 면목동 1520번지,"서울특별시 중랑구 중랑천로 14 (면목동, 일신강변아파트)",2133.0,1993-01-01,,사용중,일신강변아파트(지하주차장 1~2층),공공용시설,지하,2405.0,2405,37.0,35.0,12.97,127.0,4.0,28.59,37.58670960735745,127.07463339646723,962445.244838,1954231.217589,I,2026-03-04 23:00:53,2026-03-03 14:14:25
3060000,3060000-S201100024,서울특별시 중랑구 면목동 1515번지,"서울특별시 중랑구 용마산로 278 (면목동, 면목동성원아파트)",2258.0,2011-07-20,,사용중,성원아파트(지하주차장 1~2층),공공용시설,지하,6182.0,6182,37.0,34.0,39.18,127.0,5.0,26.67,37.57741900545653,127.09031418510612,963825.180953,1953194.318703,I,2026-03-04 23:00:53,2026-03-03 14:21:08
3060000,3060000-S201100041,서울특별시 중랑구 면목동 1516번지,"서울특별시 중랑구 동일로 501 (면목동, 면목삼익아파트)",2248.0,2011-08-11,,사용중,삼익아파트(지하주차장 1~2층),공공용시설,지하,9135.0,9135,37.0,34.0,32.03,127.0,4.0,46.11,37.57511262037879,127.07969762968706,962886.601489,1952942.577902,I,2026-02-11 22:58:35,2026-02-10 11:57:26
3060000,3060000-S198200003,서울특별시 중랑구 중화동 303번지 14호,"서울특별시 중랑구 동일로 775 (중화동, 그린빌딩)",2102.0,1982-01-01,2023-09-04,사용중지,그린프라자(지하1층),공공용시설,지하,450.0,450,37.0,35.0,58.87,127.0,4.0,46.14,37.59960548471479,127.07942275096246,962874.496233,1955660.048823,I,2025-12-15 16:14:09,2023-09-04 15:27:10
3060000,3060000-S199900004,서울특별시 중랑구 망우동 573번지,"서울특별시 중랑구 망우로 504-7 (망우동, 신원아파트)",2178.0,1999-01-01,,사용중,신원아파트(지하주차장 1~2층),공공용시설,지하,1653.0,1653,37.0,35.0,59.41,127.0,6.0,30.42,37.60013367339356,127.10816376846104,965411.79954,1955707.674143,I,2026-03-04 23:00:53,2026-03-03 15:15:11
3060000,3060000-S201100035,서울특별시 중랑구 묵동 386번지,"서울특별시 중랑구 공릉로2길 39 (묵동, 금호어울림아파트)",2036.0,2011-08-11,,사용중,금호어울림아파트(지하주차장 1층),공공용시설,지하,6331.0,6331,37.0,36.0,46.24,127.0,4.0,47.84,37.61220401138867,127.08014079883756,962944.130996,1957057.513826,I,2026-03-04 23:00:53,2026-03-03 14:31:11
3060000,3060000-S199100011,서울특별시 중랑구 중화동 207번지 9호,"서울특별시 중랑구 망우로 239 (중화동, 가나안교회)",2117.0,1991-01-01,,사용중,가나안교회(지하주차장1층),공공용시설,지하,775.0,775,37.0,35.0,42.84,127.0,4.0,43.86,37.595135013989584,127.07904928106524,962839.305634,1955164.219054,I,2026-02-06 22:58:35,2026-02-05 17:44:18
3060000,3060000-S202300003,서울특별시 중랑구 묵동 243-1,서울특별시 중랑구 중랑역로 181 (묵동),2008.0,2023-11-13,,사용중,묵2동문화체육복합센터(지하주차장),공공용시설,지하,722.48,722,37.0,36.0,34.37,127.0,4.0,33.14,37.60954793982,127.075873428692,962566.1690486856,1956764.5276042025,I,2026-03-04 23:00:53,2026-03-03 14:32:54
3060000,3060000-S200300011,서울특별시 중랑구 상봉동 81번지 5호,"서울특별시 중랑구 망우로 346 (상봉동, 한일써너스빌아파트)",2150.0,2003-01-01,,사용중,한일써너스빌(지하주차장 1~3층),공공용시설,지하,19590.0,19590,37.0,35.0,49.91,127.0,5.0,29.92,37.59752952493241,127.09075420769828,963873.755627,1955425.311378,I,2026-02-06 22:58:35,2026-02-05 13:03:32
3060000,3060000-S201100040,서울특별시 중랑구 면목동 715번지,"서울특별시 중랑구 동일로 476 (면목동, 늘푸른동아아파트)",2247.0,2011-08-11,,사용중,늘푸른동아아파트(지하주차장 1~2층),공공용시설,지하,16467.0,16467,37.0,34.0,25.52,127.0,4.0,49.62,37.5728251021806,127.08034547970354,962942.674478,1952688.533931,I,2026-03-04 23:00:53,2026-03-03 14:16:45
3060000,3060000-S201200002,서울특별시 중랑구 신내동 648번지,"서울특별시 중랑구 신내로 225 (신내동, 디아뜨갤러리)",2024.0,2012-07-02,,사용중,디아뜨갤러리(지하주차장 1~2층),공공용시설,지하,7172.0,7172,37.0,37.0,1.24,127.0,5.0,28.74,37.617100807626514,127.09143271932707,963943.100541,1957596.39418,I,2026-03-04 23:00:53,2026-03-03 15:14:01
3060000,3060000-S199200004,서울특별시 중랑구 면목동 494 용마금호타운,"서울특별시 중랑구 용마산로 348 (면목동, 용마금호타운)",2194.0,1992-01-01,,사용중,용마금호타운(지하주차장 1층),공공용시설,지하,5435.0,5435,37.0,34.0,58.47,127.0,5.0,40.58,37.582940035729024,127.09370682539586,964127.397812,1953805.547823,I,2026-02-11 22:58:35,2026-02-10 12:18:32
3060000,3060000-S200900004,서울특별시 중랑구 묵동 392번지,"서울특별시 중랑구 중랑천로 316 (묵동, 묵동월드메르디앙아파트)",2004.0,2009-11-05,,사용중,월드메르디앙아파트(지하주차장 1층),공공용시설,지하,5808.0,5808,37.0,36.0,46.5,127.0,4.0,23.53,37.61306813651071,127.07311395727582,962324.390113,1957156.181569,I,2026-03-04 23:00:53,2026-03-03 14:32:43
3060000,3060000-S202200008,서울특별시 중랑구 망우동 620 중랑숲 시티프라디움,"서울특별시 중랑구 양원역로10길 47(망우동, 중랑숲 시티프라디움)",2057.0,2022-07-04,,사용중,엘스타시온(중랑숲 시티프라디움) 아파트(지하 1~2층),공공용시설,지하,11744.0,11744,37.0,36.0,25.96,127.0,6.0,30.58,37.607210417002136,127.1084952295904,965444.332076,1956492.683285,I,2026-02-06 22:58:35,2026-02-05 16:17:39
3060000,3060000-S200700008,서울특별시 중랑구 상봉동 499번지,"서울특별시 중랑구 상봉중앙로8길 76 (상봉동, 건영캐스빌)",2080.0,2007-08-28,,사용중,건영캐스빌아파트(지하주차장 1~2층),공공용시설,지하,11015.0,11015,37.0,36.0,11.13,127.0,5.0,28.58,37.603158592352855,127.09105758625124,963903.256288,1956049.713069,I,2026-02-06 22:58:35,2026-02-05 12:59:29
3060000,3060000-S201100023,서울특별시 중랑구 신내동 651번지,"서울특별시 중랑구 신내로21길 55 (신내동, 금성초등학교)",2028.0,2011-07-20,2023-10-17,사용중지,금성초등학교(지하주차장 1층),공공용시설,지하,881.0,881,37.0,36.0,55.44,127.0,5.0,23.0,37.61538487907112,127.08922025449132,963747.01203,1957406.871687,I,2025-12-15 16:14:09,2023-10-18 14:51:51
3060000,3060000-S201100002,서울특별시 중랑구 망우동 577번지,"서울특별시 중랑구 용마산로112가길 34 (망우동, 예성그린캐슬아파트)",2180.0,2011-04-15,,사용중,예성그린캐슬아파트(지하주차장 1층),공공용시설,지하,4085.0,4085,37.0,35.0,49.71,127.0,6.0,6.76,37.59734909850699,127.1023359548959,964896.055935,1955400.901527,I,2026-02-06 22:58:35,2026-02-05 15:10:55
3060000,3060000-S200100003,서울특별시 중랑구 중화동 452번지,"서울특별시 중랑구 중랑역로 72 (중화동, 동구햇살아파트)",2102.0,2001-01-01,,사용중,동구햇살아파트(지하주차장1층),공공용시설,지하,2202.0,2202,37.0,35.0,58.76,127.0,4.0,42.66,37.599650038835456,127.07828996873992,962774.524182,1955665.440349,I,2026-02-06 22:58:35,2026-02-05 17:45:41
3060000,3060000-S201100037,서울특별시 중랑구 묵동 22번지 1호,"서울특별시 중랑구 신내로15길 189 (묵동, 중랑구민체육센터)",2041.0,2011-08-11,,사용중,구민체육센터(지하주차장 1층),공공용시설,지하,2279.0,2279,37.0,36.0,54.51,127.0,5.0,15.03,37.6152522805389,127.08758189707876,963602.355031,1957392.794469,I,2026-03-04 23:00:53,2026-03-03 14:31:35
3060000,3060000-S201100028,서울특별시 중랑구 중화동 314번지 1호,"서울특별시 중랑구 동일로129길 35 (중화동, 태능에셈빌)",2104.0,2011-07-20,,사용중,태능에셈빌아파트(지하주차장1-3층),공공용시설,지하,8633.0,8633,37.0,35.0,57.04,127.0,4.0,39.28,37.59929631069273,127.07763076030392,962716.157297,1955626.457405,I,2026-02-06 22:58:35,2026-02-05 17:46:03
3060000,3060000-S200900003,서울특별시 중랑구 묵동 388번지,"서울특별시 중랑구 동일로169길 41 (묵동, 동구햇살아파트)",2004.0,2009-11-05,,사용중,동구햇살아파트(지하주차장 1층),공공용시설,지하,6101.0,6101,37.0,36.0,47.56,127.0,4.0,26.65,37.613565810669584,127.0744397172752,962441.648349,1957210.865059,I,2026-03-04 23:00:53,2026-03-03 14:32:31
3060000,3060000-S202600002,서울특별시 중랑구 중화동 331-1 리버센 SK VIEW 롯데캐슬,"서울특별시 중랑구 중랑천로 200 (중화동, 리버센 SK VIEW 롯데캐슬)",2016.0,2026-04-08,,사용중,리버센SK뷰롯데캐슬아파트(지하주차장 1~2층),공공용시설,지하,40946.0,40946,37.0,36.0,10.07,127.0,4.0,28.16,37.6027971270902,127.074489951735,962440.667091,1956016.10831,I,2026-04-09 22:58:43,2026-04-08 09:37:34
3060000,3060000-S202600001,서울특별시 중랑구 중화동 311-6 중화2동 복합청사,"서울특별시 중랑구 봉화산로 27, 중화2동 복합청사 (중화동)",2016.0,2026-01-26,,사용중,중화제2동 주민센터(지하1층),공공용시설,지하,546.1,546,37.0,36.0,6.89,127.0,4.0,37.95,37.6019125060966,127.077209290786,962680.2595611666,1955916.8794500332,U,2026-03-31 03:03:03,2026-03-30 11:19:10
3060000,3060000-S201100006,서울특별시 중랑구 망우동 440번지,서울특별시 중랑구 용마산로100길 13-0 (망우동),2184.0,2011-05-16,,사용중,면일초등학교(지하주차장 1층),공공용시설,지하,4205.0,4205,37.0,35.0,29.54,127.0,5.0,55.86,37.5915399711731,127.098851366025,964585.6983607336,1954757.715449167,I,2026-02-06 22:58:35,2026-02-05 16:36:57
3060000,3060000-S201500002,서울특별시 중랑구 망우동 340번지 17호,"서울특별시 중랑구 망우로67길 10 (망우동, 망우본동복합청사)",2059.0,2015-09-02,,사용중,망우본동 복합청사(지하1~2층),공공용시설,지하,1824.0,1824,37.0,36.0,2.14,127.0,6.0,5.07,37.60060836249171,127.10132368559486,964808.232276,1955762.880097,I,2026-03-04 23:00:53,2026-03-03 15:15:37
3060000,3060000-S201200005,서울특별시 중랑구 중화동 119번지,"서울특별시 중랑구 봉화산로 82 (중화동, 서울중흥초등학교)",2089.0,2012-11-01,,사용중,중흥초등학교(지하 1층),공공용시설,지하,380.0,380,37.0,36.0,4.81,127.0,5.0,2.44,37.60161198727461,127.08383815035155,963265.243975,1955880.924343,I,2026-03-04 23:00:53,2026-03-03 14:24:21
3060000,3060000-S199600019,서울특별시 중랑구 신내동 786번지,"서울특별시 중랑구 봉화산로 221 (신내동, 동성타워프라자)",2054.0,1996-01-01,,사용중,동성타워아파트(지하주차장 1~4층),공공용시설,지하,5197.0,5197,37.0,36.0,28.99,127.0,5.0,50.23,37.607892157239306,127.09732007126752,964458.291287,1956572.490956,I,2026-03-04 23:00:53,2026-03-03 14:36:10
3060000,3060000-S201000002,서울특별시 중랑구 면목동 1514번지,"서울특별시 중랑구 망우로26길 43 (면목동, 풍림아파트)",2118.0,2010-11-02,,사용중,풍림아파트(지하주차장 1~3층),공공용시설,지하,3310.0,3310,37.0,35.0,28.4,127.0,4.0,19.84,37.59068129942945,127.07213155233175,962226.368282,1954672.860618,I,2026-02-06 22:58:35,2026-02-05 11:08:12
3060000,3060000-S199600014,서울특별시 중랑구 중화동 50번지 3호,"서울특별시 중랑구 동일로 지하 797 (중화동, 중화역)",2017.0,1996-01-01,,사용중,중화역(지하 1~3층),공공용시설,지하,8929.0,8929,37.0,36.0,5.69,127.0,4.0,46.09,37.6015797312192,127.079469218598,962879.5789944334,1955879.063833267,I,2026-03-04 23:00:53,2026-03-03 14:22:56
3060000,3060000-S201100004,서울특별시 중랑구 망우동 479번지,"서울특별시 중랑구 용마산로115길 127 (망우동, 한일써너스빌리젠시1단지)",2163.0,2011-04-15,,사용중,한일써너스빌리젠시1단지아파트(지하주차장 1~5층),공공용시설,지하,5575.0,5575,37.0,35.0,49.97,127.0,5.0,35.93,37.59750511634844,127.09342093323056,964109.150592,1955421.580825,I,2026-02-06 22:58:36,2026-02-05 16:16:24
3060000,3060000-S201100005,서울특별시 중랑구 망우동 495번지,"서울특별시 중랑구 용마산로115길 109 (망우동, 한일써너스빌리젠시2단지)",2163.0,2011-04-15,,사용중,한일써너스빌리젠시2단지아파트(지하주차장 1~5층),공공용시설,지하,6930.0,6930,37.0,35.0,50.97,127.0,5.0,38.91,37.59787097183981,127.09435080670828,964191.411049,1955461.815754,I,2026-03-04 23:00:53,2026-03-03 14:34:05
3060000,3060000-S201000009,서울특별시 중랑구 상봉동 497번지,"서울특별시 중랑구 상봉중앙로8길 104 (상봉동, 태영데시앙아파트)",2078.0,2010-12-20,,사용중,상봉태영데시앙아파트(지하주차장 1~2층),공공용시설,지하,17693.0,17693,37.0,36.0,13.11,127.0,5.0,32.96,37.60390146954645,127.09221528202816,964005.802772,1956131.68739,I,2026-02-11 22:58:35,2026-02-10 12:09:52
3060000,3060000-S202200006,서울특별시 중랑구 망우동 0 양원 금호어울림 포레스트,"서울특별시 중랑구 양원역로10길 75(망우동, 양원 금호어울림 포레스트)",2057.0,2022-07-04,,사용중,금호어울림 포레스트(지하1~2층),공공용시설,지하,12883.0,12883,37.0,36.0,26.3,127.0,6.0,36.55,37.60730623901043,127.11015349034372,965590.741067,1956502.705255,I,2026-03-04 23:00:53,2026-03-03 14:34:45
3060000,3060000-S199900003,서울특별시 중랑구 묵동 379번지,"서울특별시 중랑구 동일로 941 (묵동, 극동늘푸른아파트)",2002.0,1999-01-01,,사용중,극동아파트(지하주차장 1층~2층),공공용시설,지하,5318.0,5318,37.0,36.0,51.76,127.0,4.0,33.87,37.61433582755413,127.07650630395804,962624.423784,1957295.470202,I,2026-03-04 23:00:53,2026-03-03 14:32:19
3060000,3060000-S201300001,서울특별시 중랑구 면목동 1522번지,서울특별시 중랑구 면목로35길 63 (면목동),2240.0,2013-11-28,,사용중,면목두산아파트 4단지 (지하주차장 1~3층),공공용시설,지하,12842.0,12842,37.0,34.0,44.75,127.0,4.0,57.28,37.57929256008722,127.08275234798047,963158.39895,1953405.118464,I,2026-02-06 22:58:35,2026-02-05 14:16:38
3060000,3060000-S199800006,서울특별시 중랑구 면목동 1518번지 신우아파트,"서울특별시 중랑구 동일로 569-55 (면목동, 신우아파트)",2235.0,1998-01-01,,사용중,신우아파트101동 지하주차장(1층~3층),공공용시설,지하,5496.0,5496,37.0,34.0,48.78,127.0,4.0,45.43,37.58043684031138,127.07923931107251,962848.776445,1953533.453988,I,2026-03-04 23:00:53,2026-03-03 14:19:05
3060000,3060000-S201100010,서울특별시 중랑구 신내동 437번지,"서울특별시 중랑구 용마산로125길 50 (신내동, 벽산아파트)",2071.0,2011-06-21,,사용중,벽산아파트(모든 동의 지하주차장 1층),공공용시설,지하,13735.0,13735,37.0,36.0,12.54,127.0,6.0,0.6,37.60333094842139,127.10050277932106,964737.054434,1956065.246066,I,2026-03-04 23:00:53,2026-03-03 14:45:56
3060000,3060000-S199800009,서울특별시 중랑구 중화동 42번지,"서울특별시 중랑구 동일로140길 88 (중화동, 중화동건영아파트)",2047.0,1998-01-01,,사용중,중화건영아파트(지하주차장 1층),공공용시설,지하,1392.0,1392,37.0,36.0,20.44,127.0,5.0,0.66,37.60568382975628,127.08325975264562,963216.193394,1956332.902772,I,2026-03-04 23:00:53,2026-03-03 14:23:05
3060000,3060000-S201000005,서울특별시 중랑구 면목동 1531번지,"서울특별시 중랑구 겸재로30길 42 (면목동, 면목마젤란21아파트)",2217.0,2010-11-02,,사용중,면목마젤란21아파트(지하주차장 1층),공공용시설,지하,4091.0,4091,37.0,35.0,13.64,127.0,5.0,2.9,37.58663606310349,127.08417591312886,963287.702038,1954219.285813,I,2026-02-06 22:58:35,2026-02-05 17:32:13
3060000,3060000-S199800011,서울특별시 중랑구 중화동 306번지 49호,"서울특별시 중랑구 중랑역로 100 (중화동, 정상빌딩)",2017.0,1998-01-01,,사용중,정상빌딩(지하주차장1층),공공용시설,지하,400.0,400,37.0,36.0,8.9,127.0,4.0,40.13,37.60234841775668,127.0777418058703,962727.482376,1955965.030312,I,2026-03-04 23:00:53,2026-03-03 14:24:43
3060000,3060000-S201100021,서울특별시 중랑구 신내동 666번지,"서울특별시 중랑구 봉화산로 194 (신내동, 신아타운)",2076.0,2011-07-20,,사용중,신아타운(지하주차장 1~4층),공공용시설,지하,11252.0,11252,37.0,36.0,23.3,127.0,5.0,40.81,37.60654312618368,127.09462905570577,964220.127153,1956423.844313,I,2026-03-04 23:00:53,2026-03-03 15:13:47
3060000,3060000-S197900006,서울특별시 중랑구 망우동 530번지 3호,서울특별시 중랑구 봉우재로70길 96 (망우동),2175.0,1979-01-01,2023-11-16,사용중지,유영상가(지하주차장 1층),공공용시설,지하,1904.0,1904,37.0,35.0,29.34,127.0,5.0,48.8,37.59140169560756,127.09689918363708,964413.288744,1954743.112351,I,2025-12-15 16:14:09,2023-11-16 21:57:38
3060000,3060000-S199600020,서울특별시 중랑구 신내동 796번지,"서울특별시 중랑구 송림길 18 (신내동, 다우훼밀리아파트)",2086.0,1996-01-01,,사용중,다우훼밀리아파트(지하주차장 1층),공공용시설,지하,5421.0,5421,37.0,36.0,1.93,127.0,5.0,46.62,37.60045117211549,127.09594030827245,964332.956269,1955747.47173,I,2026-03-04 23:00:53,2026-03-03 14:36:24
3060000,3060000-S199800007,서울특별시 중랑구 면목동 1517번지,"서울특별시 중랑구 용마산로94길 91 (면목동, 진로아파트)",2190.0,1998-01-01,,사용중,면목진로아파트(지하주차장 1~2층),공공용시설,지하,1983.0,1983,37.0,35.0,16.14,127.0,6.0,6.03,37.587779760775454,127.10156012405224,964823.064902,1954339.520896,I,2026-02-11 22:58:35,2026-02-10 12:19:00
3060000,3060000-S201100016,서울특별시 중랑구 면목동 380번지,"서울특별시 중랑구 면목로23길 20 (면목동, 중곡초등학교)",2245.0,2011-06-21,,사용중,중곡초등학교(지하주차장 1층),공공용시설,지하,6560.0,6560,37.0,34.0,26.34,127.0,5.0,1.41,37.573548059170925,127.08322741411853,963197.518803,1952767.60953,I,2026-03-04 23:00:53,2026-03-03 14:16:28
3060000,3060000-S201200004,서울특별시 중랑구 신내동 660번지,"서울특별시 중랑구 신내로 115 (신내동, 신내10단지신내아파트)",2043.0,2012-11-01,,사용중,신내10단지아파트(1008동) 지하주차장1층,공공용시설,지하,2305.0,2305,37.0,36.0,36.68,127.0,5.0,43.6,37.60946710121716,127.09553756749392,964301.714375,1956747.900028,I,2026-03-04 23:00:53,2026-03-03 15:14:37
3060000,3060000-S200700006,서울특별시 중랑구 면목동 1511번지,"서울특별시 중랑구 면목로37길 57 (면목동, 두산아파트)",2237.0,2007-08-29,,사용중,면목두산아파트3차(지하주차장 1~2층),공공용시설,지하,7159.0,7159,37.0,34.0,46.65,127.0,4.0,59.07,37.58002532321761,127.08333392357288,963210.110964,1953486.18689,I,2026-02-06 22:58:35,2026-02-05 14:14:30
3060000,3060000-S199800004,서울특별시 중랑구 면목동 1519번지,"서울특별시 중랑구 중랑천로 43 (면목동, 신성아파트)",2118.0,1998-01-01,,사용중,신성은하수아파트(지하주차장 1~2층),공공용시설,지하,10233.0,10233,37.0,35.0,20.4,127.0,4.0,23.37,37.589084081052185,127.07320505211818,962320.335609,1954495.225821,I,2026-03-18 22:58:43,2026-03-17 16:16:46
3060000,3060000-S200700005,서울특별시 중랑구 면목동 1510번지,"서울특별시 중랑구 면목로37길 58 (면목동, 두산아파트)",2237.0,2007-08-29,,사용중,면목두산아파트2차(지하주차장 1~2층),공공용시설,지하,8791.0,8791,37.0,34.0,50.55,127.0,5.0,1.17,37.580161322375794,127.08337970725142,963214.220404,1953501.257376,I,2026-02-06 22:58:35,2026-02-05 14:22:48
3060000,3060000-S200500005,서울특별시 중랑구 면목동 1527번지,"서울특별시 중랑구 용마산로86길 9-27 (면목동, 면목동신성미소지움아파트)",2192.0,2005-11-18,,사용중,면목동신성미소지움아파트(지하주차장 1~2층),공공용시설,지하,4996.0,4996,37.0,35.0,14.54,127.0,5.0,46.51,37.58719773387502,127.09634561071678,964362.413364,1954276.913559,I,2026-02-11 22:58:35,2026-02-10 12:19:11
3060000,3060000-S199000007,서울특별시 중랑구 망우동 490번지 3호,"서울특별시 중랑구 망우로 390 (망우동, 동국빌딩)",2163.0,1990-10-30,,사용중,동국빌딩(지하주차장1~2층),공공용시설,지하,1261.0,1261,37.0,35.0,54.77,127.0,5.0,44.15,37.59864074202667,127.09561351901324,964303.244927,1955546.737322,I,2026-02-06 22:58:36,2026-02-05 15:07:53
3060000,3060000-S201100009,서울특별시 중랑구 신내동 804번지,"서울특별시 중랑구 봉화산로56길 112 (신내동, 신내동 경남아너스빌)",2069.0,2011-06-21,,사용중,경남아너스빌아파트(모든 동의 지하주차장 1층),공공용시설,지하,6439.0,6439,37.0,36.0,12.89,127.0,5.0,48.56,37.6038740681044,127.0971571394692,964441.997719,1956126.764368,I,2026-03-04 23:00:53,2026-03-03 14:44:47
3060000,3060000-S199500006,서울특별시 중랑구 망우동 563번지 16호,"서울특별시 중랑구 용마산로115길 108 (망우동, 이안빌딩)",2163.0,1995-01-01,,사용중,이안빌딩(지하주차장 1층),공공용시설,지하,1292.0,1292,37.0,35.0,53.08,127.0,5.0,38.99,37.59804622254203,127.09430443876118,964187.401909,1955481.276661,I,2026-02-06 22:58:35,2026-02-05 15:08:07
3060000,3060000-S201100029,서울특별시 중랑구 묵동 164번지 4호,"서울특별시 중랑구 숙선옹주로 6-9 (묵동, 묵동자이아파트1단지)",2033.0,2011-08-11,,사용중,묵동자이아파트 1단지(지하주차장 1~5층),공공용시설,지하,33005.0,33005,37.0,36.0,53.38,127.0,4.0,40.23,37.61510334314333,127.0778183628744,962740.603484,1957380.101073,I,2026-03-04 23:00:53,2026-03-03 14:30:31
3060000,3060000-S199700015,서울특별시 중랑구 상봉동 100번지 9호,"서울특별시 중랑구 망우로 297 (상봉동, 상봉역)",2098.0,1997-01-01,,사용중,상봉역(지하 1~3층),공공용시설,지하,6528.0,6528,37.0,35.0,43.79,127.0,5.0,8.84,37.59655014625831,127.08554905966903,963413.788676,1955318.669134,I,2026-02-06 22:58:35,2026-02-05 13:02:39
3060000,3060000-S199600010,서울특별시 중랑구 면목동 172번지 15호,"서울특별시 중랑구 동일로91가길 25 (면목동, 솔원그린타운)",2232.0,1996-01-01,,사용중,솔원그린타운(지하주차장 1층),공공용시설,지하,496.0,496,37.0,35.0,2.79,127.0,4.0,43.47,37.58408962536252,127.07884304901398,962815.605026,1953938.868883,I,2026-03-04 23:00:53,2026-03-03 14:18:12
3060000,3060000-S201000001,서울특별시 중랑구 면목동 180번지 5호,"서울특별시 중랑구 동일로 665 (면목동, 중목초등학교)",2130.0,2010-11-02,,사용중,중목초등학교(지하주차장 1층),공공용시설,지하,2131.0,2131,37.0,35.0,24.72,127.0,4.0,45.97,37.5898050046394,127.07932586475982,962861.073346,1954572.770928,I,2026-03-04 23:00:53,2026-03-03 14:14:39
3060000,3060000-S199900002,서울특별시 중랑구 묵동 378번지,"서울특별시 중랑구 중랑천로 332 (묵동, 묵동한국아파트)",2003.0,1999-01-01,,사용중,한국아파트(지하주차장 1층~3층),공공용시설,지하,11464.0,11464,37.0,36.0,52.29,127.0,4.0,24.32,37.61423826164336,127.073183353013,962331.105041,1957285.973927,I,2026-03-04 23:00:53,2026-03-03 14:32:07
3060000,3060000-S201100038,서울특별시 중랑구 묵동 387번지,"서울특별시 중랑구 공릉로18길 59 (묵동, 브라운스톤태릉아파트)",2020.0,2011-08-11,,사용중,브라운스톤아파트(지하주차장 1~2층),공공용시설,지하,23959.0,23959,37.0,37.0,6.55,127.0,4.0,57.87,37.618408805730056,127.08226770076617,963134.911044,1957745.070873,I,2026-03-04 23:00:53,2026-03-03 14:31:48
3060000,3060000-S199600016,서울특별시 중랑구 묵동 13번지,"서울특별시 중랑구 숙선옹주로 91 (묵동, 신내4단지신내아파트)",2029.0,1996-01-01,,사용중,신내4단지아파트(각 동 지하주차장 1층),공공용시설,지하,7210.0,7210,37.0,37.0,1.17,127.0,5.0,9.42,37.61634583020805,127.0858311686665,963448.380442,1957514.799233,I,2026-03-04 23:00:53,2026-03-03 14:30:20
3060000,3060000-S200700003,서울특별시 중랑구 면목동 1529번지,"서울특별시 중랑구 답십리로75길 73 (면목동, 경남아너스빌아파트)",2242.0,2007-09-13,,사용중,경남아너스빌아파트(지하주차장 1~2층),공공용시설,지하,11361.0,11361,37.0,34.0,35.13,127.0,4.0,49.78,37.57497537662408,127.08072775369688,962977.495627,1952926.945009,I,2026-03-04 23:00:53,2026-03-03 14:16:15
3060000,3060000-S199600027,서울특별시 중랑구 신내동 661번지,"서울특별시 중랑구 봉화산로 193 (신내동, 신내대명아파트)",2043.0,1996-01-01,,사용중,신내11단지아파트(지하주차장 1층),공공용시설,지하,1646.0,1646,37.0,36.0,27.42,127.0,5.0,37.67,37.60682908277596,127.09433941234326,964194.698884,1956455.680291,I,2026-03-04 23:00:53,2026-03-03 14:52:36
3060000,3060000-S202000002,서울특별시 중랑구 면목동 164-10 사가정센트럴아이파크,"서울특별시 중랑구 동일로92길 40 (면목동, 사가정센트럴아이파크)",2226.0,2020-12-16,,사용중,사가정 센트럴 아이파크(지하주차장 1~2층),공공용시설,지하,74418.0,74418,37.0,34.0,59.74,127.0,4.0,54.29,37.58328117389856,127.0812632337728,963028.886882,1953848.219984,I,2026-03-04 23:00:53,2026-03-03 14:19:52
3060000,3060000-S201100011,서울특별시 중랑구 신내동 803번지,"서울특별시 중랑구 봉화산로56길 140 (신내동, 대성유니드아파트)",2069.0,2011-06-21,,사용중,대성유니드아파트(지하주차장 1층),공공용시설,지하,3452.0,3452,37.0,36.0,9.67,127.0,5.0,46.59,37.602638892459225,127.0967160800848,964402.477697,1955989.894561,I,2026-03-04 23:00:53,2026-03-03 14:46:08
3060000,3060000-S201100036,서울특별시 중랑구 묵동 383번지,"서울특별시 중랑구 숙선옹주로9길 25 (묵동, 세방아파트)",2030.0,2011-08-11,,사용중,세방아파트(지하주차장 1층),공공용시설,지하,3659.0,3659,37.0,36.0,55.88,127.0,5.0,1.03,37.615816313554895,127.0835108693737,963243.34561,1957456.957737,I,2026-03-04 23:00:53,2026-03-03 14:31:23
3060000,3060000-S199800012,서울특별시 중랑구 묵동 167번지,"서울특별시 중랑구 공릉로13길 30 (묵동, 묵동신도아파트)",2018.0,1998-01-01,,사용중,신도아파트(지하주차장 1층),공공용시설,지하,7918.0,7918,37.0,37.0,0.58,127.0,4.0,38.07,37.61669762064263,127.0776073703935,962722.77829,1957557.062918,I,2026-02-05 22:58:35,2026-02-04 17:43:10
3060000,3060000-S199200005,서울특별시 중랑구 중화동 307번지 1호,"서울특별시 중랑구 동일로143길 19 (중화동, 제일프라자)",2014.0,1992-01-01,,사용중,제일프라자(지하주차장2층),공공용시설,지하,4899.0,4899,37.0,36.0,18.16,127.0,4.0,39.54,37.60510141089848,127.07756690652984,962713.418156,1956270.531605,I,2026-02-06 22:58:35,2026-02-05 17:45:24
3060000,3060000-S202000001,서울특별시 중랑구 면목동 1537 용마산 하늘채,"서울특별시 중랑구 용마산로 210 (면목동, 용마산 하늘채)",2256.0,2020-12-03,,사용중,용마산하늘채아파트(지하주차장 1~2층),공공용시설,지하,14282.83,14282,37.0,34.0,20.73,127.0,5.0,10.94,37.57242462995332,127.08637154196347,963474.608899,1952641.744077,I,2026-03-04 23:00:53,2026-03-03 14:16:56
3060000,3060000-S201000010,서울특별시 중랑구 상봉동 74번지,"서울특별시 중랑구 망우로55길 32 (상봉동, 한국프라우드)",2086.0,2010-12-20,,사용중,한국프라우드아파트(지하주차장 1층),공공용시설,지하,1629.0,1629,37.0,35.0,55.99,127.0,5.0,37.95,37.59892999550375,127.09383534839782,964146.41707,1955579.50604,I,2026-02-06 22:58:35,2026-02-05 13:01:38
3060000,3060000-S198900003,서울특별시 중랑구 상봉동 130번지 3호,"서울특별시 중랑구 망우로30길 3 (상봉동, 안산빌딩)",2120.0,1989-01-01,,사용중,메가박스 (구 : 뉴월드씨네마-지하주차장1층),공공용시설,지하,2277.0,2277,37.0,35.0,35.05,127.0,4.0,29.1,37.593068434496,127.074751175248,962458.8374290668,1954936.6513706,I,2026-02-06 22:58:35,2026-02-05 12:46:47
3060000,3060000-S201100027,서울특별시 중랑구 면목동 1528번지,"서울특별시 중랑구 용마산로 271 (면목동, 면목금호어울림아파트)",2251.0,2011-07-20,,사용중,면목금호어울림아파트(각 동 지하1층),공공용시설,지하,6233.0,6233,37.0,34.0,38.89,127.0,5.0,20.9,37.57727354876767,127.08972478376369,963773.066744,1953178.40814,I,2026-03-04 23:00:53,2026-03-03 14:21:58
3060000,3060000-S202200004,서울특별시 중랑구 신내동 640 신내글로리움,"서울특별시 중랑구 신내로 208(신내동, 신내글로리움)",2052.0,2022-07-04,,사용중,봉화산역 공영주차장(지하 1층),공공용시설,지하,23460.0,23460,37.0,37.0,1.2,127.0,5.0,35.22,37.61688029309556,127.0934463841442,964120.705394,1957571.157471,I,2026-03-04 23:00:53,2026-03-03 14:47:45
3060000,3060000-S202300002,서울특별시 중랑구 신내동 821-2 신내 SK V1 center,"서울특별시 중랑구 신내역로 111, 신내 SK V1 center (신내동)",2262.0,2023-08-08,,사용중,신내SK V1센터,공공용시설,지하,9443.76,9443,37.0,36.0,47.24,127.0,6.0,44.79,37.6131217353895,127.11244189973,965795.3886159938,1957147.071434659,I,2026-03-04 23:00:53,2026-03-03 14:47:56
3060000,3060000-S202400001,서울특별시 중랑구 묵동 396 이편한세상 화랑대,"서울특별시 중랑구 숙선옹주로 45 (묵동, 이편한세상 화랑대)",2030.0,2024-03-11,,사용중,이편한세상 화랑대아파트(지하주차장1~4층),공공용시설,지하,34020.0,34020,37.0,36.0,53.22,127.0,4.0,54.92,37.6147827110927,127.08192281339,963102.6826269577,1957342.9071361932,I,2026-02-05 22:58:35,2026-02-04 17:55:38
3060000,3060000-S201100039,서울특별시 중랑구 묵동 169번지 10호,"서울특별시 중랑구 동일로 946 (묵동, 묵동신도주상복합아파트)",2033.0,2011-08-11,,사용중,신도주상복합아파트(지하주차장 1층),공공용시설,지하,11100.0,11100,37.0,36.0,54.2,127.0,4.0,37.04,37.61488916808522,127.07678455639976,962649.257935,1957356.750138,I,2026-02-05 22:58:35,2026-02-04 17:55:05
3060000,3060000-S199600012,서울특별시 중랑구 상봉동 484번지,"서울특별시 중랑구 봉화산로 130 (상봉동, 신내13단지쌍용아파트)",2075.0,1996-01-01,,사용중,신내쌍용아파트(지하주차장 1층),공공용시설,지하,19964.0,19964,37.0,36.0,11.28,127.0,5.0,19.93,37.60327816607214,127.08854631054176,963681.646837,1956063.947592,I,2026-02-11 22:58:35,2026-02-10 12:08:50
3060000,3060000-S198400004,서울특별시 중랑구 망우동 220번지,"서울특별시 중랑구 망우로73길 56 (망우동, 이화여대병설미디어고등학교,영란여중학교)",2061.0,1984-01-01,2023-05-02,사용중지,이대병설미디어고(지상 1~2층),공공용시설,지상,961.0,961,37.0,36.0,12.25,127.0,6.0,17.47,37.603033335372594,127.1034567172336,964997.655183,1956031.122048,I,2025-12-15 16:14:09,2023-05-02 17:57:59
3060000,3060000-S202200002,서울특별시 중랑구 면목동 1548 쌍용 더 플래티넘 용마산,"서울특별시 중랑구 용마산로 209(면목동, 쌍용 더 플래티넘 용마산)",2255.0,2022-07-04,,사용중,쌍용더플래티넘(지하주차장 1~3층),공공용시설,지하,12230.0,12230,37.0,34.0,20.37,127.0,5.0,9.38,37.57232610233868,127.08593880738408,963436.348003,1952630.981258,I,2026-02-11 22:58:35,2026-02-10 11:57:50
3060000,3060000-S199700014,서울특별시 중랑구 상봉동 204번지 1호,"서울특별시 중랑구 상봉중앙로1길 6 (상봉동, 상봉1동 주민센터)",2091.0,1997-01-01,,사용중,상봉1동주민센터(지하 1층),공공용시설,지하,271.0,271,37.0,35.0,59.4,127.0,5.0,13.78,37.5998051998,127.0872433510886,963564.942495,1955679.143089,I,2026-03-04 23:00:53,2026-03-03 15:16:49
3060000,3060000-S199600024,서울특별시 중랑구 신내동 656번지,서울특별시 중랑구 신내로 155 (신내동),2025.0,1996-01-01,,사용중,신내8단지두산화성아파트(지하주차장 1층),공공용시설,지하,14741.0,14741,37.0,36.0,50.25,127.0,5.0,43.97,37.612947482060285,127.09620508286348,964362.291075,1957133.778828,I,2026-03-04 23:00:53,2026-03-03 14:48:27
3060000,3060000-S199900005,서울특별시 중랑구 신내동 795번지,"서울특별시 중랑구 용마산로 616 (신내동, 새한아파트)",2058.0,1999-01-01,,사용중,새한아파트(모든 동의 지하주차장 1층),공공용시설,지하,15447.0,15447,37.0,36.0,19.07,127.0,6.0,4.11,37.60602879104589,127.10105490930368,964787.061971,1956364.351835,I,2026-03-04 23:00:53,2026-03-03 14:37:35
3060000,3060000-S201000003,서울특별시 중랑구 면목동 1526번지,"서울특별시 중랑구 겸재로48길 13 (면목동, 남청파인힐아파트)",2198.0,2010-11-02,2023-08-18,사용중지,남청파인힐아파트(지하주차장 1층 ),공공용시설,지하,1413.0,1413,37.0,35.0,17.62,127.0,5.0,25.58,37.5882417655588,127.09020148747372,963820.467821,1954395.09253,I,2025-12-15 16:14:09,2023-08-18 15:11:24
3060000,3060000-S200700002,서울특별시 중랑구 중화동 286번지 22호,"서울특별시 중랑구 동일로136길 10 (중화동, 청원다미소아파트)",2051.0,2007-06-13,,사용중,청원다미소아파트(지하주차장 1층),공공용시설,지하,1392.0,1392,37.0,36.0,7.43,127.0,4.0,48.47,37.602192864879136,127.08007507954068,962933.36304,1955946.848819,I,2026-03-04 23:00:53,2026-03-03 14:24:05
3060000,3060000-S201100034,서울특별시 중랑구 묵동 390번지,"서울특별시 중랑구 공릉로2나길 32-12 (묵동, 묵동sm해그린아파트)",2036.0,2011-08-11,,사용중,SM해그린아파트(지하주차장 1층),공공용시설,지하,2229.0,2229,37.0,36.0,47.83,127.0,4.0,49.38,37.6134277777068,127.0801801222114,962948.208786,1957193.269713,I,2026-03-04 23:00:53,2026-03-03 15:16:12
3060000,3060000-S200700007,서울특별시 중랑구 면목동 1530번지,"서울특별시 중랑구 용마산로86길 9-14 (면목동, 면목동2차미소지움아파트)",2192.0,2007-08-15,,사용중,면목동2차미소지움아파트(지하주차장 1층),공공용시설,지하,2797.0,2797,37.0,35.0,12.46,127.0,5.0,47.58,37.586998551662695,127.09638414303586,964365.720341,1954254.800671,I,2026-02-11 22:58:35,2026-02-10 12:19:26
3060000,3060000-S201800001,서울특별시 중랑구 면목동 192번지 1호,"서울특별시 중랑구 봉우재로6길 26 (면목동, 중랑초등학교)",2132.0,2018-08-07,,사용중,중랑초등학교 공영주차장 (지하 1층),공공용시설,지하,3861.0,3861,37.0,35.0,22.63,127.0,4.0,32.42,37.58884663876329,127.07648188144636,962609.513628,1954467.573268,I,2026-03-04 23:00:53,2026-03-03 14:15:05
3060000,3060000-S201100031,서울특별시 중랑구 묵동 171번지 4호,"서울특별시 중랑구 공릉로 32 (묵동, 공감대아파트)",2034.0,2011-08-11,,사용중,공감대아파트(지하주차장 1~2층),공공용시설,지하,9824.0,9824,37.0,36.0,49.11,127.0,4.0,41.85,37.61362637578573,127.07821873621604,962775.202112,1957216.079245,I,2026-03-04 23:00:53,2026-03-03 14:30:53
3060000,3060000-S200700017,서울특별시 중랑구 망우동 580번지,"서울특별시 중랑구 양원역로 18 (망우동, 금호어울림아파트)",2063.0,2007-08-29,,사용중,금호어울림아파트1차(지하주차장 1~2층),공공용시설,지하,21994.0,21994,37.0,36.0,6.17,127.0,6.0,32.49,37.60210784221113,127.10818172035754,965414.298113,1955926.692117,I,2026-03-04 23:00:53,2026-03-03 14:33:42
3060000,3060000-S199600025,서울특별시 중랑구 신내동 657번지,"서울특별시 중랑구 신내로 127 (신내동, 신내9단지신내아파트)",2026.0,1996-01-01,,사용중,신내9단지아파트(지하주차장 1층),공공용시설,지하,9070.0,9070,37.0,36.0,41.1,127.0,5.0,41.46,37.61087464870415,127.0955979877548,964307.719827,1956904.038016,I,2026-03-04 23:00:53,2026-03-03 14:50:56
3060000,3060000-S201100032,서울특별시 중랑구 묵동 174번지 10호,"서울특별시 중랑구 공릉로4길 4 (묵동, 묵동해오름아파트)",2034.0,2011-08-11,,사용중,해오름아파트(지하주차장 1층),공공용시설,지하,955.0,955,37.0,36.0,46.78,127.0,4.0,41.59,37.61319246037302,127.07827863544924,962780.272346,1957167.914509,I,2026-03-04 23:00:53,2026-03-03 15:16:01
3060000,3060000-S198700004,서울특별시 중랑구 망우동 239번지 1호,"서울특별시 중랑구 양원역로 50 (망우동, 송곡고등학교)",2062.0,1987-01-01,2025-05-09,사용중지,송곡고등학교(지하 1층),공공용시설,지하,1504.0,1504,37.0,36.0,20.58,127.0,6.0,24.66,37.60484254201291,127.10676461047076,965290.480311,1956230.617019,I,2025-12-15 16:14:09,2025-05-09 21:20:28
3060000,3060000-S201100003,서울특별시 중랑구 망우동 579번지,"서울특별시 중랑구 망우로76길 51 (망우동, 한울네 세창아파트)",2178.0,2011-04-15,,사용중,한울네세창아파트(지하주차장 1~2층),공공용시설,지하,2950.0,2950,37.0,35.0,54.51,127.0,6.0,22.75,37.59837586390345,127.10627078285488,965243.883391,1955513.352585,I,2026-03-04 23:00:53,2026-03-03 15:15:25
3060000,3060000-S201100012,서울특별시 중랑구 신내동 787번지,"서울특별시 중랑구 용마산로125길 92 (신내동, 석탑아파트)",2058.0,2011-06-21,,사용중,석탑아파트(모든 동의 지하주차장 1층),공공용시설,지하,5181.0,5181,37.0,36.0,13.88,127.0,6.0,3.59,37.60368867878424,127.10090546766192,964772.767894,1956104.783409,I,2026-03-04 23:00:53,2026-03-03 14:46:22
3060000,3060000-S200700013,서울특별시 중랑구 망우동 578번지,"서울특별시 중랑구 양원역로6가길 19 (망우동, 중랑해모로아파트)",2063.0,2007-08-29,,사용중,중랑해모로아파트(지하주차장 1~2층),공공용시설,지하,6658.0,6658,37.0,36.0,11.96,127.0,6.0,35.46,37.6025908207734,127.10990679033836,965566.792829,1955979.642291,I,2026-02-06 22:58:35,2026-02-05 15:10:17
3060000,3060000-S202200009,서울특별시 중랑구 망우동 574 금호아파트,"서울특별시 중랑구 망우로 504-10(망우동, 금호아파트)",2178.0,2022-11-08,,사용중,금호아파트(지하주차장 1~2층),공공용시설,지하,1759.0,1759,37.0,35.0,59.97,127.0,6.0,28.94,37.5999381922681,127.10802652555502,965399.594245,1955686.037012,I,2026-02-11 22:58:35,2026-02-10 12:16:28
3060000,3060000-S202200003,서울특별시 중랑구 면목동 1544 라온프라이빗,"서울특별시 중랑구 동일로91길 23(면목동, 라온프라이빗)",2234.0,2022-07-04,,사용중,면목라온 프라이빗 아파트(지하주차장 1~ 2층),공공용시설,지하,17608.0,17608,37.0,34.0,58.43,127.0,4.0,41.65,37.58289722859546,127.07823697205548,962761.499643,1953806.818518,I,2026-03-04 23:00:53,2026-03-03 14:20:08
3060000,3060000-S200700010,서울특별시 중랑구 면목동 172-93,"서울특별시 중랑구 동일로 593, 면목5동공영주차장 (면목동)",,2007-10-02,,사용중,면목5동공영주차장 (지하 1층),공공용시설,지하,1970.0,1970,37.0,35.0,0.05,127.0,4.0,46.07,37.5833485669237,127.079464590471,962870.113775266,1953856.4063023,U,2026-03-24 03:03:03,2026-03-23 13:00:14
3060000,3060000-S198000005,서울특별시 중랑구 망우동 410번지 1호,서울특별시 중랑구 용마산로 494 (망우동),2182.0,1980-01-01,2023-08-18,사용중지,상아빌딩(지하주차장1층),공공용시설,지하,689.0,689,37.0,35.0,41.98,127.0,6.0,1.12,37.5949895900069,127.10004206233924,964692.445985,1955139.985449,I,2025-12-15 16:14:09,2023-08-18 15:33:33
3060000,3060000-S202200001,서울특별시 중랑구 면목동 1543 한양수자인사가정파크,"서울특별시 중랑구 사가정로72길 26(면목동, 한양수자인사가정파크)",2260.0,2022-07-04,,사용중,한양수자인 사가정파크(지하주차장 1~2층),공공용시설,지하,24125.0,24125,37.0,34.0,46.83,127.0,5.0,40.84,37.5796754728016,127.09467892242574,964211.664306,1953442.990473,I,2026-02-06 22:58:35,2026-02-05 14:16:51
3060000,3060000-S202300001,서울특별시 중랑구 면목동 55-14,서울특별시 중랑구 용마산로84길 9-16 (면목동),2193.0,2023-04-11,,사용중,용마산모아엘가파크포레 (모든 동의 지하주차장1~2층),공공용시설,지하,10339.0,10339,37.0,35.0,8.89,127.0,5.0,44.77,37.5858039286154,127.09577049199852,964310.971963,1954122.496213,I,2026-02-11 22:58:35,2026-02-10 12:20:06
3060000,3060000-S201100025,서울특별시 중랑구 면목동 1525번지,"서울특별시 중랑구 용마산로 290 (면목동, 용마산금호어울림아파트)",2258.0,2011-07-20,,사용중,용마금호어울림아파트(지하주차장 1~2층),공공용시설,지하,8625.0,8625,37.0,34.0,39.9,127.0,5.0,28.79,37.57825133717736,127.09113664548578,963898.20551,1953286.345251,I,2026-03-04 23:00:53,2026-03-03 14:21:24
3060000,3060000-S201000007,서울특별시 중랑구 상봉동 481번지,"서울특별시 중랑구 봉화산로 153 (상봉동, 신내12단지신내아파트)",2044.0,2010-12-20,,사용중,신내12단지아파트(지하주차장 1층),공공용시설,지하,3050.0,3050,37.0,36.0,21.63,127.0,5.0,31.81,37.6047237442109,127.09079449805692,963880.790549,1956223.46053,I,2026-02-11 22:58:35,2026-02-10 12:09:39
3060000,3060000-S197400004,서울특별시 중랑구 망우동 252번지 1호,"서울특별시 중랑구 양원역로 67 (망우동, 송곡여자중고등학교)",2057.0,1974-01-01,2023-10-17,사용중지,송곡여자고등학교 (지하 1층),공공용시설,지하,1157.0,1157,37.0,36.0,22.37,127.0,6.0,20.14,37.60630695361703,127.1056980069702,965197.016845,1956393.481443,I,2025-12-15 16:14:09,2023-10-18 14:48:30
3060000,3060000-S199600029,서울특별시 중랑구 신내동 783번지,"서울특별시 중랑구 신내로 51 (신내동, 성원아파트)",2076.0,1996-01-01,,사용중,성원아파트(지하주차장 1층),공공용시설,지하,9070.0,9070,37.0,36.0,16.17,127.0,5.0,39.61,37.60376396026512,127.09547658697836,964293.605996,1956115.186172,I,2026-03-04 23:00:53,2026-03-03 15:09:09
3060000,3060000-S199800010,서울특별시 중랑구 중화동 450번지,"서울특별시 중랑구 동일로 752 (중화동, 중화한신아파트)",2095.0,1998-01-01,,사용중,중화한신아파트(지하주차장 1~2층),공공용시설,지하,28463.0,28463,37.0,35.0,49.84,127.0,4.0,54.49,37.59758324975234,127.08058167605128,962975.796135,1955435.233869,I,2026-03-04 23:00:53,2026-03-03 14:23:37
3060000,3060000-S200900002,서울특별시 중랑구 면목동 146번지 1호,"서울특별시 중랑구 겸재로23길 27 (면목동, 면목2동 공동주차장)",2140.0,2009-04-09,,사용중,면목2동 공영주차장(지하 1층),공공용시설,지하,1633.0,1633,37.0,35.0,16.48,127.0,4.0,51.4,37.58808459615862,127.08099724065676,963007.778835,1954381.240496,I,2026-02-06 22:58:35,2026-02-05 11:07:41
3060000,3060000-S200500004,서울특별시 중랑구 면목동 175번지 18호,"서울특별시 중랑구 동일로 619 (면목동, 면목5동 복합청사)",2231.0,2005-08-11,,사용중,면목5동주민센터(지하주차장 1~2층),공공용시설,지하,1220.0,1220,37.0,35.0,8.74,127.0,4.0,46.04,37.58575189538431,127.07964158717078,962886.934412,1954122.973656,I,2026-03-04 23:00:53,2026-03-03 14:19:21
3060000,3060000-S199600021,서울특별시 중랑구 신내동 650번지,"서울특별시 중랑구 신내로19길 42 (신내동, 신내6단지신내아파트)",2028.0,1996-01-01,,사용중,신내6단지아파트(지하주차장 1층),공공용시설,지하,13199.0,13199,37.0,36.0,51.42,127.0,5.0,25.96,37.61477773972549,127.09208911996448,963999.90951,1957338.408194,I,2026-02-06 22:58:35,2026-02-05 17:47:51
3060000,3060000-S201000008,서울특별시 중랑구 상봉동 495번지,"서울특별시 중랑구 신내로7가길 31 (상봉동, 동부아파트)",2079.0,2010-12-20,,사용중,동부아파트(지하주차장 1층),공공용시설,지하,5764.0,5764,37.0,36.0,7.51,127.0,5.0,39.83,37.6023645509061,127.09408947492342,964170.496962,1955960.456673,I,2026-02-06 22:58:35,2026-02-05 13:00:47
3060000,3060000-S201100018,서울특별시 중랑구 면목동 1500번지,"서울특별시 중랑구 사가정로41길 9 (면목동, 두산아파트)",2227.0,2011-07-03,,사용중,두산아파트(1차) (지하주차장 1층),공공용시설,지하,2794.0,2794,37.0,34.0,54.18,127.0,5.0,2.42,37.58163255801953,127.08416445804286,963284.233344,1953664.176507,I,2026-02-11 22:58:35,2026-02-10 12:19:54
3060000,3060000-S200700012,서울특별시 중랑구 묵동 385번지,"서울특별시 중랑구 중랑천로 286 (묵동, 묵동아이파크아파트)",2007.0,2007-08-29,,사용중,현대아이파크아파트(지하주차장 1층~2층),공공용시설,지하,21273.0,21273,37.0,36.0,37.54,127.0,4.0,25.21,37.610232832056255,127.07310900835276,962322.522927,1956841.619175,I,2026-02-06 22:58:35,2026-02-05 16:25:09
3060000,3060000-S199500004,서울특별시 중랑구 중화동 438번지,"서울특별시 중랑구 중랑역로 124 (중화동, 삼익아파트)",2014.0,1995-01-01,,사용중,중화삼익아파트(지하주차장1층),공공용시설,지하,2182.0,2182,37.0,36.0,16.45,127.0,4.0,38.73,37.60439597918514,127.07771822189612,962726.422266,1956192.207127,I,2026-02-06 22:58:35,2026-02-05 17:44:58
3060000,3060000-S201200003,서울특별시 중랑구 신내동 646번지,"서울특별시 중랑구 신내로 211 (신내동, 금강리빙스텔)",2024.0,2012-07-02,,사용중,금강리빙스텔(지하주차장 1~2층),공공용시설,지하,4051.0,4051,37.0,36.0,59.11,127.0,5.0,33.41,37.61648280547989,127.09272632048445,964056.966501,1957527.333461,I,2026-03-04 23:00:53,2026-03-03 15:14:20
3060000,3060000-S198500002,서울특별시 중랑구 상봉동 83번지,"서울특별시 중랑구 상봉로 117 (상봉동, 상봉시외버스터미널)",2151.0,1985-01-01,2023-11-14,사용중지,상봉터미널(지하 1층),공공용시설,지하,6598.0,6598,37.0,35.0,46.09,127.0,5.0,32.41,37.596408453831074,127.092665918602,964041.973493,1955300.200218,I,2025-12-15 16:14:09,2023-11-15 09:21:27
3060000,3060000-S201000004,서울특별시 중랑구 면목동 1505번지,"서울특별시 중랑구 겸재로29길 27 (면목동, 아남리치카운티아파트)",2145.0,2010-11-02,,사용중,면목아남리치카운티아파트(지하주차장 1층),공공용시설,지하,4271.0,4271,37.0,35.0,23.62,127.0,5.0,6.77,37.58935259957781,127.0851381874168,963373.990893,1954520.29643,I,2026-03-04 23:00:53,2026-03-03 14:15:21
3060000,3060000-S199700021,서울특별시 중랑구 신내동 591번지,"서울특별시 중랑구 봉화산로 216 (신내동, 동성아파트)",2067.0,1997-01-01,,사용중,동성4차아파트(모든 동의 지하주차장 1~3층),공공용시설,지하,9793.0,9793,37.0,36.0,24.82,127.0,5.0,49.36,37.60739840899407,127.09667551518216,964401.165317,1956517.956069,I,2026-03-04 23:00:53,2026-03-03 14:36:36
3060000,3060000-S200900001,서울특별시 중랑구 중화동 453번지,"서울특별시 중랑구 동일로136길 15 (중화동, 청광플러스원)",2050.0,2007-08-29,,사용중,청광플러스원아파트(지하주차장 1층),공공용시설,지하,2462.0,2462,37.0,36.0,10.12,127.0,4.0,47.9,37.602441055999016,127.0804006510212,962962.224309,1955974.255996,I,2026-03-04 23:00:53,2026-03-03 14:24:13
3060000,3060000-S198800002,서울특별시 중랑구 면목동 1073번지,"서울특별시 중랑구 사가정로71길 11 (면목동, 용마2차한신아파트)",2196.0,1998-01-01,,사용중,용마한신2차아파트(지하주차장 1~2층),공공용시설,지하,5656.0,5656,37.0,34.0,51.13,127.0,5.0,39.5,37.5808097173306,127.0948700452353,964229.082473,1953568.756296,I,2026-02-11 22:58:35,2026-02-10 12:17:56
3060000,3060000-S199700018,서울특별시 중랑구 중화동 321번지 37호,서울특별시 중랑구 중랑역로3길 28 (중화동),2110.0,1997-01-01,2023-09-04,사용중지,중화문화복지센터(지하1층),공공용시설,지하,480.0,480,37.0,35.0,42.06,127.0,4.0,29.61,37.59490973257897,127.0748756614981,962470.7519,1955140.88481,I,2025-12-15 16:14:09,2023-09-04 15:27:45
3060000,3060000-S199000003,서울특별시 중랑구 면목동 1077번지 1호,"서울특별시 중랑구 사가정로71길 19 (면목동, 용마한신아파트)",2196.0,1990-01-01,,사용중,용마한신1차아파트3동(지하1층),공공용시설,지하,567.0,567,37.0,34.0,53.32,127.0,5.0,47.02,37.58082616712031,127.09498195015726,964238.97102,1953570.538712,I,2026-02-11 22:58:35,2026-02-10 12:18:22
3060000,3060000-S200700004,서울특별시 중랑구 면목동 68번지 2호,"서울특별시 중랑구 상봉로 7 (면목동, 서일타운)",2203.0,2007-08-29,2023-07-07,사용중지,서일타운(지하 1~3층),공공용시설,지하,682.0,682,37.0,35.0,11.22,127.0,5.0,39.75,37.586491564426616,127.09446872180744,964196.368811,1954199.281347,I,2025-12-15 16:14:09,2023-07-07 19:40:13
3060000,3060000-S199400006,서울특별시 중랑구 면목동 584번지 4호,"서울특별시 중랑구 사가정로41길 34 (면목동, 진광교회)",2227.0,1994-01-01,,사용중,진광교회(지하주차장 1층),공공용시설,지하,783.0,783,37.0,34.0,57.58,127.0,5.0,4.32,37.58272028799535,127.08433541337833,963299.861703,1953784.787848,I,2026-02-11 22:58:35,2026-02-10 12:18:44
3060000,3060000-S201200001,서울특별시 중랑구 면목동 1501번지,"서울특별시 중랑구 답십리로77길 139 (면목동, 면목두산아파트)",2241.0,2012-05-22,,사용중,면목두산6단지아파트(지하주차장 1~2층),공공용시설,지하,2190.0,2190,37.0,34.0,39.43,127.0,4.0,50.39,37.57769717589392,127.08068868244284,962975.393223,1953228.930014,I,2026-02-06 22:58:35,2026-02-05 14:16:26
3060000,3060000-S201400002,서울특별시 중랑구 상봉동 500번지,"서울특별시 중랑구 망우로 353 (상봉동, 상봉프레미어스엠코)",2087.0,2014-05-13,,사용중,상봉프레미어스엠코(상봉이노시티) 지하주차장 3~7층,공공용시설,지하,126028.0,126028,37.0,35.0,52.68,127.0,5.0,24.32,37.59808674676295,127.09132334675364,963924.265735,1955486.913679,I,2026-02-11 22:58:35,2026-02-10 12:10:01
3060000,3060000-S199800013,서울특별시 중랑구 상봉동 129번지 3호,"서울특별시 중랑구 망우로 214 (상봉동, 우도빌딩)",2121.0,1998-08-01,,사용중,우도빌딩(지하주차장 1층),공공용시설,지하,1834.0,1834,37.0,35.0,37.53,127.0,4.0,35.73,37.59384032759292,127.07651639033853,962615.058317,1955021.585065,I,2026-02-06 22:58:35,2026-02-05 12:52:20
3060000,3060000-S199500003,서울특별시 중랑구 중화동 301번지 29호,"서울특별시 중랑구 동일로 757 (중화동, 국민은행)",2103.0,1995-01-01,,사용중,국민은행중화지점(지하주차장1-2층),공공용시설,지하,1095.0,1095,37.0,35.0,52.77,127.0,4.0,47.36,37.598014388197775,127.07990651587676,962916.40999,1955483.333036,I,2026-02-06 22:58:35,2026-02-05 17:44:48
3060000,3060000-S199500005,서울특별시 중랑구 묵동 20번지,"서울특별시 중랑구 신내로21길 16 (묵동, 신내두산대림아파트)",2023.0,1995-01-01,,사용중,신내5단지두산대림아파트(지하주차장 1층),공공용시설,지하,36804.0,36804,37.0,37.0,2.48,127.0,5.0,19.8,37.61704029635902,127.090016145805,963818.055155,1957590.225812,I,2026-03-04 23:00:53,2026-03-03 14:30:10
3060000,3060000-S201100014,서울특별시 중랑구 신내동 479번지,"서울특별시 중랑구 봉화산로56길 123 (신내동, 중앙하이츠아파트)",2070.0,2011-06-21,,사용중,중앙하이츠아파트(모든 동의 지하주차장 1층),공공용시설,지하,4526.0,4526,37.0,36.0,11.22,127.0,5.0,52.71,37.60324736650144,127.09728937104786,964453.371337,1956057.184703,I,2026-03-04 23:00:53,2026-03-03 14:46:51
3060000,3060000-S201500001,서울특별시 중랑구 신내동 816번지 신내우디안1단지,"서울특별시 중랑구 신내역로1길 85 (신내동, 신내우디안1단지)",2055.0,2015-02-04,,사용중,신내우디안1단지아파트(모든 동의 지하주차장 1~3층),공공용시설,지하,54219.0,54219,37.0,37.0,4.98,127.0,6.0,21.72,37.61646225606189,127.10743936245122,965355.429119,1957519.521591,I,2026-03-04 23:00:53,2026-03-03 14:47:34
3060000,3060000-S200700011,서울특별시 중랑구 중화동 207번지 14호,"서울특별시 중랑구 망우로 223-8 (중화동, 미영리치타운102)",2117.0,2007-08-29,,사용중,미영리치타운아파트(지하주차장1-2층),공공용시설,지하,1088.0,1088,37.0,35.0,42.09,127.0,4.0,39.65,37.59492954292938,127.07761756456244,962712.813425,1955141.990505,I,2026-02-11 22:58:35,2026-02-10 12:11:46
3060000,3060000-S199100006,서울특별시 중랑구 면목동 378번지 9호,"서울특별시 중랑구 면목로 246 (면목동, 면목4동주민센터)",2254.0,1991-01-01,,사용중,면목4동주민센터(지하 1층),공공용시설,지하,215.0,215,37.0,34.0,28.94,127.0,5.0,8.18,37.574797160483854,127.08558264173465,963406.105837,1952905.270913,I,2026-03-04 23:00:53,2026-03-03 14:15:36
3060000,3060000-S200700014,서울특별시 중랑구 망우동 580번지,"서울특별시 중랑구 양원역로 18 (망우동, 금호어울림아파트)",2063.0,2007-08-29,,사용중,금호어울림아파트2차(지하주차장 1~2층),공공용시설,지하,5934.0,5934,37.0,36.0,6.16,127.0,6.0,32.43,37.60210784221113,127.10818172035754,965414.298113,1955926.692117,I,2026-02-06 22:58:35,2026-02-05 15:10:34
3060000,3060000-S199700024,서울특별시 중랑구 면목동 378번지 4호,"서울특별시 중랑구 면목로 238 (면목동, 중랑구민회관)",2254.0,1997-01-01,2024-10-18,사용중지,중랑구민회관(지하주차장 1층),공공용시설,지하,1798.0,1798,37.0,34.0,26.17,127.0,5.0,6.39,37.574016358813175,127.08496117722642,963350.84636,1952818.887257,I,2025-12-15 16:14:09,2024-10-21 21:46:26
3060000,3060000-S200000006,서울특별시 중랑구 망우동 340번지 1호,서울특별시 중랑구 망우로 455 (망우동),2060.0,2000-01-01,,사용중,금란교회(지하주차장 3~6층),공공용시설,지하,15003.56,15003,37.0,36.0,2.24,127.0,6.0,9.68,37.60054773380753,127.10277266443852,964936.107929,1955755.611585,I,2026-03-04 23:00:53,2026-03-03 14:33:18
3060000,3060000-S200500006,서울특별시 중랑구 면목동 115번지 18호,서울특별시 중랑구 면목로 397 (면목동),2219.0,2005-11-16,,사용중,면목본동주민센터(지하주차장 1~2층),공공용시설,지하,1532.0,1532,37.0,35.0,14.48,127.0,5.0,15.2,37.5873556293455,127.087555172552,963586.4021398334,1954297.8027142333,I,2026-03-04 23:00:53,2026-03-03 14:13:58
3060000,3060000-S197800001,서울특별시 중랑구 상봉동 115번지 9호,"서울특별시 중랑구 망우로 290 (상봉동, 동서울농협)",2137.0,1978-01-01,2023-05-10,사용중지,동서울농협(지하주차장 1층),공공용시설,지하,422.0,422,37.0,35.0,45.0,127.0,5.0,4.77,37.59593290369482,127.08474401976098,963342.419576,1955250.502967,I,2025-12-15 16:14:09,2023-05-11 14:41:05
3060000,3060000-S201100013,서울특별시 중랑구 신내동 801번지,"서울특별시 중랑구 용마산로129가길 41 (신내동, 영풍마드레빌)",2068.0,2011-06-21,,사용중,영풍마드레빌(모든 동의 지하주차장 1층),공공용시설,지하,8198.0,8198,37.0,36.0,19.36,127.0,5.0,59.43,37.60573419807985,127.09980098885444,964676.244753,1956332.139133,I,2026-03-04 23:00:53,2026-03-03 14:46:33
3060000,3060000-S201100026,서울특별시 중랑구 면목동 1499번지,"서울특별시 중랑구 용마산로62길 43 (면목동, 용마동아아파트)",2260.0,2011-07-20,,사용중,용마동아아파트(지하주차장 1층),공공용시설,지하,597.0,597,37.0,34.0,44.11,127.0,5.0,42.54,37.57849714543786,127.09431866709733,964179.290462,1953312.398417,I,2026-03-04 23:00:53,2026-03-03 14:21:41
3060000,3060000-S201100008,서울특별시 중랑구 신내동 802번지,"서울특별시 중랑구 봉화산로56길 51 (신내동, 우남푸르미아아파트)",2068.0,2011-06-21,,사용중,우남푸르미아아파트(모든 동의 지하주차장 1층),공공용시설,지하,5322.0,5322,37.0,36.0,21.63,127.0,5.0,54.64,37.60629869155135,127.09857771038416,964568.538805,1956395.22798,I,2026-03-04 23:00:53,2026-03-03 14:44:34
3060000,3060000-S199700017,서울특별시 중랑구 상봉동 136번지 18호,"서울특별시 중랑구 망우로 182 (상봉동, 서울특별시체육회)",2119.0,1997-01-01,,사용중,서울시체육회(구 : 삼미빌딩 지하주차장2~4층),공공용시설,지하,4310.0,4310,37.0,35.0,33.58,127.0,4.0,22.94,37.592922626870994,127.0730159606644,962305.577609,1954921.169744,I,2026-03-04 23:00:53,2026-03-03 14:22:38
3060000,3060000-S200300010,서울특별시 중랑구 면목동 581번지,"서울특별시 중랑구 용마산로 285 (면목동, 대원칸타빌아파트)",2251.0,2003-01-01,,사용중,대원칸타빌아파트(지하주차장 1~2층),공공용시설,지하,11618.0,11618,37.0,34.0,41.84,127.0,5.0,25.72,37.57827826177458,127.090729446325,963862.263515,1953289.488948,I,2026-02-06 22:58:35,2026-02-05 14:22:35
3060000,3060000-S199400007,서울특별시 중랑구 면목동 1502번지,"서울특별시 중랑구 용마산로 252 (면목동, 면목현대아파트)",2258.0,1994-01-01,,사용중,현대아파트(지하주차장 1~6층),공공용시설,지하,8200.0,8200,37.0,34.0,31.61,127.0,5.0,20.12,37.57524637858625,127.08913963275462,963720.414703,1952953.729906,I,2026-03-04 23:00:53,2026-03-03 14:20:46
3060000,3060000-S197000003,서울특별시 중랑구 망우동 519번지,서울특별시 중랑구 봉우재로58길 39-0 (망우동),2174.0,1970-01-01,2023-05-08,사용중지,혜원여고 (1층 강당),공공용시설,지상,795.0,795,37.0,35.0,34.1,127.0,5.0,46.88,37.592829324287855,127.09588548556177,964324.478156,1954901.885315,I,2025-12-15 16:14:09,2023-05-11 11:27:25
3060000,3060000-S201100020,서울특별시 중랑구 신내동 785번지,"서울특별시 중랑구 신내로7길 20 (신내동, 건영2차아파트)",2085.0,2011-07-20,,사용중,건영2차아파트(지하주차장 1층),공공용시설,지하,4240.0,4240,37.0,36.0,6.82,127.0,5.0,44.99,37.60214601610259,127.09600152903975,964339.169355,1955935.483388,I,2026-03-04 23:00:53,2026-03-03 15:13:35
3060000,3060000-S201000006,서울특별시 중랑구 상봉동 496번지,"서울특별시 중랑구 상봉중앙로1다길 21 (상봉동, 우정아파트)",2082.0,2010-12-20,,사용중,상봉우정아파트(지하주차장 1층),공공용시설,지하,14844.0,14844,37.0,35.0,56.01,127.0,5.0,17.87,37.59912413144795,127.0887885586769,963701.011538,1955602.983362,I,2026-02-11 22:58:35,2026-02-10 12:08:04
3060000,3060000-S201400001,서울특별시 중랑구 신내동 817번지 신내 데시앙포레,"서울특별시 중랑구 신내역로 165 (신내동, 신내 데시앙포레)",2055.0,2014-01-28,,사용중,신내데시앙포레 (모든 동의 지하주차장 1~3층),공공용시설,지하,77732.0,77732,37.0,36.0,52.46,127.0,6.0,40.73,37.61662990978723,127.11035987355125,965613.250603,1957537.048135,I,2026-03-04 23:00:53,2026-03-03 14:47:21
3060000,3060000-S199600013,서울특별시 중랑구 상봉동 63번지,"서울특별시 중랑구 신내로7나길 24 (상봉동, 건영2차아파트)",2084.0,1996-01-01,,사용중,건영2차아파트(지하주차장 1~2층),공공용시설,지하,14607.0,14607,37.0,36.0,3.16,127.0,5.0,33.57,37.60136658508436,127.09506239074469,964255.898613,1955849.366281,I,2026-02-11 22:58:35,2026-02-10 12:09:05
3060000,3060000-S199600023,서울특별시 중랑구 신내동 654번지,"서울특별시 중랑구 신내로17길 41 (신내동, 진로아파트)",2027.0,1996-01-01,,사용중,신내7단지진로아파트(지하주차장 1층),공공용시설,지하,28153.0,28153,37.0,36.0,45.04,127.0,5.0,34.66,37.61533796155762,127.09371685782595,964143.834808,1957399.939304,I,2026-03-04 23:00:53,2026-03-03 14:48:17
3060000,3060000-S201100030,서울특별시 중랑구 묵동 170번지 1호,"서울특별시 중랑구 동일로 932 (묵동, 묵동자이아파트)",2033.0,2011-08-11,,사용중,묵동자이아파트 2단지(지하주차장 2~4층),공공용시설,지하,26661.0,26661,37.0,36.0,49.84,127.0,4.0,39.1,37.61363214991216,127.07725791912831,962690.406567,1957217.101295,I,2026-03-04 23:00:53,2026-03-03 14:30:42
3060000,3060000-S198900004,서울특별시 중랑구 묵동 181번지 4호,"서울특별시 중랑구 동일로 862 (묵동, 한국전력공사(동부지점))",2045.0,1989-01-01,2023-11-16,사용중지,한국전력공사동대문중랑지사 (지하 1층),공공용시설,지하,1124.0,1124,37.0,36.0,26.74,127.0,4.0,44.35,37.60739494040898,127.07873990294922,962818.096303,1956524.523017,I,2025-12-15 16:14:09,2023-11-16 21:55:15
3060000,3060000-S199700019,서울특별시 중랑구 묵동 239번지 80호,서울특별시 중랑구 동일로 893 (묵동),2006.0,1997-01-01,2023-11-08,사용중지,하이텍빌딩(지하주차장 1층),공공용시설,지하,671.0,671,37.0,36.0,36.24,127.0,4.0,39.0,37.61019860348423,127.07757088052094,962716.313343,1956836.040338,I,2025-12-15 16:14:09,2023-11-08 17:56:55
3060000,3060000-S201100017,서울특별시 중랑구 면목동 1508번지,"서울특별시 중랑구 사가정로41길 59 (면목동, 면목동원베네스트)",2222.0,2011-07-03,,사용중,면목동원베네스트 (지하주차장 1층),공공용시설,지하,2839.0,2839,37.0,35.0,3.12,127.0,5.0,1.64,37.58371101905518,127.08420596781258,963288.919069,1953894.75505,I,2026-02-11 22:58:35,2026-02-10 12:19:43
3060000,3060000-S202200005,서울특별시 중랑구 망우동 0 신내역 금강펜테리움 센트럴파크,"서울특별시 중랑구 용마산로136길 160(망우동, 신내역 금강펜테리움 센트럴파크)",2057.0,2022-07-04,,사용중,금강펜트리움 센트럴파크(지하 1~2층),공공용시설,지하,20219.0,20219,37.0,36.0,35.39,127.0,6.0,35.09,37.60982991786041,127.10974778341132,965556.095599,1956782.844456,I,2026-03-04 23:00:53,2026-03-03 14:34:32
3060000,3060000-S199200006,서울특별시 중랑구 신내동 397번지,"서울특별시 중랑구 신내로 128 (신내동, 동성아파트)",2054.0,1992-01-01,,사용중,"동성1,2차아파트(모든 동의 지하1층)",공공용시설,지하,14448.0,14448,37.0,36.0,35.59,127.0,5.0,49.46,37.61043110416021,127.09631759477196,964371.020587,1956854.555429,I,2026-03-04 23:00:53,2026-03-03 14:35:54
3060000,3060000-S199500002,서울특별시 중랑구 면목동 1번지 41호,"서울특별시 중랑구 용마산로94다길 21 (면목동, 미성라이프아파트)",2190.0,1995-01-01,2023-11-08,사용중지,미성라이프아파트(지하주차장 1층),공공용시설,지하,433.0,433,37.0,35.0,20.23,127.0,6.0,3.12,37.58884955119596,127.10056289465564,964735.527186,1954458.582731,I,2025-12-15 16:14:09,2023-11-08 17:55:54
3060000,3060000-S201400003,서울특별시 중랑구 망우동 582번지,서울특별시 중랑구 용마산로 463 (망우동),2173.0,2014-08-21,,사용중,주함해븐아파트(지하주차장 1층),공공용시설,지하,984.4,984,37.0,35.0,33.76,127.0,5.0,54.04,37.59271043575369,127.09837427821964,964544.135101,1954887.752743,I,2026-03-04 23:00:53,2026-03-03 14:35:16
3060000,3060000-S199900001,서울특별시 중랑구 묵동 381번지,"서울특별시 중랑구 공릉로2라길 15 (묵동, 신안1차아파트)",2036.0,1999-01-01,,사용중,신안1차아파트(지하주차장 1층),공공용시설,지하,13116.0,13116,37.0,36.0,46.7,127.0,4.0,51.36,37.61281716720296,127.08135907225429,963051.957042,1957125.060531,I,2026-02-05 22:58:35,2026-02-04 17:45:15
3060000,3060000-S199700007,서울특별시 중랑구 면목동 282번지 6호,"서울특별시 중랑구 면목로 지하 407 (면목동, 면목역)",2146.0,1997-01-01,,사용중,면목역(지하 1~3층),공공용시설,지하,4116.0,4116,37.0,35.0,18.2,127.0,5.0,15.2,37.588393126472205,127.08754016452782,963585.582564,1954412.913699,I,2026-02-06 22:58:35,2026-02-05 13:35:16
3060000,3060000-S199400008,서울특별시 중랑구 상봉동 1번지,"서울특별시 중랑구 봉화산로48길 62 (상봉동, 건영아파트)",2077.0,1994-01-01,,사용중,건영1차아파트(지하주차장 1~2층),공공용시설,지하,7322.0,7322,37.0,36.0,14.06,127.0,5.0,36.56,37.60351095328766,127.09380046680724,964145.536476,1956087.754948,I,2026-02-06 22:58:35,2026-02-05 12:57:06
3070000,3070000-S199600004,서울특별시 성북구 석관동 405번지,서울특별시 성북구 한천로 509 (석관동),2786.0,1996-05-01,,사용중,"코오롱아파트(101,106동) 지하주차장(지하1~2층)",공공용시설,지하,8313.0,8313,37.0,36.0,22.57,127.0,3.0,58.06,37.60594595502796,127.06641681776048,961729.669625,1956368.716312,I,2026-04-28 22:32:16,2026-02-27 15:28:35
3070000,3070000-S201100007,서울특별시 성북구 길음동 1285번지,서울특별시 성북구 길음로13길 22 (길음동),2715.0,2011-01-20,,사용중,길음뉴타운위브7단지아파트 지하주차장(지하1~4층),공공용시설,지하,6528.0,6528,37.0,36.0,37.13,127.0,1.0,6.49,37.60866523065064,127.01925675369776,957568.595354,1956690.676422,I,2026-04-28 22:32:21,2026-02-25 14:24:06
3070000,3070000-S201000004,서울특별시 성북구 장위동 316번지 2호,서울특별시 성북구 한천로101길 54 (장위동),2758.0,2010-06-28,,사용중,장월SH빌1단지아파트 지하주차장(지하 1층~2층),공공용시설,지하,7439.0,7439,37.0,37.0,20.79,127.0,2.0,52.78,37.6219567918878,127.04783081636468,960097.719087,1958152.78764,I,2026-04-28 22:32:17,2026-03-03 10:50:29
3070000,3070000-S202000003,서울특별시 성북구 장위동 320 래미안장위퍼스트하이,"서울특별시 성북구 한천로 713 (장위동, 래미안장위퍼스트하이)",2760.0,2020-08-04,,일시중지,래미안장위퍼스트하이아파트 지하주차장(지하 1층~2층),공공용시설,지하,72266.0,72266,37.0,37.0,11.96,127.0,3.0,10.07,37.61998994546117,127.05279636656776,960534.87337,1957932.474828,I,2026-04-28 22:32:21,2026-03-03 10:52:50
3070000,3070000-S201000005,서울특별시 성북구 정릉동 1020번지,서울특별시 성북구 북악산로 813 (정릉동),2819.0,2010-07-02,,사용중,정릉우성아파트 104동 지하주차장 1층~3층,공공용시설,지하,5511.32,5511,37.0,36.0,2.73,127.0,0.0,54.07,37.600758470167015,127.01502034146888,957190.147397,1955815.378932,I,2026-04-28 22:32:17,2026-02-03 09:52:03
3070000,3070000-S199900001,서울특별시 성북구 돈암동 15번지 1호,서울특별시 성북구 동소문로34길 24 (돈암동),2807.0,1999-06-14,,사용중,"삼성APT(102,104,106~7동)지하주차장1~3층",공공용시설,지하,74044.0,74044,37.0,35.0,58.84,127.0,1.0,25.01,37.59896847036243,127.02244735504595,957844.734567,1955613.426389,I,2026-04-28 22:32:15,2026-02-24 15:33:04
3070000,3070000-S202400001,서울특별시 성북구 길음동 1287-1 길음뉴타운11단지롯데캐슬골든힐스,"서울특별시 성북구 서경로 60 (길음동, 길음뉴타운11단지롯데캐슬골든힐스)",2715.0,2024-06-24,,사용중,길음뉴타운11단지 롯데캐슬골든힐스 지하주차장(1~4층),공공용시설,지하,22735.0,22735,37.0,36.0,31.44,127.0,0.0,56.5,37.6087333211737,127.015694260215,957254.1992723268,1956699.846823952,I,2026-04-28 22:32:20,2026-02-24 09:55:16
3070000,3070000-S199800007,서울특별시 성북구 돈암동 631 범양아파트,"서울특별시 성북구 정릉로 402-16 (돈암동, 범양아파트)",2801.0,1998-01-07,,사용중,"범양아파트(102,103동) 지하주차장(지하1층~3층)",공공용시설,지하,23695.0,23695,37.0,36.0,13.16,127.0,1.0,38.98,37.603656360503,127.02749338753178,958292.785518,1956131.273541,I,2026-04-28 22:32:21,2026-02-24 15:29:56
3070000,3070000-S201200006,서울특별시 성북구 정릉동 1032번지,"서울특별시 성북구 아리랑로19길 86 (정릉동, 정릉2차대주피오레)",2813.0,2012-07-25,2023-06-27,사용중지,정릉2차대주피오레아파트(201~2동)지하주차장1~2층,공공용시설,지하,3124.0,3124,37.0,36.0,6.59,127.0,0.0,33.29,37.60132994123405,127.00923429768189,956679.733146,1955881.434756,I,2026-04-28 22:32:20,2023-06-27 17:50:39
3070000,3070000-S201500006,서울특별시 성북구 삼선동2가 420번지,서울특별시 성북구 낙산길 243-15 (삼선동2가),2875.0,2015-06-03,,사용중,삼선현대힐스테이트(101~109동)주차장(지하1층),공공용시설,지하,14309.28,14309,37.0,34.0,55.82,127.0,0.0,49.49,37.582663038435,127.01471813261826,957153.097647,1953807.911886,I,2026-04-28 22:32:20,2026-02-25 18:58:19
3070000,3070000-S201300001,서울특별시 성북구 하월곡동 228번지,서울특별시 성북구 오패산로16가길 40 (하월곡동),2749.0,2013-07-02,,사용중,꿈의숲푸르지오아파트지하주차장 1층~2층,공공용시설,지하,30655.0,30655,37.0,36.0,40.34,127.0,2.0,21.83,37.60998587840398,127.03845312646676,959263.637337,1956828.693831,I,2026-04-28 22:32:19,2026-01-31 11:20:59
3070000,3070000-S200700008,서울특별시 성북구 길음동 535-3,서울특별시 성북구 동소문로 지하234 (길음동),2735.0,2007-09-06,,사용중,길음지하보도(지하1층),공공용시설,지하,150.0,150,37.0,36.0,10.01,127.0,1.0,21.88,37.602780241305,127.022745570591,957873.2086610808,1956036.1915190257,I,2026-04-28 22:32:21,2026-02-25 14:21:53
3070000,3070000-S199600001,서울특별시 성북구 석관동 404번지,서울특별시 성북구 한천로68길 51 (석관동),2782.0,1996-05-01,,사용중,석관동 삼성아파트 지하주차장 1층,공공용시설,지하,1912.0,1912,37.0,36.0,36.79,127.0,3.0,56.28,37.61002434496846,127.0658816974036,961684.529061,1956821.413565,I,2026-04-28 22:32:20,2026-02-27 15:27:29
3070000,3070000-S200700006,서울특별시 성북구 하월곡동 224번지,서울특별시 성북구 회기로5길 100 (하월곡동),2794.0,2007-03-21,,사용중,샹그레빌아파트 지하주차장(지하1~3층),공공용시설,지하,12014.0,12014,37.0,35.0,47.02,127.0,2.0,28.54,37.59562040190276,127.04100184504247,959480.798874,1955233.806033,I,2026-04-28 22:32:21,2026-02-03 13:56:29
3070000,3070000-S200300008,서울특별시 성북구 하월곡동 35번지 1호,서울특별시 성북구 월곡로 지하 107 (하월곡동),2751.0,2003-07-28,,사용중,월곡역사(6호선)(지하1~3층),공공용시설,지하,7334.0,7334,37.0,36.0,5.14,127.0,2.0,28.39,37.601627383518704,127.04122224061064,959503.510872,1955900.158049,I,2026-04-28 22:32:15,2026-02-26 09:40:13
3070000,3070000-S201700016,서울특별시 성북구 돈암동 644번지,"서울특별시 성북구 아리랑로 75 (돈암동, 돈암코오롱하늘채)",2826.0,2017-09-29,,사용중,돈암코오롱하늘채아파트 지하주차장 (지하1층 ~ 지하4층,공공용시설,지하,32389.0,32389,37.0,35.0,57.81,127.0,0.0,45.91,37.59914491952226,127.0137383834508,957076.05941,1955636.947883,I,2026-04-28 22:32:20,2026-01-28 17:09:56
3070000,3070000-S201300010,서울특별시 성북구 돈암동 636번지,서울특별시 성북구 북악산로 844 (돈암동),2828.0,2013-07-10,,사용중,브라운스톤 돈암아파트 지하주차장 (지하1층 ~ 지하5층,공공용시설,지하,42709.0,42709,37.0,35.0,52.94,127.0,1.0,4.02,37.59909554244469,127.01793126825254,957446.153528,1955629.561397,I,2026-04-28 22:32:21,2026-01-28 17:07:47
3070000,3070000-S201500015,서울특별시 성북구 정릉동 1037번지,"서울특별시 성북구 아리랑로19가길 20 (정릉동, 정릉꿈에그린아파트)",2820.0,2015-06-22,2023-06-27,사용중지,"정릉꿈에그린아파트(101~105,201~203동)주차장",공공용시설,지하,17809.0,17809,37.0,36.0,5.51,127.0,0.0,39.03,37.60166516560566,127.01133817368996,956865.638616,1955917.657886,I,2026-04-28 22:32:20,2023-06-27 17:52:00
3070000,3070000-S200900002,서울특별시 성북구 하월곡동 226번지,서울특별시 성북구 월곡로14길 26 (하월곡동),2794.0,2009-12-10,,사용중,월곡래미안루나밸리아파트 지하주차장(지하1~3층),공공용시설,지하,35462.0,35462,37.0,36.0,0.85,127.0,2.0,33.55,37.60010418844459,127.04191815185808,959564.115166,1955730.866573,I,2026-04-28 22:32:21,2026-02-26 09:41:54
3070000,3070000-S201300009,서울특별시 성북구 돈암동 524번지,서울특별시 성북구 아리랑로 89 (돈암동),2826.0,2013-07-10,,사용중,일신건영휴먼빌 지하주차장 (지하1층 ~ 지하3층),공공용시설,지하,22700.0,22700,37.0,36.0,3.16,127.0,0.0,45.73,37.60053278557861,127.01349219685255,957055.12531,1955791.038014,I,2026-04-28 22:32:20,2026-01-28 17:08:05
3070000,3070000-S201100003,서울특별시 성북구 길음동 1281번지,서울특별시 성북구 길음로 118 (길음동),2723.0,2011-01-20,,사용중,길음뉴타운대림아파트-e편한세상 지하주차장(지하1~3층),공공용시설,지하,33000.0,33000,37.0,36.0,46.27,127.0,1.0,7.11,37.61224171774881,127.01779112142772,957441.272901,1957088.135824,I,2026-04-28 22:32:18,2026-02-25 14:23:07
3070000,3070000-S201100005,서울특별시 성북구 길음동 1284번지,서울특별시 성북구 길음로 33 (길음동),2720.0,2011-01-20,,사용중,길음뉴타운래미안8단지아파트 4차지하주차장(지하1~3층),공공용시설,지하,32000.0,32000,37.0,36.0,26.62,127.0,1.0,4.54,37.60574691598444,127.021894841508,957799.79114,1956365.713055,I,2026-04-28 22:32:20,2026-02-25 14:23:41
3070000,3070000-S201000014,서울특별시 성북구 하월곡동 222번지,서울특별시 성북구 오패산로 46 (하월곡동),2750.0,2010-10-15,,사용중,월곡두산위브아파트지하주차장 1층~3층,공공용시설,지하,111014.0,111014,37.0,36.0,22.53,127.0,2.0,13.22,37.60625958895438,127.03700455540536,959133.746252,1956415.907906,I,2026-04-28 22:32:21,2026-01-31 11:25:05
3070000,3070000-S201000018,서울특별시 성북구 길음동 1279번지,서울특별시 성북구 길음로9길 40 (길음동),2721.0,2011-01-20,,사용중,길음래미안1차아파트 지하주차장(지하1~3층),공공용시설,지하,16367.0,16367,37.0,36.0,21.16,127.0,1.0,15.54,37.6052305332861,127.01978158311454,957612.969109,1956309.374581,I,2026-04-28 22:32:17,2026-02-25 14:22:13
3070000,3070000-S200400008,서울특별시 성북구 장위동 135-2 성북청소년수련관,"서울특별시 성북구 한천로 660-9, 성북청소년수련관 (장위동)",2764.0,2004-06-14,,사용중,시립성북청소년센터(지하 1층~2층),공공용시설,지하,2975.0,2975,37.0,37.0,3.3,127.0,3.0,21.02,37.61756635816993,127.05599333439204,960815.731064,1957662.248735,I,2026-04-28 22:32:15,2026-03-03 10:49:57
3070000,3070000-S201500007,서울특별시 성북구 삼선동3가 116번지,서울특별시 성북구 삼선교로16길 35 (삼선동3가),2863.0,2015-06-03,,사용중,삼선SKVIEW아파트(101~107동)주차장(지하1층),공공용시설,지하,26349.86,26349,37.0,35.0,12.42,127.0,0.0,39.68,37.5867832007661,127.011021997456,956829.1329121334,1954266.7167297327,I,2026-04-28 22:32:20,2026-02-25 18:59:14
3070000,3070000-S201200009,서울특별시 성북구 정릉동 1017번지,"서울특별시 성북구 북악산로 847 (정릉동, 정릉쌍용아파트)",2818.0,2012-09-24,,사용중,정릉쌍용아파트 지하주차장 1층~2층,공공용시설,지하,8052.54,8052,37.0,35.0,58.23,127.0,1.0,5.44,37.59919855987313,127.01859787558068,957505.056174,1955640.688847,I,2026-04-28 22:32:19,2026-02-03 09:52:39
3070000,3070000-S199800003,서울특별시 성북구 길음동 1277번지,서울특별시 성북구 길음로13길 11 (길음동),2720.0,1998-06-15,,사용중,길음현대아파트 지하주차장(지하1층),공공용시설,지하,11411.0,11411,37.0,36.0,30.58,127.0,1.0,11.4,37.6084945341274,127.019832336529,957619.3009481336,1956671.47839,I,2026-04-28 22:32:20,2026-02-25 14:20:32
3070000,3070000-S201300004,서울특별시 성북구 종암동 134번지,서울특별시 성북구 종암로24가길 80 (종암동),2799.0,2013-07-02,,사용중,"래미안라센트아파트(111동,112동 제외)지하2층",공공용시설,지하,34712.0,34712,37.0,35.0,57.52,127.0,2.0,21.29,37.60025518250513,127.03860826761364,959272.025145,1955749.049117,I,2026-04-28 22:32:21,2026-02-26 13:45:10
3070000,3070000-S201500002,서울특별시 성북구 하월곡동 226번지 1호,서울특별시 성북구 회기로5길 142 (하월곡동),2794.0,2015-06-03,,사용중,월곡2에스에이치빌 지하주차장(지하1~2층),공공용시설,지하,5213.0,5213,37.0,35.0,51.14,127.0,2.0,30.27,37.597640369989776,127.04132873842678,959510.750924,1955457.771169,I,2026-04-28 22:32:20,2026-02-03 13:57:00
3070000,3070000-S201100008,서울특별시 성북구 장위동 317번지,서울특별시 성북구 월계로36길 27 (장위동),2757.0,2011-02-16,,사용중,꿈의숲대명루첸아파트 지하주차장(지하 2층~3층),공공용시설,지하,25709.0,25709,37.0,37.0,17.19,127.0,2.0,46.8,37.620078718234886,127.0465300991196,959981.928223,1957944.977013,I,2026-04-28 22:32:21,2026-03-03 10:50:57
3070000,3070000-S201800002,서울특별시 성북구 정릉동 1028번지,"서울특별시 성북구 솔샘로24길 15 (정릉동, 정릉이-편한세상)",2712.0,2018-07-02,,사용중,정릉e편한세상1차아파트 지하주차장(지하1~3층),공공용시설,지하,23729.0,23729,37.0,36.0,56.42,127.0,0.0,38.8,37.61546289456334,127.00920192137296,956685.072158,1957449.440563,I,2026-04-28 22:32:20,2026-04-09 09:40:09
3070000,3070000-S201100004,서울특별시 성북구 길음동 1280번지,서울특별시 성북구 길음로 119 (길음동),2714.0,2011-01-20,,사용중,"길음뉴타운푸르지오2,3단지아파트지하주차장(지하1~6층)",공공용시설,지하,47601.0,47601,37.0,36.0,37.79,127.0,0.0,58.96,37.61229049883661,127.01739559813936,957406.392469,1957093.727263,I,2026-04-28 22:32:20,2026-02-25 14:23:23
3070000,3070000-S200900004,서울특별시 성북구 안암동5가 146-58,서울특별시 성북구 고려대로22길 6-7 (안암동5가),2855.0,2009-12-14,,사용중,고려대학교 이과대학 하나스퀘어 지하주차장(지하2~3층),공공용시설,지하,15559.0,15559,37.0,35.0,9.59,127.0,1.0,42.24,37.58599801202011,127.02840093697286,958363.055674,1954171.758289,I,2026-04-28 22:32:20,2026-03-03 11:37:40
3070000,3070000-S201100010,서울특별시 성북구 장위동 60번지 1호,서울특별시 성북구 화랑로37길 42 (장위동),2775.0,2011-02-16,,사용중,삼익아파트 지하주차장(지하 1층~3층),공공용시설,지하,5468.0,5468,37.0,36.0,48.08,127.0,3.0,27.71,37.61341683454168,127.0573944427249,960937.21097,1957201.293083,I,2026-04-28 22:32:21,2026-03-03 10:51:41
3070000,3070000-S198500001,서울특별시 성북구 삼선동1가 14번지,"서울특별시 성북구 삼선교로 지하 1 (삼선동1가, 한성대입구역)",2860.0,1985-04-30,,사용중,한성대입구역(4호선)(지하1~2층),공공용시설,지하,4881.0,4881,37.0,35.0,18.25,127.0,0.0,21.5,37.58846821549024,127.00631668479429,956414.690406,1954455.834286,I,2026-04-28 22:32:15,2026-02-24 10:45:59
3070000,3070000-S201200001,서울특별시 성북구 하월곡동 229번지,"서울특별시 성북구 동소문로 284 (하월곡동, 길음 서희스타힐스)",2734.0,2012-03-09,,사용중,길음 서희스타힐스 지하주차장(지하1~6층),공공용시설,지하,3252.0,3252,37.0,36.0,19.31,127.0,1.0,38.38,37.6054936352288,127.02714022097776,958262.638584,1956335.267995,I,2026-04-28 22:32:20,2026-02-03 09:55:23
3070000,3070000-S201000009,서울특별시 성북구 장위동 312번지,서울특별시 성북구 화랑로 235 (장위동),2772.0,2010-09-13,,사용중,장위우방아파트(1개동구성)지하주차장(지하1~2층),공공용시설,지하,4371.0,4371,37.0,36.0,36.98,127.0,3.0,18.79,37.61030504533362,127.05551472430868,960769.678258,1956856.837579,I,2026-04-28 22:32:20,2026-04-07 17:29:28
3070000,3070000-S200900003,서울특별시 성북구 석관동 407번지,서울특별시 성북구 화랑로 214 (석관동),2790.0,2009-12-14,,사용중,"석관동 래미안아파트(101,110동) 지하주차장1~2층",공공용시설,지하,29701.11,29701,37.0,36.0,30.92,127.0,3.0,16.19,37.60895306538723,127.05379966746573,960617.593463,1956707.559447,I,2026-04-28 22:32:21,2026-02-27 15:30:41
3070000,3070000-S202500001,서울특별시 성북구 보문동6가 458 보문파크뷰자이,"서울특별시 성북구 보문사길 111 (보문동6가, 보문파크뷰자이)",2874.0,2025-03-25,,사용중,보문파크뷰자이아파트(106-115동)지하주차장 6층,공공용시설,지하,9905.37,9905,37.0,34.0,50.37,127.0,1.0,4.22,37.580659137608,127.017837988151,957427.4190781448,1953584.1702769813,I,2026-04-28 22:32:14,2026-03-03 17:41:45
3070000,3070000-S200200001,서울특별시 성북구 돈암동 609번지 1호,서울특별시 성북구 성북로4길 52 (돈암동),2831.0,2004-05-27,,사용중,한진한신아파트 지하주차장 (지하1층 ~ 지하6층),공공용시설,지하,37000.0,37000,37.0,35.0,42.88,127.0,0.0,41.1,37.59109173462847,127.007046665166,956480.665478,1954746.563165,I,2026-04-28 22:32:15,2026-01-28 17:06:37
3070000,3070000-S201300006,서울특별시 성북구 종암동 135 종암2차 SK VIEW,"서울특별시 성북구 종암로24길 35 (종암동, 종암2차 SK VIEW)",2798.0,2013-07-02,,사용중,종암2차SKVIEW(전동)지하주차장1층~2층,공공용시설,지하,14282.0,14282,37.0,36.0,6.69,127.0,2.0,4.56,37.60144605114783,127.03531756253426,958982.200181,1955882.602976,I,2026-04-28 22:32:20,2026-02-26 13:46:27
3070000,3070000-S201800004,서울특별시 성북구 돈암동 173번지 1호,"서울특별시 성북구 보문로34다길 2 (돈암동, 성신여자대학교)",2844.0,2018-07-26,,사용중,성신여자대학교교직원주차장(수정관) 지하 2층,공공용시설,지하,1325.0,1325,37.0,35.0,27.47,127.0,1.0,20.04,37.59128838881837,127.02096562433546,957709.589907,1954762.022604,I,2026-04-28 22:32:21,2026-03-03 10:49:16
3070000,3070000-S201000017,서울특별시 성북구 동소문동7가 23번지,서울특별시 성북구 동소문로15길 99 (동소문동7가),2830.0,2010-09-08,,사용중,한신휴아파트(122동~124동) 지하2층주차장,공공용시설,지하,8153.0,8153,37.0,35.0,41.83,127.0,0.0,51.06,37.595664508828754,127.01427295318211,957121.250732,1955250.567738,I,2026-04-28 22:32:14,2026-03-03 10:48:53
3070000,3070000-S201000013,서울특별시 성북구 하월곡동 225번지,서울특별시 성북구 오패산로 90 (하월곡동),2741.0,2010-10-06,,사용중,월곡래미안월곡아파트지하주차장 1층~3층,공공용시설,지하,61230.0,61230,37.0,36.0,35.7,127.0,2.0,12.79,37.61003115072345,127.0357964090685,959029.17762,1956834.872701,I,2026-04-28 22:32:17,2026-01-31 11:25:52
3070000,3070000-S200300005,서울특별시 성북구 길음동 877번지 66호,"서울특별시 성북구 동소문로 지하 248 (길음동, 길음역)",2735.0,2003-01-01,,사용중,길음역(지하1~3층),공공용시설,지하,8260.0,8260,37.0,36.0,11.46,127.0,1.0,29.36,37.6031839167711,127.024823213415,958056.8279358336,1956080.0474139336,I,2026-04-28 22:32:21,2026-02-25 14:21:01
3070000,3070000-S201500009,서울특별시 성북구 석관동 408번지,"서울특별시 성북구 화랑로 210-26 (석관동, 석관동 신동아 파밀리에)",2790.0,2015-06-03,,사용중,"신동아파밀리에아파트(103동,104동) 지하3~지하2층",공공용시설,지하,9678.1,9678,37.0,36.0,26.72,127.0,3.0,12.7,37.60783826575047,127.0536289416499,960601.936794,1956583.949016,I,2026-04-28 22:32:20,2026-02-27 15:31:16
3070000,3070000-S202400003,서울특별시 성북구 종암동 29-18 고려대역,"서울특별시 성북구 종암로 지하1, 고려대역 (종암동)",2841.0,2024-11-20,,사용중,고려대역(지하1~4층),공공용시설,지하,9869.0,9869,37.0,35.0,26.34,127.0,2.0,10.63,37.5906497267842,127.036284915155,959061.6749694054,1954684.3784335896,I,2026-04-28 22:32:21,2026-03-03 11:38:54
3070000,3070000-S201200002,서울특별시 성북구 정릉동 1019번지,"서울특별시 성북구 정릉로21길 21 (정릉동, 정릉성원아파트)",2710.0,2012-07-25,,사용중,정릉성원아파트(정릉3동)지하주차장(지하1~2층),공공용시설,지하,7930.09,7930,37.0,36.0,23.39,127.0,0.0,28.94,37.6066593513842,127.00883933181346,956647.961939,1956472.891932,I,2026-04-28 22:32:21,2026-02-24 11:10:29
3070000,3070000-S201200007,서울특별시 성북구 정릉동 210번지,"서울특별시 성북구 서경로 31 (정릉동, 푸른마을 동아아파트)",2716.0,2012-07-25,,사용중,푸른마을동아아파트(101~107동)지하1~3층주차장,공공용시설,지하,18093.0,18093,37.0,36.0,25.14,127.0,0.0,51.98,37.60654543060168,127.01500406003407,957192.026517,1956457.424267,I,2026-04-28 22:32:19,2026-03-27 17:32:01
3070000,3070000-S199100006,서울특별시 성북구 돈암동 1번지 3호,서울특별시 성북구 정릉로 404 (돈암동),2801.0,1991-06-14,,사용중,"돈암현대아파트(103,104,105동)지하주차장(1층)",공공용시설,지하,15662.0,15662,37.0,36.0,15.38,127.0,1.0,38.39,37.60405089766139,127.0270599449166,958254.746657,1956175.238312,I,2026-04-28 22:32:21,2026-02-24 15:25:49
3070000,3070000-S201000010,서울특별시 성북구 장위동 68번지 8호,서울특별시 성북구 장월로8가길 41 (장위동),2769.0,2010-09-13,2023-06-22,사용중지,장위초등학교(운동장지하)주차장,공공용시설,지하,1335.0,1335,37.0,36.0,43.76,127.0,2.0,59.95,37.61136569682841,127.04969106341991,960256.243008,1956976.961706,I,2026-04-28 22:32:21,2023-06-23 12:20:25
3070000,3070000-S201300005,서울특별시 성북구 종암동 104번지 1호,서울특별시 성북구 종암로24가길 53 (종암동),2798.0,2013-07-02,,사용중,종암에스케이아파트(107동 제외)지하2층,공공용시설,지하,40170.0,40170,37.0,36.0,2.25,127.0,2.0,13.63,37.599888816935696,127.03752093756498,959175.843613,1955708.874682,I,2026-04-28 22:32:15,2026-02-26 13:46:06
3070000,3070000-S202600001,서울특별시 성북구 석관동 375-29,서울특별시 성북구 화랑로 338-2 (석관동),2781.0,2026-04-15,,사용중,석계역(6호선)지하3층,공공용시설,지하,12830.0,12830,37.0,36.0,52.46,127.0,3.0,56.18,37.6145715078838,127.065604929772,961662.4357088,1957326.0141738337,I,2026-04-28 22:32:20,2026-04-15 09:46:52
3070000,3070000-S201100002,서울특별시 성북구 길음동 1283번지,서울특별시 성북구 길음로 16 (길음동),2725.0,2011-01-20,,사용중,길음래미안 3차아파트 지하주차장(지하1~3층),공공용시설,지하,18554.0,18554,37.0,36.0,18.75,127.0,1.0,22.51,37.604583814296326,127.02340388007366,957932.333021,1956235.994838,I,2026-04-28 22:32:17,2026-02-25 14:22:52
3070000,3070000-S201400001,서울특별시 성북구 돈암동 630번지,서울특별시 성북구 아리랑로5길 50-8 (돈암동),2826.0,2014-01-27,,사용중,동소문현대아파트 지하 주차장 (지하1층),공공용시설,지하,1022.0,1022,37.0,35.0,53.27,127.0,0.0,45.76,37.5974758837934,127.01250082150209,956965.853706,1955452.342243,I,2026-04-28 22:32:21,2026-01-28 17:09:14
3070000,3070000-S201000012,서울특별시 성북구 정릉동 1021번지,서울특별시 성북구 보국문로30길 15 (정릉동),2701.0,2010-09-17,,사용중,정릉대우아파트 지하주차장(지하1층~지하3층),공공용시설,지하,26865.0,26865,37.0,37.0,2.7,127.0,0.0,12.64,37.61742071760599,127.003904658171,956218.712106,1957669.110568,I,2026-04-28 22:32:21,2026-04-06 16:43:50
3070000,3070000-S201500014,서울특별시 성북구 보문동3가 230번지,서울특별시 성북구 낙산길 255 (보문동3가),2874.0,2015-06-12,,사용중,이편한세상보문(201동) 지하주차장 2층,공공용시설,지하,2982.0,2982,37.0,34.0,59.31,127.0,0.0,57.19,37.58202744207402,127.01546356321184,957218.550502,1953737.055769,I,2026-04-28 22:32:20,2026-03-03 17:41:09
3070000,3070000-S200400003,서울특별시 성북구 길음동 25번지 2호,서울특별시 성북구 도봉로 17 (길음동),2729.0,2004-05-19,,사용중,이마트미아점 지하주차장(지하2층),공공용시설,지하,4114.0,4114,37.0,36.0,39.02,127.0,1.0,47.39,37.61085019216925,127.0300224451112,958520.016879,1956928.27731,I,2026-04-28 22:32:21,2026-02-03 09:50:03
3070000,3070000-S201500013,서울특별시 성북구 보문동4가 116 보문하우스토리,"서울특별시 성북구 고려대로2길 37, 보문하우스토리 (보문동4가)",2852.0,2015-06-12,,사용중,보문하우스토리(101동) 지하주차장 1~4층,공공용시설,지하,11446.0,11446,37.0,35.0,2.16,127.0,1.0,15.33,37.58393448754637,127.02092569731089,957701.90373,1953946.159839,I,2026-04-28 22:32:20,2026-03-03 17:40:27
3070000,3070000-S202000001,서울특별시 성북구 장위동 319 꿈의숲코오롱하늘채아파트,"서울특별시 성북구 돌곶이로 220 (장위동, 꿈의숲코오롱하늘채아파트)",2757.0,2020-08-04,,사용중,꿈의숲코오롱하늘채아파트 지하주차장(지하 1층~3층),공공용시설,지하,28417.0,28417,37.0,37.0,8.55,127.0,2.0,45.46,37.61904210319203,127.0459599693664,959931.058482,1957830.21217,I,2026-04-28 22:32:21,2026-03-03 10:52:04
3070000,3070000-S201300003,서울특별시 성북구 하월곡동 230번지,서울특별시 성북구 종암로 167 (하월곡동),2734.0,2013-07-02,,사용중,이마트 하월곡점 지하주차장(지하4~6층),공공용시설,지하,27730.0,27730,37.0,36.0,18.7,127.0,1.0,51.43,37.60474415149564,127.03122722390462,958622.968229,1956250.30714,I,2026-04-28 22:32:20,2026-02-03 09:56:15
3070000,3070000-S201000016,서울특별시 성북구 하월곡동 225번지,서울특별시 성북구 오패산로 90 (하월곡동),2741.0,2010-10-15,,사용중,월곡3에스에이치빌지하주차장 1층~2층,공공용시설,지하,5713.0,5713,37.0,36.0,34.58,127.0,2.0,12.55,37.61003115072345,127.0357964090685,959029.17762,1956834.872701,I,2026-04-28 22:32:21,2026-01-31 11:21:49
3070000,3070000-S201200010,서울특별시 성북구 정릉동 1034번지,"서울특별시 성북구 정릉로 307 (정릉동, 라온유 아파트)",2719.0,2012-09-24,,사용중,길음뉴타운10단지라온유아파트 지하주차장 2층~4층,공공용시설,지하,9604.5,9604,37.0,36.0,10.95,127.0,1.0,6.5,37.60316085569468,127.01764296728132,957423.020951,1956080.720544,I,2026-04-28 22:32:19,2026-02-03 09:53:00
3070000,3070000-S202200001,서울특별시 성북구 장위동 189-3,서울특별시 성북구 돌곶이로40길 46(장위동),2762.0,2022-02-28,,사용중,꿈의숲 아이파크 지하주차장(지하2층),공공용시설,지하,38599.0,38599,37.0,37.0,11.29,127.0,2.0,55.07,37.61978888880841,127.0485989110013,960164.344251,1957911.941614,I,2026-04-28 22:32:21,2026-02-26 15:45:18
3070000,3070000-S199100001,서울특별시 성북구 하월곡동 218번지,서울특별시 성북구 종암로36길 52 (하월곡동),2739.0,1991-05-01,,사용중,하월곡아남아파트지하주차장 1층,공공용시설,지하,900.0,900,37.0,36.0,21.14,127.0,2.0,4.01,37.60603859415623,127.03449446685718,958912.070683,1956392.485012,I,2026-04-28 22:32:15,2026-02-24 11:46:07
3070000,3070000-S200300010,서울특별시 성북구 상월곡동 101번지,서울특별시 성북구 장월로1길 28 (상월곡동),2753.0,2003-06-20,,사용중,동아에코빌아파트 지하주차장(지하1~3층),공공용시설,지하,34487.0,34487,37.0,36.0,31.57,127.0,2.0,44.17,37.60712599138684,127.0459952134369,959927.775058,1956508.156122,I,2026-04-28 22:32:21,2026-02-26 09:41:22
3070000,3070000-S200400009,서울특별시 성북구 석관동 349번지 8호,서울특별시 성북구 화랑로 지하 243 (석관동),2772.0,2004-06-14,,사용중,"돌곶이역(6호선)(지하1~2층) 5,,6,7,8 출구",공공용시설,지하,5220.0,5220,37.0,36.0,37.58,127.0,3.0,22.78,37.610646589261336,127.05644652606384,960852.098642,1956894.341401,I,2026-04-28 22:32:21,2026-02-27 15:29:10
3070000,3070000-S201800006,서울특별시 성북구 정릉동 239번지,"서울특별시 성북구 솔샘로25길 28 (정릉동, 정릉풍림아이원아파트)",2702.0,2018-07-30,,사용중,정릉풍림아이원아파트(지하주차장)(지하1~2층),공공용시설,지하,11515.0,11515,37.0,37.0,4.56,127.0,0.0,28.02,37.61735624838335,127.00755482920604,956540.810656,1957660.261695,I,2026-04-28 22:32:21,2026-04-09 16:59:54
3070000,3070000-S200800003,서울특별시 성북구 장위동 225번지 100호,서울특별시 성북구 장위로 61 (장위동),2756.0,2008-04-21,2023-06-21,사용중지,장위1동주민센터 지하주차장(지하2층),공공용시설,지하,420.18,420,37.0,36.0,50.62,127.0,2.0,37.32,37.613975761939855,127.04360353772886,959720.369797,1957269.131725,I,2026-04-28 22:32:17,2023-06-21 17:47:08
3070000,3070000-S200200002,서울특별시 성북구 삼선동4가 73번지,서울특별시 성북구 삼선교로23길 23 (삼선동4가),2861.0,2002-07-02,,사용중,삼선동코오롱아파트(101~105동)주차장(지하1~2층),공공용시설,지하,9086.9,9086,37.0,35.0,25.86,127.0,0.0,49.66,37.5905165056872,127.013794455554,957076.0531212334,1954679.6389068668,I,2026-04-28 22:32:21,2026-04-09 10:10:41
3070000,3070000-S201200003,서울특별시 성북구 정릉동 1022번지,"서울특별시 성북구 정릉로 185-4 (정릉동, 대동아파트)",2710.0,2012-07-25,,사용중,대동아파트(정릉3동)지하주차장(지하1층),공공용시설,지하,1901.83,1901,37.0,36.0,28.18,127.0,0.0,21.1,37.60779905337602,127.0058780563627,956387.250323,1956600.708463,I,2026-04-28 22:32:20,2026-02-24 11:13:18
3070000,3070000-S199200003,서울특별시 성북구 안암동5가 126번지 1호,"서울특별시 성북구 고려대로 73 (안암동5가, 고려대병원)",2841.0,1992-06-15,,사용중,"고려대학교 안암병원 지하주차장 B2,B3",공공용시설,지하,1143.81,1143,37.0,35.0,13.25,127.0,1.0,37.93,37.58649716291098,127.02745249685496,958279.597079,1954227.557539,I,2026-04-28 22:32:15,2026-03-03 11:35:49
3070000,3070000-S200400005,서울특별시 성북구 보문동1가 127번지 1호,서울특별시 성북구 보문로 지하 116 (보문동1가),2851.0,2004-06-14,,사용중,보문역 대합실 지하1~3층,공공용시설,지하,6952.0,6952,37.0,35.0,7.32,127.0,1.0,10.11,37.58539938110347,127.0194707727428,957574.27715,1954109.338938,I,2026-04-28 22:32:17,2026-03-03 17:39:17
3070000,3070000-S201100006,서울특별시 성북구 길음동 1286번지,서울특별시 성북구 길음로9길 50 (길음동),2721.0,2011-01-20,,사용중,길음뉴타운래미안9단지아파트5차지하주차장(지하1~3층),공공용시설,지하,19360.0,19360,37.0,36.0,17.12,127.0,1.0,10.88,37.6047561809492,127.019689188207,957604.5444992668,1956256.7889741005,I,2026-04-28 22:32:18,2026-02-25 14:23:54
3070000,3070000-S202000002,서울특별시 성북구 장위동 144-24 래미안장위포레카운티,"서울특별시 성북구 장월로 160 (장위동, 래미안장위포레카운티)",2763.0,2020-08-04,,사용중,래미안장위포레카운티아파트 지하주차장(지하 1층~2층),공공용시설,지하,40491.35,40491,37.0,37.0,7.2,127.0,3.0,8.92,37.61860831856987,127.0525034093952,960508.28935,1957779.312401,I,2026-04-28 22:32:21,2026-03-03 10:52:23
3070000,3070000-S201400002,서울특별시 성북구 돈암동 642번지,서울특별시 성북구 아리랑로5길 92 (돈암동),2826.0,2014-01-27,,사용중,돈암신일해피트리아파트 지하주차장 (지하1층 ~ 지하3층,공공용시설,지하,11380.0,11380,37.0,35.0,53.93,127.0,0.0,43.26,37.59803412974152,127.01115260199934,956847.160862,1955514.895823,I,2026-04-28 22:32:21,2026-01-28 17:09:38
3070000,3070000-S198500005,서울특별시 성북구 동선동4가 1번지,"서울특별시 성북구 동소문로 지하 102 (동선동4가, 성신여대입구역)",2845.0,1985-06-14,,사용중,성신여대역(4호선) 지하1층,공공용시설,지하,7780.0,7780,37.0,35.0,33.18,127.0,0.0,58.68,37.59262416260452,127.01655382369928,957320.865045,1954912.216233,I,2026-04-28 22:32:15,2026-03-03 10:48:42
3070000,3070000-S200300009,서울특별시 성북구 하월곡동 219번지,서울특별시 성북구 오패산로3길 17 (하월곡동),2740.0,2010-10-06,,사용중,하월곡동신아파트지하주차장 1층~2층,공공용시설,지하,18284.0,18284,37.0,36.0,15.9,127.0,2.0,4.5,37.60428045759303,127.03629854345856,959070.345403,1956196.639598,I,2026-04-28 22:32:21,2026-02-24 11:45:36
3070000,3070000-S201800005,서울특별시 성북구 동소문동7가 120번지,"서울특별시 성북구 아리랑로5길 25 (동소문동7가, 브라운스톤 동선아파트)",2830.0,2018-07-26,,사용중,브라운스톤동선아파트 지하1층 주차장,공공용시설,지하,7764.0,7764,37.0,35.0,46.87,127.0,0.0,50.51,37.596699893100975,127.01384389042612,957083.96859,1955365.634939,I,2026-04-28 22:32:21,2026-03-03 10:49:27
3070000,3070000-S201000015,서울특별시 성북구 하월곡동 222 월곡두산위브아파트(임대),"서울특별시 성북구 오패산로 46 (하월곡동, 월곡두산위브아파트)",2750.0,2010-10-15,,사용중,월곡두산위브아파트(임대) 지하주차장 1층~3층,공공용시설,지하,14767.0,14767,37.0,36.0,22.53,127.0,2.0,13.22,37.6062595890033,127.0370045554,959133.7462515336,1956415.9079056336,I,2026-04-28 22:32:17,2026-01-31 11:22:54
3070000,3070000-S202400002,서울특별시 성북구 정릉동 1035 정릉2차 e-편한세상,"서울특별시 성북구 북악산로 851 (정릉동, 정릉2차 e-편한세상)",2818.0,2024-10-10,,사용중,정릉2차e편한세상아파트지하주차장(지하1~3층),공공용시설,지하,25006.27,25006,37.0,35.0,56.71,127.0,1.0,7.91,37.5990869590063,127.018865029979,957528.575472716,1955628.1863615708,I,2026-04-28 22:32:15,2026-02-03 09:54:58
3070000,3070000-S201200012,서울특별시 성북구 정릉동 1014번지,"서울특별시 성북구 북악산로 828 (정릉동, 정릉스카이쌍용아파트)",2827.0,2012-09-24,,사용중,정릉스카이쌍용아파트 지하주차장 1층~3층,공공용시설,지하,16739.93,16739,37.0,35.0,58.14,127.0,1.0,0.7,37.60011868864879,127.01623194498724,957296.732358,1955743.84633,I,2026-04-28 22:32:21,2026-02-03 09:53:41
3070000,3070000-S200900005,서울특별시 성북구 안암동1가 361번지,"서울특별시 성북구 고려대로17가길 64 (안암동1가, 래미안안암)",2843.0,2009-12-14,,사용중,안암래미안아파트 101동 지하주차장 1층,공공용시설,지하,17331.0,17331,37.0,35.0,21.21,127.0,1.0,23.78,37.58889706396964,127.02344934254656,957927.514262,1954495.600817,I,2026-04-28 22:32:21,2026-03-03 11:38:18
3070000,3070000-S201300012,서울특별시 성북구 돈암동 603번지,서울특별시 성북구 아리랑로5길 85 (돈암동),2825.0,2013-07-10,,사용중,돈암더샵 지하주차장 (지하1층 ~ 지하3층),공공용시설,지하,12515.0,12515,37.0,35.0,51.31,127.0,0.0,37.27,37.5978479807446,127.01054897182648,956793.767636,1955494.520981,I,2026-04-28 22:32:21,2026-01-28 17:08:56
3070000,3070000-S201500004,서울특별시 성북구 하월곡동 223번지,서울특별시 성북구 오패산로4길 11 (하월곡동),2751.0,2015-06-03,,사용중,수산동양빌 지하주차장(지하1~2층),공공용시설,지하,500.0,500,37.0,36.0,14.91,127.0,2.0,17.67,37.604100065650975,127.03831004980884,959247.79813,1956175.750972,I,2026-04-28 22:32:20,2026-02-03 13:55:39
3070000,3070000-S201200004,서울특별시 성북구 정릉동 494번지,"서울특별시 성북구 아리랑로19길 60 (정릉동, 중앙하이츠빌1단지아파트)",2813.0,2012-07-25,,사용중,정릉중앙하이츠빌1단지(101~105동) 지하주차장3층,공공용시설,지하,4783.02,4783,37.0,36.0,7.89,127.0,0.0,35.98,37.60213783262788,127.01020182410193,956765.605526,1955970.620829,I,2026-04-28 22:32:19,2026-03-27 17:30:37
3070000,3070000-S201500010,서울특별시 성북구 장위동 314번지,서울특별시 성북구 돌곶이로41가길 54 (장위동),2754.0,2015-06-11,,사용중,그린빌아파트 지하주차장(지하1층),공공용시설,지하,793.37,793,37.0,37.0,3.52,127.0,2.0,34.53,37.617675755219885,127.04302373798971,959671.197226,1957679.879133,I,2026-04-28 22:32:20,2026-02-26 15:45:03
3070000,3070000-S201200008,서울특별시 성북구 정릉동 406번지,"서울특별시 성북구 보국문로 19 (정릉동, 정릉푸르지오아파트)",2710.0,2012-07-25,,사용중,정릉푸르지오아파트(101~7동)지하주차장(지하1~2층),공공용시설,지하,16596.0,16596,37.0,36.0,24.09,127.0,0.0,34.76,37.60632295300522,127.01065884173002,956808.366515,1956434.731394,I,2026-04-28 22:32:19,2026-03-27 17:32:33
3070000,3070000-S201500012,서울특별시 성북구 보문동3가 2번지,서울특별시 성북구 지봉로21길 19 (보문동3가),2870.0,2015-06-12,,사용중,"보문아이파크아파트(103,104동) 지하주차장 1,2층",공공용시설,지하,6854.0,6854,37.0,35.0,5.55,127.0,1.0,2.01,37.58556182288587,127.01723791489104,957377.230491,1954128.371915,I,2026-04-28 22:32:20,2026-03-03 17:42:00
3070000,3070000-S201200014,서울특별시 성북구 정릉동 1018 길음뉴타운 데시앙,"서울특별시 성북구 서경로 28 (정릉동, 길음뉴타운 데시앙)",2719.0,2012-09-24,,사용중,데시앙 1단지 지하주차장 2층/ 2단지 지하주차장 1층,공공용시설,지하,7367.83,7367,37.0,36.0,23.72,127.0,0.0,59.6,37.6061506757284,127.01512433763271,957202.416658,1956413.57309,I,2026-04-28 22:32:21,2026-02-03 09:54:00
3070000,3070000-S200300006,서울특별시 성북구 길음동 1276번지,서울특별시 성북구 동소문로 248 (길음동),2735.0,2003-01-01,,사용중,길음삼부컨비니언아파트 지하주차장(지하1층),공공용시설,지하,12839.0,12839,37.0,36.0,12.37,127.0,1.0,28.05,37.60330689154705,127.02410194027568,957993.230965,1956094.013364,I,2026-04-28 22:32:15,2026-02-25 14:21:32
3070000,3070000-S201500008,서울특별시 성북구 삼선동2가 425번지,서울특별시 성북구 보문로29다길 31 (삼선동2가),2875.0,2015-06-03,,사용중,삼선푸르지오아파트(103~124동)주차장(지하1층),공공용시설,지하,42400.77,42400,37.0,35.0,3.47,127.0,0.0,48.0,37.5842978258122,127.013334558273,957031.8768483,1953989.9157391333,I,2026-04-28 22:32:20,2026-02-25 18:59:54
3070000,3070000-S200700001,서울특별시 성북구 종암동 80번지,서울특별시 성북구 종암로25길 30 (종암동),2803.0,2007-03-21,,사용중,"래미안크리시엘(109,110,114제외)지하1층~3층",공공용시설,지하,40424.0,40424,37.0,36.0,5.38,127.0,1.0,51.92,37.60037089894122,127.03137826099122,958633.878365,1955765.047763,I,2026-04-28 22:32:21,2026-03-09 14:29:53
3070000,3070000-S201000006,서울특별시 성북구 길음동 1278번지,"서울특별시 성북구 숭인로2길 61 (길음동, 길음동동부센트레빌아파트)",2726.0,2010-09-07,,사용중,길음동동부센트레빌아파트 지하주차장(지하1~4층),공공용시설,지하,54959.0,54959,37.0,36.0,34.81,127.0,1.0,28.65,37.608858568048085,127.02384745454025,957973.891418,1956710.061483,I,2026-04-28 22:32:21,2026-02-03 09:50:45
3070000,3070000-S201000011,서울특별시 성북구 정릉동 1031번지,서울특별시 성북구 보국문로 116 (정릉동),2702.0,2010-09-17,,사용중,정릉힐스테이트3차 아파트 지하주차장(지하1층-지하2층),공공용시설,지하,22237.0,22237,37.0,36.0,49.87,127.0,0.0,24.83,37.61394960811016,127.0064568076044,956441.920436,1957282.817935,I,2026-04-28 22:32:17,2026-04-06 17:12:37
3070000,3070000-S200400004,서울특별시 성북구 안암동5가 146번지 1호,"서울특별시 성북구 고려대로 지하 89 (안암동5가, 안암역)",2842.0,2004-06-14,,사용중,안암역 지하 1~3층,공공용시설,지하,10587.0,10587,37.0,35.0,10.58,127.0,1.0,43.2,37.58634724991531,127.02926665726326,958439.683751,1954210.121177,I,2026-04-28 22:32:15,2026-03-03 11:36:58
3070000,3070000-S201000008,서울특별시 성북구 장위동 50번지 50호,서울특별시 성북구 화랑로 271 (장위동),2775.0,2010-09-13,,사용중,동원베네스트아파트(1개동구성)지하주차장(지하1~2층),공공용시설,지하,1729.0,1729,37.0,36.0,43.75,127.0,3.0,31.78,37.612102757238695,127.0588547176142,961065.405179,1957054.895326,I,2026-04-28 22:32:17,2026-01-28 09:31:45
3070000,3070000-S201300008,서울특별시 성북구 종암동 132번지,서울특별시 성북구 종암로 132 (종암동),2797.0,2013-07-02,,사용중,종암우림카이저팰리스아파트(전동)지하1층~지하3층,공공용시설,지하,10803.0,10803,37.0,36.0,6.86,127.0,2.0,0.72,37.6018686607389,127.0333870802982,958812.027369,1955930.334649,I,2026-04-28 22:32:20,2026-02-26 13:46:51
3070000,3070000-S201500017,서울특별시 성북구 보문동6가 36번지 2호,"서울특별시 성북구 보문사길 112 (보문동6가, 아남아파트)",2874.0,2015-06-12,2023-06-28,사용중지,아남아파트(101동) 지하주차장 1층,공공용시설,지하,530.0,530,37.0,34.0,53.24,127.0,1.0,1.61,37.5807953972867,127.01760085787268,957406.559117,1953599.395125,I,2026-04-28 22:32:21,2023-06-29 09:59:12
3070000,3070000-S201000007,서울특별시 성북구 하월곡동 88번지 64호,서울특별시 성북구 동소문로44길 43 (하월곡동),2733.0,2010-09-07,,사용중,성북힐스테이트 지하주차장(지하1~4층),공공용시설,지하,12656.0,12656,37.0,36.0,23.55,127.0,1.0,49.8,37.606492406294215,127.0304180510104,958552.514853,1956444.625203,I,2026-04-28 22:32:17,2026-02-03 09:51:08
3070000,3070000-S199800005,서울특별시 성북구 돈암동 632번지,서울특별시 성북구 북악산로 913 (돈암동),2808.0,1998-12-09,,사용중,"풍림아파트(102,104) 지하주차장 3층",공공용시설,지하,5096.0,5096,37.0,35.0,46.12,127.0,1.0,23.58,37.59554878250615,127.02294926392472,957887.112786,1955233.802327,I,2026-04-28 22:32:16,2026-02-24 15:31:59
3070000,3070000-S200100007,서울특별시 성북구 삼선동2가 389 한성대학교,"서울특별시 성북구 삼선교로16길 116, 한성대학교 (삼선동2가)",2876.0,2001-07-16,,사용중,한성대학교 지하주차장(지하1~2층),공공용시설,지하,7945.62,7945,37.0,34.0,59.35,127.0,0.0,39.83,37.5831514525839,127.011064789015,956830.8136704668,1953863.7717191332,I,2026-04-28 22:32:15,2026-02-27 18:32:26
3070000,3070000-S201800003,서울특별시 성북구 정릉동 289번지 94호 북한산보국문역,"서울특별시 성북구 보국문로 지하 88, 북한산보국문역 (정릉동)",2711.0,2018-07-02,2023-11-05,사용중지,우이신설경전철 북한산보국문역(지하1층~지하2층),공공용시설,지하,1849.0,1849,37.0,36.0,43.53,127.0,0.0,29.88,37.61202589649435,127.00846018202422,956617.613562,1957068.462463,I,2026-04-28 22:32:20,2023-11-05 18:01:50
3070000,3070000-S201000001,서울특별시 성북구 정릉동 435번지,서울특별시 성북구 정릉로26길 8 (정릉동),2814.0,2010-06-10,,사용중,정릉중앙하이츠빌2단지(201~209동) 지하주차장2층,공공용시설,지하,24544.91,24544,37.0,36.0,15.24,127.0,0.0,38.46,37.6042325995661,127.010682764097,956809.2694019,1956202.8047236004,I,2026-04-28 22:32:17,2026-03-27 17:31:03
3070000,3070000-S200000001,서울특별시 성북구 상월곡동 26번지 1호,서울특별시 성북구 화랑로 지하 157 (상월곡동),2773.0,2000-08-07,,사용중,상월곡역(지하철6호선)(지하1~3층),공공용시설,지하,6600.0,6600,37.0,36.0,22.53,127.0,2.0,53.99,37.60631726604958,127.04826611952008,960127.783421,1956417.464828,I,2026-04-28 22:32:15,2026-02-26 09:42:28
3070000,3070000-S201100011,서울특별시 성북구 동선동1가 1번지 2호,서울특별시 성북구 동소문로 106 (동선동1가),2845.0,2011-06-03,,사용중,유타쇼핑몰  지하주차장1~6층,공공용시설,지하,7825.0,7825,37.0,35.0,33.01,127.0,1.0,1.03,37.59267531405664,127.01704922044838,957364.628639,1954917.666244,I,2026-04-28 22:32:19,2026-03-03 10:49:05
3070000,3070000-S199600003,서울특별시 성북구 석관동 10번지,서울특별시 성북구 화랑로48길 16 (석관동),2780.0,1996-05-01,,사용중,두산아파트(지하1층 ~지하3층),공공용시설,지하,17976.0,17976,37.0,36.0,45.73,127.0,4.0,9.78,37.614063352853286,127.0671213904932,961796.011727,1957269.018363,I,2026-04-28 22:32:15,2026-02-27 15:27:58
3070000,3070000-S201200011,서울특별시 성북구 정릉동 1025번지,"서울특별시 성북구 정릉로 292 (정릉동, 정릉힐스테이트)",2815.0,2012-09-24,,사용중,정릉힐스테이트 지하주차장 1층~2층,공공용시설,지하,17635.0,17635,37.0,36.0,10.77,127.0,0.0,57.48,37.60318640455343,127.01577611109268,957258.24978,1956084.403242,I,2026-04-28 22:32:19,2026-02-03 09:53:22
3070000,3070000-S201500003,서울특별시 성북구 하월곡동 227번지,서울특별시 성북구 화랑로11길 26 (하월곡동),2751.0,2015-06-03,,사용중,"월곡갑을명가 지하주차장(지하3,4)",공공용시설,지하,2293.0,2293,37.0,36.0,11.71,127.0,2.0,31.45,37.60332256861638,127.04195448840592,959569.064466,1956087.915636,I,2026-04-28 22:32:20,2026-02-26 09:42:07
3070000,3070000-S201500016,서울특별시 성북구 돈암동 643번지,"서울특별시 성북구 동소문로34길 73 (돈암동, 길음역금호어울림센터힐)",2807.0,2015-08-28,,사용중,"길음역금호어울림센터힐(102,105동)지하주차장1~4층",공공용시설,지하,22448.0,22448,37.0,36.0,4.01,127.0,1.0,23.06,37.60085873004937,127.02375806938385,957961.500259,1955822.554627,I,2026-04-28 22:32:20,2026-02-24 15:34:05
3070000,3070000-S201200016,서울특별시 성북구 정릉동 1015 길음뉴타운 경남아너스빌,"서울특별시 성북구 정릉로 305 (정릉동, 길음뉴타운 경남아너스빌)",2719.0,2012-09-24,,사용중,길음뉴타운 경남아너스빌 지하주차장 1층~3층,공공용시설,지하,23056.0,23056,37.0,36.0,16.53,127.0,1.0,2.25,37.603190813963685,127.01747102782213,957407.861084,1956084.122262,I,2026-04-28 22:32:19,2026-02-03 09:54:17
3070000,3070000-S198600002,서울특별시 성북구 정릉동 653번지 40호,"서울특별시 성북구 정릉로 157 (정릉동, 백산빌딩)",2708.0,1986-12-27,,사용중,정릉길지하보도(지하1층),공공용시설,지하,120.64,120,37.0,36.0,28.3,127.0,0.0,9.58,37.60781971616517,127.00261895575446,956099.602188,1956604.519857,I,2026-04-28 22:32:15,2026-02-24 11:10:07
3070000,3070000-S201100009,서울특별시 성북구 장위동 316번지 5호,서울특별시 성북구 한천로101길 18 (장위동),2759.0,2011-02-16,,사용중,참누리아파트 지하주차장(지하 1층~2층),공공용시설,지하,14251.0,14251,37.0,37.0,23.77,127.0,2.0,58.26,37.62272670032414,127.04978767573722,960270.815443,1958237.375623,I,2026-04-28 22:32:19,2026-03-03 10:51:20
3070000,3070000-S199600002,서울특별시 성북구 석관동 110번지 2호,서울특별시 성북구 한천로76길 73 (석관동),2781.0,1996-05-01,,사용중,석관동 중앙하이츠 지하주차장(지하1~2층),공공용시설,지하,5035.0,5035,37.0,36.0,42.41,127.0,3.0,59.22,37.61079022505807,127.06673399886571,961760.146075,1956906.03704,I,2026-04-28 22:32:15,2026-02-27 15:27:13
3070000,3070000-S201300002,서울특별시 성북구 하월곡동 230번지,서울특별시 성북구 종암로 167 (하월곡동),2734.0,2013-07-02,,사용중,동일하이빌뉴시티 지하주차장(지하3~6층),공공용시설,지하,65472.0,65472,37.0,36.0,18.18,127.0,1.0,51.53,37.60474415149564,127.03122722390462,958622.968229,1956250.30714,I,2026-04-28 22:32:20,2026-02-03 09:55:35
3070000,3070000-S201300011,서울특별시 성북구 돈암동 639번지,서울특별시 성북구 아리랑로 68 (돈암동),2827.0,2013-07-10,,사용중,돈암힐스테이트 지하주차장 (지하1층 ~ 지하3층),공공용시설,지하,8141.0,8141,37.0,35.0,54.69,127.0,0.0,52.71,37.59865438618319,127.0145333896095,957145.956348,1955582.162297,I,2026-04-28 22:32:20,2026-01-28 17:08:34
3070000,3070000-S200900001,서울특별시 성북구 삼선동5가 411번지,서울특별시 성북구 보문로 168 (삼선동5가),2848.0,2009-11-09,,사용중,성북구청(지하1~4층),공공용시설,지하,11611.0,11611,37.0,35.0,21.98,127.0,1.0,0.37,37.5894401686157,127.016770025538,957338.1342138334,1954558.8685895,I,2026-04-28 22:32:17,2026-04-09 16:11:32
3070000,3070000-S201100001,서울특별시 성북구 길음동 1282번지,서울특별시 성북구 길음로 74 (길음동),2724.0,2011-01-20,,사용중,길음래미안2차아파트 지하주차장(지하2층),공공용시설,지하,13983.0,13983,37.0,36.0,32.13,127.0,1.0,15.18,37.6090840432268,127.02052940515226,957681.160212,1956736.567453,I,2026-04-28 22:32:17,2026-02-25 14:22:37
3070000,3070000-S201300007,서울특별시 성북구 종암동 133 래미안세레니티,"서울특별시 성북구 종암로23길 35 (종암동, 래미안세레니티)",2804.0,2013-07-02,,사용중,래미안세레니티아파트(전동) 지하1층~2층,공공용시설,지하,42046.0,42046,37.0,35.0,55.71,127.0,1.0,56.67,37.59957745343893,127.03199133822346,958687.557422,1955676.748671,I,2026-04-28 22:32:20,2026-02-26 13:45:33
3070000,3070000-S200100005,서울특별시 성북구 동소문동4가 279번지,서울특별시 성북구 동소문로3길 101 (동소문동4가),2832.0,2001-07-16,,사용중,동소문송산아파트 101동 지하주차장(지하1~3층),공공용시설,지하,11361.0,11361,37.0,35.0,31.07,127.0,0.0,34.47,37.59199452610886,127.00995146435226,956737.633709,1954845.381738,I,2026-04-28 22:32:15,2026-02-24 10:46:40
3080000,3080000-S200000024,서울특별시 강북구 미아동 131-30 풍양빌딩,"서울특별시 강북구 도봉로 136, 풍양빌딩 (미아동)",1161.0,2000-02-10,2026-02-04,사용중지,풍양빌딩(지하1~3층),공공용시설,지하,1826.0,1826,37.0,37.0,15.73,127.0,1.0,42.52,37.6210354776461,127.028477658505,958389.350274,1958058.9755610332,I,2026-04-26 22:31:20,2026-02-04 10:45:16
3080000,3080000-S200000014,서울특별시 강북구 수유동 192번지 59호,"서울특별시 강북구 도봉로89길 13 (수유동, 강북구청)",1071.0,2000-01-01,2026-01-01,사용중지,강북구청(지하1층)-수유3동,공공용시설,지하,1487.61,1487,37.0,38.0,22.83,127.0,1.0,32.12,37.63933045820262,127.02565865880574,958150.839365,1960089.985299,I,2026-04-26 22:31:20,2025-12-22 14:05:30
3080000,3080000-S200600027,서울특별시 강북구 미아동 1354 벽산라이브파크,"서울특별시 강북구 솔샘로 159, 101동 (미아동, 벽산라이브파크)",1191.0,2006-01-01,2006-01-01,사용중지,벽산라이브파크 아파트 101동 P1 주차장,공공용시설,지하,7000.0,7000,37.0,37.0,11.36,127.0,0.0,36.62,37.619822259865,127.010171853991,956773.1971019334,1957932.6471514,I,2026-04-26 22:31:20,2026-03-05 11:41:17
3080000,3080000-S201100002,서울특별시 강북구 미아동 152번지,"서울특별시 강북구 도봉로76길 56 (미아동, 미아요진아파트)",1131.0,2011-05-19,,사용중,미아요진아파트- 미아동(지하2층),공공용시설,지하,1894.07,1894,37.0,38.0,1.25,127.0,1.0,35.82,37.6336809315643,127.026615715233,958232.114553,1959462.7653812,I,2026-04-26 22:31:20,2026-01-29 14:23:05
3080000,3080000-S200300017,서울특별시 강북구 번동 760번지,서울특별시 강북구 오현로31길 89 (번동),1144.0,2003-03-15,,사용중,오동공원 현대홈타운 아파트(지하2층)-번2동,공공용시설,지하,5481.58,5481,37.0,37.0,54.42,127.0,2.0,10.2,37.6317833792871,127.036165831445,959073.7094281334,1959248.0311437668,I,2026-04-26 22:31:20,2026-03-05 11:51:47
3080000,3080000-S200100007,서울특별시 강북구 미아동 194-1 미아역,"서울특별시 강북구 도봉로 지하198, 미아역 (미아동)",1133.0,2001-04-09,,사용중,미아역-미아동(지하1층~2층),공공용시설,지하,3389.0,3389,37.0,37.0,35.33,127.0,1.0,33.94,37.626342320959374,127.02616877682188,958188.568655,1958648.77445,I,2026-04-26 22:31:20,2026-03-05 11:47:22
3080000,3080000-S200200003,서울특별시 강북구 미아동 1351번지,"서울특별시 강북구 도봉로 157 (미아동, 두원프라자)",1171.0,2002-01-01,,사용중,두원프라자아파트 지하 3~5층 주차장 - 송천동,공공용시설,지하,1818.19,1818,37.0,37.0,21.93,127.0,1.0,37.21,37.6227592298612,127.027002347198,958260.120823029,1958250.8739052557,I,2026-04-26 22:31:20,2026-01-28 14:18:58
3080000,3080000-S200000019,서울특별시 강북구 수유동 221번지 49호,"서울특별시 강북구 노해로 50 (수유동, 성실교회)",1072.0,2006-01-02,,사용중,성실교회(지하2~3층 주차장)-수유3동,공공용시설,지하,1322.32,1322,37.0,38.0,24.01,127.0,1.0,22.05,37.6400041512411,127.022792458271,957898.3451175332,1960166.0113878665,I,2026-04-26 22:31:20,2026-01-28 16:34:46
3080000,3080000-S200300033,서울특별시 강북구 수유동 205번지,"서울특별시 강북구 삼각산로 143-1 (수유동, 수유벽산아파트)",1042.0,2003-01-01,,사용중,벽산아파트(지하1층 주차장) (수유2동),공공용시설,지하,8796.0,8796,37.0,38.0,31.8,127.0,1.0,4.5,37.641296081132,127.02021741746329,957671.893699,1960310.50492,I,2026-04-26 22:31:20,2026-03-05 11:53:01
3080000,3080000-S200600016,서울특별시 강북구 번동 657번지,"서울특별시 강북구 오현로 128 (번동, 번동동문아파트)",1223.0,2006-09-01,,사용중,동문아파트-번3동(지하2층),공공용시설,지하,3140.0,3140,37.0,37.0,26.33,127.0,2.0,17.15,37.62378910907936,127.03774767686322,959208.915131,1958360.410276,I,2026-04-26 22:31:20,2026-02-05 16:12:07
3080000,3080000-S200600017,서울특별시 강북구 번동 136번지,"서울특별시 강북구 한천로109길 83 (번동, 솔그린아파트)",1227.0,2006-09-01,,사용중,솔그린아파트(지하 2층) (번3동),공공용시설,지하,2287.0,2287,37.0,37.0,36.89,127.0,2.0,22.92,37.62676913740358,127.03977361099486,959389.314384,1958690.153662,I,2026-04-26 22:31:20,2026-02-05 16:12:24
3080000,3080000-S200900001,서울특별시 강북구 수유동 605번지 407호,"서울특별시 강북구 삼양로79길 5 (수유동, 삼각산공원공영주차장)",1102.0,2009-01-21,2023-12-11,사용중지,수유일공원 주차장-수유1동(지하 1층),공공용시설,지하,2412.0,2412,37.0,37.0,50.2,127.0,1.0,2.72,37.63070972460391,127.01741934146874,957418.995171,1959137.254874,I,2026-04-26 22:31:20,2023-12-11 10:58:11
3080000,3080000-S200900004,서울특별시 강북구 번동 417번지 6호,서울특별시 강북구 한천로 1003 (번동),1064.0,2009-08-10,,사용중,포르텔오피스텔(지하2층 주차장)(번1동),공공용시설,지하,653.0,653,37.0,38.0,16.37,127.0,1.0,46.1,37.63778535898896,127.02955998665564,958494.179711,1959916.82931,I,2026-04-26 22:31:20,2026-03-04 16:17:27
3080000,3080000-S200900005,서울특별시 강북구 번동 410번지,"서울특별시 강북구 덕릉로41길 12 (번동, 수유역 두산위브 아파트 1)",1067.0,2009-08-06,,사용중,수유역두산위브아파트1 지하1층 주차장(번1동),공공용시설,지하,5612.73,5612,37.0,38.0,8.43,127.0,1.0,55.35,37.6358093514046,127.03143638172357,958658.635759,1959696.770393,I,2026-04-26 22:31:20,2026-03-05 09:11:01
3080000,3080000-S200900006,서울특별시 강북구 번동 411번지,"서울특별시 강북구 덕릉로41길 15 (번동, 수유역 두산위브 아파트 2)",1067.0,2009-08-06,,사용중,수유역두산위브아파트2 지하1층 주차장(번1동),공공용시설,지하,3364.49,3364,37.0,38.0,8.41,127.0,1.0,51.53,37.63590348004654,127.03113684656724,958632.259809,1959707.345626,I,2026-04-26 22:31:20,2026-03-05 09:11:15
3080000,3080000-S200900007,서울특별시 강북구 미아동 70번지 6호,"서울특별시 강북구 도봉로 62 (미아동, 롯데백화점)",1215.0,2011-10-05,,사용중,롯데백화점(송중동)(지하3~6층),공공용시설,지하,21970.0,21970,37.0,36.0,52.68,127.0,1.0,49.85,37.61451935577698,127.0302909735978,958545.754021,1957335.236714,I,2026-04-26 22:31:20,2026-03-05 11:49:17
3080000,3080000-S200900009,서울특별시 강북구 미아동 797번지,"서울특별시 강북구 삼양로 256 (미아동, 래미안미아1차아파트)",1122.0,2009-12-07,,사용중,삼양동 삼성레미안아파트 주차장 지하2층,공공용시설,지하,14000.0,14000,37.0,37.0,33.16,127.0,1.0,7.4,37.62620088475845,127.0186329538171,957523.51418,1958636.466803,I,2026-04-26 22:31:20,2026-01-28 14:49:09
3080000,3080000-S201100003,서울특별시 강북구 미아동 190번지 2호,"서울특별시 강북구 도봉로68길 26 (미아동, 미아현대아파트)",1132.0,2011-05-19,,사용중,현대아파트- 미아동(지하1층),공공용시설,지하,3186.0,3186,37.0,37.0,52.49,127.0,1.0,33.34,37.6312470658184,127.025927420766,958170.0199978,1959193.0440462332,I,2026-04-26 22:31:20,2026-01-29 14:23:21
3080000,3080000-S201100004,서울특별시 강북구 미아동 1352번지,"서울특별시 강북구 오패산로60길 17 (미아동, 미아신구아파트)",1141.0,2011-06-03,,사용중,미아신구아파트 - 미아동(지하3층),공공용시설,지하,1014.56,1014,37.0,37.0,34.53,127.0,1.0,49.74,37.626257707785,127.030483336656,958569.2457886,1958637.4734381004,I,2026-04-26 22:31:20,2026-01-29 14:23:42
3080000,3080000-S201100007,서울특별시 강북구 미아동 1354 벽산라이브파크,"서울특별시 강북구 솔샘로 159, 102동 지하2~지하4층 (미아동, 벽산라이브파크)",1191.0,2011-05-01,,사용중,삼양동벽산아파트 102동 P2 주차장(지하2~4층),공공용시설,지하,9122.69,9122,37.0,37.0,14.06,127.0,0.0,36.85,37.61982225981058,127.01017185399247,956773.197102,1957932.647151,I,2026-04-26 22:31:20,2026-01-28 14:48:45
3080000,3080000-S201200013,서울특별시 강북구 미아동 1353번지,"서울특별시 강북구 솔샘로 174 (미아동, SK북한산시티아파트)",1192.0,2012-06-14,2023-07-31,사용중지,"sk북한산시티아파트 주차장(148,149-지하2)",공공용시설,지하,4884.0,4884,37.0,37.0,11.24,127.0,0.0,50.41,37.61993121843916,127.012106977633,956944.033567,1957943.846217,I,2026-04-26 22:31:20,2023-08-02 13:04:56
3080000,3080000-S202300005,서울특별시 강북구 미아동 1353 SK북한산시티아파트,"서울특별시 강북구 솔샘로 174, 113동 (미아동, SK북한산시티아파트)",1192.0,2023-07-31,,사용중,"SK북한산시티아파트(P203, 113동)(지하2~3층)",공공용시설,지하,7972.0,7972,37.0,37.0,11.75,127.0,0.0,43.59,37.6199312184935,127.012106977635,956944.0335672216,1957943.8462174097,I,2026-04-26 22:31:20,2026-02-05 16:29:35
3080000,3080000-S201200018,서울특별시 강북구 수유동 48번지 1호,"서울특별시 강북구 덕릉로 82 (수유동, 제네스타워)",1113.0,2012-12-12,,사용중,"제네스타워빌딩 지하2,3층 주차장-수유1동",공공용시설,지하,2831.0,2831,37.0,38.0,3.98,127.0,1.0,22.23,37.63449439394388,127.022709784527,957887.941508,1959554.761772,I,2026-04-26 22:31:20,2026-01-27 14:33:12
3080000,3080000-S201200019,서울특별시 강북구 번동 449번지 6호,"서울특별시 강북구 도봉로 302 (번동, 한국마사회강북지점)",1062.0,2012-12-10,2023-06-13,사용중지,렛츠런 문화공감센터 강북 지하2~5층 주차장(번1동),공공용시설,지하,4960.73,4960,37.0,38.0,6.85,127.0,1.0,24.51,37.63537270347938,127.02352329904949,957960.214427,1959651.842043,I,2026-04-26 22:31:20,2023-06-14 14:06:06
3080000,3080000-S201300001,서울특별시 강북구 미아동 197번지 1호,"서울특별시 강북구 솔매로49길 14 (미아동, 미아동 복합청사, 미아문화정보도서관)",1133.0,2013-06-05,,사용중,미아동복합청사-미아동(지하2층),공공용시설,지하,2712.0,2712,37.0,37.0,37.53,127.0,1.0,37.11,37.6270913234996,127.026975159916,958260.1441291332,1958731.5143191,I,2026-04-26 22:31:20,2026-03-05 11:47:33
3080000,3080000-S201000002,서울특별시 강북구 미아동 813번지,"서울특별시 강북구 삼양로19길 25 (미아동, 삼성래미안트리베라1차아파트)",1200.0,2013-12-17,,사용중,래미안 트리베라1차 아파트 주차장(삼각산동)(지하3층),공공용시설,지하,22007.92,22007,37.0,36.0,45.95,127.0,1.0,15.65,37.61468774536334,127.0206078104407,957691.255215,1957358.239052,I,2026-04-26 22:31:20,2026-02-05 16:33:14
3080000,3080000-S201000004,서울특별시 강북구 미아동 812번지,서울특별시 강북구 삼양로27길 19 (미아동),1195.0,2013-12-17,,사용중,래미안 트리베라2차 아파트(삼각산동)(지하3층),공공용시설,지하,11770.0,11770,37.0,37.0,3.1,127.0,1.0,12.03,37.61864171208257,127.020131353545,957651.447868,1957797.130069,I,2026-04-26 22:31:20,2026-02-05 16:33:33
3080000,3080000-S201100024,서울특별시 강북구 미아동 811번지,"서울특별시 강북구 삼양로27길 95 (미아동, 두산위브트레지움아파트)",1197.0,2013-12-17,,사용중,두산위브트레지움아파트(삼각산동)(지하2~3층),공공용시설,지하,28472.86,28472,37.0,37.0,2.09,127.0,1.0,0.9,37.618576401112605,127.01611655740416,957297.101389,1957791.70304,I,2026-04-26 22:31:20,2026-01-27 15:01:30
3080000,3080000-S201100010,서울특별시 강북구 미아동 1354 벽산라이브파크,"서울특별시 강북구 솔샘로 159(미아동, 벽산라이브파크)",1191.0,2011-05-01,2023-03-27,사용중지,삼양동 벽산라이브파크아파트 주차장(P6/111동),공공용시설,지하,2900.0,2900,37.0,37.0,13.25,127.0,0.0,35.29,37.61982225981058,127.01017185399247,956773.197102,1957932.647151,I,2026-04-26 22:31:20,2023-03-27 17:07:13
3080000,3080000-S200600010,서울특별시 강북구 수유동 95번지 7호,"서울특별시 강북구 도봉로77길 6 (수유동, 수유동 이테크밸리 오피스텔)",1113.0,2006-05-01,,사용중,"수유동 이테크벨리오피스텔 지하2,3층 주차장-수유1동",공공용시설,지하,2457.0,2457,37.0,38.0,1.66,127.0,1.0,22.02,37.63370330381555,127.02291049164312,957905.204048,1959466.903301,I,2026-04-26 22:31:20,2026-01-27 14:32:55
3080000,3080000-S201100011,서울특별시 강북구 미아동 1354 벽산라이브파크,"서울특별시 강북구 솔샘로 159, 109동 지하2~지하3층 (미아동, 벽산라이브파크)",1191.0,2011-05-01,,사용중,삼양동벽산아파트 109동 P5 주차장(지하2~3층),공공용시설,지하,4186.44,4186,37.0,37.0,16.47,127.0,0.0,42.43,37.61982225981058,127.01017185399247,956773.197102,1957932.647151,I,2026-04-26 22:31:20,2026-03-05 11:44:48
3080000,3080000-S201100015,서울특별시 강북구 미아동 1354 벽산라이브파크,"서울특별시 강북구 솔샘로 159 (미아동, 벽산라이브파크)",1191.0,2011-05-01,,사용중,삼양동 벽산아파트 118동 P10 주차장(지하3층),공공용시설,지하,1695.99,1695,37.0,37.0,12.25,127.0,0.0,33.76,37.61982225981058,127.01017185399247,956773.197102,1957932.647151,I,2026-04-26 22:31:20,2026-03-05 11:45:39
3080000,3080000-S201100016,서울특별시 강북구 미아동 1354 벽산라이브파크,"서울특별시 강북구 솔샘로 159, 201동 지하3~지하4층 (미아동, 벽산라이브파크)",1191.0,2011-05-01,,사용중,삼양동 벽산아파트 201동 주차장(지하3~4층),공공용시설,지하,7438.52,7438,37.0,37.0,9.88,127.0,0.0,33.4,37.61982225981058,127.01017185399247,956773.197102,1957932.647151,I,2026-04-26 22:31:20,2026-03-05 11:45:58
3080000,3080000-S199900004,서울특별시 강북구 미아동 127번지 5호,"서울특별시 강북구 솔매로50길 65 (미아동, 서울특별시성북강북교육지원청)",1158.0,1999-02-02,2023-11-03,사용중지,성북강북교육지원청(송중동)(지하1층),공공용시설,지하,678.0,678,37.0,37.0,25.59,127.0,1.0,41.68,37.62362935057027,127.02809446582847,958356.981252,1958346.925124,I,2026-04-26 22:31:20,2023-11-07 17:13:42
3080000,3080000-S200000012,서울특별시 강북구 미아동 131-30 풍양빌딩,"서울특별시 강북구 도봉로 136, 풍양빌딩 (미아동)",1161.0,2000-02-10,,사용중,풍양빌딩(송중동)(지하1~3층),공공용시설,지하,1826.0,1826,37.0,37.0,16.41,127.0,1.0,43.67,37.621035477595534,127.02847765850532,958389.350274,1958058.975561,I,2026-04-26 22:31:20,2026-02-03 14:36:21
3080000,3080000-S201100008,서울특별시 강북구 미아동 1354 벽산라이브파크,"서울특별시 강북구 솔샘로 159, 지하2~지하4층 (미아동, 벽산라이브파크)",1191.0,2011-05-01,,사용중,삼양동벽산아파트 104동 P3 주차장(지하2~3층),공공용시설,지하,4440.53,4440,37.0,37.0,13.63,127.0,0.0,41.8,37.61982225981058,127.01017185399247,956773.197102,1957932.647151,I,2026-04-26 22:31:20,2026-01-28 14:48:31
3080000,3080000-S201100009,서울특별시 강북구 미아동 1354 벽산라이브파크,"서울특별시 강북구 솔샘로 159, 지하2~지하3층 (미아동, 벽산라이브파크)",1191.0,2011-05-01,,사용중,삼양동벽산아파트 107동 P4 주차장(지하2~3층),공공용시설,지하,5179.26,5179,37.0,37.0,16.52,127.0,0.0,40.85,37.61982225981058,127.01017185399247,956773.197102,1957932.647151,I,2026-04-26 22:31:20,2026-01-28 14:48:17
3080000,3080000-S201100017,서울특별시 강북구 미아동 796번지,서울특별시 강북구 삼양로74길 8 (미아동),1120.0,2011-05-01,,사용중,삼양동 경남아너스빌아파트 주차장(지하2층),공공용시설,지하,1100.0,1100,37.0,37.0,44.1,127.0,1.0,6.54,37.629379233884464,127.0184372019526,957508.050172,1958989.180725,I,2026-04-26 22:31:20,2026-03-05 11:46:13
3080000,3080000-S202300004,서울특별시 강북구 미아동 1353 SK북한산시티아파트,"서울특별시 강북구 솔샘로 174 (미아동, SK북한산시티아파트)",1192.0,2023-07-31,,사용중,"SK북한산시티아파트(P202, 107동)(지하2~3층)",공공용시설,지하,6615.0,6615,37.0,37.0,11.75,127.0,0.0,43.59,37.6199312184935,127.012106977635,956944.0335672216,1957943.8462174097,I,2026-04-26 22:31:20,2026-02-05 16:29:14
3080000,3080000-S201100019,서울특별시 강북구 수유동 188번지 1호,"서울특별시 강북구 한천로 1083 (수유동, 광산타워)",1070.0,2011-07-01,,사용중,강북우리병원(지하1층~2층 주차장)-수유3동,공공용시설,지하,1905.08,1905,37.0,38.0,33.16,127.0,1.0,21.48,37.6425448182108,127.022634084184,957885.8067694668,1960447.9600515668,I,2026-04-26 22:31:20,2026-01-28 16:35:47
3080000,3080000-S201100022,서울특별시 강북구 수유동 229번지 49호,"서울특별시 강북구 노해로8길 22 (수유동, 경남아너스빌)",1073.0,2011-07-18,2025-01-24,사용중지,경남아너스빌(지하2층 ~ 4층)-수유3동,공공용시설,지하,4953.0,4953,37.0,38.0,16.77,127.0,1.0,27.09,37.63815288714171,127.02404488063564,958007.798823,1959960.059291,I,2026-04-26 22:31:20,2025-01-31 15:31:05
3080000,3080000-S201200003,서울특별시 강북구 미아동 1357번지,"서울특별시 강북구 삼양로19길 113 (미아동, 삼각산아이원아파트)",1198.0,2012-06-12,2023-07-31,사용중지,삼각산아이원아파트 주차장(121-지하2),공공용시설,지하,6304.0,6304,37.0,37.0,2.41,127.0,1.0,6.75,37.61608362655817,127.01713017053272,957385.130973,1957514.679346,I,2026-04-26 22:31:20,2023-08-02 13:05:17
3080000,3080000-S201200006,서울특별시 강북구 미아동 1353번지,"서울특별시 강북구 솔샘로 174 (미아동, SK북한산시티아파트)",1192.0,2012-06-14,,사용중,"SK북한산시티아파트(P205, 122동)(지하3층)",공공용시설,지하,3986.18,3986,37.0,37.0,3.6,127.0,0.0,48.59,37.61993121843916,127.012106977633,956944.033567,1957943.846217,I,2026-04-26 22:31:20,2026-02-05 16:20:06
3080000,3080000-S201200007,서울특별시 강북구 미아동 1353번지,"서울특별시 강북구 솔샘로 174 (미아동, SK북한산시티아파트)",1192.0,2012-06-14,,사용중,"SK북한산시티아파트(P206, 129동)(지하2층)",공공용시설,지하,8881.57,8881,37.0,37.0,1.95,127.0,0.0,47.12,37.61993121843916,127.012106977633,956944.033567,1957943.846217,I,2026-04-26 22:31:20,2026-02-05 16:20:49
3080000,3080000-S201200008,서울특별시 강북구 미아동 1353번지,"서울특별시 강북구 솔샘로 174 (미아동, SK북한산시티아파트)",1192.0,2012-06-14,,사용중,"SK북한산시티아파트(P209, 140동)(지하3층)",공공용시설,지하,2785.86,2785,37.0,37.0,1.94,127.0,0.0,43.55,37.61993121843916,127.012106977633,956944.033567,1957943.846217,I,2026-04-26 22:31:20,2026-02-05 16:27:14
3080000,3080000-S201200012,서울특별시 강북구 미아동 1353번지,"서울특별시 강북구 솔샘로 174 (미아동, SK북한산시티아파트)",1192.0,2012-06-14,,사용중,"SK북한산시티아파트(P211, 147동)(지하2~3층)",공공용시설,지하,4154.32,4154,37.0,37.0,9.41,127.0,0.0,52.09,37.61993121843916,127.012106977633,956944.033567,1957943.846217,I,2026-04-26 22:31:20,2026-02-05 16:28:48
3080000,3080000-S202400001,서울특별시 강북구 미아동 1364 연이빌딩,"서울특별시 강북구 도봉로 52, 연이빌딩 (미아동)",1215.0,2024-01-22,,사용중,와이스퀘어(지하3~4층),공공용시설,지하,3299.13,3299,37.0,36.0,49.32,127.0,1.0,49.9,37.613699410652,127.030528543105,958566.2659269134,1957244.1623951013,I,2026-04-26 22:31:20,2026-02-03 15:04:37
3080000,3080000-S202400002,서울특별시 강북구 수유동 741 칸타빌 수유팰리스,"서울특별시 강북구 한천로148길 12-13 (수유동, 칸타빌 수유팰리스)",1053.0,2024-01-26,,사용중,칸타빌 수유팰리스(지하1~3층)-수유3동,공공용시설,지하,8748.0,8748,37.0,38.0,31.83,127.0,1.0,31.79,37.642174597918,127.025497300192,958138.1992493002,1960405.6039762332,I,2026-04-26 22:31:20,2026-01-28 16:37:15
3080000,3080000-S201100014,서울특별시 강북구 미아동 1354 벽산라이브파크,"서울특별시 강북구 솔샘로 159, 115동 지하2~지하3층 (미아동, 벽산라이브파크)",1191.0,2011-05-01,,사용중,삼양동벽산아파트 115동  P9 주차장(지하3층),공공용시설,지하,1772.27,1772,37.0,37.0,18.55,127.0,0.0,43.8,37.61982225981058,127.01017185399247,956773.197102,1957932.647151,I,2026-04-26 22:31:20,2026-03-05 11:45:23
3080000,3080000-S200300040,"서울특별시 강북구 수유동 63 삼호아파트, 수유프라자","서울특별시 강북구 도봉로 261 (수유동, 삼호아파트, 수유프라자)",1114.0,2003-01-02,,사용중,"삼호아파트(수유프라자) 지하2,3층 주차장 (수유1동)",공공용시설,지하,2644.0,2644,37.0,37.0,54.15,127.0,1.0,24.5,37.63170286670119,127.02376017847644,957979.048046,1959244.5817,I,2026-04-26 22:31:20,2026-04-03 10:55:15
3080000,3080000-S200000013,서울특별시 강북구 미아동 134번지 94호,"서울특별시 강북구 도봉로 132 (미아동, 엠디시빌딩)",1161.0,2000-02-10,,사용중,무등양말빌딩(송중동)(지하2층),공공용시설,지하,240.0,240,37.0,37.0,14.78,127.0,1.0,43.33,37.620791219986,127.028603958551,958400.359893,1958031.820198,I,2026-04-26 22:31:20,2026-02-03 14:37:03
3080000,3080000-S199700006,서울특별시 강북구 번동 418번지 6호,서울특별시 강북구 도봉로 348 (번동),1063.0,1997-04-28,,사용중,교보생명 빌딩(지하 2~3층 주차장) (번1동),공공용시설,지하,3742.07,3742,37.0,38.0,17.91,127.0,1.0,36.0,37.63842005059703,127.0265223388965,958226.528965,1959988.594101,I,2026-04-26 22:31:20,2026-01-27 13:59:43
3080000,3080000-S199300003,서울특별시 강북구 번동 412번지 18호,"서울특별시 강북구 한천로 995 (번동, 평강교회)",1066.0,1993-07-10,2023-06-13,사용중지,평강교회 지하2층 교육시설(번1동),공공용시설,지상,932.24,932,37.0,38.0,13.65,127.0,1.0,48.23,37.637278403615696,127.03016971615163,958547.693374,1959860.31498,I,2026-04-26 22:31:20,2023-06-13 15:37:27
3080000,3080000-S200400001,서울특별시 강북구 미아동 1357번지,"서울특별시 강북구 삼양로19길 113 (미아동, 삼각산아이원아파트)",1198.0,2012-06-12,2023-07-31,사용중지,"삼각산아이원아파트 주차장(104,105,106-지하3)",공공용시설,지하,4105106.0,4105106,37.0,36.0,57.91,127.0,1.0,1.84,37.61608362655817,127.01713017053272,957385.130973,1957514.679346,I,2026-04-26 22:31:20,2023-08-02 13:05:48
3080000,3080000-S200300046,서울특별시 강북구 미아동 561번지 2호,"서울특별시 강북구 삼양로24길 19 (미아동, 현대성우아파트)",1201.0,2003-08-07,,사용중,현대성우아파트 지하 2~4 층 주차장 - 송천동,공공용시설,지하,7540.53,7540,37.0,37.0,1.43,127.0,1.0,19.93,37.6170636186113,127.022203080234,957833.3882467224,1957621.1144390623,I,2026-04-26 22:31:20,2026-01-28 14:16:21
3080000,3080000-S200500004,서울특별시 강북구 미아동 1355번지,"서울특별시 강북구 월계로21가길 41 (미아동, 미아한일유앤아이)",1235.0,2006-10-13,2023-12-28,사용중지,한일유엔아이아파트(송중동)(지하1~2층),공공용시설,지하,13515.0,13515,37.0,36.0,50.87,127.0,2.0,11.9,37.61538154341007,127.03714309277102,959150.963976,1957427.888896,I,2026-04-26 22:31:20,2024-01-03 10:26:47
3080000,3080000-S200600001,서울특별시 강북구 미아동 1356번지,"서울특별시 강북구 오패산로30길 30 (미아동, 경남아너스빌)",1234.0,2006-01-24,,사용중,경남아너스빌아파트(송중동)(지하3~4층),공공용시설,지하,11800.0,11800,37.0,36.0,54.96,127.0,2.0,7.02,37.61484807985022,127.03518227022155,958977.619235,1957369.558473,I,2026-04-26 22:31:20,2026-01-27 14:55:02
3080000,3080000-S200600007,서울특별시 강북구 수유동 45번지 9호,"서울특별시 강북구 도봉로 301 (수유동, 대한병원)",1081.0,2006-05-18,,사용중,대한병원-인수동(지하1층),공공용시설,지하,396.7,396,37.0,38.0,7.23,127.0,1.0,21.6,37.63540191364827,127.02278359121652,957894.965718,1959655.414487,I,2026-04-26 22:31:20,2026-03-03 17:18:59
3080000,3080000-S199900005,서울특별시 강북구 번동 139번지,"서울특별시 강북구 오현로 156-0 (번동, 해모로아파트)",1223.0,2003-07-28,,사용중,해모로아파트-번3동(지하2층~지하3층),공공용시설,지하,4408.0,4408,37.0,37.0,36.16,127.0,2.0,14.17,37.62624840817138,127.03688271851188,959133.933567,1958633.63579,I,2026-04-26 22:31:20,2026-02-05 16:11:34
3080000,3080000-S200600013,서울특별시 강북구 미아동 1354 벽산라이브파크,"서울특별시 강북구 솔샘로 159, 101동 지하2층 (미아동, 벽산라이브파크)",1191.0,2006-01-01,,사용중,삼양동벽산아파트 101동 P1 주차장(지하2층~4층),공공용시설,지하,7000.0,7000,37.0,37.0,12.13,127.0,0.0,39.25,37.61982225981058,127.01017185399247,956773.197102,1957932.647151,I,2026-04-26 22:31:20,2026-01-28 14:46:29
3080000,3080000-S200600015,서울특별시 강북구 번동 191번지,"서울특별시 강북구 월계로37길 137-0 (번동, 기산그린아파트)",1226.0,2006-09-01,,사용중,기산그린아파트-번3동(지하1층),공공용시설,지하,2744.0,2744,37.0,37.0,38.17,127.0,2.0,36.39,37.62799368009454,127.04380177656267,959745.424791,1958824.276194,I,2026-04-26 22:31:20,2026-02-05 16:11:50
3080000,3080000-S201100020,서울특별시 강북구 수유동 188번지 26호,"서울특별시 강북구 노해로 70 (수유동, 우림빌딩)",1070.0,2011-07-18,2023-08-04,사용중지,우림빌딩(지하1층)-수유3동,공공용시설,지하,402.89,402,37.0,38.0,30.61,127.0,1.0,21.57,37.64185563024874,127.02259796993926,957882.23157,1960371.513409,I,2026-04-26 22:31:20,2023-08-05 15:47:25
3080000,3080000-S201100021,서울특별시 강북구 수유동 229번지 50호,"서울특별시 강북구 노해로8길 16 (수유동, 우암쎈스뷰)",1073.0,2011-07-18,,사용중,우암센스뷰(지하2층) (수유3동),공공용시설,지하,1089.48,1089,37.0,38.0,16.09,127.0,1.0,26.45,37.6378028399718,127.024013354746,958004.8203366334,1959921.2369843663,I,2026-04-26 22:31:20,2026-01-28 16:27:56
3080000,3080000-S200300048,서울특별시 강북구 우이동 342 대우아파트,"서울특별시 강북구 삼양로149길 45(우이동, 대우아파트)",1006.0,2000-11-16,,사용중,우이동 푸르지오 아파트(지하2층) - 우이동,공공용시설,지하,3540.26,3540,37.0,39.0,19.04,127.0,0.0,40.65,37.65494175837223,127.01169551681286,956927.938253,1961828.323722,I,2026-04-26 22:31:20,2026-02-01 15:43:45
3080000,3080000-S200600018,서울특별시 강북구 번동 133번지 1호,"서울특별시 강북구 한천로109길 69 (번동, 한양아파트)",1227.0,2006-09-01,2023-06-14,사용중지,한양아파트-번3동(지하1층),공공용시설,지하,5256.0,5256,37.0,37.0,36.37,127.0,2.0,27.58,37.62722790234067,127.04061259119828,959463.596122,1958740.689046,I,2026-04-26 22:31:20,2023-06-14 11:27:33
3080000,3080000-S200600019,서울특별시 강북구 번동 204번지,"서울특별시 강북구 월계로37길 87-9 (번동, 신원아파트)",1226.0,2006-09-01,,사용중,신원아파트-번3동(지하2층),공공용시설,지하,1487.0,1487,37.0,37.0,32.21,127.0,2.0,34.41,37.62584632429378,127.04377115303274,959741.564382,1958586.048928,I,2026-04-26 22:31:20,2026-02-05 16:09:35
3080000,3080000-S200300043,서울특별시 강북구 수유동 50번지 75호,"서울특별시 강북구 도봉로71가길 11 (수유동, 수유대림쇼핑아파트)",1114.0,2003-01-02,,사용중,대림쇼핑아파트(수유주상복합) 지하2층 주차장(수유1동),공공용시설,지하,1158.42,1158,37.0,37.0,54.5,127.0,1.0,19.83,37.63180006545608,127.0223209159534,957852.109066,1959256.011025,I,2026-04-26 22:31:20,2026-01-27 14:32:39
3080000,3080000-S201800002,서울특별시 강북구 미아동 4번지,"서울특별시 강북구 오현로 56 (미아동, 꿈의숲롯데캐슬)",1232.0,2018-04-04,,사용중,꿈의숲롯데캐슬아파트(송중동)(지하2~3층),공공용시설,지하,18957.86,18957,37.0,37.0,4.95,127.0,2.0,10.87,37.6175044908321,127.0356590657874,959021.156836,1957664.067775,I,2026-04-26 22:31:20,2026-03-05 11:49:39
3080000,3080000-S201800003,서울특별시 강북구 번동 456번지,"서울특별시 강북구 한천로124길 14 (번동, 수송초등학교)",1061.0,2018-04-23,,사용중,수송초등학교(지하1 ~ 2층 주차장) (번1동),공공용시설,지하,6993.69,6993,37.0,38.0,12.63,127.0,1.0,59.48,37.63715475723875,127.03271297665717,958772.013772,1959845.476284,I,2026-04-26 22:31:20,2026-03-04 16:17:52
3080000,3080000-S202000001,서울특별시 강북구 미아동 3번지 19호 꿈의숲 효성해링턴플레이스,"서울특별시 강북구 오현로 45 (미아동, 꿈의숲 효성해링턴플레이스)",1155.0,2020-01-07,,사용중,꿈의숲 효성해링턴플레이스 아파트(송중동)(지하2~3층),공공용시설,지하,57526.99,57526,37.0,37.0,1.33,127.0,2.0,5.51,37.61715110386263,127.0349347270369,958957.038149,1957625.177449,I,2026-04-26 22:31:20,2026-02-04 16:48:38
3080000,3080000-S201200001,서울특별시 강북구 미아동 1357번지,"서울특별시 강북구 삼양로19길 113 (미아동, 삼각산아이원아파트)",1198.0,2012-06-12,,사용중,"삼각산아이원아파트 주차장(109,111,112-지하2)",공공용시설,지하,21567.0,21567,37.0,36.0,58.47,127.0,1.0,4.22,37.61608362655817,127.01713017053272,957385.130973,1957514.679346,I,2026-04-26 22:31:20,2026-02-05 16:30:06
3080000,3080000-S202100001,서울특별시 강북구 번동 417-11 번1동주민센터,"서울특별시 강북구 덕릉로41길 74, 번1동주민센터 (번동)",1064.0,2021-10-25,2023-06-15,사용중지,번1동 주민센터 지하1층 주차장(번1동),공공용시설,지하,167.0,167,37.0,38.0,16.41,127.0,1.0,43.85,37.637822336348506,127.02878718218696,958426.017193,1959921.273968,I,2026-04-26 22:31:20,2023-06-15 11:40:34
3080000,3080000-S202200001,서울특별시 강북구 번동 418-3 효성네오인텔리안,"서울특별시 강북구 도봉로 352(번동, 효성네오인텔리안)",1063.0,2022-07-04,,사용중,효성네오인텔리안(지하2~5층 주차장)(번1동),공공용시설,지하,7215.33,7215,37.0,38.0,19.23,127.0,1.0,37.3,37.638811468158615,127.0268744892884,958257.81728,1960031.863666,I,2026-04-26 22:31:20,2026-03-05 11:59:03
3080000,3080000-S202300001,서울특별시 강북구 미아동 791-4755 삼양역,"서울특별시 강북구 삼양로 지하259, 삼양역 (미아동)",1121.0,2023-04-11,2023-06-12,사용중지,우이신설경전철-삼양역(지하2~3),공공용시설,지하,848.44,848,37.0,37.0,36.61,127.0,1.0,5.51,37.62668625002896,127.0181540249938,957481.529074,1958690.533033,I,2026-04-26 22:31:20,2023-06-12 08:41:36
3080000,3080000-S202300002,서울특별시 강북구 미아동 791-2244 삼양사거리역,"서울특별시 강북구 삼양로 197, 삼양사거리역 (미아동)",1189.0,2023-04-11,2023-06-12,사용중지,우이신설경전철-삼양사거리역(지하2~3층),공공용시설,지하,1043.77,1043,37.0,37.0,17.14,127.0,1.0,12.85,37.621501283936574,127.0202422887519,957662.859625,1958114.337811,I,2026-04-26 22:31:20,2023-06-12 08:43:37
3080000,3080000-S202300003,서울특별시 강북구 미아동 1353-29 솔샘역,"서울특별시 강북구 솔샘로 지하189, 솔샘역 (미아동)",1187.0,2023-04-11,2023-06-12,사용중지,우이신설경전철-솔샘역(지하3~4층),공공용시설,지하,925.25,925,37.0,37.0,12.91,127.0,0.0,48.27,37.62031442723663,127.0136178845601,957077.590408,1957985.669656,I,2026-04-26 22:31:20,2023-06-12 08:44:14
3080000,3080000-S202300006,서울특별시 강북구 미아동 1353 SK북한산시티아파트,"서울특별시 강북구 솔샘로 174, 135동 (미아동, SK북한산시티아파트)",1192.0,2023-07-31,,사용중,"SK북한산시티아파트(P207, 135동)(지하3층)",공공용시설,지하,2146.0,2146,37.0,37.0,11.75,127.0,0.0,43.59,37.6199312184935,127.012106977635,956944.0335672216,1957943.8462174097,I,2026-04-26 22:31:20,2026-02-05 16:26:34
3080000,3080000-S200000016,서울특별시 강북구 수유동 224번지 15호,"서울특별시 강북구 노해로8길 29 (수유동, 현대크리스탈)",1072.0,2005-11-21,,사용중,현대크리스탈(지하2~3층)-수유3동,공공용시설,지하,661.16,661,37.0,38.0,18.7,127.0,1.0,27.21,37.638527533199,127.024224470674,958023.8544299336,1960001.5444883667,I,2026-04-26 22:31:20,2026-01-28 16:33:34
3080000,3080000-S200000017,서울특별시 강북구 수유동 230번지 7호,"서울특별시 강북구 도봉로 313 (수유동, 효성인텔리안오피스텔)",1073.0,2006-01-02,,사용중,효성인텔리언빌딩(지하2층)-수유3동,공공용시설,지하,3305.8,3305,37.0,38.0,11.19,127.0,1.0,24.46,37.6364404817454,127.02346192484,957955.4009957334,1959770.3354668336,I,2026-04-26 22:31:20,2026-01-28 16:34:21
3080000,3080000-S199800006,서울특별시 강북구 수유동 535번지 353호,"서울특별시 강북구 4.19로 123 (수유동, 통일교육원)",1018.0,1998-07-01,2023-12-28,사용중지,통일교육원-인수동(지하1층),공공용시설,지하,344.88,344,37.0,38.0,32.37,127.0,0.0,11.58,37.642433880755455,127.0026020390884,956118.462534,1960444.833455,I,2026-04-26 22:31:20,2024-01-03 10:26:05
3080000,3080000-S201100006,서울특별시 강북구 수유동 190번지 18호,"서울특별시 강북구 한천로139가길 26 (수유동, 포엠빌아파트)",1071.0,2011-06-08,,사용중,포엠빌아파트(지하1층)-수유3동,공공용시설,지하,454.2,454,37.0,38.0,25.91,127.0,1.0,30.45,37.6405317164597,127.025125301951,958104.4578272336,1960223.4984453332,I,2026-04-26 22:31:20,2026-01-28 16:35:04
3080000,3080000-S200300016,서울특별시 강북구 번동 656번지,서울특별시 강북구 오현로31길 85-7 (번동),1144.0,2003-03-15,,사용중,금호어울림아파트 주차장(102동 지하2층)-번2동,공공용시설,지하,4934.04,4934,37.0,37.0,53.14,127.0,2.0,10.94,37.631427504067,127.036372002333,959091.7058874334,1959208.4582903332,I,2026-04-26 22:31:20,2026-03-05 11:51:36
3080000,3080000-S200300035,서울특별시 강북구 수유동 729번지,서울특별시 강북구 한천로 1131 (수유동),1039.0,2003-01-01,,사용중,"현대아파트(지하2, 3층 주차장) (수유2동)",공공용시설,지하,2964.0,2964,37.0,38.0,42.96,127.0,1.0,6.34,37.64556078470255,127.01873529293556,957543.562032,1960784.32796,I,2026-04-26 22:31:20,2026-03-05 11:53:15
3080000,3080000-S200300036,서울특별시 강북구 수유동 730번지,"서울특별시 강북구 한천로159길 8 (수유동, 래미안수유아파트)",1040.0,2003-01-01,,사용중,"래미안수유아파트(지하2, 3층 주차장) (수유2동)",공공용시설,지하,17942.0,17942,37.0,38.0,40.07,127.0,1.0,7.9,37.64465121189435,127.0194086402207,957602.447059,1960683.109608,I,2026-04-26 22:31:20,2026-03-05 11:53:26
3080000,3080000-S199200003,서울특별시 강북구 번동 446번지 13호,"서울특별시 강북구 도봉로 328 (번동, 가든타워빌딩)",1062.0,1992-01-01,,사용중,가든타워 빌딩(지하 2~6층 주차장) (번1동),공공용시설,지하,7029.0,7029,37.0,38.0,13.8,127.0,1.0,30.71,37.63717873854456,127.0251186466159,958101.987744,1959851.501142,I,2026-04-26 22:31:20,2026-03-04 16:16:41
3080000,3080000-S199700007,서울특별시 강북구 번동 459번지 110호,"서울특별시 강북구 한천로124나길 10 (번동, 쌍용아파트)",1059.0,1997-05-31,2023-06-13,사용중지,쌍용아파트 지하1층 주차장(번1동),공공용시설,지하,198.6,198,37.0,38.0,16.17,127.0,1.0,56.06,37.63761840038335,127.03223183972996,958729.820046,1959897.12725,I,2026-04-26 22:31:20,2023-06-13 15:38:11
3080000,3080000-S199800013,서울특별시 강북구 번동 470번지 1호,"서울특별시 강북구 도봉로98길 33 (번동, 삼성아파트)",1056.0,2003-11-19,,사용중,삼성아파트(지하2층 주차장)(번1동),공공용시설,지하,2740.0,2740,37.0,38.0,29.1,127.0,1.0,55.58,37.64124324484144,127.03154499673435,958671.229083,1960299.592391,I,2026-04-26 22:31:20,2026-03-04 16:16:57
3080000,3080000-S200900003,서울특별시 강북구 번동 443번지 8호,"서울특별시 강북구 덕릉로 113 (번동, 파스칼진빌딩)",1069.0,2009-08-06,,사용중,파스칼진 빌딩(지하2층 주차장)(번1동),공공용시설,지하,582.13,582,37.0,38.0,6.53,127.0,1.0,34.93,37.63504682431457,127.02635999272466,958210.316336,1959614.419788,I,2026-04-26 22:31:20,2026-03-04 10:29:09
3080000,3080000-S201500002,서울특별시 강북구 미아동 35번지 4호,"서울특별시 강북구 도봉로 34 (미아동, 트레지오빌딩)",1220.0,2015-06-25,,사용중,트레지오(송중동)(지하2~5층),공공용시설,지하,4832.0,4832,37.0,36.0,43.47,127.0,1.0,50.59,37.6120400329438,127.0305584629092,958567.98592,1957060.048328,I,2026-04-26 22:31:20,2026-03-05 11:49:27
3080000,3080000-S201600001,서울특별시 강북구 수유동 732번지,"서울특별시 강북구 수유로23길 48 (수유동, 형인휴아름)",1078.0,2016-02-01,,사용중,형인휴아름아파트(지하1층)-수유3동,공공용시설,지하,868.0,868,37.0,38.0,18.13,127.0,1.0,20.06,37.6383700165644,127.022237622098,957848.4711339668,1959984.959399967,I,2026-04-26 22:31:20,2026-01-28 16:30:06
3080000,3080000-S201600002,서울특별시 강북구 수유동 730번지,"서울특별시 강북구 한천로159길 8 (수유동, 래미안수유아파트)",1040.0,2016-02-23,,사용중,래미안수유아파트107동(지하2층 주차장) (수유2동),공공용시설,지하,2247.0,2247,37.0,38.0,39.37,127.0,1.0,10.4,37.64465121189435,127.0194086402207,957602.447059,1960683.109608,I,2026-04-26 22:31:20,2026-03-05 11:53:37
3080000,3080000-S201600003,서울특별시 강북구 수유동 205번지,"서울특별시 강북구 삼각산로 143-1 (수유동, 수유벽산아파트)",1042.0,2016-02-23,,사용중,수유벽산아파트201(지하1층)-수유2동,공공용시설,지하,1233.0,1233,37.0,38.0,36.69,127.0,1.0,4.66,37.641296081132,127.02021741746329,957671.893699,1960310.50492,I,2026-04-26 22:31:20,2026-01-29 14:01:04
3080000,3080000-S199600001,서울특별시 강북구 미아동 189번지 14호,"서울특별시 강북구 도봉로 260 (미아동, 운산빌딩)",1132.0,1996-01-15,2023-07-05,사용중지,운산빌딩-미아동(지하1층),공공용시설,지하,350.0,350,37.0,37.0,54.73,127.0,1.0,28.61,37.63168872530928,127.02430605220864,958027.205467,1959242.768456,I,2026-04-26 22:31:20,2023-07-07 16:24:00
3080000,3080000-S201100012,서울특별시 강북구 미아동 1354 벽산라이브파크,"서울특별시 강북구 솔샘로 159, 112동 지하2~지하3층 (미아동, 벽산라이브파크)",1191.0,2011-05-01,,사용중,삼양동벽산아파트 112동 P7 주차장(지하2 ~ 3층),공공용시설,지하,3227.7,3227,37.0,37.0,16.14,127.0,0.0,36.49,37.61982225981058,127.01017185399247,956773.197102,1957932.647151,I,2026-04-26 22:31:20,2026-03-05 11:45:08
3080000,3080000-S201100013,서울특별시 강북구 미아동 1354 벽산라이브파크,"서울특별시 강북구 솔샘로 159, 114동 (미아동, 벽산라이브파크)",1191.0,2011-05-01,2023-03-27,사용중지,삼양동 벽산라이브파크주차장 P8(114동),공공용시설,지하,9091.0,9091,37.0,37.0,19.56,127.0,0.0,39.85,37.61982225981058,127.01017185399247,956773.197102,1957932.647151,I,2026-04-26 22:31:20,2023-03-27 17:07:56
3080000,3080000-S199800011,서울특별시 강북구 미아동 762-20,서울특별시 강북구 솔매로 69(미아동),1127.0,2022-05-19,2023-06-12,사용중지,삼양동 주민센터 주차장(지하 1층),공공용시설,지하,465.74,465,37.0,37.0,30.19,127.0,1.0,11.18,37.62496722106905,127.01989010669512,957633.747537,1958499.028475,I,2026-04-26 22:31:20,2023-06-12 08:40:59
3080000,3080000-S200000002,서울특별시 강북구 미아동 121-21 미성빌딩,"서울특별시 강북구 도봉로 188, 미성빌딩 (미아동)",1157.0,2000-02-21,,사용중,미성빌딩-미아동(지하1층 ~ 지하 2층),공공용시설,지하,1534.88,1534,37.0,37.0,32.29,127.0,1.0,36.47,37.6256368299075,127.026797532145,958243.6564351668,1958570.223098467,I,2026-04-26 22:31:20,2026-01-29 14:13:14
3080000,3080000-S200300020,서울특별시 강북구 미아동 71번지 5호,서울특별시 강북구 도봉로 48 (미아동),1215.0,2003-07-05,,사용중,미아사거리역(송중동)(지하1층),공공용시설,지하,4654.0,4654,37.0,36.0,47.89,127.0,1.0,49.33,37.61320980484963,127.03030706457352,958546.447192,1957189.940502,I,2026-04-26 22:31:20,2026-02-03 15:04:53
3080000,3080000-S201100001,서울특별시 강북구 미아동 461번지,"서울특별시 강북구 숭인로 39 (미아동, 송천센트레빌)",1213.0,2011-01-12,,사용중,"송천센트레빌 2차 아파트 지하 2, 3층 주차장-송천동",공공용시설,지하,7821.01,7821,37.0,36.0,45.11,127.0,1.0,33.82,37.6125310076187,127.026060973933,958171.3188057458,1957116.5143178743,I,2026-04-26 22:31:20,2026-01-28 14:18:04
3080000,3080000-S201200004,서울특별시 강북구 미아동 1353번지,"서울특별시 강북구 솔샘로 174 (미아동, SK북한산시티아파트)",1192.0,2012-06-14,,사용중,"SK북한산시티아파트(P201, 102동)(지하3~5층)",공공용시설,지하,11330.0,11330,37.0,37.0,11.75,127.0,0.0,43.59,37.6199312184935,127.012106977635,956944.0335672216,1957943.8462174097,I,2026-04-26 22:31:20,2026-02-05 16:19:34
3080000,3080000-S201200010,서울특별시 강북구 미아동 1353번지,"서울특별시 강북구 솔샘로 174 (미아동, SK북한산시티아파트)",1192.0,2012-06-14,2023-07-31,사용중지,"sk북한산시티아파트 주차장(144,146-지하3)",공공용시설,지하,10466.0,10466,37.0,37.0,6.46,127.0,0.0,36.54,37.61993121843916,127.012106977633,956944.033567,1957943.846217,I,2026-04-26 22:31:20,2023-08-02 13:04:35
3080000,3080000-S200000015,서울특별시 강북구 수유동 140번지,"서울특별시 강북구 도봉로 지하 338 (수유동, 수유역)",1062.0,2000-01-01,,사용중,수유역(지하1층)-수유3동,공공용시설,지하,3795.06,3795,37.0,38.0,15.88,127.0,1.0,31.29,37.6377451750445,127.025357177694,958123.3509994335,1959914.2386269,I,2026-04-26 22:31:20,2026-01-28 16:33:07
3090000,3090000-S201200003,서울특별시 도봉구 방학동 716번지 1호,서울특별시 도봉구 도봉로150길 31 (방학동),1332.0,2012-05-21,,사용중,방학동 ESA3단지아파트 지하주차장 1층~3층,공공용시설,지하,4683.0,4683,37.0,39.0,59.45,127.0,2.0,41.47,37.66615418558165,127.04500102487,959871.782298,1963057.529727,I,2026-04-29 22:36:05,2026-03-03 09:17:54
3090000,3090000-S199600020,서울특별시 도봉구 방학동 632번지 1호,"서울특별시 도봉구 방학로10길 51 (방학동, 방학동도깨비시장주차장)",1357.0,2010-12-03,,사용중,방학동 도깨비시장 지하주차장 1층~2층,공공용시설,지하,2550.0,2550,37.0,39.0,52.19,127.0,2.0,2.58,37.66444167711875,127.03404117069158,958904.238429,1962872.279654,I,2026-04-29 22:36:05,2026-03-03 09:18:18
3090000,3090000-S198700002,서울특별시 도봉구 방학동 272 신동아1단지아파트,"서울특별시 도봉구 방학로 193, 13동 (방학동, 신동아1단지아파트)",1382.0,1987-07-01,,사용중,신동아 13동 아파트 지하주차장 1층,공공용시설,지하,992.0,992,37.0,39.0,42.9,127.0,1.0,49.87,37.66191670696061,127.03051870693456,958592.166426,1962593.69229,I,2026-04-29 22:36:04,2026-03-03 09:19:15
3090000,3090000-S199600006,서울특별시 도봉구 쌍문동 721번지,"서울특별시 도봉구 노해로45길 26 (쌍문동, 쌍문극동아파트)",1380.0,1996-08-26,,사용중,쌍문 극동아파트 지하주차장 1층,공공용시설,지하,6525.0,6525,37.0,39.0,5.29,127.0,1.0,38.26,37.65069911796553,127.02668765896084,958247.988339,1961350.83805,I,2026-04-29 22:36:05,2026-03-03 09:31:12
3090000,3090000-S199500002,서울특별시 도봉구 방학동 734번지 1호,"서울특별시 도봉구 시루봉로 71 (방학동, 청구아파트)",1374.0,1995-05-01,,사용중,청구아파트 지하주차장 1층,공공용시설,지하,8824.0,8824,37.0,39.0,26.53,127.0,1.0,30.82,37.65711744003743,127.02771819562624,958342.480774,1962062.470233,I,2026-04-29 22:36:04,2026-03-03 09:20:25
3090000,3090000-S198700001,서울특별시 도봉구 방학동 444번지 31호,"서울특별시 도봉구 방학로 212-11 (방학동, 대원아파트)",1359.0,1987-06-30,2023-06-13,사용중지,대원그린아파트 지하주차장 1층,공공용시설,지하,1305.0,1305,37.0,39.0,46.3,127.0,1.0,40.12,37.662549625981256,127.0283351950866,958399.934713,1962664.87899,I,2026-04-29 22:36:05,2023-06-13 16:31:29
3090000,3090000-S201000006,서울특별시 도봉구 창동 821번지,"서울특별시 도봉구 우이천로4라길 11-14 (창동, 초안산신도브래뉴)",1481.0,2010-10-25,,사용중,초안산신도브래뉴아파트(창3동) 지하주차장 1층,공공용시설,지하,5019.0,5019,37.0,38.0,0.05,127.0,2.0,31.22,37.63361699534447,127.04239101296024,959623.981869,1959448.766708,I,2026-04-29 22:36:04,2026-03-03 09:27:56
3090000,3090000-S199500016,서울특별시 도봉구 쌍문동 719번지,서울특별시 도봉구 우이천로38가길 32-0 (쌍문동),1377.0,1995-06-08,,사용중,현대 3차아파트(쌍문1동) 지하주차장 1층,공공용시설,지하,916.92,916,37.0,39.0,7.28,127.0,1.0,17.74,37.65141101168384,127.02152680169196,957793.13701,1961432.129994,I,2026-04-29 22:36:05,2026-03-03 09:31:03
3090000,3090000-S199500005,서울특별시 도봉구 방학동 496번지,"서울특별시 도봉구 시루봉로5길 48 (방학동, 벽산아파트)",1361.0,1995-05-01,,사용중,벽산 2차 아파트 지하주차장 1층~3층,공공용시설,지하,8424.0,8424,37.0,39.0,31.33,127.0,1.0,32.73,37.65848083479714,127.02513804556168,958115.663773,1962214.883466,I,2026-04-29 22:36:04,2026-03-03 09:20:55
3090000,3090000-S199600012,서울특별시 도봉구 방학동 735번지 1호,"서울특별시 도봉구 방학로7길 15 (방학동, 성원아파트)",1389.0,1996-06-12,,사용중,성원(방학1동) 102동 아파트 지하주차장 1층,공공용시설,지하,2285.0,2285,37.0,39.0,42.97,127.0,2.0,12.35,37.661953197391895,127.03634398231684,959105.973454,1962595.184387,I,2026-04-29 22:36:04,2026-03-03 09:13:49
3090000,3090000-S200300005,서울특별시 도봉구  818번지,서울특별시 도봉구 노해로69가길 54,1410.0,2003-06-28,,사용중,현대4차 아파트(창4동) 지하주차장 1층~2층,공공용시설,지하,7919.0,7919,37.0,39.0,32.73,127.0,2.0,45.85,37.65857252641111,127.04687060108458,960032.603996,1962215.572005,I,2026-04-29 22:36:05,2026-03-03 09:28:40
3090000,3090000-S200200002,서울특별시 도봉구 방학동 739번지,"서울특별시 도봉구 방학로11길 33 (방학동, 효성하이타운)",1384.0,2002-05-26,,사용중,효성하이타운아파트 지하주차장 1층~2층,공공용시설,지하,5344.0,5344,37.0,39.0,40.92,127.0,1.0,59.08,37.66106677943122,127.03299057898042,958809.714967,1962498.307029,I,2026-04-29 22:36:05,2026-03-03 09:22:16
3090000,3090000-S199500004,서울특별시 도봉구 방학동 508번지,"서울특별시 도봉구 해등로 307 (방학동, 우성2차아파트)",1373.0,1995-05-01,,사용중,우성2차아파트 지하주차장 1층~2층,공공용시설,지하,8533.0,8533,37.0,39.0,26.01,127.0,1.0,18.62,37.6573188997701,127.02232693311872,957867.056615,1962087.229969,I,2026-04-29 22:36:04,2026-03-03 09:20:45
3090000,3090000-S202000010,서울특별시 도봉구 쌍문동 713 에덴아파트,"서울특별시 도봉구 도봉로137길 31 (쌍문동, 에덴아파트)",1392.0,2020-07-09,,사용중,에덴아파트 지하주차장 1층,공공용시설,지하,1001.43,1001,37.0,39.0,37.33,127.0,2.0,23.27,37.660369206820505,127.03979592079924,959409.570419,1962417.946222,I,2026-04-29 22:36:05,2026-03-03 09:32:52
3090000,3090000-S200100001,서울특별시 도봉구 방학동 720번지 1호,"서울특별시 도봉구 마들로 616 (방학동, 대상타운현대아파트)",1337.0,2001-10-29,,사용중,대상타운현대아파트(방학1동) 지하주차장 1층~2층,공공용시설,지하,76570.0,76570,37.0,39.0,54.59,127.0,2.0,53.63,37.66513041461579,127.04659577700626,960011.881507,1962943.264442,I,2026-04-29 22:36:05,2026-03-03 09:14:22
3090000,3090000-S200200010,서울특별시 도봉구 쌍문동 19번지,"서울특별시 도봉구 도당로 10 (쌍문동, 쌍문동LG트윈빌1)",1394.0,2002-01-02,,사용중,엘지트윈빌상가 지하주차장 1층,공공용시설,지하,2970.0,2970,37.0,39.0,32.78,127.0,2.0,7.13,37.65910140269608,127.0352435347972,959007.346372,1962279.267939,I,2026-04-29 22:36:05,2026-03-03 09:32:23
3090000,3090000-S200000002,서울특별시 도봉구 쌍문동 159번지,"서울특별시 도봉구 시루봉로2길 80 (쌍문동, 대우파크빌라)",1435.0,2000-01-01,,사용중,대우파크빌 지하주차장 1층,공공용시설,지하,914.0,914,37.0,39.0,19.31,127.0,1.0,56.35,37.6554033635587,127.03244142337948,958758.146387,1961870.211828,I,2026-04-29 22:36:04,2026-03-03 09:34:48
3090000,3090000-S201000002,서울특별시 도봉구 쌍문동 59번지 7호,"서울특별시 도봉구 시루봉로 62-7 (쌍문동, 쌍문4동주민센터)",1429.0,2010-09-16,2023-06-13,사용중지,쌍문4동 주민센터 지하 1층,공공용시설,지하,238.0,238,37.0,39.0,23.25,127.0,1.0,42.17,37.65643656610997,127.02831282478944,958394.550282,1961986.665646,I,2026-04-29 22:36:04,2023-06-14 15:23:16
3090000,3090000-S202000002,서울특별시 도봉구 도봉동 657번지 도봉한양수자인,"서울특별시 도봉구 마들로 724 (도봉동, 도봉한양수자인)",1325.0,2020-06-02,,사용중,도봉한양수자인아파트 지하주차장 1층~3층,공공용시설,지하,5111.0,5111,37.0,40.0,28.39,127.0,2.0,51.65,37.67456568175028,127.0477213571727,960116.202788,1963989.597007,I,2026-04-29 22:36:05,2026-03-03 09:24:42
3090000,3090000-S200900003,서울특별시 도봉구 방학동 689번지,"서울특별시 도봉구 방학로 120 (방학동, 방학동부센트레빌)",1344.0,2009-12-14,,사용중,방학동 동부센트레빌아파트 지하주차장 1층~2층,공공용시설,지하,9613.0,9613,37.0,39.0,49.83,127.0,2.0,19.91,37.66304185301238,127.03899021900482,959339.964157,1962714.816307,I,2026-04-29 22:36:05,2026-03-03 09:16:51
3090000,3090000-S200200007,서울특별시 도봉구 방학동 715번지 12호,서울특별시 도봉구 도봉로150길 42 (방학동),1335.0,2002-10-19,,사용중,삼성래미안2단지(방학1동) 아파트 지하주차장 1층~2층,공공용시설,지하,7224.0,7224,37.0,39.0,54.65,127.0,2.0,44.75,37.66589711113696,127.04555860242544,959920.819368,1963028.76969,I,2026-04-29 22:36:05,2026-03-03 09:15:00
3090000,3090000-S199600023,서울특별시 도봉구 방학동 396번지 19호,"서울특별시 도봉구 시루봉로17길 42 (방학동, 도봉방아골종합사회복지관)",1314.0,2010-12-03,,사용중,방아골종합사회복지관 지하주차장 1~2층,공공용시설,지하,1255.0,1255,37.0,40.0,9.49,127.0,1.0,57.41,37.66924964308121,127.032622023943,958781.7335,1963406.330689,I,2026-04-29 22:36:05,2026-03-03 09:18:27
3090000,3090000-S201700001,서울특별시 도봉구 쌍문동 732번지,"서울특별시 도봉구 우이천로 367 (쌍문동, 북한산코오롱하늘채아파트)",1370.0,2017-01-25,,사용중,북한산코오롱하늘채아파트 지하주차장 1층,공공용시설,지하,13178.16,13178,37.0,38.0,54.47,127.0,1.0,20.92,37.64854489068139,127.02340898271726,957957.552382,1961113.298724,I,2026-04-29 22:36:05,2026-03-03 09:31:56
3090000,3090000-S200300011,서울특별시 도봉구 쌍문동 726번지,"서울특별시 도봉구 노해로 184-9 (쌍문동, 신일라이프아파트)",1441.0,2003-06-14,,사용중,신일라이프 아파트 지하주차장 1층,공공용시설,지하,1906.0,1906,37.0,39.0,2.2,127.0,1.0,45.94,37.65043998460361,127.02931379284028,958479.502945,1961320.922366,I,2026-04-29 22:36:05,2026-03-03 09:33:33
3090000,3090000-S200900004,서울특별시 도봉구 방학동 714번지 1호,서울특별시 도봉구 도봉로150바길 26 (방학동),1335.0,2009-12-14,,사용중,금광포란재아파트 지하주차장 1층~2층,공공용시설,지하,2510.0,2510,37.0,39.0,52.11,127.0,2.0,41.85,37.66481967070815,127.04525056986928,959893.072728,1962909.362996,I,2026-04-29 22:36:05,2026-03-03 09:17:16
3090000,3090000-S199800002,서울특별시 도봉구 방학동 738번지,"서울특별시 도봉구 방학로12길 53 (방학동, 신동아아파트)",1359.0,1998-10-02,,사용중,신동아5단지아파트 지하주차장 1층~2층,공공용시설,지하,7076.0,7076,37.0,39.0,48.56,127.0,1.0,42.69,37.663587275143634,127.02873824120564,958436.061513,1962779.823983,I,2026-04-29 22:36:04,2026-03-03 09:21:49
3090000,3090000-S200900008,서울특별시 도봉구 도봉동 644번지,"서울특별시 도봉구 마들로 895 (도봉동, 도봉파크빌3단지아파트)",1318.0,2009-12-23,,사용중,도봉파크빌3단지아파트 지하주차장 1층~2층,공공용시설,지하,6659.0,6659,37.0,41.0,16.6,127.0,2.0,53.2,37.68798437664557,127.04810543113916,960157.249826,1965478.196795,I,2026-04-29 22:36:05,2026-03-03 09:24:12
3090000,3090000-S202200001,서울특별시 도봉구 창동 347-5 창1동 주민센터,"서울특별시 도봉구 해등로 46, 창1동 주민센터 (창동)",1421.0,2022-06-14,2023-06-13,사용중지,창1동 주민센터 지하주차장 1층,공공용시설,지하,362.36,362,37.0,38.0,54.16,127.0,2.0,37.77,37.648342645441936,127.04373422346062,959750.443049,1961081.944503,I,2026-04-29 22:36:06,2023-06-13 16:57:53
3090000,3090000-S200200004,서울특별시 도봉구 창동 635번지 42호,"서울특별시 도봉구 우이천로20길 7 (창동, 건영캐스빌아파트)",1462.0,2002-09-02,,사용중,건영아파트 지하주차장 1층~2층,공공용시설,지하,10791.0,10791,37.0,38.0,29.41,127.0,2.0,3.76,37.64095701890972,127.0340726267957,958894.069174,1960266.726193,I,2026-04-29 22:36:04,2026-03-03 09:26:44
3090000,3090000-S200300004,서울특별시 도봉구 방학동 720번지,서울특별시 도봉구 마들로 656 (방학동),1331.0,2003-11-17,,사용중,도봉구청 지하주차장 1층~2층,공공용시설,지하,15947.0,15947,37.0,40.0,7.4,127.0,2.0,49.9,37.66870173194811,127.047006757736,960050.042575,1963339.315029,I,2026-04-29 22:36:04,2026-03-03 09:15:44
3090000,3090000-S199700003,서울특별시 도봉구 창동 703번지 4호,"서울특별시 도봉구 도봉로 지하 486-1 (창동, 쌍문역)",1454.0,1997-01-02,,사용중,쌍문역 지하1층,공공용시설,지하,6485.98,6485,37.0,38.0,55.86,127.0,2.0,5.5,37.64885393582122,127.03490190535894,958971.575647,1961142.496953,I,2026-04-29 22:36:05,2026-04-14 10:05:08
3090000,3090000-S199600025,서울특별시 도봉구 도봉동 30번지 1호,"서울특별시 도봉구 도봉로180나길 41 (도봉동, 도봉한신아파트)",1318.0,1996-10-17,,사용중,도봉한신아파트 지하주차장 1층~3층,공공용시설,지하,62191.0,62191,37.0,41.0,3.59,127.0,2.0,59.68,37.68433602307095,127.04976753852156,960301.85115,1965072.717488,I,2026-04-29 22:36:05,2026-03-03 09:23:24
3090000,3090000-S199600011,서울특별시 도봉구 방학동 735번지,"서울특별시 도봉구 방학로7길 16 (방학동, 성원아파트)",1389.0,1996-06-12,,사용중,성원(방학1동) 101동 아파트 지하주차장 1층,공공용시설,지하,3336.0,3336,37.0,39.0,42.57,127.0,2.0,8.64,37.66195718607541,127.03619998210549,959093.274888,1962595.689727,I,2026-04-29 22:36:04,2026-03-03 09:13:35
3090000,3090000-S199500018,서울특별시 도봉구 창동 327번지 1호,"서울특별시 도봉구 노해로 313 (창동, 북부교육청)",1405.0,1995-11-23,,사용중,북부교육청 지하 주차장 1층,공공용시설,지하,1139.0,1139,37.0,39.0,6.71,127.0,2.0,35.33,37.65168337749556,127.0432519544856,959709.704243,1961452.793656,I,2026-04-29 22:36:04,2026-03-03 09:29:51
3090000,3090000-S199000001,서울특별시 도봉구 방학동 271-1 신동아1단지아파트,"서울특별시 도봉구 시루봉로 107 (방학동, 신동아1단지아파트)",1362.0,1990-01-24,,사용중,신동아 30동 아파트 지하주차장 1층,공공용시설,지하,992.0,992,37.0,39.0,37.56,127.0,1.0,39.24,37.66043293322014,127.02756543354536,958330.859462,1962430.380795,I,2026-04-29 22:36:04,2026-03-03 09:19:42
3090000,3090000-S202300001,서울특별시 도봉구 쌍문동 507-1 에드가쌍문,"서울특별시 도봉구 삼양로 602 (쌍문동, 에드가쌍문)",1366.0,2023-06-07,,사용중,에드가 쌍문 아파트 지하주차장 1~2층,공공용시설,지하,4283.0,4283,37.0,39.0,23.67,127.0,0.0,49.9,37.65660480381397,127.01364481750878,957100.838875,1962011.93951,I,2026-04-29 22:36:06,2026-03-03 09:32:07
3090000,3090000-S200800002,서울특별시 도봉구 창동 462번지 2호,"서울특별시 도봉구 덕릉로62길 89 (창동, 창3동주민센터)",1487.0,2002-03-09,2023-06-13,사용중지,창3동주민센터 지하 1층,공공용시설,지하,419.0,419,37.0,38.0,17.37,127.0,2.0,34.5,37.6381122586197,127.04276317675011,959659.249435,1959947.338599,I,2026-04-29 22:36:04,2023-06-13 13:57:58
3090000,3090000-S202000011,서울특별시 도봉구 창동 820 창동신도브래뉴1차아파트,"서울특별시 도봉구 도봉로136나길 40 (창동, 창동신도브래뉴1차아파트)",1400.0,2020-07-21,,사용중,창동신도브래뉴아파트(창5동) 지하주차장 1층~2층,공공용시설,지하,3262.76,3262,37.0,39.0,24.09,127.0,2.0,40.61,37.65669119132122,127.04461473586488,959832.615178,1962007.808265,I,2026-04-29 22:36:05,2026-03-03 09:30:28
3090000,3090000-S200200003,서울특별시 도봉구 쌍문동 59번지 5호,"서울특별시 도봉구 시루봉로 58 (쌍문동, 한양6차아파트)",1434.0,2002-04-01,,사용중,한양6차아파트 지하주차장 1층,공공용시설,지하,5346.0,5346,37.0,39.0,21.15,127.0,1.0,45.71,37.655960338385725,127.02803149484043,958369.469364,1961933.954669,I,2026-04-29 22:36:04,2026-03-03 09:35:08
3090000,3090000-S202000017,서울특별시 도봉구 도봉동 62-43 도봉투웨니퍼스트2단지,"서울특별시 도봉구 도봉로180길 28, 도봉투웨니퍼스트2단지 (도봉동)",1320.0,2020-09-10,,사용중,도봉투웨니퍼스트2단지 지하주차장 1층,공공용시설,지하,2499.07,2499,37.0,40.0,58.55,127.0,2.0,51.28,37.68293042580088,127.04757742273496,960107.989242,1964917.700623,I,2026-04-29 22:36:05,2026-03-03 09:25:37
3090000,3090000-S200900006,서울특별시 도봉구 도봉동 655번지,"서울특별시 도봉구 도봉로170길 40 (도봉동, 래미안도봉아파트)",1321.0,2009-12-23,,사용중,삼성 래미안아파트(도봉2동) 지하주차장 1층~2층,공공용시설,지하,14065.0,14065,37.0,40.0,44.65,127.0,2.0,45.49,37.67986696533866,127.0475956571466,960107.956564,1964577.811288,I,2026-04-29 22:36:04,2026-03-03 09:23:43
3090000,3090000-S199600010,서울특별시 도봉구 창동 804번지,"서울특별시 도봉구 덕릉로63가길 43 (창동, 창동대우아파트)",1465.0,1996-08-01,,사용중,대우아파트 지하주차장 1층~2층,공공용시설,지하,21117.0,21117,37.0,38.0,34.93,127.0,2.0,19.06,37.64301429032832,127.0380471015746,959245.838724,1960493.23871,I,2026-04-29 22:36:04,2026-03-03 09:26:36
3090000,3090000-S200000010,서울특별시 도봉구 창동 813번지,"서울특별시 도봉구 해등로16길 12 (창동, 현대아파트)",1402.0,2000-05-09,,사용중,현대아파트(창5동) 지하주차장 1층,공공용시설,지하,6986.0,6986,37.0,39.0,20.29,127.0,2.0,27.54,37.65610713210486,127.04085627982104,959500.780455,1961944.625347,I,2026-04-29 22:36:05,2026-03-03 09:30:08
3090000,3090000-S202000014,서울특별시 도봉구 도봉동 642 현대성우아파트,"서울특별시 도봉구 마들로 735-8 (도봉동, 현대성우아파트)",1322.0,2020-08-13,,사용중,성우현대아파트(도봉2동) 지하주차장 1층~2층,공공용시설,지하,3803.46,3803,37.0,40.0,33.66,127.0,2.0,50.96,37.67601567308331,127.04748939989338,960096.524278,1964150.56766,I,2026-04-29 22:36:05,2026-03-03 09:25:01
3090000,3090000-S200000011,서울특별시 도봉구 쌍문동 565번지,"서울특별시 도봉구 방학로3길 117 (쌍문동, 도봉보건소)",1395.0,2000-01-01,2023-06-13,사용중지,도봉보건소 지하주차장 1층,공공용시설,지하,2340.0,2340,37.0,39.0,29.2,127.0,2.0,19.56,37.658124528124674,127.03855554850256,959298.942385,1962169.444455,I,2026-04-29 22:36:05,2023-06-13 14:00:53
3090000,3090000-S200300014,서울특별시 도봉구 도봉동 654번지,"서울특별시 도봉구 도봉로180길 6-25 (도봉동, 동아에코빌아파트)",1320.0,2003-06-25,,사용중,동아에코빌아파트 지하주차장 1층~2층,공공용시설,지하,27607.0,27607,37.0,40.0,55.84,127.0,2.0,46.9,37.68221021848881,127.04634395298362,959998.841671,1964838.32151,I,2026-04-29 22:36:05,2026-03-03 09:23:33
3090000,3090000-S199600004,서울특별시 도봉구 쌍문동 160번지,"서울특별시 도봉구 시루봉로2길 62 (쌍문동, 쌍문미라보아파트)",1435.0,1996-01-01,,사용중,미라보아파트 지하주차장 1층,공공용시설,지하,2777.0,2777,37.0,39.0,18.66,127.0,1.0,53.06,37.65544584782212,127.0314858928306,958673.885145,1961875.345933,I,2026-04-29 22:36:04,2026-03-03 09:34:37
3090000,3090000-S201100004,서울특별시 도봉구 방학동 740번지,"서울특별시 도봉구 시루봉로 166 (방학동, 동양크레오아파트)",1359.0,2004-12-15,,사용중,동양크레오 아파트 지하주차장 1층~2층,공공용시설,지하,7105.0,7105,37.0,39.0,51.53,127.0,1.0,48.85,37.66483468435471,127.02987554775244,958537.063158,1962917.716387,I,2026-04-29 22:36:04,2026-03-03 09:22:27
3090000,3090000-S200500015,서울특별시 도봉구 도봉동 593번지 69호,"서울특별시 도봉구 도봉로169나길 22 (도봉동, 도봉1동주민센터)",1306.0,2005-06-22,2023-06-13,사용중지,도봉1동 주민센터 지하주차장 1층,공공용시설,지하,199.0,199,37.0,40.0,43.29,127.0,2.0,36.25,37.67870709679125,127.0435107740756,959747.131718,1964450.873787,I,2026-04-29 22:36:05,2023-06-13 13:59:27
3090000,3090000-S199600009,서울특별시 도봉구 창동 805번지,"서울특별시 도봉구 노해로63다길 34 (창동, 동아그린아파트)",1399.0,1996-10-31,,사용중,동아그린아파트(창5동) 지하주차장 1층,공공용시설,지하,7110.0,7110,37.0,39.0,12.98,127.0,2.0,48.57,37.65435886534421,127.04616435197411,959968.048054,1961748.382366,I,2026-04-29 22:36:05,2026-03-03 09:29:59
3090000,3090000-S201000009,서울특별시 도봉구 창동 827번지,서울특별시 도봉구 마들로 579-19 (창동),1409.0,2010-12-23,,사용중,동도센트리움아파트 지하주차장 1층~2층,공공용시설,지하,4488.0,4488,37.0,39.0,42.63,127.0,2.0,42.34,37.66195379398448,127.04546050590449,959910.046979,1962591.3139,I,2026-04-29 22:36:05,2026-03-03 09:29:19
3090000,3090000-S198500002,서울특별시 도봉구 쌍문동 422번지 163호,서울특별시 도봉구 삼양로 556 (쌍문동),1368.0,1985-11-01,2023-06-13,사용중지,도봉도서관 지하 1층,공공용시설,지하,311.0,311,37.0,39.0,10.37,127.0,0.0,46.89,37.65276602423308,127.01293651543372,957036.150582,1961586.364268,I,2026-04-29 22:36:04,2023-06-14 15:19:47
3090000,3090000-S200900001,서울특별시 도봉구 쌍문동 731번지,"서울특별시 도봉구 노해로41가길 16 (쌍문동, 쌍문e-편한세상)",1380.0,2009-12-14,,사용중,쌍문e편한세상 아파트 지하주차장 1층,공공용시설,지하,5915.0,5915,37.0,38.0,59.83,127.0,1.0,38.96,37.65002551477916,127.02709629769949,958283.658752,1961275.922348,I,2026-04-29 22:36:05,2026-03-03 09:31:31
3090000,3090000-S199500013,서울특별시 도봉구 방학동 731번지,"서울특별시 도봉구 방학로11길 10 (방학동, 한화아파트)",1383.0,1996-04-02,,사용중,꿈에그린한화아파트(방학3동) 지하주차장 1층~2층,공공용시설,지하,3646.0,3646,37.0,39.0,39.14,127.0,1.0,54.64,37.66170068109972,127.03190575598192,958714.383978,1962569.113352,I,2026-04-29 22:36:04,2026-03-03 09:21:22
3090000,3090000-S199600007,서울특별시 도봉구 쌍문동 722번지,"서울특별시 도봉구 우이천로30길 28 (쌍문동, 염광아파트)",1381.0,1997-12-17,,사용중,염광아파트 지하주차장 1층,공공용시설,지하,3696.0,3696,37.0,38.0,55.23,127.0,1.0,34.64,37.64862432119152,127.02618923997927,958202.85856,1961120.86873,I,2026-04-29 22:36:04,2026-03-03 09:31:21
3090000,3090000-S198900001,서울특별시 도봉구 방학동 272 신동아1단지아파트,"서울특별시 도봉구 방학로 193, 17동 (방학동, 신동아1단지아파트)",1382.0,1989-07-18,,사용중,신동아 17동 아파트 지하주차장 1층,공공용시설,지하,965.0,965,37.0,39.0,38.71,127.0,1.0,41.18,37.66191670696061,127.03051870693456,958592.166426,1962593.69229,I,2026-04-29 22:36:04,2026-03-03 09:19:33
3090000,3090000-S202000016,서울특별시 도봉구 도봉동 62-3 도봉투웨니퍼스트1단지,"서울특별시 도봉구 도봉로180길 20, 도봉투웨니퍼스트1단지 (도봉동)",1320.0,2020-09-10,,사용중,도봉투웨니퍼스트1단지 지하주차장 1층,공공용시설,지하,2677.2,2677,37.0,40.0,58.92,127.0,2.0,49.81,37.68303424027577,127.04716841225284,960071.980515,1964929.392687,I,2026-04-29 22:36:05,2026-03-03 09:25:27
3090000,3090000-S202300002,서울특별시 도봉구 창동 819 태영창동데시앙,"서울특별시 도봉구 도봉로110다길 51 (창동, 태영창동데시앙)",1461.0,2023-06-22,,사용중,창동 데시앙 아파트 지하주차장 1~2층,공공용시설,지하,34088.0,34088,37.0,38.0,38.35,127.0,1.0,59.46,37.64398727333139,127.03318201064936,958817.168025,1960603.312225,I,2026-04-29 22:36:06,2026-03-03 09:27:17
3090000,3090000-S199400003,서울특별시 도봉구 방학동 701번지 15호,"서울특별시 도봉구 도당로 116 (방학동, 거성학마을아파트)",1339.0,1994-12-13,,사용중,거성학마을아파트 지하주차장 1층~2층,공공용시설,지하,6028.0,6028,37.0,39.0,58.63,127.0,2.0,23.19,37.66697755025096,127.03932781725462,959371.88503,1963151.322469,I,2026-04-29 22:36:04,2026-03-03 09:12:45
3090000,3090000-S201100001,서울특별시 도봉구 도봉동 626번지,"서울특별시 도봉구 마들로 749 (도봉동, 서울북부지방법원)",1322.0,2011-06-27,,사용중,서울북부지방법원 지하주차장 1층,공공용시설,지하,2693.0,2693,37.0,40.0,38.56,127.0,2.0,49.88,37.67732125584924,127.04720351342708,960072.01366,1964295.539697,I,2026-04-29 22:36:05,2026-03-03 17:41:44
3090000,3090000-S198800003,서울특별시 도봉구 방학동 273번지,"서울특별시 도봉구 시루봉로 94 (방학동, 방학3동주민센터)",1382.0,2005-12-27,2023-06-13,사용중지,방학3동 주민센터 지하 1층,공공용시설,지하,405.0,405,37.0,39.0,33.1,127.0,1.0,40.81,37.65915986793576,127.02792037937174,958361.455144,1962288.980845,I,2026-04-29 22:36:05,2023-06-13 14:12:02
3090000,3090000-S200300013,서울특별시 도봉구 도봉동 636번지 9호,"서울특별시 도봉구 마들로 668 (도봉동, 도봉2동주민센터(도봉서원종합복지관))",1330.0,2003-06-25,2023-06-13,사용중지,서원사회복지관 지하주차장 1층~2층,공공용시설,지하,1522.0,1522,37.0,40.0,11.1,127.0,2.0,47.47,37.66966692860027,127.0464592072566,960002.271276,1963446.633884,I,2026-04-29 22:36:04,2023-06-13 13:59:59
3090000,3090000-S199600003,서울특별시 도봉구 쌍문동 256번지,"서울특별시 도봉구 해등로 255 (쌍문동, 에벤에셀아파트)",1429.0,1996-01-01,,사용중,신원에벤에셀아파트 지하주차장 1층,공공용시설,지하,5150.0,5150,37.0,39.0,26.69,127.0,1.0,41.68,37.657580356199496,127.02822079470155,958387.071047,1962113.606058,I,2026-04-29 22:36:04,2026-03-03 09:40:12
3090000,3090000-S200900002,서울특별시 도봉구 쌍문동 728번지,"서울특별시 도봉구 삼양로 566 (쌍문동, 북한산월드메르디앙)",1368.0,2009-12-15,,사용중,북한산월드메르디앙 아파트 지하주차장 1층,공공용시설,지하,2183.0,2183,37.0,39.0,12.98,127.0,0.0,49.68,37.65354371699346,127.01295716826338,957038.420435,1961672.63714,I,2026-04-29 22:36:05,2026-03-03 09:31:45
3090000,3090000-S201200004,서울특별시 도봉구 도봉동 626번지 20호,"서울특별시 도봉구 마들로 747 (도봉동, 서울북부지방검찰청)",1322.0,2012-06-13,,사용중,서울북부지방검찰청 지하주차장 1층,공공용시설,지하,9560.0,9560,37.0,40.0,35.41,127.0,2.0,46.81,37.67665570286337,127.04818390917352,960158.110358,1964221.281536,I,2026-04-29 22:36:04,2026-03-03 17:41:30
3090000,3090000-S199000013,서울특별시 도봉구 쌍문동 327번지,"서울특별시 도봉구 노해로44길 9 (쌍문동, 쌍문3동주민센터)",1445.0,1990-01-02,2023-06-13,사용중지,쌍문3동 주민센터 지하 1층,공공용시설,지하,266.0,266,37.0,38.0,56.42,127.0,1.0,40.68,37.648948115352304,127.0278500112932,958349.544918,1961156.053783,I,2026-04-29 22:36:05,2023-06-14 15:21:56
3090000,3090000-S201700002,서울특별시 도봉구 방학동 636번지,"서울특별시 도봉구 도당로15길 36 (방학동, 송학휴스테이)",1354.0,2017-07-10,,사용중,송학 휴스테이 아파트 지하주차장 1층,공공용시설,지하,1983.0,1983,37.0,40.0,1.44,127.0,2.0,10.09,37.66693305400468,127.0358722382062,959067.100612,1963147.88874,I,2026-04-29 22:36:05,2026-03-03 09:18:36
3090000,3090000-S200200006,서울특별시 도봉구 방학동 720번지 18호,서울특별시 도봉구 마들로 646 (방학동),1336.0,2002-10-19,,사용중,삼성래미안1단지(방학1동) 아파트 지하주차장 1층~2층,공공용시설,지하,25810.0,25810,37.0,40.0,1.83,127.0,2.0,51.05,37.66773625540126,127.04633213084568,959990.027888,1963232.486265,I,2026-04-29 22:36:04,2026-03-03 09:14:47
3090000,3090000-S199500010,서울특별시 도봉구 창동 45번지,"서울특별시 도봉구 노해로66길 21 (창동, 삼성아파트)",1422.0,1995-01-01,,사용중,삼성 레미안아파트(창1동) 지하주차장 1층,공공용시설,지하,10527.0,10527,37.0,38.0,53.57,127.0,2.0,55.6,37.65026476561225,127.04723620634589,960060.402039,1961293.699773,I,2026-04-29 22:36:04,2026-03-03 09:25:55
3090000,3090000-S202000009,서울특별시 도봉구 쌍문동 711 금강아미움파크타운,"서울특별시 도봉구 방학로5길 33 (쌍문동, 금강아미움파크타운)",1391.0,2020-07-02,,사용중,쌍문금강아미움파크타운 지하주차장 1층~3층,공공용시설,지하,5066.0,5066,37.0,39.0,41.1,127.0,2.0,17.28,37.661285842892426,127.03789216121804,959242.157271,1962520.469625,I,2026-04-29 22:36:05,2026-03-03 09:32:44
3090000,3090000-S199500020,서울특별시 도봉구 창동 809번지,"서울특별시 도봉구 우이천로 200 (창동, 창동금용아파트)",1472.0,1995-12-01,,사용중,금용아파트(창동) 지하주차장 1층~2층,공공용시설,지하,6044.0,6044,37.0,38.0,16.23,127.0,2.0,8.44,37.63767131925617,127.03596827271508,959059.508398,1959901.361398,I,2026-04-29 22:36:04,2026-03-03 09:26:23
3090000,3090000-S199500001,서울특별시 도봉구 방학동 531번지,"서울특별시 도봉구 방학로15길 40 (방학동, 신동아아파트)",1361.0,1995-05-01,,사용중,신동아2단지아파트 지하 주차장 1층,공공용시설,지하,8957.0,8957,37.0,39.0,34.2,127.0,1.0,21.35,37.659696614370304,127.02438142833812,958049.611448,1962350.108297,I,2026-04-29 22:36:04,2026-03-03 09:20:12
3090000,3090000-S200200005,서울특별시 도봉구 창동 621번지 69호,"서울특별시 도봉구 도봉로110다길 5 (창동, 창동 한신아파트)",1459.0,2002-09-02,,사용중,창동한신아파트 지하주차장 1층~2층,공공용시설,지하,7332.0,7332,37.0,38.0,44.23,127.0,2.0,7.01,37.64588575062712,127.0342286630823,958910.55037,1960813.482309,I,2026-04-29 22:36:04,2026-03-03 09:26:54
3090000,3090000-S198600001,서울특별시 도봉구 방학동 272 신동아1단지아파트,"서울특별시 도봉구 방학로 193, 2동 (방학동, 신동아1단지아파트)",1382.0,1986-12-31,,사용중,신동아 2동 아파트 지하주차장 1층,공공용시설,지하,975.0,975,37.0,39.0,42.9,127.0,1.0,49.87,37.66191670696061,127.03051870693456,958592.166426,1962593.69229,I,2026-04-29 22:36:04,2026-03-03 09:19:05
3090000,3090000-S201000005,서울특별시 도봉구 창동 824번지,"서울특별시 도봉구 덕릉로60길 164-13 (창동, 창동한승미메이드아파트)",1481.0,2010-10-25,,사용중,한승미메이드아파트 지하주차장 1층,공공용시설,지하,4085.0,4085,37.0,37.0,58.39,127.0,2.0,34.56,37.633087033589625,127.0427202495372,959652.744877,1959389.827917,I,2026-04-29 22:36:04,2026-03-03 09:27:46
3090000,3090000-S199000011,서울특별시 도봉구 쌍문동 388번지 1호,"서울특별시 도봉구 우이천로 308 (쌍문동, 한일병원)",1450.0,1990-01-02,2023-12-13,사용중지,한일병원 지하 1층,공공용시설,지하,1983.48,1983,37.0,38.0,43.31,127.0,1.0,45.18,37.64496761296414,127.02850704168604,958405.285061,1960714.139929,I,2026-04-29 22:36:05,2023-12-13 09:12:29
3090000,3090000-S202300003,서울특별시 도봉구 창동 1-28 씨드큐브 창동,"서울특별시 도봉구 마들로13길 61, 씨드큐브 창동 (창동)",1413.0,2023-08-31,,사용중,씨드큐브 창동 지하주차장 1층~7층,공공용시설,지하,46712.04,46712,37.0,39.0,15.86,127.0,2.0,59.26,37.6544068068,127.04979567431,960288.387099692,1961752.1575084224,I,2026-04-29 22:36:05,2026-03-03 17:39:54
3090000,3090000-S200000005,서울특별시 도봉구 창동 810번지,"서울특별시 도봉구 덕릉로62길 13 (창동, 신창아파트)",1487.0,2000-09-23,,사용중,신창아파트 지하주차장 1층,공공용시설,지하,6013.0,6013,37.0,38.0,25.0,127.0,2.0,32.05,37.64064381486931,127.0409735394188,959502.727961,1960228.976101,I,2026-04-29 22:36:05,2026-03-03 09:40:29
3090000,3090000-S202000013,서울특별시 도봉구 창동 811 대동아파트,"서울특별시 도봉구 도봉로 642-30 (창동, 대동아파트)",1397.0,2020-07-23,,사용중,창동대동아파트 지하주차장 1층~2층,공공용시설,지하,3250.0,3250,37.0,39.0,42.95,127.0,2.0,38.71,37.66193086360765,127.04408597913196,959788.801996,1962589.358393,I,2026-04-29 22:36:05,2026-03-03 09:30:39
3090000,3090000-S200300003,서울특별시 도봉구 방학동 713번지,"서울특별시 도봉구 도봉로146길 36 (방학동, 브라운스톤방학아파트)",1335.0,2003-06-11,,사용중,이수아파트 지하주차장 1층~2층,공공용시설,지하,3986.0,3986,37.0,39.0,49.39,127.0,2.0,42.09,37.66417616618916,127.044841645462,959856.660612,1962838.143325,I,2026-04-29 22:36:05,2026-03-03 09:15:22
3090000,3090000-S201200002,서울특별시 도봉구 방학동 716번지 5호,서울특별시 도봉구 도봉로150길 43 (방학동),1332.0,2012-05-21,,사용중,방학동 ESA2단지 아파트 지하주차장 1층~3층,공공용시설,지하,12357.0,12357,37.0,39.0,59.54,127.0,2.0,44.09,37.66614497522093,127.04563801905292,959927.956766,1963056.235439,I,2026-04-29 22:36:05,2026-03-03 09:17:43
3090000,3090000-S202100001,서울특별시 도봉구 창동 504-21,"서울특별시 도봉구 우이천로4길 24-11, 창제3동 제1공영주차장 (창동)",1482.0,2021-05-17,,사용중,창제3동 제1공영주차장 지하1층,공공용시설,지하,2541.45,2541,37.0,37.0,59.19,127.0,2.0,28.31,37.6331570092907,127.04112045711754,959511.627267,1959398.280549,I,2026-04-29 22:36:05,2026-03-03 09:28:05
3090000,3090000-S200300016,서울특별시 도봉구 창동 815번지,서울특별시 도봉구 도봉로136길 111 (창동),1409.0,2003-06-28,,사용중,현대2차 아파트(창4동) 지하주차장 1층~2층,공공용시설,지하,19608.0,19608,37.0,39.0,40.62,127.0,2.0,46.12,37.660515124225,127.04673386927152,960021.585498,1962431.154788,I,2026-04-29 22:36:04,2026-03-03 09:28:51
3090000,3090000-S200300006,서울특별시 도봉구 쌍문동 725번지,"서울특별시 도봉구 우이천로 328 (쌍문동, 쌍문동삼성래미안)",1450.0,2003-06-14,,사용중,삼성래미안아파트(쌍문3동) 지하주차장 1층,공공용시설,지하,13377.0,13377,37.0,38.0,48.75,127.0,1.0,41.05,37.6462700175564,127.02703241756448,958275.922746,1960859.291854,I,2026-04-29 22:36:05,2026-03-31 16:01:45
3090000,3090000-S199500014,서울특별시 도봉구 방학동 732번지,"서울특별시 도봉구 방학로 200 (방학동, 신동아아파트)",1359.0,1995-05-28,,사용중,신동아4단지아파트 지하주차장 1층,공공용시설,지하,6189.0,6189,37.0,39.0,47.15,127.0,1.0,46.32,37.66229206185838,127.0299264181211,958540.135541,1962635.59837,I,2026-04-29 22:36:04,2026-03-03 09:21:31
3090000,3090000-S199800003,서울특별시 도봉구 창동 808번지,서울특별시 도봉구 노해로69길 103 (창동),1411.0,1998-01-01,,사용중,동아청솔아파트 지하주차장 1층~2층,공공용시설,지하,36614.0,36614,37.0,39.0,27.01,127.0,2.0,54.23,37.657028545396216,127.0493995158138,960254.840108,1962043.197933,I,2026-04-29 22:36:04,2026-03-03 09:28:22
3090000,3090000-S200900005,서울특별시 도봉구 창동 825번지,"서울특별시 도봉구 도봉로136길 28 (창동, 북한산 아이파크)",1398.0,2009-12-23,,사용중,북한산아이파크아파트 지하주차장 1층~2층,공공용시설,지하,106030.0,106030,37.0,39.0,24.24,127.0,2.0,35.27,37.659060540656014,127.0427410570805,959668.627641,1962271.483489,I,2026-04-29 22:36:05,2026-03-03 09:30:19
3090000,3090000-S202000007,서울특별시 도봉구 도봉동 288-19 도봉산역 광역환승센타,"서울특별시 도봉구 도봉로 955, 도봉산역 광역환승센타 (도봉동)",1301.0,2020-06-18,,사용중,도봉산역 광역환승센터 지하주차장 1층~2층,공공용시설,지하,10380.0,10380,37.0,41.0,23.14,127.0,2.0,41.7,37.689762012426,127.044915653198,959876.9689371932,1965676.7812150205,I,2026-04-29 22:36:05,2026-03-03 17:42:14
3090000,3090000-S200300017,서울특별시 도봉구 창동 816번지,"서울특별시 도봉구 도봉로136길 111 (창동, 창동2,3차현대아파트)",1409.0,2003-06-28,,사용중,현대3차 아파트(창4동) 지하주차장 1층~2층,공공용시설,지하,6248.0,6248,37.0,39.0,35.49,127.0,2.0,45.42,37.660515124225,127.04673386927152,960021.585498,1962431.154788,I,2026-04-29 22:36:05,2026-03-03 09:29:00
3090000,3090000-S199700001,서울특별시 도봉구 방학동 736번지,"서울특별시 도봉구 방학로 210 (방학동, 신동아타워아파트)",1359.0,1997-08-25,,사용중,신동아타워상가아파트 지하주차장 1층~2층,공공용시설,지하,4363.0,4363,37.0,39.0,43.91,127.0,1.0,43.47,37.662091392462514,127.02887701673372,958447.467345,1962613.799275,I,2026-04-29 22:36:04,2026-03-03 09:21:40
3090000,3090000-S201000001,서울특별시 도봉구 쌍문동 730 쌍문이안,"서울특별시 도봉구 시루봉로 8 (쌍문동, 쌍문이안)",1438.0,2010-09-16,,사용중,쌍문 이안아파트 지하주차장 1층,공공용시설,지하,7234.0,7234,37.0,39.0,5.62,127.0,1.0,45.43,37.651456987041065,127.02861972534002,958418.844088,1961434.062645,I,2026-04-29 22:36:05,2026-03-03 09:35:23
3090000,3090000-S202000008,서울특별시 도봉구 창동 596번지 21호 창제2동 제4공영주차장(창동가스 맞은편),"서울특별시 도봉구 덕릉로59길 64, 창제2동 제4공영주차장(창동가스 맞은편) (창동)",1469.0,2020-06-24,,사용중,창제2동 제4공영주차장 지하1층,공공용시설,지하,2571.02,2571,37.0,38.0,30.07,127.0,2.0,10.76,37.64167310446728,127.03632075942528,959092.801985,1960345.190532,I,2026-04-29 22:36:05,2026-03-03 09:27:08
3090000,3090000-S199200002,서울특별시 도봉구 방학동 687번지 27호,"서울특별시 도봉구 방학로2길 27 (방학동, 방학1동주민센터)",1345.0,1992-09-05,2023-06-13,사용중지,방학1동 주민센터 지하 1층,공공용시설,지하,305.0,305,37.0,39.0,51.15,127.0,2.0,26.57,37.66420281660045,127.04077540082784,959498.044899,1962842.84872,I,2026-04-29 22:36:05,2023-06-13 14:11:18
3090000,3090000-S202000006,서울특별시 도봉구 도봉동 571번지 도봉산 리베니움 아파트,"서울특별시 도봉구 도봉로181길 74-30 (도봉동, 도봉산 리베니움 아파트)",1303.0,2020-06-18,,사용중,도봉산리베니움 지하주차장 1층,공공용시설,지하,1650.0,1650,37.0,41.0,8.7,127.0,2.0,34.34,37.68574984099842,127.04287157241492,959694.577968,1965232.519654,I,2026-04-29 22:36:05,2026-03-03 09:41:23
3090000,3090000-S200500005,서울특별시 도봉구 도봉동 555번지,서울특별시 도봉구 도봉산길 35 (도봉동),1302.0,2005-06-22,2023-10-16,사용중지,서울가든아파트 지하 1층,공공용시설,지하,2395.0,2395,37.0,41.0,10.82,127.0,2.0,31.04,37.68710402969235,127.0416876303366,959590.922896,1965383.272734,I,2026-04-29 22:36:05,2023-10-16 16:08:20
3090000,3090000-S200900007,서울특별시 도봉구 도봉동 647번지,"서울특별시 도봉구 마들로 835 (도봉동, 도봉파크빌2단지)",1318.0,2009-12-23,,사용중,도봉파크빌2단지아파트 지하주차장 1층~2층,공공용시설,지하,4529.0,4529,37.0,41.0,3.15,127.0,3.0,1.74,37.68406758807846,127.0511568993409,960424.212666,1965042.347858,I,2026-04-29 22:36:04,2026-03-03 09:24:02
3090000,3090000-S199300003,서울특별시 도봉구 창동 303번지,"서울특별시 도봉구 도봉로 552 (창동, 도봉구민회관)",1427.0,1993-12-09,2023-06-13,사용중지,도봉구민회관 지하주차장 1층,공공용시설,지하,1620.0,1620,37.0,39.0,13.8,127.0,2.0,18.59,37.65397947819185,127.03815546894089,959261.389037,1961709.739363,I,2026-04-29 22:36:04,2023-06-13 13:58:44
3090000,3090000-S201100002,서울특별시 도봉구 쌍문동 729번지,"서울특별시 도봉구 노해로40길 71-0 (쌍문동, 브라운스톤쌍문)",1446.0,2011-09-16,,사용중,쌍문브라운스톤아파트 지하주차장 1층,공공용시설,지하,7014.0,7014,37.0,38.0,50.9,127.0,1.0,43.91,37.64706424886069,127.0299375940817,958532.653566,1960946.120675,I,2026-04-29 22:36:05,2026-03-31 16:02:11
3090000,3090000-S199300002,서울특별시 도봉구 방학동 730번지,"서울특별시 도봉구 시루봉로11길 25-5 (방학동, 극동아파트)",1316.0,1993-05-05,,사용중,방학 극동아파트 지하 주차장 1~2층,공공용시설,지하,2112.41,2112,37.0,39.0,51.89,127.0,1.0,37.15,37.66440513328736,127.02700641193208,958283.775958,1962871.331717,I,2026-04-29 22:36:05,2026-03-03 09:20:02
3090000,3090000-S199400002,서울특별시 도봉구 쌍문동 50번지,"서울특별시 도봉구 시루봉로6길 53 (쌍문동, 현대2차아파트)",1387.0,1994-01-01,,사용중,쌍문4동 현대2차아파트 지하주차장 1층,공공용시설,지하,2157.0,2157,37.0,39.0,34.02,127.0,1.0,48.25,37.65903050701864,127.03037840449528,958578.188177,1962273.540127,I,2026-04-29 22:36:05,2026-03-03 09:34:15
3090000,3090000-S200500019,서울특별시 도봉구  743번지 15호,서울특별시 도봉구 마들로16길 56,1408.0,2005-06-28,,사용중,성원(창4동) 아파트 지하주차장 1층~2층,공공용시설,지하,6909.0,6909,37.0,39.0,38.78,127.0,2.0,58.98,37.660934985020425,127.0498523844854,960296.865955,1962476.411961,I,2026-04-29 22:36:05,2026-03-03 09:29:10
3090000,3090000-S199500003,서울특별시 도봉구 방학동 507번지,"서울특별시 도봉구 해등로 286-5 (방학동, 우성1차아파트)",1364.0,1995-05-01,,사용중,우성1차아파트 지하주차장 1층~2층,공공용시설,지하,11871.0,11871,37.0,39.0,29.18,127.0,1.0,23.36,37.6578613322538,127.02473726993254,958079.965555,1962146.33084,I,2026-04-29 22:36:05,2026-03-03 09:20:35
3090000,3090000-S199400001,서울특별시 도봉구 쌍문동 158번지,"서울특별시 도봉구 해등로25길 41 (쌍문동, 한양7차아파트)",1433.0,1994-01-01,,사용중,한양7차아파트 지하 주차장 1층,공공용시설,지하,3710.0,3710,37.0,39.0,21.45,127.0,2.0,1.56,37.65608707007786,127.0332155012995,958826.803268,1961945.726568,I,2026-04-29 22:36:04,2026-03-03 09:33:56
3090000,3090000-S202000015,서울특별시 도봉구 도봉동 51-12 중흥에스 클래스,"서울특별시 도봉구 도봉로180가길 32 (도봉동, 중흥에스 클래스)",1318.0,2020-08-20,,사용중,도봉중흥S클래스 지하주차장 1층,공공용시설,지하,4611.91,4611,37.0,41.0,5.49,127.0,2.0,47.79,37.68485790800191,127.04660765462324,960023.514719,1965131.962175,I,2026-04-29 22:36:05,2026-03-03 09:25:17
3090000,3090000-S199000012,서울특별시 도봉구 쌍문동 321번지,"서울특별시 도봉구 노해로 170-0 (쌍문동, 금용아파트)",1445.0,1990-01-02,,사용중,금용아파트(쌍문) 지하주차장 1층,공공용시설,지하,3334.0,3334,37.0,38.0,57.69,127.0,1.0,40.19,37.64950497763841,127.02790744326246,958354.922229,1961217.810159,I,2026-04-29 22:36:05,2026-03-03 09:33:11
3090000,3090000-S200300015,서울특별시 도봉구 쌍문동 723번지,"서울특별시 도봉구 해등로 190 (쌍문동, 신원주상복합2차아파트)",1394.0,2003-01-02,,사용중,신원2차아파트 지하주차장 1층,공공용시설,지하,9576.0,9576,37.0,39.0,30.59,127.0,2.0,9.64,37.65809595567961,127.03566710829683,959044.154467,1962167.531976,I,2026-04-29 22:36:05,2026-03-03 09:32:33
3090000,3090000-S201200001,서울특별시 도봉구 방학동 718번지 7호,서울특별시 도봉구 마들로 657 (방학동),1332.0,2012-05-21,,사용중,방학동 ESA1단지 아파트 지하주차장 1층~3층,공공용시설,지하,18571.0,18571,37.0,40.0,7.4,127.0,2.0,43.59,37.66890100537826,127.04597664608312,959959.302506,1963361.863193,I,2026-04-29 22:36:05,2026-03-03 09:17:32
3090000,3090000-S199800004,서울특별시 도봉구 창동 807번지,서울특별시 도봉구 마들로 551 (창동),1410.0,1998-01-01,,사용중,쌍용아파트 지하주차장 1층,공공용시설,지하,29711.0,29711,37.0,39.0,35.39,127.0,2.0,51.88,37.660292162622255,127.04908759293296,960229.067854,1962405.417119,I,2026-04-29 22:36:04,2026-03-03 09:28:32
3090000,3090000-S200500001,서울특별시 도봉구 도봉동 595번지,"서울특별시 도봉구 도봉로169길 31 (도봉동, 럭키아파트)",1306.0,2005-06-22,,사용중,럭키아파트 지하주차장 1층,공공용시설,지하,2527.0,2527,37.0,40.0,46.79,127.0,2.0,39.88,37.67991038089908,127.04394711117514,959786.257323,1964584.187164,I,2026-04-29 22:36:05,2026-03-03 09:22:57
3090000,3090000-S199000014,서울특별시 도봉구 방학동 621번지 2호,"서울특별시 도봉구 시루봉로 226 (방학동, 방학2동주민센터)",1347.0,2004-12-16,2023-06-13,사용중지,방학2동 주민센터 지하 1층,공공용시설,지하,383.0,383,37.0,40.0,5.74,127.0,2.0,6.23,37.66829464779581,127.03502457686072,958993.091414,1963299.323526,I,2026-04-29 22:36:05,2023-06-13 14:11:41
3090000,3090000-S198800002,서울특별시 도봉구 방학동 271-1 신동아1단지아파트,"서울특별시 도봉구 시루봉로 107 (방학동, 신동아1단지아파트)",1362.0,1988-07-11,,사용중,신동아 28동 아파트 지하주차장 1층,공공용시설,지하,992.0,992,37.0,39.0,37.56,127.0,1.0,39.24,37.66043293322014,127.02756543354536,958330.859462,1962430.380795,I,2026-04-29 22:36:04,2026-03-03 09:19:24
3100000,3100000-S199800020,서울특별시 노원구 상계동 730번지,"서울특별시 노원구 동일로 1395 (상계동, 상계빌딩)",1762.0,1998-12-10,,사용중,삼성생명 상계빌딩 지하2층 주차장,공공용시설,지하,805.0,805,37.0,39.0,11.65,127.0,3.0,37.43,37.6531852842998,127.06061284915567,961241.918157,1961612.108808,I,2026-04-26 22:31:54,2026-03-03 14:33:54
3100000,3100000-S200000014,서울특별시 노원구 월계동 556번지,"서울특별시 노원구 초안산로1길 18 (월계동, 월계주공2단지아파트)",1882.0,2000-10-02,,사용중,월계주공2단지 관리사무소 지하1층,공공용시설,지하,641.35,641,37.0,37.0,42.52,127.0,3.0,14.2,37.628477108978,127.05394360017,960640.5910289,1958873.6086152664,I,2026-04-26 22:31:54,2026-02-05 14:05:41
3100000,3100000-S198900008,서울특별시 노원구 상계동 682 상계9동주민센터,"서울특별시 노원구 한글비석로 487, 상계9동주민센터 (상계동)",1678.0,1989-09-01,,사용중,상계9동 주민센터 지하1층,공공용시설,지하,200.0,200,37.0,39.0,52.31,127.0,3.0,49.73,37.66456672039731,127.06384117569507,961532.561261,1962873.509653,I,2026-04-26 22:31:53,2026-02-25 16:10:56
3100000,3100000-S200000017,서울특별시 노원구 월계동 556번지,"서울특별시 노원구 초안산로1길 18 (월계동, 월계주공2단지아파트)",1882.0,2000-10-02,2023-08-17,사용중지,주공2단지상가 지하1층,공공용시설,지하,850.0,850,37.0,37.0,35.62,127.0,3.0,5.97,37.62847710892565,127.05394360017182,960640.591029,1958873.608615,I,2026-04-26 22:31:53,2023-08-18 11:23:20
3100000,3100000-S199100015,서울특별시 노원구 중계동 511-2,서울특별시 노원구 노원로19길 23 (중계동),1787.0,1991-11-30,,사용중,중계목화4단지아파트 상가 지하1층,공공용시설,지하,400.0,400,37.0,38.0,40.79,127.0,4.0,10.1,37.6446641917456,127.069471475149,962018.9969465736,1960663.1016599769,I,2026-04-26 22:31:54,2026-02-03 17:29:08
3100000,3100000-S200700004,서울특별시 노원구 상계동 729 노원역 7호선,"서울특별시 노원구 동일로 지하1409, 노원역 7호선 (상계동)",1689.0,2007-06-01,,사용중,노원역 7호선 지하1층,공공용시설,지하,5000.0,5000,37.0,39.0,14.23,127.0,3.0,38.83,37.65444011727855,127.06048022157368,961230.871515,1961751.382796,I,2026-04-26 22:31:54,2026-03-04 18:04:43
3100000,3100000-S200700009,서울특별시 노원구 상계동 771 서울시립뇌성마비복지관,"서울특별시 노원구 덕릉로70가길 96, 서울시립뇌성마비복지관 (상계동)",1772.0,2007-06-01,,사용중,시립뇌성마비복지관 지하1층 식당,공공용시설,지하,637.0,637,37.0,38.0,32.59,127.0,3.0,24.13,37.6423023153447,127.05666656124892,960888.110026,1960406.322019,I,2026-04-26 22:31:53,2026-03-03 14:38:32
3100000,3100000-S200000016,서울특별시 노원구 월계동 554,서울특별시 노원구 초안산로3길 41 (월계동),1882.0,2000-10-02,,사용중,충은교회 지하1층,공공용시설,지하,396.19,396,37.0,37.0,46.53,127.0,3.0,7.38,37.629611192025415,127.05219618725194,960487.0013,1959000.164873,I,2026-04-26 22:31:53,2026-02-05 14:09:14
3100000,3100000-S199100009,서울특별시 노원구 중계동 515번지 2호,"서울특별시 노원구 동일로 1308 (중계동, 정안프라자)",1760.0,1991-01-10,,사용중,정안프라자 지하1층,공공용시설,지하,1481.0,1481,37.0,38.0,45.45,127.0,3.0,51.37,37.6458763370516,127.06412151075092,961547.648422,1960799.764138,I,2026-04-26 22:31:53,2026-02-03 17:26:49
3100000,3100000-S201200026,서울특별시 노원구 중계동 361번지 1호,"서울특별시 노원구 노원로22길 34 (중계동, 롯데아파트,우성아파트)",1746.0,2012-08-13,,사용중,롯데우성아파트 103동 지하주차장 1층,공공용시설,지하,600.0,600,37.0,38.0,50.1,127.0,4.0,23.81,37.64754853892557,127.07210417021278,962252.712772,1960982.046324,I,2026-04-26 22:31:53,2026-02-02 13:27:12
3100000,3100000-S201200013,서울특별시 노원구 공릉동 111번지,"서울특별시 노원구 화랑로51길 17 (공릉동, 화랑타운아파트)",1800.0,2012-04-25,,사용중,공릉2동 화랑타운아파트 주차장 지하1층,공공용시설,지하,600.0,600,37.0,37.0,24.12,127.0,5.0,14.0,37.623943428278,127.0893876351453,963765.938,1958356.340688,I,2026-04-26 22:31:54,2026-02-06 16:16:08
3100000,3100000-S200000031,서울특별시 노원구 월계동 556 월계주공2단지아파트,"서울특별시 노원구 초안산로1길 18 (월계동, 월계주공2단지아파트)",1882.0,2000-10-02,2023-08-17,사용중지,주공2단지상가 지하1층,공공용시설,지하,850.0,850,37.0,37.0,42.52,127.0,3.0,14.2,37.628477108978,127.05394360017,960640.5910289128,1958873.6086152503,I,2026-04-26 22:31:53,2023-12-08 10:51:40
3100000,3100000-S200800008,서울특별시 노원구 중계동 359번지 10호,"서울특별시 노원구 한글비석로 265 (중계동, 영광프라자)",1714.0,2008-06-02,,사용중,"영광프라자 지하주차장 2, 3층",공공용시설,지하,450.0,450,37.0,39.0,5.28,127.0,4.0,35.61,37.65154055498308,127.07662708413012,962653.707418,1961423.135012,I,2026-04-26 22:31:53,2026-02-02 13:25:33
3100000,3100000-S199400010,서울특별시 노원구 상계동 357번지 2호,"서울특별시 노원구 상계로5길 32 (상계동, 금호프라자)",1693.0,1994-05-01,,사용중,"금호프라자 지하3,4층 주차장",공공용시설,지하,1418.73,1418,37.0,39.0,25.64,127.0,3.0,46.24,37.657001974796174,127.06280446667574,961437.214364,1962034.653433,I,2026-04-26 22:31:53,2026-02-05 16:30:41
3100000,3100000-S199600005,서울특별시 노원구 하계동 273번지 5호,"서울특별시 노원구 동일로 지하 1196 (하계동, 하계역)",1784.0,1996-10-01,,사용중,하계역(지하철 7호선) 지하2층,공공용시설,지하,9217.0,9217,37.0,38.0,9.62,127.0,4.0,5.44,37.63619895991842,127.06819593858584,961902.146537,1959724.434442,I,2026-04-26 22:31:54,2026-02-03 15:37:08
3100000,3100000-S200900001,서울특별시 노원구 공릉동 499번지 25호,"서울특별시 노원구 동일로186길 3-24 (공릉동, 공릉1동주민센터)",1844.0,2009-04-29,,사용중,공릉1동주민센터 지하1층,공공용시설,지하,495.0,495,37.0,37.0,29.5,127.0,4.0,25.93,37.62477809364399,127.07368460483616,962380.654571,1958455.121774,I,2026-04-26 22:31:54,2026-02-26 15:55:00
3100000,3100000-S198800007,서울특별시 노원구 상계동 451번지,"서울특별시 노원구 한글비석로48길 6 (상계동, 한신2차아파트)",1656.0,1988-05-14,,사용중,상계한신2차아파트 지하1층,공공용시설,지하,4000.0,4000,37.0,39.0,52.5,127.0,4.0,6.37,37.66445946483638,127.06762190743108,961865.953216,1962860.065694,I,2026-04-26 22:31:53,2026-03-03 15:30:33
3100000,3100000-S199700007,서울특별시 노원구 상계동 322번지 14호,"서울특별시 노원구 노원로 440 (상계동, 순복음교회)",1696.0,1997-06-16,,사용중,"순복음노원교회 지하2,3층 주차장",공공용시설,지하,4436.82,4436,37.0,39.0,21.11,127.0,4.0,4.36,37.6559264345849,127.0671466750318,961819.669517,1961913.549481,I,2026-04-26 22:31:53,2026-04-20 10:52:05
3100000,3100000-S198900031,서울특별시 노원구 상계동 637 상계주공13단지아파트,"서울특별시 노원구 한글비석로54길 92 (상계동, 상계주공13단지아파트)",1672.0,1989-04-21,,사용중,상계주공아파트 13단지 관리동 지하1층,공공용시설,지하,11000.0,11000,37.0,40.0,4.65,127.0,3.0,39.84,37.66747450875328,127.06125245449992,961305.755008,1963197.184068,I,2026-04-26 22:31:54,2026-02-25 16:10:25
3100000,3100000-S198800012,서울특별시 노원구 상계동 685 보람아파트1단지,"서울특별시 노원구 한글비석로 479 (상계동, 보람아파트1단지)",1678.0,1988-06-29,,사용중,보람아파트 관리소 지하1층,공공용시설,지하,2100.0,2100,37.0,39.0,52.27,127.0,3.0,52.08,37.664536016043535,127.06469466170932,961607.819821,1962869.75331,I,2026-04-26 22:31:53,2026-02-25 16:07:13
3100000,3100000-S198000001,서울특별시 노원구 하계동 78번지,서울특별시 노원구 공릉로 264 (경기기계공업고등학교),1810.0,1980-03-01,,사용중,경기기계공업고등학교 지하1층,공공용시설,지하,880.0,880,37.0,37.0,52.57,127.0,4.0,25.18,37.6312687338884,127.073660026524,962381.7572120668,1959175.2411784332,I,2026-04-26 22:31:54,2026-02-03 15:16:28
3100000,3100000-S200800007,서울특별시 노원구 중계동 359-9 마들프라자,"서울특별시 노원구 한글비석로 269, 마들프라자 (중계동)",1714.0,2008-06-02,,사용중,"마들프라자 지하주차장 2, 3층",공공용시설,지하,500.0,500,37.0,39.0,6.28,127.0,4.0,36.45,37.651692495148566,127.07685365843628,962673.769985,1961439.902015,I,2026-04-26 22:31:53,2026-02-02 13:25:20
3100000,3100000-S200000006,서울특별시 노원구 상계동 1132번지 23호,"서울특별시 노원구 동일로241길 36 (상계동, 삼천리)",1607.0,2000-01-01,2023-12-28,사용중지,삼천리빌딩 지하1층 주차장,공공용시설,지하,850.0,850,37.0,40.0,39.99,127.0,3.0,16.13,37.67776135297608,127.05439152581178,960706.094221,1964341.329649,I,2026-04-26 22:31:53,2023-12-28 15:39:58
3100000,3100000-S201200064,서울특별시 노원구 하계동 354번지,"서울특별시 노원구 동일로207길 186 (하계동, 학여울청구아파트)",1775.0,2012-09-04,,사용중,학여울청구아파트 109동 지하주차장 지하1층,공공용시설,지하,700.0,700,37.0,38.0,7.73,127.0,3.0,41.36,37.63712613740265,127.06115154191616,961281.10103,1959830.184821,I,2026-04-26 22:31:54,2026-02-03 14:27:29
3100000,3100000-S200800011,서울특별시 노원구 중계동 360번지 7호,"서울특별시 노원구 한글비석로 253 (중계동, 세신프라자빌딩)",1743.0,2008-06-02,,사용중,"세신프라자 지하주차장 2, 3층",공공용시설,지하,566.0,566,37.0,39.0,1.59,127.0,4.0,34.92,37.65033116895206,127.07646775611624,962639.046939,1961289.021604,I,2026-04-26 22:31:54,2026-02-05 09:24:36
3100000,3100000-S198800010,서울특별시 노원구 상계동 647번지,"서울특별시 노원구 한글비석로 530 (상계동, 상계주공12단지아파트)",1673.0,1988-10-19,,사용중,상계주공아파트 12단지 관리동 지하1층,공공용시설,지하,14000.0,14000,37.0,39.0,59.57,127.0,3.0,35.4,37.66488538109729,127.05922781140164,961125.845397,1962910.766615,I,2026-04-26 22:31:54,2026-02-25 15:57:47
3100000,3100000-S201300001,서울특별시 노원구 월계동 774번지,"서울특별시 노원구 초안산로 89 (월계동, 월계청백1단지아파트)",1869.0,2013-03-26,,사용중,청백1단지아파트105동 지하1층 주차장,공공용시설,지하,1864.0,1864,37.0,38.0,11.36,127.0,3.0,7.71,37.63553146776504,127.05217184991469,960487.988592,1959657.006095,I,2026-04-26 22:31:53,2026-02-26 17:23:11
3100000,3100000-S198900014,서울특별시 노원구 상계동 173번지 1호,"서울특별시 노원구 한글비석로 396, 109동 (상계동, 벽산아파트)",1663.0,1989-05-13,,사용중,상계벽산아파트109동상가 지하1층,공공용시설,지하,4000.0,4000,37.0,39.0,38.77,127.0,4.0,22.13,37.66047264751424,127.07220637775686,962268.269462,1962415.887696,I,2026-04-26 22:31:53,2026-03-03 15:33:06
3100000,3100000-S199100018,서울특별시 노원구 상계동 651-1 농협,"서울특별시 노원구 동일로 1553, 농협 (상계동)",1620.0,1991-09-13,,사용중,농협 마들역지점 지하1층 주차장,공공용시설,지하,165.26,165,37.0,40.0,1.49,127.0,3.0,24.37,37.667053197523074,127.05689057115976,960920.846732,1963152.250085,I,2026-04-26 22:31:54,2026-02-10 16:49:37
3100000,3100000-S201200061,서울특별시 노원구 하계동 354번지,"서울특별시 노원구 동일로207길 186 (하계동, 학여울청구아파트)",1775.0,2012-09-04,,사용중,학여울청구아파트 101동 지하주차장 지하1층,공공용시설,지하,700.0,700,37.0,38.0,19.14,127.0,3.0,36.06,37.63712613740265,127.06115154191616,961281.10103,1959830.184821,I,2026-04-26 22:31:53,2026-02-03 14:25:25
3100000,3100000-S200000012,서울특별시 노원구 월계동 562번지,"서울특별시 노원구 월계로45길 28 (월계동, 월계아파트형공장)",1882.0,2000-10-04,,사용중,월계아파트형공장 지하1층,공공용시설,지하,1153.86,1153,37.0,37.0,36.46,127.0,3.0,3.64,37.6267942705594,127.051011847474,960381.0025439668,1958688.1382349,I,2026-04-26 22:31:53,2026-02-05 15:40:31
3100000,3100000-S199700003,서울특별시 노원구 상계동 650 마들역,"서울특별시 노원구 동일로 지하1530-1, 마들역 (상계동)",1674.0,1997-01-01,,사용중,마들역 지하1층,공공용시설,지하,15000.0,15000,37.0,39.0,54.72,127.0,3.0,27.61,37.66505598745032,127.05778049542252,960998.287161,1962930.295839,I,2026-04-26 22:31:54,2026-02-25 16:08:10
3100000,3100000-S199000011,서울특별시 노원구 하계동 284 세이브존,"서울특별시 노원구 한글비석로 57, 세이브존 (하계동)",1784.0,1990-08-01,,사용중,세이브존 노원점 지하2층,공공용시설,지하,13500.0,13500,37.0,38.0,11.43,127.0,4.0,7.27,37.6365090542624,127.068687346629,961945.6615818334,1959758.6387476,I,2026-04-26 22:31:54,2026-02-03 15:13:34
3100000,3100000-S200800010,서울특별시 노원구 중계동 359번지 15호,"서울특별시 노원구 중계로 220 (중계동, 조충빌딩)",1714.0,2008-06-02,,사용중,"조은빌딩 지하주차장 2, 3층",공공용시설,지하,750.0,750,37.0,39.0,3.12,127.0,4.0,32.39,37.650817567107104,127.07574477268643,962575.514357,1961343.273885,I,2026-04-26 22:31:53,2026-02-02 13:25:45
3100000,3100000-S201200063,서울특별시 노원구 하계동 354번지,"서울특별시 노원구 동일로207길 186 (하계동, 학여울청구아파트)",1775.0,2012-09-04,,사용중,학여울청구아파트 107동 지하주차장 지하1층,공공용시설,지하,1000.0,1000,37.0,38.0,9.86,127.0,3.0,39.76,37.63712613740265,127.06115154191616,961281.10103,1959830.184821,I,2026-04-26 22:31:53,2026-02-03 14:27:14
3100000,3100000-S200800025,서울특별시 노원구 월계동 777번지,"서울특별시 노원구 초안산로5길 28 (월계동, 월계2동주민센터)",1868.0,2008-12-29,,사용중,월계2동주민센터 지하1층 주차장,공공용시설,지하,385.12,385,37.0,37.0,57.03,127.0,3.0,2.83,37.6325079681197,127.050785571353,960364.0702367668,1959322.145453767,I,2026-04-26 22:31:54,2026-02-26 17:21:40
3100000,3100000-S199500001,서울특별시 노원구 중계동 501-9 시립중계노인전문요양원,"서울특별시 노원구 섬밭로 313, 시립중계노인전문요양원 (중계동)",1771.0,1995-09-23,,사용중,시립중계노인전문요양원 지하1층,공공용시설,지하,1064.47,1064,37.0,38.0,36.75,127.0,3.0,43.13,37.64361483828151,127.06196106213211,961355.885298,1960549.747239,I,2026-04-26 22:31:54,2026-02-03 17:31:49
3100000,3100000-S199800016,서울특별시 노원구 상계동 727-2 신한은행,"서울특별시 노원구 동일로 1404, 신한은행 (상계동)",1751.0,1998-12-15,,사용중,신한은행 노원역지점 지하1층 주차장,공공용시설,지하,766.0,766,37.0,39.0,14.37,127.0,3.0,39.6,37.65399724792611,127.06099748350452,961276.268357,1961702.034347,I,2026-04-26 22:31:53,2026-03-03 14:32:37
3100000,3100000-S201200065,서울특별시 노원구 월계동 941번지,"서울특별시 노원구 광운로19길 38 (월계동, 성북역신도브래뉴)",1887.0,2012-09-10,,사용중,성북역신도브래뉴아파트 지하1층 주차장,공공용시설,지하,1000.0,1000,37.0,37.0,24.69,127.0,3.0,33.4,37.62266537114149,127.05874033181684,961060.818586,1958226.819371,I,2026-04-26 22:31:53,2026-04-08 13:46:19
3100000,3100000-S198900006,서울특별시 노원구 하계동 273번지 2호,"서울특별시 노원구 공릉로55길 88 (하계동, 하계2동 주민센터)",1863.0,1989-07-01,,사용중,하계2동주민센터 지하1층,공공용시설,지하,300.0,300,37.0,37.0,55.42,127.0,4.0,4.65,37.63198533995772,127.067912506456,961874.986596,1959257.065376,I,2026-04-26 22:31:54,2026-02-03 15:30:49
3100000,3100000-S199800018,서울특별시 노원구 상계동 727-3,서울특별시 노원구 동일로 1402 (상계동),1751.0,1998-12-08,,사용중,기업빌딩 지하2층 주차장,공공용시설,지하,475.0,475,37.0,39.0,13.48,127.0,3.0,39.93,37.65376531550962,127.06096854886422,961273.595611,1961676.314233,I,2026-04-26 22:31:54,2026-02-04 09:30:50
3100000,3100000-S200000032,서울특별시 노원구 월계동 556 월계주공2단지아파트,"서울특별시 노원구 초안산로1길 18 (월계동, 월계주공2단지아파트)",1882.0,2000-10-02,2023-12-28,사용중지,주공2단지상가 지하1층,공공용시설,지하,850.0,850,37.0,37.0,42.52,127.0,3.0,14.2,37.628477108978,127.05394360017,960640.5910289128,1958873.6086152503,I,2026-04-26 22:31:54,2023-12-28 15:39:27
3100000,3100000-S199300008,서울특별시 노원구 중계동 364번지 22호,"서울특별시 노원구 한글비석로 254 (중계동, 대명프라자)",1734.0,1993-07-07,,사용중,대명프라자 지하 1~3층 주차장,공공용시설,지하,892.57,892,37.0,39.0,1.55,127.0,4.0,37.46,37.650361466061376,127.0769526442596,962681.835626,1961292.189924,I,2026-04-26 22:31:53,2026-02-04 16:42:34
3100000,3100000-S200800017,서울특별시 노원구 공릉동 616번지 4호,서울특별시 노원구 동일로 지하 992-1 (공릉동),1849.0,2008-09-22,,사용중,태릉입구역(지하1~4층),공공용시설,지하,13000.0,13000,37.0,37.0,6.55,127.0,4.0,31.27,37.61872773595498,127.07536224530628,962525.658296,1957783.189336,I,2026-04-26 22:31:53,2026-01-30 16:00:14
3100000,3100000-S198800013,서울특별시 노원구 상계동 649번지,"서울특별시 노원구 동일로 1538 (상계동, 12단지 종합상가)",1674.0,1988-10-19,2023-12-11,사용중지,상계주공아파트 12단지 종합상가 지하1층,공공용시설,지하,1500.0,1500,37.0,39.0,58.21,127.0,3.0,28.86,37.66586226864965,127.05777310018551,960998.056831,1963019.753077,I,2026-04-26 22:31:53,2023-12-12 08:55:07
3100000,3100000-S198900005,서울특별시 노원구 하계동 273번지,"서울특별시 노원구 섬밭로 196 (하계동, 장미아파트)",1863.0,1989-10-01,,사용중,하계장미6단지아파트 종합상가 지하1층,공공용시설,지하,1320.0,1320,37.0,38.0,0.7,127.0,4.0,6.25,37.63368911533299,127.0667845339036,961776.332752,1959446.551262,I,2026-04-26 22:31:53,2026-02-03 14:26:56
3100000,3100000-S199400006,서울특별시 노원구 중계동 515번지,"서울특별시 노원구 덕릉로 553 (중계동, 민정학원)",1758.0,1994-02-28,,사용중,상명중학교 지하1층,공공용시설,지하,495.87,495,37.0,38.0,57.87,127.0,4.0,8.53,37.64881368782548,127.06880653826136,961962.452484,1961123.741967,I,2026-04-26 22:31:54,2026-02-03 17:30:02
3100000,3100000-S201200068,서울특별시 노원구 월계동 942번지,"서울특별시 노원구 광운로 132 (월계동, 월계역신도브래뉴)",1885.0,2012-09-10,,사용중,월계역신도브래뉴아파트 지하1층 주차장,공공용시설,지하,600.0,600,37.0,37.0,43.21,127.0,3.0,30.9,37.62845233041651,127.0585626086332,961048.155195,1958868.932262,I,2026-04-26 22:31:54,2026-02-06 12:21:57
3100000,3100000-S201100002,서울특별시 노원구 중계동 508번지,"서울특별시 노원구 동일로204길 13 (중계동, 노원평생학습관)",1783.0,2011-05-02,2023-09-11,사용중지,노원평생학습관 지하1층,공공용시설,지하,300.0,300,37.0,38.0,21.55,127.0,4.0,4.06,37.63908222340833,127.06779153833128,961867.93993,1960044.485408,I,2026-04-26 22:31:54,2023-09-11 15:56:47
3100000,3100000-S199800013,서울특별시 노원구 중계동 445 염광아파트,"서울특별시 노원구 덕릉로79길 23 (중계동, 염광아파트)",1701.0,1998-12-15,,사용중,염광아름빌아파트 지하1층 주차장,공공용시설,지하,9500.0,9500,37.0,39.0,23.76,127.0,4.0,22.76,37.6569739652894,127.0733569497145,962367.985335,1962027.259098,I,2026-04-26 22:31:53,2026-03-03 09:21:47
3100000,3100000-S201200048,서울특별시 노원구 상계동 1270번지,"서울특별시 노원구 한글비석로46나길 10 (상계동, 금호아파트)",1652.0,2012-08-13,,사용중,금호타운아파트102동 지하1층,공공용시설,지하,7500.0,7500,37.0,40.0,1.57,127.0,4.0,7.19,37.666885454859695,127.06911166458563,961998.581464,1963128.616126,I,2026-04-26 22:31:53,2026-03-03 15:37:32
3100000,3100000-S200900025,서울특별시 노원구 월계동 946번지,"서울특별시 노원구 초안산로2길 91 (월계동, 월계동 우남푸르미아 아파트)",1867.0,2009-11-04,,사용중,우남푸르미아 지하1층 주차장,공공용시설,지하,841.07,841,37.0,37.0,57.87,127.0,3.0,25.31,37.63279487143559,127.05725220990962,960934.799946,1959351.264344,I,2026-04-26 22:31:54,2026-02-26 17:23:52
3100000,3100000-S198900019,서울특별시 노원구 상계동 580-9 도봉운전면허시험장,"서울특별시 노원구 동일로 1449, 도봉운전면허시험장 (상계동)",1688.0,1989-09-02,,사용중,도봉면허시험장 지하1층,공공용시설,지하,1732.0,1732,37.0,39.0,29.52,127.0,3.0,30.74,37.65793925342552,127.05933387042242,961131.577875,1962140.073933,I,2026-04-26 22:31:54,2026-02-26 17:02:15
3100000,3100000-S199000003,서울특별시 노원구 중계동 503 중계그린아파트,"서울특별시 노원구 동일로207길 17 (중계동, 중계그린아파트)",1778.0,1990-09-16,,사용중,중계그린B상가 지하1층,공공용시설,지하,1250.0,1250,37.0,38.0,31.22,127.0,3.0,52.47,37.64321430771263,127.06472138198012,961599.197748,1960504.176406,I,2026-04-26 22:31:54,2026-02-03 17:25:54
3100000,3100000-S200000030,서울특별시 노원구 상계동 205-4 한국성서대학교,"서울특별시 노원구 동일로214길 32, 한국성서대학교 (상계동)",1757.0,2000-12-11,,사용중,한국성서대학교 밀알관 지하2층 주차장,공공용시설,지하,733.0,733,37.0,38.0,56.38,127.0,3.0,49.35,37.64916565586751,127.06352289480223,961496.537539,1961164.947267,I,2026-04-26 22:31:53,2026-03-03 14:35:14
3100000,3100000-S200800028,서울특별시 노원구 하계동 251번지 2호,"서울특별시 노원구 노원로 261 (하계동, 하계1동주민센터)",1791.0,2008-12-29,,사용중,하계1동주민센터 지하1층,공공용시설,지하,251.0,251,37.0,38.0,26.0,127.0,4.0,21.21,37.6405567749668,127.072557311115,962289.152764,1960206.1547840664,I,2026-04-26 22:31:53,2026-02-03 15:18:27
3100000,3100000-S200800003,서울특별시 노원구 중계동 411번지 1호,"서울특별시 노원구 중계로 244 (중계동, 청암중고예술학교)",1713.0,2008-06-02,,사용중,청암중고등학교 음악실 지하 1층,공공용시설,지하,250.0,250,37.0,39.0,6.53,127.0,4.0,25.92,37.65132380135454,127.07336724700296,962366.042072,1961400.389988,I,2026-04-26 22:31:54,2026-02-02 13:24:42
3100000,3100000-S198800014,서울특별시 노원구 상계동 639-1 보람아파트2단지,"서울특별시 노원구 한글비석로 474, 보람아파트2단지 (상계동)",1671.0,1988-06-28,,사용중,보람상가 지하1층,공공용시설,지하,1800.0,1800,37.0,39.0,53.28,127.0,3.0,55.49,37.66468459971063,127.06544827185246,961674.361929,1962885.92986,I,2026-04-26 22:31:54,2026-02-25 16:15:16
3100000,3100000-S201200007,서울특별시 노원구 상계동 626번지,"서울특별시 노원구 동일로228길 23 (상계동, 상계주공14단지아파트)",1669.0,2012-04-24,,사용중,상계주공14단지이파트 지하1층,공공용시설,지하,1200.0,1200,37.0,40.0,11.03,127.0,3.0,32.52,37.66778137225127,127.0584810474412,961061.496766,1963232.376906,I,2026-04-26 22:31:54,2026-02-25 16:09:35
3100000,3100000-S200700012,서울특별시 노원구 상계동 722 상계6.7동주민센터,"서울특별시 노원구 노원로 429, 상계6.7동주민센터 (상계동)",1752.0,2007-06-01,,사용중,상계6.7동주민센터 지하1층,공공용시설,지하,450.0,450,37.0,39.0,17.36,127.0,4.0,0.91,37.654843933053954,127.06696506181272,961803.0955,1961793.523805,I,2026-04-26 22:31:54,2026-02-04 09:35:40
3100000,3100000-S199200004,서울특별시 노원구 중계동 363번지 4호,"서울특별시 노원구 중계로 143 (중계동, 중계본동주민센터)",1739.0,1992-07-01,,사용중,중계본동주민센터 지하 1층 시설,공공용시설,지하,150.0,150,37.0,38.0,52.1,127.0,4.0,49.04,37.6478048391225,127.080288707684,962974.8510561,1961007.2197688,I,2026-04-26 22:31:54,2026-02-04 16:33:00
3100000,3100000-S199100002,서울특별시 노원구 중계동 503,"서울특별시 노원구 동일로207길 23, 동은유치원 (중계동)",1778.0,1991-08-20,2023-12-28,사용중지,중계그린아파트 상가 지하1층,공공용시설,지하,690.65,690,37.0,38.0,34.73,127.0,3.0,47.63,37.64308772015638,127.0634476672214,961486.76319,1960490.65415,I,2026-04-26 22:31:53,2023-12-28 15:39:45
3100000,3100000-S200000011,서울특별시 노원구 월계동 600번지,"서울특별시 노원구 월계로49길 5 (월계동, 월계1단지주공아파트)",1880.0,2000-10-05,2023-08-18,사용중지,주공1단지상가 지하1~2층,공공용시설,지하,760.0,760,37.0,37.0,45.77,127.0,3.0,22.44,37.62915689064454,127.0566591813717,960880.567752,1958947.89212,I,2026-04-26 22:31:53,2023-11-07 17:33:06
3100000,3100000-S200900029,서울특별시 노원구 상계동 652번지,"서울특별시 노원구 동일로227길 25 (상계동, 상계주공11단지아파트)",1619.0,2009-11-05,2023-12-11,사용중지,주공11단지 지하1층 헬스장,공공용시설,지하,390.86,390,37.0,39.0,58.84,127.0,3.0,16.04,37.66697488297351,127.05551486403196,960799.477171,1963144.135631,I,2026-04-26 22:31:53,2023-12-12 08:54:29
3100000,3100000-S199000008,서울특별시 노원구 상계동 649번지 5호,"서울특별시 노원구 동일로 1534 (상계동, 국민은행)",1674.0,1990-07-20,2023-12-11,사용중지,국민은행 마들역점 지하1층,공공용시설,지하,500.0,500,37.0,39.0,55.62,127.0,3.0,28.55,37.66544627448466,127.05784526915852,961004.204123,1962973.569918,I,2026-04-26 22:31:54,2023-12-12 08:54:47
3100000,3100000-S200000028,서울특별시 노원구 상계동 749-5 상계주공4단지아파트,"서울특별시 노원구 동일로 1362 (상계동, 상계주공4단지아파트)",1756.0,2000-12-18,,사용중,상계주공4단지 상가 지하1층 주차장,공공용시설,지하,660.0,660,37.0,39.0,0.52,127.0,3.0,43.32,37.650324190878464,127.06196700021836,961359.885173,1961294.122254,I,2026-04-26 22:31:53,2026-03-03 14:34:39
3100000,3100000-S199100014,서울특별시 노원구 중계동 514-3 목련아파트상가,"서울특별시 노원구 노원로 333, 목련아파트상가 (중계동)",1786.0,1991-11-30,,사용중,중계목련3단지아파트 상가 지하1층,공공용시설,지하,400.0,400,37.0,38.0,48.09,127.0,4.0,11.39,37.646654606226456,127.06990517702572,962058.270569,1960883.755056,I,2026-04-26 22:31:53,2026-02-03 17:28:46
3100000,3100000-S200700006,서울특별시 노원구 상계동 764 대한적십자사,"서울특별시 노원구 동일로 1329, 대한적십자사 (상계동)",1767.0,2007-06-01,,사용중,대한적십자사 동부혈액원 지하1층 기관실,공공용시설,지하,543.0,543,37.0,38.0,49.21,127.0,3.0,44.95,37.64756255920141,127.06222792750586,961381.472443,1960987.622037,I,2026-04-26 22:31:54,2026-03-03 14:37:44
3100000,3100000-S200900033,서울특별시 노원구 중계동 588번지,"서울특별시 노원구 덕릉로73길 28 (중계동, 양지대림아파트)",1706.0,2009-11-05,,사용중,양지대림2차아파트 전체 동의 지하주차장 1층,공공용시설,지하,11000.0,11000,37.0,39.0,13.04,127.0,4.0,22.1,37.65247276985499,127.07175151140996,962224.096801,1961528.513317,I,2026-04-26 22:31:54,2026-02-02 13:26:48
3100000,3100000-S201700001,서울특별시 노원구 상계동 385-1 상계2동주민센터,"서울특별시 노원구 상계로 118, 상계2동주민센터 (상계동)",1696.0,2017-02-01,,사용중,상계2동주민센터 지하1층,공공용시설,지하,236.0,236,37.0,39.0,26.96,127.0,4.0,4.28,37.65755499115048,127.06783321085013,961881.059116,1962093.952702,I,2026-04-26 22:31:54,2026-04-15 15:02:56
3100000,3100000-S199900006,서울특별시 노원구 중계동 369번지 2호,"서울특별시 노원구 덕릉로82길 50 (중계동, 중계4동주민센터)",1717.0,1999-09-13,,사용중,중계4동주민센터 지하1층,공공용시설,지하,264.0,264,37.0,39.0,31.52,127.0,4.0,40.52,37.65881498028856,127.0779171268276,962771.136548,1962229.692973,I,2026-04-26 22:31:54,2026-03-03 09:22:37
3100000,3100000-S201000004,서울특별시 노원구 월계동 938번지,"서울특별시 노원구 화랑로45길 42-18 (월계동, 건양노블레스아파트)",1914.0,2010-10-19,,사용중,건양노블레스지하1층 주차장,공공용시설,지하,1250.0,1250,37.0,37.0,2.02,127.0,3.0,59.25,37.61712072458097,127.0661205761688,961709.251595,1957608.6282,I,2026-04-26 22:31:54,2026-02-10 20:38:23
3100000,3100000-S200100006,서울특별시 노원구 공릉동 285번지 2호,서울특별시 노원구 화랑로 지하 510 (공릉동),1804.0,2000-11-30,,사용중,공릉2동 화랑대역 지하1~2층,공공용시설,지하,10107.22,10107,37.0,37.0,11.99,127.0,5.0,1.67,37.61993331869981,127.08382062193893,963272.707697,1957913.600164,I,2026-04-26 22:31:53,2026-02-06 16:06:37
3100000,3100000-S198800019,서울특별시 노원구 상계동 624 상계주공16단지아파트,"서울특별시 노원구 동일로227길 86 (상계동, 상계주공16단지아파트)",1618.0,1988-11-10,,사용중,상계8동 주공16단지 지하1층 헬스장,공공용시설,지하,522.0,522,37.0,40.0,7.13,127.0,3.0,5.5,37.66719284345194,127.05216971383771,960504.571969,1963169.721461,I,2026-04-26 22:31:54,2026-02-10 17:00:57
3100000,3100000-S199800024,서울특별시 노원구 중계동 161번지 5호,"서울특별시 노원구 한글비석로14길 37 (중계동, 중앙하이츠아파트)",1715.0,1998-12-07,,사용중,중앙하이츠아파트 지하1층 주차장,공공용시설,지하,7000.0,7000,37.0,39.0,34.24,127.0,4.0,33.88,37.65898501934316,127.07668563731572,962662.600458,1962249.047797,I,2026-04-26 22:31:54,2026-03-03 09:22:13
3100000,3100000-S200700008,서울특별시 노원구 상계동 771 서울시립북부장애인복지관,"서울특별시 노원구 덕릉로70가길 92, 서울시립북부장애인복지관 (상계동)",1772.0,2007-06-01,,사용중,서울시립북부장애인복지관 지하1층 강당,공공용시설,지하,1400.0,1400,37.0,38.0,32.51,127.0,3.0,24.75,37.64237565343301,127.05691961231295,960910.473313,1960414.353129,I,2026-04-26 22:31:54,2026-03-03 14:38:14
3100000,3100000-S202300002,서울특별시 노원구 공릉동 737 삼익아파트,"서울특별시 노원구 공릉로46길 32 (공릉동, 삼익아파트)",1816.0,2023-05-10,,사용중,공릉2동 삼익포레스트아파트 103동 주차장 지하1층,공공용시설,지하,857.8,857,37.0,37.0,38.75,127.0,4.0,50.46,37.62743080983644,127.08068354549704,962999.579865,1958746.646991,I,2026-04-26 22:31:54,2026-02-06 16:31:19
3100000,3100000-S201200016,서울특별시 노원구 중계동 598번지,"서울특별시 노원구 중계로8길 29 (중계동, 한화꿈에그린아파트)",1727.0,2012-04-27,,사용중,중계한화꿈에그린아파트  지하1~2층 주차장,공공용시설,지하,13298.0,13298,37.0,38.0,50.88,127.0,4.0,59.85,37.64630501738927,127.08372733653896,963277.455242,1960839.468577,I,2026-04-26 22:31:54,2026-02-05 15:13:34
3100000,3100000-S199800002,서울특별시 노원구 월계동 322번지 1호,"서울특별시 노원구 마들로3길 37 (월계동, 성원아파트)",1907.0,1998-10-12,,사용중,성원상가 지하1층 체육관,공공용시설,지하,364.0,364,37.0,37.0,45.66,127.0,3.0,45.82,37.62905187302741,127.06263907921404,961408.169318,1958933.764817,I,2026-04-26 22:31:53,2026-02-10 20:30:05
3100000,3100000-S201000003,서울특별시 노원구 월계동 320번지 11호,"서울특별시 노원구 월계로55길 15 (월계동, 월계사슴3단지아파트)",1865.0,2010-10-19,,사용중,사슴3단지아파트301동지하1층 주차장,공공용시설,지하,2234.0,2234,37.0,37.0,55.45,127.0,3.0,33.46,37.63204097788393,127.0603335803736,961206.289606,1959266.344496,I,2026-04-26 22:31:54,2026-02-10 20:36:43
3100000,3100000-S201200031,서울특별시 노원구 중계동 361번지 1호,"서울특별시 노원구 노원로22길 34 (중계동, 롯데아파트,우성아파트)",1746.0,2012-08-13,,사용중,롯데우성아파트 109동 지하주차장 1층,공공용시설,지하,600.0,600,37.0,38.0,45.66,127.0,4.0,20.83,37.64754853892557,127.07210417021278,962252.712772,1960982.046324,I,2026-04-26 22:31:54,2026-02-02 13:27:38
3100000,3100000-S201200039,서울특별시 노원구 상계동 1305번지,"서울특별시 노원구 상계로5길 12 (상계동, 동양메이저아파트)",1692.0,2012-07-09,,사용중,동양메이저아파트 지하1층 주차장,공공용시설,지하,12362.8,12362,37.0,39.0,25.13,127.0,3.0,51.24,37.65718838800039,127.06400377460204,961543.095867,1962054.842836,I,2026-04-26 22:31:53,2026-02-05 16:43:21
3100000,3100000-S200900024,서울특별시 노원구 상계동 1255번지,"서울특별시 노원구 동일로245길 162 (상계동, 은빛1단지아파트)",1603.0,2009-11-04,,사용중,은빛1단지아파트 지하주차장 1층,공공용시설,지하,4500.0,4500,37.0,40.0,52.77,127.0,3.0,11.13,37.68229388332085,127.05425597240314,960696.532387,1964844.256634,I,2026-04-26 22:31:54,2026-03-03 15:32:43
3100000,3100000-S199500003,서울특별시 노원구 상계동 463번지,"서울특별시 노원구 한글비석로52길 64 (상계동, 신동아아파트)",1651.0,1995-06-02,2024-04-29,사용중지,신동아아파트상가 지하1층,공공용시설,지하,1400.0,1400,37.0,40.0,2.18,127.0,4.0,0.53,37.66734305216964,127.0667879091832,961793.875629,1963180.329354,I,2026-04-26 22:31:54,2024-04-29 13:13:19
3100000,3100000-S198900020,서울특별시 노원구 상계동 693번지 2호,"서울특별시 노원구 상계로 55 (상계동, 위성프라자)",1694.0,1989-09-02,2023-12-26,사용중지,위성프라자 지하2층,공공용시설,지하,832.5,832,37.0,39.0,21.75,127.0,3.0,40.29,37.655989291063726,127.06118217127272,961293.593545,1961922.968115,I,2026-04-26 22:31:54,2023-12-26 13:02:06
3100000,3100000-S199100012,서울특별시 노원구 중계동 512번지,"서울특별시 노원구 동일로208길 20 (중계동, 무지개아파트)",1782.0,1991-11-15,,사용중,중계무지개아파트 관리사무소 지하1층,공공용시설,지하,600.0,600,37.0,38.0,35.24,127.0,3.0,56.75,37.64385700374426,127.06599827577948,961712.177286,1960574.959145,I,2026-04-26 22:31:54,2026-02-03 17:27:49
3100000,3100000-S200000001,서울특별시 노원구 상계동 1132번지 9호,"서울특별시 노원구 동일로 지하 1662 (상계동, 수락산역)",1625.0,2000-01-01,,사용중,수락산역 지하 1~3층,공공용시설,지하,18000.0,18000,37.0,40.0,39.34,127.0,3.0,19.33,37.67686837554828,127.05541213007628,960795.622026,1964241.829291,I,2026-04-26 22:31:53,2026-03-04 14:31:42
3100000,3100000-S200900018,서울특별시 노원구 상계동 1283번지,"서울특별시 노원구 노원로34길 34 (상계동, 성원아파트)",1679.0,2009-11-04,,사용중,"상계성원상떼빌아파트 지하1,2층 주차장",공공용시설,지하,3745.0,3745,37.0,39.0,37.28,127.0,3.0,56.66,37.6604455184733,127.06566464786192,961691.267043,1962415.530125,I,2026-04-26 22:31:54,2026-02-05 16:40:34
3100000,3100000-S201200011,서울특별시 노원구 월계동 922번지,"서울특별시 노원구 마들로1길 44 (월계동, 서광아파트)",1910.0,2012-04-10,,사용중,월계서광아파트지하1층 주차장,공공용시설,지하,600.0,600,37.0,37.0,23.06,127.0,3.0,54.37,37.62279426659774,127.0659237740351,961694.794344,1958238.163711,I,2026-04-26 22:31:54,2026-02-10 20:39:19
3100000,3100000-S199100003,서울특별시 노원구 중계동 506번지 1호,"서울특별시 노원구 섬밭로 258 (중계동, 건영옴니백화점)",1779.0,1991-06-01,,사용중,건영옴니백화점 지하1층,공공용시설,지하,25000.0,25000,37.0,38.0,19.69,127.0,3.0,53.8,37.63886877441579,127.0643857217798,961567.346638,1960022.19379,I,2026-04-26 22:31:53,2026-02-03 17:26:24
3100000,3100000-S200900013,서울특별시 노원구 중계동 593번지,"서울특별시 노원구 중계로14나길 25 (중계동, 삼성아파트)",1723.0,2009-11-04,,사용중,중계삼성아파트 지하 1~2층 주차장,공공용시설,지하,19371.0,19371,37.0,38.0,56.17,127.0,4.0,59.83,37.64878346268743,127.08264071955682,963182.819599,1961114.86855,I,2026-04-26 22:31:54,2026-02-04 17:01:31
3100000,3100000-S200400001,서울특별시 노원구 월계동 18번지,"서울특별시 노원구 마들로 31 (월계동, 그랑빌아파트)",1913.0,2004-11-29,,사용중,그랑빌아파트 지하주차장1층,공공용시설,지하,26676.0,26676,37.0,37.0,3.84,127.0,4.0,5.64,37.61887758356318,127.06978091416386,962033.178868,1957802.057242,I,2026-04-26 22:31:54,2026-02-10 20:31:42
3100000,3100000-S201400001,서울특별시 노원구 상계동 723,서울특별시 노원구 노해로 502 (상계동),1752.0,2014-07-02,,사용중,KT노원지사 지하2층 주차장,공공용시설,지하,5958.0,5958,37.0,39.0,15.14,127.0,3.0,48.92,37.65468634180784,127.06378853192052,961522.819219,1961777.338095,I,2026-04-26 22:31:54,2026-02-04 09:36:18
3100000,3100000-S200000013,서울특별시 노원구 월계동 556,서울특별시 노원구 초안산로1길 51 (월계동),1881.0,2000-10-02,,사용중,월계주공1단지 관리사무소 지하1층,공공용시설,지하,1497.0,1497,37.0,37.0,38.11,127.0,3.0,10.2,37.6272522992498,127.052834468154,960542.0747176,1958738.1867454,I,2026-04-26 22:31:53,2026-02-05 15:29:42
3100000,3100000-S201200010,서울특별시 노원구 월계동 774번지,"서울특별시 노원구 초안산로 89 (월계동, 월계청백1단지아파트)",1869.0,2012-04-16,,사용중,청백1단지아파트 107동 지하1층 주차장,공공용시설,지하,1864.0,1864,37.0,38.0,9.39,127.0,3.0,4.01,37.63553146776504,127.05217184991469,960487.988592,1959657.006095,I,2026-04-26 22:31:54,2026-02-26 17:22:53
3100000,3100000-S198900023,서울특별시 노원구 중계동 507-3 노원구민의전당,"서울특별시 노원구 동일로 1229, 노원구민의전당 (중계동)",1779.0,1989-06-16,,사용중,노원구민의전당 지하1층,공공용시설,지하,500.0,500,37.0,38.0,20.06,127.0,3.0,57.36,37.63901759524733,127.06657277690176,961760.379731,1960037.811218,I,2026-04-26 22:31:53,2026-02-03 17:23:58
3100000,3100000-S198900013,서울특별시 노원구 상계동 173번지 1호,"서울특별시 노원구 한글비석로 396 (상계동, 벽산아파트)",1663.0,1989-05-13,,사용중,상계벽산아파트108동상가 지하1층,공공용시설,지하,3500.0,3500,37.0,39.0,41.45,127.0,4.0,25.04,37.66047264751424,127.07220637775686,962268.269462,1962415.887696,I,2026-04-26 22:31:54,2026-03-03 15:31:59
3100000,3100000-S201200004,서울특별시 노원구 상계동 463번지,"서울특별시 노원구 한글비석로52길 66 (상계동, 신동아아파트)",1651.0,2012-04-18,,사용중,신동아아파트 지하1층,공공용시설,지하,800.0,800,37.0,40.0,3.13,127.0,4.0,1.05,37.66742988217801,127.0667982993542,961794.83648,1963189.958615,I,2026-04-26 22:31:54,2026-03-03 15:35:20
3100000,3100000-S199400008,서울특별시 노원구 중계동 515-1 상명초등학교,"서울특별시 노원구 덕릉로 541, 상명초등학교 (중계동)",1758.0,1994-02-28,,사용중,상명초등학교 지하1층,공공용시설,지하,628.1,628,37.0,38.0,52.44,127.0,4.0,4.13,37.6478988858096,127.06781311783465,961874.350265,1961022.651434,I,2026-04-26 22:31:53,2026-02-03 17:31:06
3100000,3100000-S200200013,서울특별시 노원구 상계동 1289번지,"서울특별시 노원구 덕릉로94길 21 (상계동, 상계불암대림아파트)",1649.0,2002-12-31,,사용중,상계불암대림아파트 전체동 지하주차장 B1층~B2층,공공용시설,지하,23500.0,23500,37.0,39.0,47.42,127.0,4.0,37.76,37.66249192462292,127.0773139752042,962719.775473,1962637.87648,I,2026-04-26 22:31:54,2025-07-21 17:49:35
3100000,3100000-S200100032,서울특별시 노원구 상계동 1285번지,"서울특별시 노원구 덕릉로 780 (상계동, 동아불암아파트)",1647.0,2001-12-24,,사용중,동아불암아파트 전체동 지하주차장 B1층~B3층,공공용시설,지하,21000.0,21000,37.0,40.0,0.16,127.0,4.0,44.7,37.6666820791109,127.07853561518586,962829.612219,1963102.274517,I,2026-04-26 22:31:54,2025-06-28 11:10:25
3100000,3100000-S199000010,서울특별시 노원구 상계동 651-8 기업은행,"서울특별시 노원구 동일로 1527, 기업은행 (상계동)",1620.0,1990-12-10,,사용중,기업은행 마들역 지하1층 주차장,공공용시설,지하,800.0,800,37.0,39.0,53.47,127.0,3.0,26.54,37.66480820892376,127.05747779781748,960971.460759,1962902.931606,I,2026-04-26 22:31:54,2026-02-10 16:47:13
3100000,3100000-S199500006,서울특별시 노원구 상계동 358번지 31호,"서울특별시 노원구 상계로3길 28 (상계동, 영빈빌딩)",1693.0,1995-03-23,,사용중,영빈빌딩 지하2층 주차장,공공용시설,지하,415.75,415,37.0,39.0,26.7,127.0,3.0,45.47,37.65744895209819,127.06251885320545,961412.253067,1962084.361452,I,2026-04-26 22:31:53,2026-02-05 16:31:14
3100000,3100000-S200900010,서울특별시 노원구 공릉동 741번지,"서울특별시 노원구 공릉로27길 110 (공릉동, 현대성우아파트)",1834.0,2009-11-04,,사용중,공릉2동 현대성우아파트 주차장 지하1~3층,공공용시설,지하,13500.0,13500,37.0,37.0,35.14,127.0,4.0,38.72,37.62584168962749,127.07742030731022,962710.837003,1958571.632385,I,2026-04-26 22:31:54,2026-02-06 16:14:29
3100000,3100000-S199500013,서울특별시 노원구 상계동 1257번지,"서울특별시 노원구 동일로245길 56 (상계동, 북부종합사회복지관)",1604.0,1995-12-12,,사용중,한국봉사회북부종합사회복지관 지하1층,공공용시설,지하,670.0,670,37.0,40.0,46.94,127.0,3.0,8.68,37.67960024058026,127.05223499754796,960516.904414,1964546.254664,I,2026-04-26 22:31:53,2026-03-03 15:31:44
3100000,3100000-S200600001,서울특별시 노원구 공릉동 87번지 7호,"서울특별시 노원구 노원로1길 68 (공릉동, 공릉2동청사)",1823.0,2005-12-14,,사용중,공릉2동 주민센터 지하1층,공공용시설,지하,330.0,330,37.0,37.0,16.49,127.0,4.0,59.45,37.6212270382563,127.08337270594755,963233.816627,1958057.308107,I,2026-04-26 22:31:53,2026-02-06 16:12:37
3100000,3100000-S201200032,서울특별시 노원구 중계동 597번지,"서울특별시 노원구 덕릉로94길 10 (중계동, 경남아너스빌)",1716.0,2012-08-13,,사용중,중계경남아너스빌아파트 지하1층 주차장,공공용시설,지하,1158.0,1158,37.0,39.0,44.47,127.0,4.0,35.76,37.6623539684563,127.076599873587,962656.7234613334,1962622.854869267,I,2026-04-26 22:31:53,2026-03-03 09:23:11
3100000,3100000-S200500004,서울특별시 노원구 상계동 713번지,"서울특별시 노원구 동일로 1414 (상계동, 롯데백화점)",1695.0,2005-02-17,,사용중,"롯데백화점 노원점 지하2,3층 주차장",공공용시설,지하,15156.28,15156,37.0,39.0,17.84,127.0,3.0,40.2,37.65494502946505,127.06076269704148,961256.050568,1961807.284251,I,2026-04-26 22:31:53,2026-04-15 13:40:54
3100000,3100000-S200800030,서울특별시 노원구 상계동 671 상계10동주민센터,"서울특별시 노원구 노원로 530, 상계10동주민센터 (상계동)",1676.0,2008-12-29,,사용중,상계10동 주민센터 지하1층,공공용시설,지하,152.73,152,37.0,39.0,40.67,127.0,3.0,36.91,37.661237952071886,127.06024955078335,961214.060957,1962505.673832,I,2026-04-26 22:31:54,2026-02-26 17:03:03
3100000,3100000-S201100001,서울특별시 노원구 중계동 511번지 1호,서울특별시 노원구 노원로17길 56 (중계동),1787.0,2011-04-08,,사용중,중계2.3동 주민센터 지하1층,공공용시설,지하,400.0,400,37.0,38.0,31.64,127.0,4.0,7.6,37.64209700339793,127.0687847989172,961957.109222,1960378.560246,I,2026-04-26 22:31:54,2026-02-03 17:36:19
3100000,3100000-S200500003,서울특별시 노원구 상계동 705 태웅빌딩,"서울특별시 노원구 노해로 447, 태웅빌딩 (상계동)",1689.0,2005-12-19,,사용중,태웅빌딩 지하2층 주차장,공공용시설,지하,1200.0,1200,37.0,39.0,14.03,127.0,3.0,27.8,37.65389993475319,127.05779962715494,960994.13807,1961692.562959,I,2026-04-26 22:31:54,2026-03-03 14:35:39
3100000,3100000-S201000001,서울특별시 노원구 월계동 940 동원베네스트,"서울특별시 노원구 월계로53길 21, 동원베네스트 (월계동, 동원베네스트)",1867.0,2010-10-19,,사용중,동원베네스트 지하1층 주차장,공공용시설,지하,5603.05,5603,37.0,37.0,53.95,127.0,3.0,29.79,37.63117149529023,127.0586361527868,961056.06358,1959170.582024,I,2026-04-26 22:31:54,2026-02-26 17:22:25
3100000,3100000-S201200071,서울특별시 노원구 공릉동 710 공용청사,"서울특별시 노원구 동일로197길 24, 공용청사 (공릉동)",1851.0,2012-01-01,,사용중,노원문화원 지하1층,공공용시설,지하,171.21,171,37.0,37.0,44.07,127.0,4.0,11.73,37.628713050115735,127.06980492913958,962040.299973,1958893.251024,I,2026-04-26 22:31:54,2026-02-26 15:52:55
3100000,3100000-S201200024,서울특별시 노원구 중계동 361-1 롯데우성아파트,"서울특별시 노원구 노원로22길 34 (중계동, 롯데우성아파트)",1746.0,2012-08-13,,사용중,롯데우성아파트 101동 지하주차장 1층,공공용시설,지하,600.0,600,37.0,38.0,46.72,127.0,4.0,24.73,37.64754853892557,127.07210417021278,962252.712772,1960982.046324,I,2026-04-26 22:31:53,2026-02-02 13:26:59
3100000,3100000-S198300001,서울특별시 노원구 하계동 16번지 38호,"서울특별시 노원구 노원로16길 2 (하계동, 혜성여자고등학교)",1749.0,1983-03-01,2023-12-26,사용중지,혜성여자고등학교 지하1층 동아리실,공공용시설,지하,270.0,270,37.0,38.0,29.83,127.0,4.0,21.87,37.64161929050883,127.07274063715748,962305.86352,1960323.963062,I,2026-04-26 22:31:53,2024-01-05 09:56:38
3100000,3100000-S201200046,서울특별시 노원구 상계동 1270번지,"서울특별시 노원구 한글비석로46나길 10 (상계동, 금호아파트)",1652.0,2012-08-13,,사용중,금호타운아파트101동 지하1층,공공용시설,지하,4500.0,4500,37.0,40.0,3.08,127.0,4.0,8.4,37.666885454859695,127.06911166458563,961998.581464,1963128.616126,I,2026-04-26 22:31:53,2026-03-03 15:36:52
3100000,3100000-S200100013,서울특별시 노원구 공릉동 81번지,"서울특별시 노원구 공릉로34길 62 (공릉동, 태강아파트)",1820.0,1999-07-31,,사용중,공릉2동 태강아파트 주차장 지하1~2층,공공용시설,지하,14000.0,14000,37.0,37.0,24.44,127.0,4.0,58.86,37.62374912443415,127.08215859470832,963127.91997,1958337.599032,I,2026-04-26 22:31:53,2026-02-06 16:11:17
3100000,3100000-S200100017,서울특별시 노원구 중계동 434번지 1호,"서울특별시 노원구 덕릉로 669 (중계동, 세양빌딩)",1699.0,2001-12-11,,사용중,세양빌딩  지하1층 주차장,공공용시설,지하,396.0,396,37.0,39.0,26.79,127.0,4.0,28.98,37.65746502393905,127.07474819532568,962490.94766,1962081.182924,I,2026-04-26 22:31:53,2026-03-03 09:22:50
3100000,3100000-S201300003,서울특별시 노원구 월계동 774번지,"서울특별시 노원구 초안산로 89 (월계동, 월계청백1단지아파트)",1869.0,2013-03-26,,사용중,청백1단지아파트 102동 지하1층 주차장,공공용시설,지하,1864.0,1864,37.0,38.0,5.54,127.0,3.0,6.17,37.63553146776504,127.05217184991469,960487.988592,1959657.006095,I,2026-04-26 22:31:53,2026-02-26 17:23:30
3100000,3100000-S202300001,서울특별시 노원구 공릉동 737 삼익포레스트아파트,"서울특별시 노원구 공릉로46길 32 (공릉동, 삼익포레스트아파트)",1816.0,2023-05-10,,사용중,공릉2동 삼익포레스트아파트 107동 주차장 지하1층,공공용시설,지하,982.14,982,37.0,37.0,38.75,127.0,4.0,50.46,37.62743080983644,127.08068354549704,962999.579865,1958746.646991,I,2026-04-26 22:31:54,2026-02-06 16:29:52
3100000,3100000-S201200029,서울특별시 노원구 중계동 361번지 1호,"서울특별시 노원구 노원로22길 34 (중계동, 롯데아파트,우성아파트)",1746.0,2012-08-13,,사용중,롯데우성아파트 107동 지하주차장 1층,공공용시설,지하,600.0,600,37.0,38.0,48.83,127.0,4.0,18.81,37.64754853892557,127.07210417021278,962252.712772,1960982.046324,I,2026-04-26 22:31:54,2026-02-02 13:27:26
3100000,3100000-S199100010,"서울특별시 노원구 중계동 512 중계무지개아파트2단지상가,유치원","서울특별시 노원구 동일로 1280, 중계무지개아파트2단지상가,유치원 (중계동)",1782.0,1991-01-10,,사용중,중계무지개아파트상가 지하1층,공공용시설,지하,500.0,500,37.0,38.0,36.08,127.0,3.0,54.46,37.643355686677,127.065128099047,961635.1517043292,1960519.695445464,I,2026-04-26 22:31:54,2026-02-03 17:27:15
3100000,3100000-S201700003,서울특별시 노원구 월계동 447번지 1호,"서울특별시 노원구 광운로 20 (월계동, 광운대학교)",1897.0,2017-05-23,,사용중,광운대학교 지하2~3층 주차장,공공용시설,지하,12202.0,12202,37.0,37.0,11.75,127.0,3.0,32.97,37.61937968772597,127.05812045104098,961004.400422,1957862.544053,I,2026-04-26 22:31:54,2026-04-08 13:46:48
3100000,3100000-S200700011,서울특별시 노원구 상계동 700번지,"서울특별시 노원구 노해로 429 (상계동, 한국전력공사 북부지점)",1689.0,2007-06-01,,사용중,한국전력 노원도봉지사 지하1층 주차장,공공용시설,지하,900.0,900,37.0,39.0,13.37,127.0,3.0,21.38,37.65341011063903,127.0557802979618,960815.757626,1961639.060483,I,2026-04-26 22:31:53,2026-02-27 10:07:16
3100000,3100000-S198900027,서울특별시 노원구 중계동 514번지 2호,"서울특별시 노원구 공릉로 438 (중계동, 대진여자고등학교)",1785.0,1989-06-13,,사용중,대진여자고등학교 지하1층,공공용시설,지하,413.0,413,37.0,38.0,46.15,127.0,4.0,1.31,37.64539399979869,127.06681382017702,961784.912763,1960745.15044,I,2026-04-26 22:31:54,2026-02-03 17:25:15
3100000,3100000-S199200002,서울특별시 노원구 하계동 152-12 연촌초등학교,"서울특별시 노원구 공릉로58길 36, 연촌초등학교 (하계동)",1810.0,1992-03-01,2023-12-26,사용중지,연촌초등학교 지하1층 창고,공공용시설,지하,271.0,271,37.0,38.0,3.8,127.0,4.0,21.41,37.6343876098483,127.072612824299,962290.9326110668,1959521.6881259875,I,2026-04-26 22:31:54,2024-01-16 19:10:14
3100000,3100000-S198500001,서울특별시 노원구 하계동 55-5 대진고등학교,"서울특별시 노원구 공릉로62가길 47, 대진고등학교 (하계동)",1807.0,1985-03-01,,사용중,대진고등학교 지하1층,공공용시설,지하,1100.0,1100,37.0,38.0,14.12,127.0,4.0,29.12,37.6372546512444,127.074756800549,962481.5416562668,1959838.9153833664,I,2026-04-26 22:31:53,2026-02-03 15:12:53
3100000,3100000-S199500009,서울특별시 노원구 중계동 579번지,"서울특별시 노원구 중계로 160 (중계동, 화인상가아파트)",1724.0,1995-01-01,,사용중,화인상가아파트 지하 1~2층 주차장,공공용시설,지하,2600.0,2600,37.0,38.0,57.83,127.0,4.0,52.95,37.64939436435992,127.08108662550336,963046.027892,1961183.256909,I,2026-04-26 22:31:54,2026-02-04 16:59:48
3100000,3100000-S199700001,서울특별시 노원구 중계동 504 서울아이티고등학교,"서울특별시 노원구 섬밭로 299, 서울아이티고등학교 (중계동)",1773.0,1997-11-28,,사용중,서울아이티고등학교 지하1층,공공용시설,지하,1081.0,1081,37.0,38.0,32.6,127.0,3.0,43.6,37.64236540383635,127.06245030845989,961398.400642,1960410.92585,I,2026-04-26 22:31:54,2026-02-03 17:35:58
3100000,3100000-S200800012,서울특별시 노원구 중계동 360번지 2호,"서울특별시 노원구 중계로 225 (중계동, 청구3차아파트)",1742.0,2008-06-02,,사용중,청구종합상가 지하주차장 2층,공공용시설,지하,848.0,848,37.0,39.0,1.27,127.0,4.0,29.67,37.65053599911164,127.07516195477687,962523.960974,1961312.267674,I,2026-04-26 22:31:54,2026-02-02 13:26:14
3100000,3100000-S199500007,서울특별시 노원구 중계동 366번지 6호,"서울특별시 노원구 한글비석로 264 (중계동, 중계그랜드프라자)",1720.0,1995-01-01,,사용중,중계그랜드프라자 지하 2~3층 주차장,공공용시설,지하,2354.0,2354,37.0,39.0,3.26,127.0,4.0,37.44,37.65108730428749,127.07697545259202,962684.210812,1961372.709884,I,2026-04-26 22:31:54,2026-02-04 16:44:03
3100000,3100000-S200400002,서울특별시 노원구 월계동 929번지,"서울특별시 노원구 석계로 49 (월계동, 현대아파트)",1901.0,2004-11-30,,사용중,월계현대아파트 지하1~2층 주차장,공공용시설,지하,5600.0,5600,37.0,37.0,8.77,127.0,3.0,45.65,37.61918222643008,127.06335054058265,961465.853021,1957838.476542,I,2026-04-26 22:31:53,2026-04-08 13:45:51
3100000,3100000-S198700001,서울특별시 노원구 상계동 167번지 2호,"서울특별시 노원구 한글비석로 434 (상계동, 상계5동주민센터)",1667.0,1987-01-01,,사용중,상계5동주민센터 지하1층,공공용시설,지하,250.0,250,37.0,39.0,46.76,127.0,4.0,9.69,37.6628263468043,127.06927489064174,962010.908244,1962678.205946,I,2026-04-26 22:31:54,2026-02-05 14:20:42
3100000,3100000-S202500003,서울특별시 노원구 상계동 1055 상계1차현대아파트,"서울특별시 노원구 동일로237길 41 (상계동, 상계1차현대아파트)",1613.0,2025-07-15,,사용중,상계1차현대아파트 지하주차장1층,공공용시설,지하,2260.0,2260,37.0,40.0,24.44,127.0,3.0,10.64,37.6734561809498,127.052954451536,960577.0940483678,1963864.2879030951,I,2026-04-26 22:31:54,2026-03-03 15:33:41
3100000,3100000-S199900010,서울특별시 노원구 상계동 712-1 교보빌딩,"서울특별시 노원구 노해로 467, 교보빌딩 (상계동)",1689.0,1999-12-14,,사용중,교보생명빌딩 지하1층 주차장,공공용시설,지하,3500.0,3500,37.0,39.0,16.14,127.0,3.0,35.12,37.654334365100304,127.05982552358444,961173.066606,1961739.92081,I,2026-04-26 22:31:53,2026-02-04 09:31:33
3100000,3100000-S200000010,서울특별시 노원구 월계동 820번지,"서울특별시 노원구 월계로45가길 9 (월계동, 염광중,고,메디텍고,유치원)",1874.0,2000-10-04,2023-12-14,사용중지,염광학원 지하1층 주차장,공공용시설,지하,1460.0,1460,37.0,37.0,47.69,127.0,2.0,55.22,37.62807564366739,127.05023037390438,960312.725804,1958830.631564,I,2026-04-26 22:31:54,2023-12-14 11:01:58
3100000,3100000-S199800006,서울특별시 노원구 월계동 3번지 7호,"서울특별시 노원구 마들로 45 (월계동, 서울한천초등학교)",1911.0,1998-10-12,2023-06-28,사용중지,한천초등학교 지1층,공공용시설,지하,600.0,600,37.0,37.0,13.85,127.0,4.0,7.96,37.61994709762537,127.06958426956056,962016.369024,1957920.794785,I,2026-04-26 22:31:53,2023-06-28 16:41:05
3100000,3100000-S200100001,서울특별시 노원구 상계동 1269번지,"서울특별시 노원구 동일로248길 16 (상계동, 수락파크빌아파트)",1624.0,2001-07-15,,사용중,수락파크빌아파트 지하주차장 1층,공공용시설,지하,24667.88,24667,37.0,40.0,47.69,127.0,3.0,25.6,37.67979615088283,127.05624926814129,960870.980138,1964566.306965,I,2026-04-26 22:31:54,2026-03-04 14:32:04
3100000,3100000-S200100002,서울특별시 노원구 공릉동 221번지 3호,서울특별시 노원구 공릉로 166-1 (공릉동),1818.0,2001-01-01,,사용중,공릉2동 공릉보건지소 지하1층,공공용시설,지하,80.4,80,37.0,37.0,29.22,127.0,4.0,47.99,37.624761112117575,127.07991221157444,962930.191333,1958450.759679,I,2026-04-26 22:31:53,2026-02-06 16:03:37
3100000,3100000-S200000029,서울특별시 노원구 상계동 761-1 상계백병원,"서울특별시 노원구 동일로 1342, 상계백병원 (상계동)",1757.0,2000-12-12,,사용중,상계백병원 지하1층 주차장,공공용시설,지하,1800.0,1800,37.0,38.0,55.7,127.0,3.0,47.51,37.64857631495672,127.06276634431605,961429.493955,1961099.872915,I,2026-04-26 22:31:54,2026-03-03 14:34:57
3100000,3100000-S201200006,서울특별시 노원구 상계동 666 상계주공10단지아파트,"서울특별시 노원구 노원로 564 (상계동, 상계주공10단지아파트)",1675.0,2012-04-26,,사용중,상계주공10단지 지하1층 헬스장,공공용시설,지하,519.54,519,37.0,39.0,44.69,127.0,3.0,20.7,37.66155415467532,127.0562659644084,960862.873313,1962542.410555,I,2026-04-26 22:31:53,2026-02-10 14:58:10
3100000,3100000-S200700005,서울특별시 노원구 상계동 701-1 노원구청,"서울특별시 노원구 노해로 437, 노원구청 (상계동)",1689.0,2007-06-01,,사용중,노원구청 지하1층 주차장,공공용시설,지하,4500.0,4500,37.0,39.0,13.88,127.0,3.0,25.69,37.65361800625351,127.05670272545582,960897.233606,1961661.740769,I,2026-04-26 22:31:53,2026-03-04 18:05:04
3100000,3100000-S200800002,서울특별시 노원구 중계동 359번지 5호,"서울특별시 노원구 한글비석로 279 (중계동, 중계1동주민센터)",1713.0,2008-06-02,,사용중,중계1동주민센터 지하 1층,공공용시설,지하,180.0,180,37.0,39.0,9.15,127.0,4.0,38.87,37.65257588227213,127.07758541712488,962738.76097,1961537.61957,I,2026-04-26 22:31:53,2026-01-30 15:51:20
3100000,3100000-S199600008,서울특별시 노원구 월계동 322번지 2호,"서울특별시 노원구 마들로3길 34 (월계동, 서울녹천초등학교)",1907.0,1996-11-18,2023-06-28,사용중지,녹천초등학교 지1층 체육관,공공용시설,지하,1030.6,1030,37.0,37.0,43.12,127.0,3.0,48.06,37.62860315521988,127.0630352269576,961442.892946,1958883.818576,I,2026-04-26 22:31:54,2023-06-28 16:41:19
3100000,3100000-S199400007,서울특별시 노원구 중계동 515번지,"서울특별시 노원구 덕릉로 553 (중계동, 민정학원)",1758.0,1994-02-28,,사용중,상명고등학교 지하1층,공공용시설,지하,495.87,495,37.0,38.0,55.29,127.0,4.0,5.27,37.64881368782548,127.06880653826136,961962.452484,1961123.741967,I,2026-04-26 22:31:53,2026-02-03 17:30:28
3100000,3100000-S201600002,서울특별시 노원구 중계동 368번지 3호,"서울특별시 노원구 한글비석로 290 (중계동, 상현교회)",1721.0,2016-09-26,2023-06-20,사용중지,상현교회  지하1~2층,공공용시설,지하,281.0,281,37.0,39.0,11.61,127.0,4.0,42.73,37.65315933623971,127.0783770008434,962808.877977,1961602.03744,I,2026-04-26 22:31:54,2023-06-20 17:27:40
3100000,3100000-S200100009,서울특별시 노원구 공릉동 420-2 공릉동평화타운,"서울특별시 노원구 공릉로46길 3 (공릉동, 공릉동평화타운)",1814.0,2001-01-01,,사용중,공릉2동 평화타운 지하1~3층,공공용시설,지하,1200.0,1200,37.0,37.0,37.89,127.0,4.0,44.96,37.62708008972876,127.07922715116864,962870.892794,1958708.311279,I,2026-04-26 22:31:53,2026-02-06 16:08:56
3100000,3100000-S200900008,서울특별시 노원구 월계동 947번지,"서울특별시 노원구 월계로45길 21 (월계동, 롯데캐슬루나아파트)",1883.0,2009-11-04,,사용중,롯데캐슬루나 지하1층 주차장,공공용시설,지하,26562.6,26562,37.0,37.0,35.69,127.0,2.0,58.62,37.62642330025502,127.05101413312632,960381.007324,1958646.97964,I,2026-04-26 22:31:54,2026-02-26 17:22:00
3100000,3100000-S198800015,서울특별시 노원구 상계동 641번지,"서울특별시 노원구 한글비석로 506 (상계동, 청원초,청원중,청원고,청원여고)",1672.0,1988-11-15,,사용중,청원중학교 지하1층,공공용시설,지하,208.08,208,37.0,40.0,0.1,127.0,3.0,42.11,37.66532871400946,127.06196250419312,961367.264175,1962958.822624,I,2026-04-26 22:31:53,2026-02-25 16:06:40
3100000,3100000-S199400012,서울특별시 노원구 상계동 1266번지,"서울특별시 노원구 동일로248길 30 (상계동, 홍파복지관)",1623.0,1994-12-16,,사용중,홍파복지원 지하1층,공공용시설,지하,780.0,780,37.0,40.0,50.91,127.0,3.0,25.44,37.680472947005306,127.05645224128536,960889.233301,1964641.310675,I,2026-04-26 22:31:53,2026-03-03 15:31:22
3100000,3100000-S198900034,서울특별시 노원구 상계동 649-4 신한은행,"서울특별시 노원구 동일로 1546, 신한은행 (상계동)",1674.0,1989-12-21,,사용중,신한은행 마들역점 지하1층,공공용시설,지하,1000.0,1000,37.0,39.0,59.44,127.0,3.0,27.65,37.666527304840585,127.05760417126604,960983.506297,1963093.606876,I,2026-04-26 22:31:53,2026-02-25 16:08:59
3100000,3100000-S199100013,서울특별시 노원구 중계동 514번지 3호,"서울특별시 노원구 노원로 331 (중계동, 시영3단지목련아파트)",1786.0,1991-11-30,,사용중,평화종합사회복지관 지하1층,공공용시설,지하,1200.0,1200,37.0,38.0,50.93,127.0,4.0,9.2,37.646465610700346,127.06997901808734,962064.688523,1960862.756855,I,2026-04-26 22:31:54,2026-02-03 17:28:15
3100000,3100000-S199300009,서울특별시 노원구 중계동 509 2001아울렛,"서울특별시 노원구 동일로204가길 46, 2001아울렛 (중계동)",1783.0,1993-10-11,,사용중,2001아울렛 지하1층,공공용시설,지하,2500.0,2500,37.0,38.0,28.64,127.0,4.0,4.49,37.64124468106791,127.06773905934406,961864.415292,1960284.422968,I,2026-04-26 22:31:53,2026-02-03 17:29:28
3100000,3100000-S200900006,서울특별시 노원구 하계동 357번지,"서울특별시 노원구 한글비석로 4 (하계동, 구립하계실버센터)",1862.0,2009-05-01,2023-08-29,사용중지,노원구립 하계실버센터 지하1층,공공용시설,지하,529.0,529,37.0,37.0,59.48,127.0,3.0,51.11,37.63319967658492,127.06422653381262,961550.380806,1959393.295119,I,2026-04-26 22:31:54,2023-08-31 13:39:40
3100000,3100000-S201300002,서울특별시 노원구 월계동 774번지,"서울특별시 노원구 초안산로 89 (월계동, 월계청백1단지아파트)",1869.0,2013-03-26,,사용중,청백1단지아파트103동 지하1층 주차장,공공용시설,지하,1864.0,1864,37.0,38.0,7.91,127.0,3.0,7.82,37.6355314678138,127.052171849917,960487.9885922332,1959657.006095,I,2026-04-26 22:31:53,2026-02-26 17:26:50
3100000,3100000-S202300003,서울특별시 노원구 공릉동 758 태릉해링턴플레이스,"서울특별시 노원구 공릉로34길 86 (공릉동, 태릉해링턴플레이스)",1817.0,2023-07-12,,사용중,공릉2동 태릉해링턴플레이스 주차장 지하1~3층,공공용시설,지하,60464.0,60464,37.0,37.0,30.3,127.0,4.0,54.71,37.62508345650367,127.08186482065676,963102.655549,1958485.752955,I,2026-04-26 22:31:54,2026-02-06 16:34:29
3100000,3100000-S200100019,서울특별시 노원구 공릉동 385번지 4호,서울특별시 노원구 동일로 지하 1074 (공릉동),1840.0,2001-12-17,,사용중,공릉역(지하1~4층),공공용시설,지하,14000.0,14000,37.0,37.0,31.72,127.0,4.0,22.9,37.625865666921634,127.07293893627288,962315.403303,1958576.082615,I,2026-04-26 22:31:53,2026-01-30 15:52:55
3100000,3100000-S198900021,서울특별시 노원구 상계동 693-1 노원프라자빌딩,"서울특별시 노원구 상계로 51, 노원프라자빌딩 (상계동)",1694.0,1989-09-02,,사용중,노원프라자 주차장 지하2층,공공용시설,지하,444.28,444,37.0,39.0,21.65,127.0,3.0,38.92,37.655901186599074,127.06078524899762,961258.536628,1961913.357132,I,2026-04-26 22:31:53,2026-02-26 17:02:34
3100000,3100000-S199800009,서울특별시 노원구 상계동 320번지 11호,"서울특별시 노원구 노원로 420 (상계동, 꽃동산교회)",1703.0,1998-07-15,,사용중,"꽃동산교회 지하2,3층 주차장",공공용시설,지하,1731.82,1731,37.0,39.0,14.91,127.0,4.0,4.45,37.65411616715891,127.06774622021123,961871.627687,1961712.462967,I,2026-04-26 22:31:54,2026-02-05 16:33:31
3100000,3100000-S201000002,서울특별시 노원구 월계동 320번지 11호,"서울특별시 노원구 월계로55길 15 (월계동, 월계사슴3단지아파트)",1865.0,2010-10-19,,사용중,사슴3단지아파트 303동 지하1층 주차장,공공용시설,지하,1200.0,1200,37.0,37.0,53.84,127.0,3.0,35.04,37.63204097788393,127.0603335803736,961206.289606,1959266.344496,I,2026-04-26 22:31:54,2026-02-10 20:35:29
3100000,3100000-S200900005,서울특별시 노원구 공릉동 751번지,"서울특별시 노원구 섬밭로 52 (공릉동, 대주파크빌)",1859.0,2009-01-01,,사용중,대주파크빌아파트 지하주차장 지하 1~2층,공공용시설,지하,7930.0,7930,37.0,37.0,17.43,127.0,4.0,20.04,37.6214447766824,127.07193723745036,962224.774199,1958086.006255,I,2026-04-26 22:31:54,2026-02-26 15:54:28
3100000,3100000-S199700009,서울특별시 노원구 월계동 380번지 1호,"서울특별시 노원구 석계로18길 23 (월계동, 삼능스페이스향)",1886.0,1997-12-12,,사용중,삼능스페이스향 지하1~4층 주차장,공공용시설,지하,1200.0,1200,37.0,37.0,26.6,127.0,3.0,38.57,37.62389041281392,127.0607358702414,961237.552883,1958361.90655,I,2026-04-26 22:31:53,2026-04-08 13:44:28
3100000,3100000-S200800026,서울특별시 노원구 월계동 15-1 월계3동주민센터,"서울특별시 노원구 마들로 57, 월계3동주민센터 (월계동)",1911.0,2008-12-29,,사용중,월계3동주민센터 지하1층 창고,공공용시설,지하,107.0,107,37.0,37.0,15.7,127.0,4.0,9.11,37.62097066591679,127.06930102670728,961991.894188,1958034.469965,I,2026-04-26 22:31:54,2026-02-10 20:33:36
3100000,3100000-S200800024,서울특별시 노원구 상계동 37번지 7호,"서울특별시 노원구 덕릉로 859 (상계동, 상계3.4동주민센터)",1633.0,2008-11-18,,사용중,상계3.4동주민센터 B1층,공공용시설,지하,300.0,300,37.0,40.0,22.5,127.0,4.0,59.74,37.672778168145406,127.08323134971988,963246.753531,1963776.763625,I,2026-04-26 22:31:53,2025-06-28 11:12:11
3100000,3100000-S200100031,서울특별시 노원구 상계동 1293 불암현대아파트,"서울특별시 노원구 덕릉로118길 29 (상계동, 불암현대아파트)",1646.0,2001-12-05,,사용중,불암현대아파트 전체동 지하주차장 B1층~B4층,공공용시설,지하,13000.0,13000,37.0,40.0,5.21,127.0,4.0,52.38,37.66773546411815,127.08071893887968,963022.690515,1963218.280646,I,2026-04-26 22:31:54,2025-06-28 11:09:15
3100000,3100000-S201200001,서울특별시 노원구 상계동 1313번지,"서울특별시 노원구 누원로 18 (상계동, 수락리버시티4단지)",1601.0,2012-04-26,,사용중,수락리버시티 4단지 지하주차장 1층,공공용시설,지하,2500.0,2500,37.0,41.0,10.3,127.0,3.0,10.42,37.68661250263412,127.05293391080724,960582.24454,1965323.949613,I,2026-04-26 22:31:54,2026-03-03 15:33:22
3100000,3100000-S199000001,서울특별시 노원구 하계동 284번지,"서울특별시 노원구 한글비석로 57 (하계동, 세이브존)",1784.0,1990-08-01,2023-12-26,사용중지,세이브존 노원점 지하주차장 2층,공공용시설,지하,4149.0,4149,37.0,38.0,11.43,127.0,4.0,7.27,37.636509054217406,127.06868734663092,961945.661582,1959758.638748,I,2026-04-26 22:31:54,2023-12-26 13:02:48
3100000,3100000-S198900032,서울특별시 노원구 상계동 629 대원유치원,"서울특별시 노원구 동일로228길 29, 대원유치원 (상계동)",1669.0,1989-05-25,,사용중,서진골프연습장 지하1층,공공용시설,지하,462.0,462,37.0,40.0,3.97,127.0,3.0,31.27,37.66774092744391,127.05874225176622,961084.511934,1963227.781243,I,2026-04-26 22:31:53,2026-02-25 16:10:04
3100000,3100000-S199600007,서울특별시 노원구 상계동 450번지,"서울특별시 노원구 한글비석로 444 (상계동, 교림노원프라자)",1666.0,1996-02-03,,사용중,교림노원프라자 지하1층 주차장,공공용시설,지하,1200.0,1200,37.0,39.0,49.05,127.0,4.0,6.51,37.663569917664674,127.06841771461096,961935.686369,1962761.050163,I,2026-04-26 22:31:54,2026-03-03 15:34:06
3100000,3100000-S198900010,서울특별시 노원구 상계동 658번지,"서울특별시 노원구 동일로227길 97 (상계동, 상계8동주민센터)",1619.0,1989-09-04,,사용중,상계8동 주민센터 지하1층,공공용시설,지하,165.26,165,37.0,40.0,0.34,127.0,3.0,5.65,37.66679272964776,127.05149537878692,960444.887785,1963125.614442,I,2026-04-26 22:31:53,2026-02-10 17:05:39
3100000,3100000-S198900036,서울특별시 노원구 상계동 666-3 상계주공아파트(10단지),"서울특별시 노원구 동일로 1493, 상계주공아파트(10단지) (상계동)",1675.0,1989-06-15,,사용중,상계주공10단지아파트 지하1층 종합상가,공공용시설,지하,990.14,990,37.0,39.0,42.53,127.0,3.0,29.04,37.66175592734538,127.05819380388137,961033.014155,1962563.993669,I,2026-04-26 22:31:54,2026-02-10 14:36:33
3100000,3100000-S201600001,서울특별시 노원구 상계동 673번지,"서울특별시 노원구 노원로 522 (상계동, 풍천유치원빌딩)",1676.0,2016-09-01,,사용중,풍천유치원빌딩 지하1층 온수골 행복발전소,공공용시설,지하,599.0,599,37.0,39.0,40.27,127.0,3.0,39.36,37.66110278589717,127.060991058919,961279.392011,1962490.371175,I,2026-04-26 22:31:54,2026-03-04 17:46:30
3100000,3100000-S199800005,서울특별시 노원구 월계동 17번지,"서울특별시 노원구 마들로 59 (월계동, 월계미성아파트)",1911.0,1998-10-12,,사용중,미성상가 지하1층 상가,공공용시설,지하,912.0,912,37.0,37.0,15.98,127.0,4.0,3.99,37.62119019407256,127.0692149127484,961984.406596,1958058.860552,I,2026-04-26 22:31:53,2026-02-10 20:31:19
3100000,3100000-S202500002,서울특별시 노원구 상계동 770-2 노원에코센터,"서울특별시 노원구 덕릉로 460, 노원에코센터 (상계동)",1770.0,2025-07-15,,사용중,마들스포츠스타디움 지하1층 공영주차장,공공용시설,지하,4816.8,4816,37.0,38.0,39.78,127.0,3.0,35.72,37.6443825827194,127.059921980478,961176.3947074166,1960635.7674913465,I,2026-04-26 22:31:53,2026-02-27 10:07:40
3100000,3100000-S200700003,서울특별시 노원구 상계동 1259번지,"서울특별시 노원구 동일로 1697 (상계동, 상계1동주민센터)",1604.0,2007-06-01,,사용중,상계1동 주민센터 지하1층,공공용시설,지하,350.0,350,37.0,40.0,47.71,127.0,3.0,17.81,37.67991632619667,127.05504330632844,960764.703672,1964580.144155,I,2026-04-26 22:31:54,2026-03-03 15:30:23
3100000,3100000-S198900016,서울특별시 노원구 상계동 820,서울특별시 노원구 노원로 573 (상계동),1686.0,1989-09-02,,사용중,창동차량기지사무소 지하1층,공공용시설,지하,666.0,666,37.0,39.0,39.3,127.0,3.0,12.12,37.65818014737279,127.05520670243844,960767.6709200498,1962168.5188454892,I,2026-04-26 22:31:54,2026-02-26 17:01:59
3100000,3100000-S200200011,서울특별시 노원구 상계동 1318 노원 아이파크,"서울특별시 노원구 상계로23다길 13-8 (상계동, 노원 아이파크)",1684.0,2002-12-17,,사용중,"노원 아이파크 지하2,3층 주차장",공공용시설,지하,9056.61,9056,37.0,39.0,36.0,127.0,4.0,8.56,37.65958412020229,127.0691248099055,961996.018527,1962318.553122,I,2026-04-26 22:31:53,2026-02-06 10:46:45
3100000,3100000-S199600004,서울특별시 노원구 중계동 503번지 3호,"서울특별시 노원구 동일로 지하 1308-1 (중계동, 중계역)",1760.0,1996-10-30,,사용중,중계역 지하1층,공공용시설,지하,14000.0,14000,37.0,38.0,41.52,127.0,3.0,51.34,37.6456859292745,127.06397694973975,961534.797276,1960778.698384,I,2026-04-26 22:31:54,2026-02-03 17:35:29
3100000,3100000-S198900002,서울특별시 노원구 중계동 501-9,서울특별시 노원구 동일로207길 50(중계동),1771.0,1989-05-08,2023-09-11,사용중지,서울특별시북부여성발전센터 지하1층,공공용시설,지하,700.0,700,37.0,38.0,35.54,127.0,3.0,43.05,37.64320467764313,127.06195694705994,961355.3097761042,1960504.2431798188,I,2026-04-26 22:31:53,2023-09-11 15:56:31
3100000,3100000-S202200001,서울특별시 노원구 상계동 680 포레나노원,"서울특별시 노원구 노원로38길 76(상계동, 포레나노원)",1677.0,2022-11-15,,사용중,포레나 노원 1단지 아파트 주차장 지하1~2층,공공용시설,지하,46695.0,46695,37.0,39.0,51.82,127.0,3.0,41.25,37.66439357328509,127.06145867078284,961322.343102,1962855.279668,I,2026-04-26 22:31:54,2026-02-26 17:05:51
3100000,3100000-S198800017,서울특별시 노원구 상계동 641번지,"서울특별시 노원구 한글비석로 506 (상계동, 청원초,청원중,청원고,청원여고)",1672.0,1988-11-15,,사용중,청원고등학교 청원관 지하1층,공공용시설,지하,1000.0,1000,37.0,40.0,0.4,127.0,3.0,44.52,37.66532871400946,127.06196250419312,961367.264175,1962958.822624,I,2026-04-26 22:31:54,2026-02-25 16:06:10
3100000,3100000-S198800002,서울특별시 노원구 하계동 270번지,"서울특별시 노원구 섬밭로 232 (하계동, 현대아파트,우성아파트)",1780.0,1988-06-01,2023-12-26,사용중지,현대우성아파트 상가 지하1층,공공용시설,지하,964.0,964,37.0,38.0,11.85,127.0,3.0,56.5,37.63673267822551,127.0654907996938,961663.746553,1959784.750228,I,2026-04-26 22:31:54,2023-12-26 13:02:21
3100000,3100000-S198800004,서울특별시 노원구 상계동 624 상계주공15단지아파트,"서울특별시 노원구 동일로227길 26 (상계동, 상계주공15단지아파트)",1617.0,1988-07-27,,사용중,상록스토아 지하1층,공공용시설,지하,1683.0,1683,37.0,40.0,8.4,127.0,3.0,16.98,37.667207312353845,127.05556212594536,960803.767602,1963169.903132,I,2026-04-26 22:31:53,2026-02-10 16:45:50
3100000,3100000-S199400011,서울특별시 노원구 월계동 873번지 1호,"서울특별시 노원구 월계로44길 23 (월계동, 대한예수교장로회장석교회)",1884.0,1994-12-20,,사용중,장석교회 지하2층 주차장,공공용시설,지하,1980.0,1980,37.0,37.0,28.11,127.0,3.0,6.37,37.6239667156506,127.05144456258296,960417.686433,1958374.250085,I,2026-04-26 22:31:54,2026-02-06 12:20:22
3100000,3100000-S200800005,서울특별시 노원구 중계동 360번지 15호,"서울특별시 노원구 노원로22길 71 (중계동, 건영3차아파트)",1744.0,2008-06-02,,사용중,건영3차아파트 전체 동의 지하주차장 1층,공공용시설,지하,8500.0,8500,37.0,38.0,54.79,127.0,4.0,33.19,37.64772861954138,127.0742217165624,962439.605955,1961001.175562,I,2026-04-26 22:31:53,2026-02-02 13:25:09
3100000,3100000-S201200062,서울특별시 노원구 하계동 354 학여울청구아파트,"서울특별시 노원구 동일로207길 186 (하계동, 학여울청구아파트)",1775.0,2012-09-04,,사용중,학여울청구아파트 102동 지하주차장 지하1층,공공용시설,지하,800.0,800,37.0,38.0,15.97,127.0,3.0,37.6,37.63712613740265,127.06115154191616,961281.10103,1959830.184821,I,2026-04-26 22:31:54,2026-02-03 13:59:27
3100000,3100000-S200900014,서울특별시 노원구 중계동 587번지,"서울특별시 노원구 덕릉로71길 30 (중계동, 양지대림아파트)",1709.0,2009-11-04,,사용중,양지대림1차아파트 전체 동의 지하주차장 1층,공공용시설,지하,7500.0,7500,37.0,39.0,3.29,127.0,4.0,14.26,37.65060801355364,127.06971232673978,962043.269845,1961322.448774,I,2026-04-26 22:31:54,2026-02-02 13:26:28
3100000,3100000-S199800007,서울특별시 노원구 월계동 928 월계1동주민센터,"서울특별시 노원구 석계로 59, 월계1동주민센터 (월계동)",1896.0,1998-09-01,,사용중,월계1동 주민센터 지하1층,공공용시설,지하,62.88,62,37.0,37.0,11.77,127.0,3.0,46.64,37.61999979746499,127.06296426397232,961432.186431,1957929.341206,I,2026-04-26 22:31:53,2026-04-08 13:44:58
3100000,3100000-S201200009,서울특별시 노원구 월계동 441번지,"서울특별시 노원구 광운로2가길 22 (월계동, 삼창아파트)",1899.0,2012-04-10,,사용중,삼창아파트 지하1층,공공용시설,지하,800.0,800,37.0,37.0,3.36,127.0,3.0,35.12,37.61796908561909,127.05951257862571,961126.521021,1957705.466324,I,2026-04-26 22:31:54,2026-02-06 12:21:31
3100000,3100000-S198900035,서울특별시 노원구 상계동 651번지 7호,서울특별시 노원구 동일로 1529 (상계동),1620.0,1989-11-10,2023-12-28,사용중지,합동빌딩 주차장 지하2층,공공용시설,지하,644.57,644,37.0,39.0,54.68,127.0,3.0,26.22,37.66499452248355,127.05739904271748,960964.612438,1962923.635245,I,2026-04-26 22:31:54,2023-12-28 15:40:09
3100000,3100000-S201700004,서울특별시 노원구 상계동 624 상계주공15단지아파트,"서울특별시 노원구 동일로227길 26 (상계동, 상계주공15단지아파트)",1617.0,2017-09-07,,사용중,상계주공15단지 지하1층 헬스장,공공용시설,지하,180.0,180,37.0,40.0,9.88,127.0,3.0,14.0,37.667207312353845,127.05556212594536,960803.767602,1963169.903132,I,2026-04-26 22:31:54,2026-02-10 17:00:26
3100000,3100000-S198800016,서울특별시 노원구 상계동 641번지,"서울특별시 노원구 한글비석로 506 (상계동, 청원초,청원중,청원고,청원여고)",1672.0,1988-11-15,,사용중,청원초등학교 지하1층,공공용시설,지하,800.0,800,37.0,39.0,55.41,127.0,3.0,39.79,37.66532871400946,127.06196250419312,961367.264175,1962958.822624,I,2026-04-26 22:31:53,2026-02-25 16:06:26
3100000,3100000-S200800004,서울특별시 노원구 중계동 360-2 청구3차아파트,"서울특별시 노원구 중계로 233 (중계동, 청구3차아파트)",1742.0,2008-06-02,,사용중,청구3차아파트 전체 동의 지하주차장 1층,공공용시설,지하,9000.0,9000,37.0,39.0,1.28,127.0,4.0,29.92,37.65053599911164,127.07516195477687,962523.960974,1961312.267674,I,2026-04-26 22:31:54,2026-02-02 13:24:54
3100000,3100000-S200000015,서울특별시 노원구 월계동 582번지,"서울특별시 노원구 초안산로 19 (월계동, 월계주공2단지아파트)",1882.0,2000-10-02,,사용중,유치원상가 지하1층,공공용시설,지하,639.78,639,37.0,37.0,46.4,127.0,3.0,14.87,37.62954816142215,127.0542478693568,960668.00391,1958992.309963,I,2026-04-26 22:31:54,2026-02-26 17:21:11
3100000,3100000-S199400001,서울특별시 노원구 하계동 280-1 을지병원,"서울특별시 노원구 한글비석로 68, 을지병원 (하계동)",1830.0,1994-12-19,,사용중,노원을지대학교병원 지하2~4층,공공용시설,지하,14000.0,14000,37.0,38.0,12.07,127.0,4.0,11.5,37.6366873593488,127.069861327964,962049.3321201,1959777.9454833332,I,2026-04-26 22:31:53,2026-02-03 15:12:15
3100000,3100000-S202500004,서울특별시 노원구 공릉동 26-21 삼육대학교,"서울특별시 노원구 화랑로 815, 삼육대학교 (공릉동)",1795.0,2025-07-15,,사용중,삼육대학교 다니엘관 주차장 지하2층,공공용시설,지하,2400.0,2400,37.0,38.0,18.95,127.0,6.0,27.62,37.6385963848021,127.10767285991,965386.3021989824,1959975.1221354816,I,2026-04-26 22:31:54,2026-02-06 17:11:45
3100000,3100000-S200700014,서울특별시 노원구 상계동 771-2 서울특별시북부기술교육원,"서울특별시 노원구 덕릉로70가길 81, 서울특별시북부기술교육원 (상계동)",1772.0,2007-06-01,,사용중,서울시 북부기술 교육원 지하1층 식당,공공용시설,지하,951.0,951,37.0,38.0,30.81,127.0,3.0,28.8,37.64227006360582,127.0576532226272,960975.139122,1960402.332917,I,2026-04-26 22:31:54,2026-02-04 09:36:01
3100000,3100000-S198700002,서울특별시 노원구 상계동 135번지,"서울특별시 노원구 한글비석로46가길 16 (상계동, 한신1차아파트)",1653.0,1987-03-26,,사용중,상계한신1차아파트 지하1층,공공용시설,지하,12000.0,12000,37.0,39.0,57.15,127.0,4.0,8.05,37.665442262267234,127.06812240079512,961910.597198,1962968.900255,I,2026-04-26 22:31:54,2026-03-03 15:29:52
3100000,3100000-S199800001,서울특별시 노원구 월계동 13번지,"서울특별시 노원구 마들로 111 (월계동, 월계미륭아파트,월계삼호아파트)",1909.0,1998-10-10,,사용중,삼호종합상가 지하1층 마트,공공용시설,지하,1204.0,1204,37.0,37.0,29.02,127.0,4.0,1.24,37.62536225304055,127.06671850729556,961766.241512,1958522.746949,I,2026-04-26 22:31:54,2026-02-10 20:28:41
3100000,3100000-S198900017,서울특별시 노원구 상계동 820번지,서울특별시 노원구 노원로 573 (상계동),1686.0,1989-09-02,2023-12-26,사용중지,창동차량기지 후생관 지하1층,공공용시설,지하,499.5,499,37.0,39.0,38.17,127.0,3.0,12.57,37.65818014737279,127.05520670243844,960767.6709200498,1962168.5188454892,I,2026-04-26 22:31:53,2023-12-26 13:01:41
3100000,3100000-S202500001,서울특별시 노원구 공릉동 126 서울여자대학교,"서울특별시 노원구 화랑로 621, 서울여자대학교 (공릉동)",1797.0,2025-07-15,,사용중,서울여자대학교 인문사회관 주차장 지하1층,공공용시설,지하,2683.14,2683,37.0,37.0,32.77,127.0,5.0,37.57,37.6257702010251,127.093768900685,964153.437170992,1958557.3308087592,I,2026-04-26 22:31:53,2026-02-06 17:10:35
3100000,3100000-S198800001,서울특별시 노원구 하계동 271번지 3호,"서울특별시 노원구 섬밭로 209 (하계동, 신한은행)",1776.0,1988-08-01,2023-07-17,사용중지,벽산상가 지하1층,공공용시설,지하,2500.0,2500,37.0,38.0,6.16,127.0,3.0,56.07,37.63483202486688,127.06586411257386,961695.707998,1959573.727838,I,2026-04-26 22:31:53,2023-07-17 17:29:14
3100000,3100000-S198900004,서울특별시 노원구 중계동 505번지,"서울특별시 노원구 섬밭로 263 (중계동, 롯데상가)",1774.0,1989-06-29,,사용중,롯데상가 지하1층,공공용시설,지하,2500.0,2500,37.0,38.0,20.66,127.0,3.0,49.9,37.6393091098315,127.06377905905327,961514.049887,1960071.295969,I,2026-04-26 22:31:54,2026-02-03 17:23:33
3100000,3100000-S198900018,서울특별시 노원구 상계동 696번지,"서울특별시 노원구 동일로 1461 (상계동, 용화여자고등학교)",1687.0,1989-09-02,2023-12-26,사용중지,용화여고 지하1층,공공용시설,지하,865.8,865,37.0,39.0,30.38,127.0,3.0,28.65,37.65889607068385,127.05907470298384,961109.217325,1962246.336876,I,2026-04-26 22:31:53,2023-12-26 13:01:53
3110000,3110000-S200400006,서울특별시 은평구 진관동 362번지,"서울특별시 은평구 진관1로 40 (진관동, 은평구민체육센터)",3311.0,2004-03-25,,사용중,은평구민체육센터(지하1~2층),공공용시설,지하,3722.0,3722,37.0,37.0,49.6,126.0,55.0,24.97,37.6304440561308,126.923604158642,949140.8682420002,1959154.4892525668,I,2026-02-04 22:58:35,2026-02-03 16:37:29
3110000,3110000-S200500001,서울특별시 은평구 진관동 67번지 26호,"서울특별시 은평구 진관2로 지하 15-25 (진관동, 3호선 구파발역사무소)",3306.0,2005-06-22,,사용중,구파발역 3호선(지하),공공용시설,지하,5442.0,5442,37.0,38.0,12.63,126.0,55.0,7.48,37.6368418803068,126.91874542418,948716.5440514,1959866.9507864667,I,2026-02-04 22:58:35,2026-02-03 16:38:09
3110000,3110000-S200400002,서울특별시 은평구 갈현동 537번지,"서울특별시 은평구 갈현로33길 24 (갈현동, 갈현동현대아파트)",3319.0,2004-11-30,,사용중,"갈현현대1차아파트 101동,102동 지하주차장 1층",공공용시설,지하,12051.0,12051,37.0,37.0,19.49,126.0,54.0,50.33,37.62154946647139,126.9141358563229,948299.250758,1958172.839553,I,2026-02-01 22:58:35,2026-01-31 15:04:05
3110000,3110000-S201900005,서울특별시 은평구 갈현동 465번지 12호,"서울특별시 은평구 연서로 149 (갈현동, 동광갈현베르빌)",3336.0,2019-07-18,,사용중,갈현베르빌아파트(지하1층),공공용시설,지하,9684.0,9684,37.0,36.0,44.24,126.0,55.0,0.49,37.612263246925885,126.91719129034686,948562.489119,1957140.88893,I,2025-12-15 16:14:09,2024-07-05 10:46:06
3110000,3110000-S201900001,서울특별시 은평구 진관동 25번지,"서울특별시 은평구 진관3로 77 (진관동, 은평뉴타운구파발)",3301.0,2019-07-18,,사용중,구파발9단지아파트(916~928동)917동옆 지하주차장,공공용시설,지하,22145.0,22145,37.0,38.0,40.16,126.0,55.0,16.32,37.644488378499,126.921200684322,948938.4048286668,1960713.9656655327,I,2026-02-04 22:58:35,2026-02-03 16:44:11
3110000,3110000-S201800010,서울특별시 은평구 진관동 19번지,"서울특별시 은평구 진관4로 17 (진관동, 은평뉴타운상림마을)",3302.0,2018-07-02,,사용중,상림마을8단지APT(810~820동)811동 지하1층,공공용시설,지하,31318.0,31318,37.0,38.0,37.11,126.0,55.0,24.96,37.6436427910149,126.923601019883,949149.5874934334,1960618.8465810332,I,2026-02-04 22:58:35,2026-02-03 16:43:23
3110000,3110000-S200200012,"서울특별시 은평구 대조동 13-10 3,6호선 불광역사무소","서울특별시 은평구 통일로 지하723-1, 3,6호선 불광역사무소 (대조동)",3397.0,2002-03-21,,사용중,불광역 6호선 지하1~4층,공공용시설,지하,8644.67,8644,37.0,36.0,36.75,126.0,55.0,47.95,37.61019595122325,126.9299846223556,949690.219644,1956904.59744,I,2026-02-21 22:58:38,2026-02-20 10:19:14
3110000,3110000-S201800013,서울특별시 은평구 응암동 176번지,"서울특별시 은평구 백련산로 146 (응암동, 응암푸르지오)",3475.0,2018-07-11,,사용중,응암푸르지오 지하1층~지하3층,공공용시설,지하,12217.0,12217,37.0,35.0,52.34,126.0,55.0,31.01,37.59802258930068,126.92532486096886,949270.677454,1955556.518471,I,2026-01-28 22:58:35,2026-01-27 17:04:50
3110000,3110000-S200000001,서울특별시 은평구 구산동 1번지,"서울특별시 은평구 연서로 지하 137-1 (구산동, 6호선 구산역사무소)",3412.0,2000-12-15,,사용중,구산역(6호선 3번출구 지하1층),공공용시설,지하,4844.0,4844,37.0,36.0,40.36,126.0,55.0,1.86,37.6112124497171,126.917182082319,948560.9526517666,1957024.3119852005,I,2026-01-28 22:58:35,2026-01-27 09:36:39
3110000,3110000-S200100003,서울특별시 은평구 갈현동 542번지 1호,"서울특별시 은평구 서오릉로20길 5-10 (갈현동, 현재트윈빌아파트)",3327.0,2001-06-09,,사용중,현재트윈빌아파트(지하1층),공공용시설,지하,6679.0,6679,37.0,36.0,59.85,126.0,54.0,29.76,37.616323714456975,126.90851935827811,947799.953633,1957596.169873,I,2025-12-15 16:14:09,2024-07-05 10:45:50
3110000,3110000-S202000001,서울특별시 은평구 녹번동 283번지 래미안베라힐즈,"서울특별시 은평구 통일로 630 (녹번동, 래미안베라힐즈)",3372.0,2020-06-01,,사용중,래미안베라힐즈 지하1층~3층,공공용시설,지하,54816.0,54816,37.0,36.0,11.19,126.0,56.0,8.55,37.60277540406406,126.93635632897605,950247.651233,1956077.921683,I,2025-12-15 16:14:09,2025-04-25 10:03:10
3110000,3110000-S202000005,서울특별시 은평구 증산동 220번지 1호 덕원아파트,"서울특별시 은평구 증산로 221 (증산동, 덕원아파트)",3506.0,2020-06-08,,사용중,DMC덕원아파트 지하주차장 1~2층,공공용시설,지하,2574.0,2574,37.0,34.0,43.71,126.0,54.0,12.88,37.57867206328972,126.90331847079908,947314.412134,1953421.77358,I,2026-02-21 22:58:38,2026-02-20 10:44:53
3110000,3110000-S199700002,서울특별시 은평구 갈현동 539번지,"서울특별시 은평구 갈현로23길 41 (갈현동, 한솔아파트)",3326.0,1997-12-09,,사용중,한솔아파트(지하1층),공공용시설,지하,5369.0,5369,37.0,37.0,5.11,126.0,54.0,36.6,37.618542140064974,126.9102449627089,947953.791514,1957841.337908,I,2025-12-15 16:14:09,2024-07-05 10:45:27
3110000,3110000-S200900037,서울특별시 은평구 녹번동 91번지 7호,"서울특별시 은평구 은평로21길 34-5 (녹번동, 시니어캐슬클라시온)",3382.0,2009-12-10,,사용중,시니어캐슬 클라시온 지하2층~4층,공공용시설,지하,2248.0,2248,37.0,36.0,11.71,126.0,55.0,52.8,37.60298982584291,126.93102152502048,949776.892793,1956104.55105,I,2025-12-15 16:14:09,2024-10-22 17:12:27
3110000,3110000-S201200013,서울특별시 은평구 불광동 643번지,"서울특별시 은평구 통일로 796 (불광동, 북한산힐스테이트7차)",3357.0,2012-07-19,,사용중,북한산힐스테이트 7차아파트 전체동의 지하주차장1~3층,공공용시설,지하,27620.0,27620,37.0,36.0,58.84,126.0,55.0,32.65,37.61564548258876,126.92543335085465,949292.219717,1957511.651023,I,2026-01-31 22:58:35,2026-01-30 12:15:43
3110000,3110000-S200900047,서울특별시 은평구 녹번동 84번지,"서울특별시 은평구 은평로 195 (녹번동, 은평구종합청사)",3384.0,2009-12-15,,사용중,은평구청 본관 지하1층,공공용시설,지하,926.0,926,37.0,36.0,10.18,126.0,55.0,44.62,37.60217556269029,126.9293379035457,949627.73106,1956015.113694,I,2025-12-15 16:14:09,2025-03-27 18:52:48
3110000,3110000-S200900043,서울특별시 은평구 증산동 244번지,"서울특별시 은평구 증산로3길 26-1 (증산동, 우방아파트)",3493.0,2009-12-14,,사용중,DMC우방아파트 지하주차장 1~4층,공공용시설,지하,14263.0,14263,37.0,34.0,55.44,126.0,54.0,12.51,37.58190219747471,126.90354580385774,947336.76061,1953780.015644,I,2026-02-21 22:58:38,2026-02-20 10:43:41
3110000,3110000-S200900002,서울특별시 은평구 신사동 359 새절역현대아파트,"서울특별시 은평구 은평터널로 164(신사동, 새절역현대아파트)",3444.0,2009-08-31,,사용중,새절역현대아파트 지하주차장 1층,공공용시설,지하,3619.0,3619,37.0,35.0,36.46,126.0,54.0,30.79,37.59286741400835,126.9083214770536,947766.090393,1954993.893988,I,2026-02-21 22:58:38,2026-02-20 10:39:56
3110000,3110000-S201800012,서울특별시 은평구 응암동 176번지 1호,"서울특별시 은평구 백련산로 146-30 (응암동, 응암SH-VILLE)",3475.0,2018-07-02,,사용중,응암에스에이치빌 지하1층~지하2층,공공용시설,지하,3022.0,3022,37.0,35.0,52.79,126.0,55.0,36.96,37.59818267650824,126.92683398955708,949404.005006,1955573.465307,I,2025-12-15 16:14:09,2024-02-07 11:45:03
3110000,3110000-S201000002,서울특별시 은평구 응암동 742번지 3호,"서울특별시 은평구 응암로 142-32 (응암동, 남청파인힐아파트)",3482.0,2010-12-17,,사용중,남청파인힐아파트(지하1층 주차장),공공용시설,지하,1555.0,1555,37.0,35.0,2.69,126.0,54.0,57.38,37.5840803510315,126.91593863947,948432.4842343332,1954014.7970529,I,2026-01-29 22:58:35,2026-01-28 09:15:09
3110000,3110000-S200900027,서울특별시 은평구 역촌동 85번지 41호,"서울특별시 은평구 연서로 1 (역촌동, 리더스파크)",3421.0,2009-12-02,,사용중,리더스파크아파트 지하주차장 1-4층,공공용시설,지하,3168.0,3168,37.0,35.0,57.09,126.0,54.0,54.56,37.5993656851987,126.91550360711844,948404.628213,1955710.88053,I,2025-12-15 16:14:09,2025-04-25 10:03:10
3110000,3110000-S200900023,서울특별시 은평구 신사동 361번지,"서울특별시 은평구 증산로21길 11 (신사동, 신흥상가삼부아파트)",3451.0,2009-04-09,,사용중,"삼부아파트 지하주차장 2, 3층",공공용시설,지하,5080.0,5080,37.0,35.0,43.97,126.0,54.0,48.93,37.59590694206732,126.91330186499152,948207.874185,1955328.358917,I,2026-02-21 22:58:38,2026-02-20 10:21:35
3110000,3110000-S200400013,서울특별시 은평구 신사동 368번지,"서울특별시 은평구 증산로15길 50 (신사동, 대주파크빌)",3443.0,2004-03-25,,사용중,대주파크빌아파트 지하주차장 1층,공공용시설,지하,2528.0,2528,37.0,35.0,26.36,126.0,54.0,29.99,37.59047526103063,126.90840012456027,947771.361775,1954728.450692,I,2026-02-21 22:58:38,2026-02-20 10:39:40
3110000,3110000-S201000001,서울특별시 은평구 응암동 714번지,"서울특별시 은평구 가좌로7나길 35 (응암동, 경남아파트)",3481.0,2010-12-13,,사용중,"경남아파트(101동, 102동 지하1층 주차장)",공공용시설,지하,1733.0,1733,37.0,35.0,0.0,126.0,55.0,10.95,37.5833340266622,126.919709641885,948764.9222543,1953929.9320948669,I,2026-01-29 22:58:35,2026-01-28 09:14:56
3110000,3110000-S200400007,서울특별시 은평구 진관동 156번지 6호,"서울특별시 은평구 연서로 415 (진관동, 은평노인종합복지관)",3310.0,2004-03-25,,사용중,은평노인종합복지관(지하1층),공공용시설,지하,889.0,889,37.0,37.0,56.1,126.0,55.0,47.94,37.6322494285998,126.929983353117,949704.9673653666,1959351.3506844668,I,2026-02-04 22:58:35,2026-02-03 16:37:55
3110000,3110000-S200400003,서울특별시 은평구 갈현동 545번지,"서울특별시 은평구 갈현로29길 62 (갈현동, 코오롱하늘채아파트)",3319.0,2004-11-30,,사용중,코오롱하늘채아파트 지하주차장 1층,공공용시설,지하,8195.0,8195,37.0,37.0,23.0,126.0,54.0,39.35,37.6230545698683,126.910931787439,948017.5468264668,1958341.5952427336,I,2026-02-01 22:58:35,2026-01-31 15:08:36
3110000,3110000-S200500015,서울특별시 은평구 대조동 240 NC백화점,"서울특별시 은평구 불광로 20, NC백화점 (대조동)",3397.0,2005-03-25,,사용중,NC백화점 지하1~8층,공공용시설,지하,24267.88,24267,37.0,36.0,36.12,126.0,55.0,43.59,37.60993092162682,126.9286263828194,949570.16091,1956875.922174,I,2026-02-21 22:58:38,2026-02-20 10:19:28
3110000,3110000-S200500011,서울특별시 은평구 구산동 382번지,"서울특별시 은평구 서오릉로21길 36 (구산동, 갈현현대아파트)",3427.0,2005-03-25,,사용중,갈현현대아파트 전동 지하 1층,공공용시설,지하,10119.0,10119,37.0,36.0,48.13,126.0,54.0,20.98,37.6133686967612,126.905827136951,947560.2791648668,1957269.8220450669,I,2026-01-28 22:58:35,2026-01-27 09:41:05
3110000,3110000-S201800004,서울특별시 은평구 응암동 93번지 6호,"서울특별시 은평구 은평로 182-8 (응암동, 명남더블레스아파트)",3471.0,2018-04-16,2024-02-01,사용중지,명남더블레스 지하1층,공공용시설,지하,1404.0,1404,37.0,36.0,2.93,126.0,55.0,39.9,37.60100930101318,126.92784598817576,949495.25033,1955886.523053,I,2025-12-15 16:14:09,2024-02-06 08:22:37
3110000,3110000-S201900008,서울특별시 은평구 신사동 355번지,"서울특별시 은평구 가좌로 344 (신사동, 현대아파트)",3438.0,2019-12-06,,사용중,"현대2차아파트 지하주차장 1, 2층",공공용시설,지하,2273.0,2273,37.0,35.0,52.79,126.0,54.0,24.13,37.59750517149022,126.9077412315288,947718.110291,1955508.757347,I,2026-02-21 22:58:38,2026-02-20 10:24:07
3110000,3110000-S201900004,서울특별시 은평구 증산동 248번지,"서울특별시 은평구 증산로 285 (증산동, 증산중앙하이츠아파트)",3499.0,2019-07-18,,사용중,중앙하이츠아파트 지하주차장 1~2층,공공용시설,지하,4936.0,4936,37.0,34.0,59.72,126.0,54.0,29.32,37.5829851019856,126.9084004423576,947766.155934,1953897.448794,I,2026-02-21 22:58:38,2026-02-20 10:44:36
3110000,3110000-S201800008,서울특별시 은평구 진관동 27번지,"서울특별시 은평구 진관3로 15-45 (진관동, 은평뉴타운구파발)",3300.0,2018-07-02,,사용중,구파발10단지제1관리(1011~13동사이)지하1층주차장,공공용시설,지하,16802.0,16802,37.0,38.0,35.14,126.0,55.0,3.89,37.6430942836782,126.917746602122,948632.7234844333,1960561.181043067,I,2026-02-04 22:58:35,2026-02-03 16:42:35
3110000,3110000-S202100003,서울특별시 은평구 응암동 767 백련산에스케이뷰아이파크,"서울특별시 은평구 응암로30길 16(응암동, 백련산에스케이뷰아이파크)",3466.0,2021-12-07,,사용중,백련산SK뷰아이파크APT(101동~111동 지하4층),공공용시설,지하,48427.0,48427,37.0,35.0,44.25,126.0,55.0,15.99,37.59562602677827,126.92110891094528,948896.873082,1955292.915503,U,2026-03-31 03:03:03,2026-03-30 10:36:06
3110000,3110000-S202200001,서울특별시 은평구 수색동 30-2,"서울특별시 은평구 수색로 216, DMC SK뷰 (수색동)",3505.0,2022-04-27,,사용중,DMC SK뷰@ 101~106동 B3~B4,공공용시설,지하,19304.0,19304,37.0,34.0,50.14,126.0,53.0,58.43,37.5805945361153,126.899562719336,946984.1481196,1953637.1765778004,I,2026-02-21 22:58:38,2026-02-20 10:45:39
3110000,3110000-S200900061,서울특별시 은평구 신사동 19번지 117호,"서울특별시 은평구 가좌로 342 (신사동, 홍익아파트)",3437.0,2009-12-15,,사용중,"홍익아파트 지하주차장 1층, 2층",공공용시설,지하,4000.0,4000,37.0,35.0,51.18,126.0,54.0,28.59,37.597528176386,126.9078806749103,947730.43592,1955511.232023,I,2026-02-21 22:58:38,2026-02-20 10:23:19
3110000,3110000-S202400003,서울특별시 은평구 불광동 323-21 연신내역 루체스테이션,"서울특별시 은평구 통일로 838-21 (불광동, 연신내역 루체스테이션)",3350.0,2024-11-04,,사용중,연신내역루체스테이션청년안심주택 지하주차장1~2층,공공용시설,지하,1675.0,1675,37.0,37.0,7.28,126.0,55.0,23.76,37.6186894094887,126.923267848536,949103.1788967366,1957850.5354506057,I,2026-01-31 22:58:35,2026-01-30 12:16:20
3110000,3110000-S201800011,서울특별시 은평구 진관동 5번지,"서울특별시 은평구 진관4로 87 (진관동, 은평뉴타운상림마을)",3304.0,2018-07-02,,사용중,상림마을6단지아파트(622~629동)629동지하1층,공공용시설,지하,20677.0,20677,37.0,38.0,51.35,126.0,55.0,46.78,37.6475984444137,126.929659928509,949686.7825007,1961054.446581,I,2026-02-04 22:58:35,2026-02-03 16:43:44
3110000,3110000-S201800006,서울특별시 은평구 수색동 416-1 DMC진흥,"서울특별시 은평구 은평터널로 60 (수색동, DMC진흥)",3492.0,2018-04-19,2023-09-06,사용중지,DMC진흥아파트 101~106동 지하1~2층,공공용시설,지하,10630.13,10630,37.0,35.0,7.44,126.0,54.0,1.61,37.58593792426456,126.900316301238,947054.471093,1954229.577947,I,2025-12-15 16:14:09,2023-09-11 15:23:29
3110000,3110000-S199300001,서울특별시 은평구 불광동 24번지,"서울특별시 은평구 연서로 365 (불광동, 은평경찰서)",3338.0,1993-10-15,2024-09-05,사용중지,은평경찰서 지하1층,공공용시설,지하,1470.0,1470,37.0,37.0,41.1,126.0,55.0,44.03,37.627866174929686,126.9291287009604,949626.598587,1958865.502446,I,2025-12-15 16:14:09,2024-09-11 07:51:31
3110000,3110000-S201100007,서울특별시 은평구 진관동 88번지,"서울특별시 은평구 진관2로 111-7 (진관동, 은평뉴타운우물골)",3306.0,2011-01-06,,사용중,우물골2단지아파트(209동~222동)211동지하1층,공공용시설,지하,8698.0,8698,37.0,38.0,7.26,126.0,55.0,52.86,37.6353498235264,126.93134897622,949827.5478671332,1959694.5977494332,I,2026-02-04 22:58:35,2026-02-03 16:40:45
3110000,3110000-S201100003,서울특별시 은평구 진관동 101번지,"서울특별시 은평구 진관1로 21-9 (진관동, 은평뉴타운박석고개)",3311.0,2011-01-06,,사용중,박석고개1단지아파트(101~111동)110동 지하1층,공공용시설,지하,11408.0,11408,37.0,37.0,55.91,126.0,55.0,14.94,37.6321958890057,126.920816217433,948896.0676704332,1959350.3638190003,I,2026-02-04 22:58:35,2026-02-03 16:39:36
3110000,3110000-S200500007,서울특별시 은평구 녹번동 55번지,"서울특별시 은평구 통일로 지하 602-1 (녹번동, 지하철3호선 녹번역)",3373.0,2005-01-01,,사용중,녹번역(3호선) 지하1층~2층,공공용시설,지하,2528.0,2528,37.0,36.0,2.8,126.0,56.0,9.5,37.60072265362847,126.93600645937909,950215.400354,1955850.362788,I,2026-02-21 22:58:38,2026-02-20 10:12:51
3110000,3110000-S200500006,서울특별시 은평구 응암동 90번지 1호,"서울특별시 은평구 은평로 111 (응암동, 은평이마트)",3461.0,2005-01-01,,사용중,이마트 지하3층~지하7층,공공용시설,지하,29411.0,29411,37.0,36.0,2.26,126.0,55.0,12.55,37.60018869081856,126.9203123404023,948829.67796,1955799.558376,I,2025-12-15 16:14:09,2024-07-03 18:06:38
3110000,3110000-S200500002,서울특별시 은평구 수색동 415-1 e편한세상수색에코포레,"서울특별시 은평구 은평터널로 65 (수색동, e편한세상수색에코포레)",3491.0,2005-06-23,2023-09-06,사용중지,수색에코포레A104~105 B1 외 지하주차장 7개소,공공용시설,지하,17300.0,17300,37.0,35.0,11.12,126.0,54.0,2.24,37.586423229588725,126.90062092855464,947081.710188,1954283.248887,I,2025-12-15 16:14:09,2023-09-11 15:22:36
3110000,3110000-S200900051,서울특별시 은평구 녹번동 84번지,"서울특별시 은평구 은평로 195 (녹번동, 은평구종합청사)",3384.0,2009-12-15,,사용중,은평구의회 지하1층,공공용시설,지하,1351.0,1351,37.0,36.0,9.53,126.0,55.0,47.64,37.60217556269029,126.9293379035457,949627.73106,1956015.113694,I,2025-12-15 16:14:09,2024-10-22 16:57:57
3110000,3110000-S200900055,서울특별시 은평구 신사동 360번지,"서울특별시 은평구 갈현로4길 26-5 (신사동, 신사성원아파트)",3422.0,2009-12-15,,사용중,"성원아파트 지하주차장 1, 2층",공공용시설,지하,365.0,365,37.0,36.0,1.71,126.0,54.0,47.85,37.60084350885567,126.91309522616125,948193.05556,1955876.165227,I,2026-02-21 22:58:38,2026-02-20 10:22:20
3110000,3110000-S200900059,서울특별시 은평구 신사동 362번지,"서울특별시 은평구 증산로 417 (신사동, 청운제일아파트)",3452.0,2009-12-15,,사용중,"청운제일아파트 지하주차장 1, 2층",공공용시설,지하,715.0,715,37.0,35.0,36.61,126.0,54.0,50.14,37.59360349726095,126.9140186812476,948269.558774,1955072.406012,I,2026-02-21 22:58:38,2026-02-20 10:23:00
3110000,3110000-S200900017,서울특별시 은평구 진관동 10번지,"서울특별시 은평구 진관4로 48-51 (진관동, 은평뉴타운상림마을)",3303.0,2009-08-27,,사용중,상림마을14단지아파트(730~742동)740동옆주차장,공공용시설,지하,10118.0,10118,37.0,38.0,32.49,126.0,55.0,50.04,37.642358023033,126.930566566189,949763.2339604668,1960472.5527843,I,2026-02-04 22:58:35,2026-02-03 16:38:32
3110000,3110000-S202000004,서울특별시 은평구 응암동 577번지 16호 명남더블레스아파트2차,"서울특별시 은평구 응암로 215 (응암동, 명남더블레스아파트2차)",3457.0,2020-06-08,,사용중,명남더블레스아파트2차(지하1~2층 주차장),공공용시설,지하,1418.0,1418,37.0,35.0,28.41,126.0,55.0,1.4,37.5912237476094,126.91705578393,948536.0378696668,1954806.7140461337,I,2026-01-29 22:58:35,2026-01-28 09:15:38
3110000,3110000-S202100004,서울특별시 은평구 수색동 417 DMC롯데캐슬더퍼스트,"서울특별시 은평구 수색로 300 (수색동, DMC롯데캐슬더퍼스트)",3488.0,2021-12-23,,사용중,DMC롯데캐슬더퍼스트@ 101~115동 지하2~3층,공공용시설,지하,51322.0,51322,37.0,35.0,3.39,126.0,53.0,29.6,37.5842738990843,126.891555128713,946279.7518285334,1954049.9356805333,I,2026-02-21 22:58:38,2026-02-20 10:45:23
3110000,3110000-S202000002,서울특별시 은평구 녹번동 282번지 힐스테이트 녹번,"서울특별시 은평구 통일로 610 (녹번동, 힐스테이트 녹번)",3373.0,2020-06-01,,사용중,힐스테이트 녹번 지하1층~3층,공공용시설,지하,41539.0,41539,37.0,36.0,4.77,126.0,56.0,9.91,37.60132582438989,126.93608494069788,950222.729965,1955917.240523,I,2025-12-15 16:14:09,2025-04-25 10:03:10
3110000,3110000-S200400012,서울특별시 은평구 신사동 367번지,"서울특별시 은평구 은평터널로 121-6 (신사동, 이랜드타운아파트)",3446.0,2004-03-25,,사용중,이랜드타운아파트 지하주차장 1층,공공용시설,지하,5014.0,5014,37.0,35.0,27.32,126.0,54.0,15.65,37.5903411695833,126.90421347287386,947401.650786,1954715.91019,I,2026-02-21 22:58:38,2026-02-20 10:39:24
3110000,3110000-S200200003,서울특별시 은평구 응암동 232번지 3호,"서울특별시 은평구 백련산로 90 (응암동, 은평병원)",3476.0,2002-03-25,,사용중,은평병원 지하2층,공공용시설,지하,2903.0,2903,37.0,35.0,38.9,126.0,55.0,23.73,37.59390971032917,126.92325045627815,949084.755839,1955101.33406,I,2026-01-28 22:58:35,2026-01-27 17:30:16
3110000,3110000-S200200007,서울특별시 은평구 증산동 199-8 6호선 증산역,"서울특별시 은평구 증산로 지하306, 6호선 증산역 (증산동)",3499.0,2002-03-25,,사용중,증산역(6호선) 지하 1~2층,공공용시설,지하,5732.0,5732,37.0,35.0,3.09,126.0,54.0,36.21,37.58421654312082,126.9100345774982,947911.297298,1954033.164532,I,2026-02-21 22:58:38,2026-02-20 10:42:51
3110000,3110000-S200500008,서울특별시 은평구 녹번동 279번지 1호,"서울특별시 은평구 응암로 366 (녹번동, 해주드림빌)",3459.0,2005-03-24,,사용중,해주드림빌아파트 지하1층,공공용시설,지하,2347.0,2347,37.0,36.0,15.32,126.0,55.0,22.58,37.60380346055109,126.92278779021568,949050.658663,1956199.256583,I,2025-12-15 16:14:09,2024-10-22 18:22:50
3110000,3110000-S200900031,서울특별시 은평구 불광동 71번지 16호,"서울특별시 은평구 불광로 208 (불광동, 북한산대창센시티)",3359.0,2009-12-07,,사용중,북한산대창센시티아파트 102동 지하주차장 1층~2층,공공용시설,지하,10767.0,10767,37.0,37.0,29.63,126.0,55.0,46.07,37.6245713594354,126.92939745148294,949648.090603,1958499.810185,I,2026-02-21 22:58:38,2026-02-20 10:17:45
3110000,3110000-S200900035,서울특별시 은평구 대조동 231 삼성타운아파트,"서울특별시 은평구 서오릉로 94 (대조동, 삼성타운아파트)",3392.0,2009-12-08,,사용중,삼성아파트 101~102동 지하주차장 지하1~2층,공공용시설,지하,8306.76,8306,37.0,36.0,32.03,126.0,55.0,16.02,37.6083719266808,126.92128848327512,948921.440882,1956706.92471,I,2026-02-21 22:58:38,2026-02-20 10:19:45
3110000,3110000-S200900039,서울특별시 은평구 응암동 603번지 60호,"서울특별시 은평구 응암로 164 (응암동, 인정병원)",3478.0,2009-12-14,2023-07-06,사용중지,"인정병원(지하1,2층)",공공용시설,지하,450.36,450,37.0,35.0,11.79,126.0,54.0,59.53,37.58657747617983,126.91627328231311,948463.752176,1954291.658795,I,2025-12-15 16:14:09,2023-07-07 08:45:22
3110000,3110000-S200500016,서울특별시 은평구 응암동 669번지 1호,"서울특별시 은평구 백련산로 6 (응암동, 대주피오레아파트)",3477.0,2005-03-25,,사용중,대주피오레아파트 (101동~102동 지하2층),공공용시설,지하,5471.0,5471,37.0,35.0,10.21,126.0,55.0,23.99,37.58695289103218,126.9232754943171,949082.226832,1954329.49062,U,2026-03-26 03:03:03,2026-03-25 11:26:19
3110000,3110000-S200500012,서울특별시 은평구 구산동 224번지,"서울특별시 은평구 갈현로11길 46 (구산동, 경남아너스빌)",3428.0,2005-03-25,,사용중,경남아너스빌아파트 전동 지하 1층,공공용시설,지하,26657.0,26657,37.0,36.0,17.28,126.0,54.0,19.53,37.6047987561892,126.905425085503,947518.7735033,1956319.244062767,I,2026-01-28 22:58:35,2026-01-27 09:40:29
3110000,3110000-S200500013,서울특별시 은평구 구산동 547번지,"서울특별시 은평구 서오릉로21길 47 (구산동, 갈현1단지e-편한세상아파트)",3427.0,2005-03-25,,사용중,e편한세상아파트 전동 지하 1층,공공용시설,지하,12462.0,12462,37.0,36.0,44.31,126.0,54.0,22.61,37.6123089237235,126.90627998181,947599.5024796,1957151.9912701668,I,2026-01-28 22:58:35,2026-01-27 09:40:41
3110000,3110000-S199400001,서울특별시 은평구 불광동 311번지 13호,"서울특별시 은평구 통일로 856 (불광동, 메트로타워)",3345.0,1994-04-26,,사용중,메트로타워 지하주차장 2층~6층,공공용시설,지하,11092.0,11092,37.0,37.0,11.27,126.0,55.0,18.18,37.61953734059848,126.92112771902606,948914.890231,1957945.772962,I,2026-02-21 22:58:38,2026-02-20 10:17:25
3110000,3110000-S200900024,서울특별시 은평구 진관동 13번지,"서울특별시 은평구 진관4로 47 (진관동, 은평뉴타운상림마을)",3303.0,2009-12-02,,사용중,상림마을3단지아파트(706~708동)706동옆지하주차장,공공용시설,지하,6805.0,6805,37.0,38.0,45.0,126.0,55.0,32.78,37.6458341908359,126.925773195036,949342.7085797666,1960860.8001303333,I,2026-02-04 22:58:35,2026-02-03 16:38:51
3110000,3110000-S200900028,서울특별시 은평구 역촌동 85번지 12호,"서울특별시 은평구 연서로 9 (역촌동, 센타폴리스)",3421.0,2009-12-02,,사용중,센타폴리스아파트 지하주차장 1-3층,공공용시설,지하,4349.0,4349,37.0,36.0,0.87,126.0,54.0,55.75,37.6000759376442,126.91572376630712,948424.552849,1955789.559259,I,2025-12-15 16:14:09,2025-04-25 10:03:10
3110000,3110000-S200900046,서울특별시 은평구 증산동 254 DMC문영퀸즈파크아파트,"서울특별시 은평구 증산로13길 44-5 (증산동, DMC문영퀸즈파크아파트)",3494.0,2009-12-14,,사용중,DMC문영퀸즈파크아파트 지하주차장 1~2층,공공용시설,지하,4555.0,4555,37.0,35.0,15.43,126.0,54.0,27.85,37.58756151788591,126.90812176589648,947744.749909,1954405.337815,I,2026-02-21 22:58:38,2026-02-20 10:44:15
3110000,3110000-S199800001,서울특별시 은평구 갈현동 540번지,"서울특별시 은평구 서오릉로 258 (갈현동, 우남아파트)",3327.0,1998-07-20,,사용중,우남아파트(지하1층),공공용시설,지하,4869.0,4869,37.0,37.0,4.61,126.0,54.0,24.15,37.6174469480718,126.90694170103652,947661.506448,1957721.667093,I,2025-12-15 16:14:09,2023-06-01 15:36:55
3110000,3110000-S202200002,서울특별시 은평구 응암동 119-29 마이유아파트,"서울특별시 은평구 응암로21가길 20(응암동, 마이유아파트)",3455.0,2022-04-28,,사용중,마이유 아파트(지하1~2층 주차장),공공용시설,지하,1327.0,1327,37.0,35.0,43.13,126.0,55.0,4.27,37.5953145422684,126.917852932959,948609.2263307,1955260.1343467669,I,2026-01-29 22:58:35,2026-01-28 09:15:51
3110000,3110000-S201800001,서울특별시 은평구 응암동 578번지 3호,"서울특별시 은평구 응암로 239 (응암동, 우리은행)",3457.0,2018-03-30,2023-07-06,사용중지,우리은행(지하1층),공공용시설,지하,437.36,437,37.0,35.0,36.14,126.0,55.0,3.4,37.59336747897848,126.9177742011879,948600.936764,1955044.158754,I,2025-12-15 16:14:09,2023-07-07 08:46:15
3110000,3110000-S201800005,서울특별시 은평구 응암동 739번지,"서울특별시 은평구 응암로 318 (응암동, 응암동금호아파트)",3464.0,2018-04-16,,사용중,금호아파트 지하1층~지하2층,공공용시설,지하,9554.0,9554,37.0,35.0,56.56,126.0,55.0,19.31,37.59956025555129,126.9219019291458,948969.566495,1955728.970965,I,2025-12-15 16:14:09,2024-02-07 12:13:45
3110000,3110000-S201800009,서울특별시 은평구 진관동 28번지,"서울특별시 은평구 진관3로 15-35 (진관동, 은평뉴타운구파발)",3300.0,2018-07-02,,사용중,구파발10단지2관리(1001~1010)1009지하1층,공공용시설,지하,16247.0,16247,37.0,38.0,31.1,126.0,55.0,5.62,37.6419735832993,126.918226704376,948674.3081215,1960436.5801464,I,2026-02-04 22:58:35,2026-02-03 16:43:02
3110000,3110000-S202200003,서울특별시 은평구 역촌동 231 한국리치빌,"서울특별시 은평구 연서로3가길 13-11(역촌동, 한국리치빌)",3418.0,2022-10-04,,사용중,한국리치빌 아파트 지하주차장 1층,공공용시설,지하,2016.53,2016,37.0,36.0,12.3,126.0,54.0,51.15,37.60341769650028,126.91420722422473,948292.995876,1956161.148268,I,2026-02-21 22:58:38,2026-02-20 10:55:38
3110000,3110000-S200900038,서울특별시 은평구 불광동 635번지,"서울특별시 은평구 불광로2길 33 (불광동, 북한산힐스테이트1차아파트)",3366.0,2009-12-10,,사용중,북한산힐스테이트1차아파트 전체동의 지하주차장 1층~2층,공공용시설,지하,15182.0,15182,37.0,36.0,45.19,126.0,56.0,9.69,37.61248945282708,126.93568040703892,950194.465622,1957156.015455,I,2026-01-31 22:58:35,2026-01-30 12:13:48
3110000,3110000-S199900003,서울특별시 은평구 녹번동 85번지 4호,"서울특별시 은평구 녹번로 16 (녹번동, 은평문화예술회관)",3381.0,1999-03-26,,사용중,은평문화예술회관 지하2층,공공용시설,지하,3253.0,3253,37.0,36.0,12.96,126.0,55.0,40.2,37.60353877210268,126.92768455436136,949482.710748,1956167.244585,I,2026-02-21 22:58:38,2026-02-20 10:06:11
3110000,3110000-S199900007,서울특별시 은평구 녹번동 144번지 69호,"서울특별시 은평구 서오릉로 지하 63 (녹번동, 6호선 역촌역사무소)",3459.0,1999-03-25,,사용중,역촌역(6호선) 지하1층,공공용시설,지하,1859.0,1859,37.0,36.0,21.81,126.0,55.0,22.66,37.606045243201,126.92298227654912,949069.354234,1956447.86804,I,2026-02-21 22:58:38,2026-02-20 10:09:21
3110000,3110000-S200200001,서울특별시 은평구 불광동 13번지 33호,"서울특별시 은평구 불광로 지하 129-1 (불광동, 6호선 독바위역사무소)",3354.0,2002-03-25,,사용중,독바위역( 6호선) 대합실 지하1층~6층,공공용시설,지하,5620.0,5620,37.0,37.0,6.28,126.0,55.0,58.1,37.618409005793296,126.932828225504,949946.704796,1957814.28452,I,2026-01-31 22:58:35,2026-01-30 12:07:57
3110000,3110000-S200900062,서울특별시 은평구 신사동 354번지,"서울특별시 은평구 갈현로3다길 15 (신사동, 라이프씨티아파트)",3433.0,2009-12-15,,사용중,라이프씨티아파트 지하주차장 1층,공공용시설,지하,3629.0,3629,37.0,36.0,7.79,126.0,54.0,19.67,37.601911845478334,126.90569198865708,947540.305117,1955998.803347,I,2026-02-21 22:58:38,2026-02-20 10:23:35
3110000,3110000-S199900008,"서울특별시 은평구 대조동 13-10 3,6호선 불광역사무소","서울특별시 은평구 통일로 지하723-1, 3,6호선 불광역사무소 (대조동)",3397.0,1999-03-25,,사용중,불광역 3호선 지하1~2층,공공용시설,지하,6412.0,6412,37.0,36.0,36.75,126.0,55.0,47.95,37.61019595122325,126.9299846223556,949690.219644,1956904.59744,I,2026-02-21 22:58:38,2026-02-20 10:18:58
3110000,3110000-S201900002,서울특별시 은평구 응암동 764번지,"서울특별시 은평구 백련산로 37 (응암동, 힐스테이트백련산4차아파트)",3469.0,2019-07-18,,사용중,백련산 힐스테이트4차APT(401동~413동지하4층),공공용시설,지하,46031.0,46031,37.0,35.0,25.58,126.0,55.0,16.61,37.58916967506812,126.92256977733646,949021.432008,1954575.816198,U,2026-03-31 03:03:03,2026-03-30 10:34:41
3110000,3110000-S201900006,서울특별시 은평구 구산동 546번지,"서울특별시 은평구 서오릉로21길 48 (구산동, e-편한세상2단지아파트)",3427.0,2019-12-06,,사용중,구산e편한세상2단지아파트 전동 지하 1층,공공용시설,지하,4085.0,4085,37.0,36.0,44.5,126.0,54.0,22.43,37.6123609511975,126.906229932832,947595.1217297668,1957157.7914638668,I,2026-01-28 22:58:35,2026-01-27 09:40:52
3110000,3110000-S200400004,서울특별시 은평구 갈현동 541번지 1호,"서울특별시 은평구 갈현로45길 57 (갈현동, 갈현동건영아파트)",3315.0,2004-11-30,,사용중,건영아파트 지하주차장 1~2층,공공용시설,지하,6320.0,6320,37.0,37.0,45.19,126.0,54.0,49.67,37.6292189522291,126.913795856355,948274.5615260332,1959023.9294768665,I,2026-02-01 22:58:35,2026-01-31 15:11:46
3110000,3110000-S200400008,서울특별시 은평구 불광동 633번지 1호,"서울특별시 은평구 불광로2길 7 (불광동, 북한산현대홈타운아파트)",3365.0,2004-03-26,,사용중,북한산현대홈타운아파트 전체동의 지하주차장1~3층,공공용시설,지하,11474.0,11474,37.0,36.0,43.24,126.0,55.0,59.01,37.61205125954332,126.93234952961696,949900.193688,1957109.172016,I,2026-01-31 22:58:35,2026-01-30 12:13:11
3110000,3110000-S201200010,서울특별시 은평구 응암동 761번지,"서울특별시 은평구 백련산로 36 (응암동, 백련산 힐스테이트 3차)",3477.0,2012-07-06,,사용중,백련산 힐스테이트3차APT(301~311동 지하3층),공공용시설,지하,4927.0,4927,37.0,35.0,16.77,126.0,55.0,23.38,37.58872666285408,126.92287860046142,949048.394769,1954526.498293,U,2026-03-31 03:03:03,2026-03-30 10:34:04
3110000,3110000-S200200004,서울특별시 은평구 신사동 22-15 6호선 응암역사무소,"서울특별시 은평구 증산로 지하477, 6호선 응암역사무소 (신사동)",3449.0,2002-03-25,,사용중,"응암역 6호선 지하1, 2층",공공용시설,지하,8148.8,8148,37.0,35.0,55.47,126.0,54.0,55.85,37.5987423535604,126.915512770755,948405.0066743,1955641.71933853,U,2026-03-24 03:03:03,2026-03-23 13:36:35
3110000,3110000-S200200008,서울특별시 은평구 증산동 223-25 6호선 디지털미디어시티역,"서울특별시 은평구 수색로 지하175, 6호선 디지털미디어시티역 (증산동)",3504.0,2002-03-25,,사용중,디지털미디어시티역(6호선) 지하 1~2층,공공용시설,지하,11066.0,11066,37.0,34.0,37.82,126.0,54.0,6.83,37.57739352496567,126.9022168029277,947216.233953,1953280.543675,I,2026-02-21 22:58:38,2026-02-20 10:43:05
3110000,3110000-S200100004,서울특별시 은평구 갈현동 397번지,"서울특별시 은평구 통일로 지하 849 (갈현동, 3,6호선 연신내역사무소)",3330.0,2001-03-31,,사용중,연신내역 6호선 지하 2층~3층,공공용시설,지하,8489.0,8489,37.0,37.0,8.26,126.0,55.0,16.18,37.6189617638019,126.921161688329,948917.4942151,1957881.8963260332,I,2026-02-01 22:58:35,2026-01-31 14:59:08
3110000,3110000-S202400002,서울특별시 은평구 응암동 766 백련산파크자이,"서울특별시 은평구 백련산로 67 (응암동, 백련산파크자이)",3468.0,2024-09-19,,사용중,백련산파크자이아파트 지하주차장 1~4층,공공용시설,지하,30820.0,30820,37.0,35.0,30.02,126.0,55.0,21.84,37.5916727072599,126.922733021368,949037.550982742,1954853.428511072,U,2026-03-31 03:03:03,2026-03-30 10:36:50
3110000,3110000-S201800003,서울특별시 은평구 불광동 400번지 4호,"서울특별시 은평구 연서로33길 16-32 (불광동, 연신중학교)",3342.0,2018-04-16,,사용중,연신중학교 공영주차장 지하2층,공공용시설,지하,5093.0,5093,37.0,37.0,25.39,126.0,55.0,27.7,37.62301523440226,126.92484211521382,949245.050734,1958329.617484,I,2026-02-04 22:58:35,2026-02-03 10:59:22
3110000,3110000-S200900063,서울특별시 은평구 신사동 364번지,"서울특별시 은평구 갈현로5길 25-11 (신사동, 임탑아파트)",3435.0,2009-12-15,,사용중,임탑아파트 지하주차장 1층,공공용시설,지하,1002.0,1002,37.0,36.0,5.97,126.0,54.0,30.13,37.601564061526304,126.90846608516496,947784.93438,1955958.671823,I,2026-02-21 22:58:38,2026-02-20 10:23:51
3110000,3110000-S201700001,서울특별시 은평구 진관동 63번지,"서울특별시 은평구 통일로 1050 (진관동, 롯데몰은평점)",3306.0,2017-11-07,,사용중,롯데몰 은평점(지하1층),공공용시설,지하,18060.0,18060,37.0,38.0,15.13,126.0,55.0,4.44,37.6375366382146,126.917900311642,948642.4582672,1959944.494155367,I,2026-02-04 22:58:35,2026-02-03 16:42:13
3110000,3110000-S201100004,서울특별시 은평구 진관동 105번지,"서울특별시 은평구 진관2로 60 (진관동, 은평뉴타운마고정)",3310.0,2011-01-06,,사용중,마고정2단지아파트(323~335동)334동 지하1층,공공용시설,지하,7677.0,7677,37.0,38.0,2.23,126.0,55.0,25.65,37.6339528622711,126.923792257881,949159.8561289,1959543.6773412,I,2026-02-04 22:58:35,2026-02-03 16:39:57
3110000,3110000-S201100008,서울특별시 은평구 진관동 154번지,"서울특별시 은평구 연서로48길 12 (진관동, 은평뉴타운제각말)",3308.0,2011-01-06,,사용중,제각말5단지아파트(501~513동)509동옆지하1층,공공용시설,지하,10145.0,10145,37.0,38.0,13.8,126.0,56.0,11.18,37.6371679604521,126.936439045563,950277.8633647332,1959893.6041628667,I,2026-02-04 22:58:35,2026-02-03 16:41:20
3110000,3110000-S201800007,서울특별시 은평구 수색동 413번지,"서울특별시 은평구 증산로1길 26 (수색동, 수색동청구아파트)",3505.0,2018-04-19,2023-09-06,사용중지,DMC 청구아파트 101동 B1 외 2개소,공공용시설,지하,6084.37,6084,37.0,34.0,50.68,126.0,54.0,6.11,37.58064826003672,126.90206750783086,947205.349449,1953641.726405,I,2025-12-15 16:14:09,2023-09-11 15:24:11
3110000,3110000-S202100001,서울특별시 은평구 응암동 769 녹번역e편한세상캐슬,"서울특별시 은평구 은평로 220(응암동, 녹번역e편한세상캐슬)",3472.0,2021-07-27,,사용중,녹번역이편한세상캐슬 지하2층~지하6층,공공용시설,지하,125521.0,125521,37.0,36.0,3.46,126.0,55.0,55.55,37.6009611754938,126.9320985453118,949870.599755,1955878.904933,I,2026-02-21 22:58:38,2026-02-20 10:20:18
3110000,3110000-S201200007,서울특별시 은평구 응암동 760번지,"서울특별시 은평구 백련산로 38 (응암동, 백련산 힐스테이트 2차)",3477.0,2012-07-06,,사용중,백련산 힐스테이트2차APT(201동~212동지하3층),공공용시설,지하,7612.0,7612,37.0,35.0,23.26,126.0,55.0,23.37,37.58910024841229,126.92286687263788,949047.614039,1954567.952393,U,2026-03-31 03:03:03,2026-03-30 10:33:16
3110000,3110000-S201200005,서울특별시 은평구 응암동 759번지,"서울특별시 은평구 백련산로2길 19 (응암동, 백련산힐스테이트1차)",3476.0,2012-07-06,,사용중,백련산 힐스테이트1차APT(101동~115동 지하3층),공공용시설,지하,4579.0,4579,37.0,35.0,29.69,126.0,55.0,31.59,37.59166321184257,126.92441832569898,949186.328342,1954851.461892,U,2026-03-26 03:03:03,2026-03-25 11:32:38
3110000,3110000-S202400001,서울특별시 은평구 불광동 81-2 불광2동주민센터,"서울특별시 은평구 연서로41길 18, 불광2동주민센터 (불광동)",3338.0,2024-09-05,,사용중,불광2동 복합청사 공용주차장 지하1층,공공용시설,지하,1343.0,1343,37.0,37.0,34.98,126.0,55.0,38.16,37.6263830700246,126.927266280828,949461.2539266724,1958701.9585568365,I,2026-02-04 22:58:35,2026-02-03 10:52:49
3110000,3110000-S201100010,서울특별시 은평구 진관동 113번지,"서울특별시 은평구 진관1로 77-8 (진관동, 은평뉴타운폭포동)",3310.0,2011-01-06,,사용중,폭포동4단지아파트(401~407동)403동옆지하1층,공공용시설,지하,6120.0,6120,37.0,37.0,54.3,126.0,55.0,44.48,37.6317488851706,126.929022024073,949619.8065068668,1959296.3328348668,I,2026-02-04 22:58:35,2026-02-03 16:41:46
3110000,3110000-S202000003,서울특별시 은평구 응암동 119번지 16호 벧엘블레스빌,"서울특별시 은평구 응암로 263 (응암동, 벧엘블레스빌)",3455.0,2020-06-08,,사용중,벧엘블레스빌(지하1~2층 주차장),공공용시설,지하,1623.0,1623,37.0,35.0,43.64,126.0,55.0,6.19,37.5954545612309,126.918386255361,948656.4035871668,1955275.3771632668,I,2026-01-29 22:58:35,2026-01-28 09:15:26
3110000,3110000-S200900048,서울특별시 은평구 불광동 59번지 32호,"서울특별시 은평구 통일로78가길 13-84 (불광동, 은평구립도서관)",3352.0,2009-12-15,,사용중,은평구립도서관 지하 1층,공공용시설,지하,1614.0,1614,37.0,37.0,8.36,126.0,55.0,41.75,37.61907145771183,126.92788602784566,949510.996753,1957890.428091,I,2026-01-31 22:58:35,2026-01-30 12:14:29
3110000,3110000-S200900044,서울특별시 은평구 증산동 250번지,"서울특별시 은평구 증산로 333 (증산동, 증산동월드빌)",3497.0,2009-12-14,,사용중,DMC월드빌아파트 지하주차장 1층,공공용시설,지하,2387.0,2387,37.0,35.0,10.96,126.0,54.0,40.8,37.58623674424423,126.91182624833031,948070.890778,1954256.305268,I,2026-02-21 22:58:38,2026-02-20 10:43:57
3110000,3110000-S200900018,서울특별시 은평구 신사동 358번지,"서울특별시 은평구 은평터널로7길 2 (신사동, 신성수정아파트)",3445.0,2009-08-31,,사용중,"신성수정아파트 지하주차장 1,2층",공공용시설,지하,6980.0,6980,37.0,35.0,32.93,126.0,54.0,22.3,37.59239019697527,126.90598491561788,947559.479881,1954942.250808,I,2026-02-21 22:58:38,2026-02-20 10:40:15
3110000,3110000-S201900003,서울특별시 은평구 신사동 366번지,"서울특별시 은평구 증산로17길 6-46 (신사동, 구암아파트)",3442.0,2019-07-18,,사용중,구암아파트 지하주차장 1층,공공용시설,지하,914.0,914,37.0,35.0,29.73,126.0,54.0,47.03,37.59148551917331,126.91295813008932,948174.463682,1954838.009755,I,2026-02-21 22:58:38,2026-02-20 10:40:39
3110000,3110000-S201900007,서울특별시 은평구 불광동 638번지,"서울특별시 은평구 진흥로 267 (불광동, 북한산래미안아파트)",3366.0,2019-12-06,,사용중,북한산래미안아파트 전체동의 지하주차장 1층~3층,공공용시설,지하,14507.0,14507,37.0,36.0,39.39,126.0,56.0,19.75,37.611036356940325,126.93833048808077,950427.392988,1956993.397396,I,2026-01-31 22:58:35,2026-01-30 12:16:02
3110000,3110000-S200900056,서울특별시 은평구 신사동 370번지,"서울특별시 은평구 갈현로1길 36 (신사동, 은평신사두산위브아파트)",3434.0,2009-12-15,,사용중,신사두산위브1차 아파트 지하주차장 1층,공공용시설,지하,2700.0,2700,37.0,35.0,59.12,126.0,54.0,21.91,37.59980751947791,126.90634839461096,947596.770729,1955764.970101,I,2026-02-21 22:58:38,2026-02-20 10:22:45
3110000,3110000-S200900053,서울특별시 은평구 신사동 297번지,"서울특별시 은평구 가좌로 391 (신사동, 씨티아파트)",3434.0,2009-12-15,,사용중,신사씨티아파트 지하주차장 2층,공공용시설,지하,4467.0,4467,37.0,36.0,1.37,126.0,54.0,14.23,37.60049935311016,126.90425413661552,947412.390178,1955842.897126,I,2026-02-21 22:58:38,2026-02-20 10:21:49
3110000,3110000-S201200012,서울특별시 은평구 불광동 641번지,"서울특별시 은평구 불광로 122-10 (불광동, 북한산현대힐스테이트3차아파트)",3362.0,2012-07-19,,사용중,북한산힐스테이트 3차아파트 전체동의 지하주차장1~3층,공공용시설,지하,31914.0,31914,37.0,37.0,7.5,126.0,56.0,1.37,37.6179072156776,126.93394830902726,950045.218025,1957758.016072,I,2026-01-31 22:58:35,2026-01-30 12:21:55
3110000,3110000-S200200006,서울특별시 은평구 신사동 337번지 5호,"서울특별시 은평구 증산로 지하 400 (신사동, 6호선 새절역사무소)",3442.0,2002-03-25,,사용중,"새절역 6호선 지하 1, 2층",공공용시설,지하,3507.0,3507,37.0,35.0,30.52,126.0,54.0,50.09,37.59184177933743,126.91388907436676,948256.897193,1954877.022051,I,2026-02-21 22:58:38,2026-02-20 10:39:10
3110000,3110000-S201100012,서울특별시 은평구 녹번동 153번지 1호,서울특별시 은평구 서오릉로 지하 47 (녹번동),3459.0,2011-01-06,,사용중,은평평화공원 지하1층,공공용시설,지하,4339.0,4339,37.0,36.0,18.59,126.0,55.0,22.9,37.60505609036158,126.92311333596945,949080.248046,1956338.054323,I,2025-12-15 16:14:09,2024-10-22 17:32:09
3110000,3110000-S201100002,서울특별시 은평구 진관동 22번지,"서울특별시 은평구 진관3로 67 (진관동, 은평뉴타운구파발)",3301.0,2011-01-01,,사용중,구파발9단지아파트(901~915동)904동옆 지하주차장,공공용시설,지하,16366.0,16366,37.0,38.0,32.22,126.0,55.0,16.85,37.6422832481869,126.921347883046,948949.8816906336,1960469.2334097333,I,2026-02-04 22:58:35,2026-02-03 16:39:13
3110000,3110000-S199900001,서울특별시 은평구 녹번동 84번지,"서울특별시 은평구 은평로 195 (녹번동, 은평구종합청사)",3384.0,1999-01-03,,사용중,은평구청 보건소 지하1층,공공용시설,지하,208.0,208,37.0,36.0,9.23,126.0,55.0,43.41,37.60217556269029,126.9293379035457,949627.73106,1956015.113694,I,2026-02-21 22:58:38,2026-02-20 10:01:32
3110000,3110000-S200900054,서울특별시 은평구 신사동 365번지,"서울특별시 은평구 갈현로1길 31 (신사동, 신사동한신휴플러스)",3438.0,2009-12-15,,사용중,"한신휴플러스아파트 지하주차장 1, 2층",공공용시설,지하,3720.0,3720,37.0,35.0,55.69,126.0,54.0,22.54,37.59940971412957,126.90660196736108,947618.875585,1955720.693687,I,2026-02-21 22:58:38,2026-02-20 10:22:04
3110000,3110000-S200500009,서울특별시 은평구 녹번동 280번지 1호,"서울특별시 은평구 통일로 586-19 (녹번동, 녹번JR아파트)",3374.0,2005-03-24,,사용중,진로아파트 지하1층~2층,공공용시설,지하,9103.0,9103,37.0,35.0,59.24,126.0,56.0,16.03,37.59964435643165,126.93776605617867,950370.007731,1955729.798664,I,2025-12-15 16:14:09,2024-10-22 17:29:31
3110000,3110000-S199900010,서울특별시 은평구 갈현동 397번지,"서울특별시 은평구 통일로 지하 849 (갈현동, 3,6호선 연신내역사무소)",3330.0,1999-03-25,,사용중,연신내역 3호선 지하1층,공공용시설,지하,8895.0,8895,37.0,37.0,8.25,126.0,55.0,16.2,37.618967559064224,126.9211781368785,948918.949778,1957882.530343,I,2026-02-01 22:58:35,2026-01-31 14:52:02
3110000,3110000-S199700001,서울특별시 은평구 갈현동 538번지,"서울특별시 은평구 갈현로29길 11 (갈현동, 미미아파트)",3322.0,1997-09-30,,사용중,미미아파트(지하1층),공공용시설,지하,7715.0,7715,37.0,37.0,10.08,126.0,54.0,51.24,37.619459399820464,126.91420624145466,948304.014833,1957940.915403,I,2026-02-21 22:58:38,2026-02-20 10:18:26
3110000,3110000-S201100006,서울특별시 은평구 진관동 83번지,"서울특별시 은평구 진관2로 77 (진관동, 은평뉴타운우물골)",3306.0,2011-01-06,,사용중,우물골2단지C5블럭@(209동~222동)206동지하1층,공공용시설,지하,8579.0,8579,37.0,38.0,3.62,126.0,55.0,37.19,37.6343394313538,126.926997762771,949442.9495940668,1959584.8338303668,I,2026-02-04 22:58:35,2026-02-03 16:40:19
3110000,3110000-S200900019,서울특별시 은평구 증산동 255번지,"서울특별시 은평구 증산서길 79 (증산동, 두산위브)",3498.0,2009-08-26,,사용중,증산두산위브아파트 101동 지하주차장 1~2층,공공용시설,지하,3638.0,3638,37.0,35.0,2.53,126.0,54.0,22.73,37.5834799680271,126.90638842812967,947588.855336,1953953.472763,I,2026-02-21 22:58:38,2026-02-20 10:43:22
3110000,3110000-S202100002,서울특별시 은평구 응암동 768 백련산해모로,"서울특별시 은평구 응암로30길 15(응암동, 백련산해모로)",3465.0,2021-12-07,,사용중,백련산 해모로APT(101동~109동 지하3층),공공용시설,지하,46764.0,46764,37.0,35.0,45.21,126.0,55.0,16.26,37.59589043874213,126.92118338214844,948903.628088,1955322.210406,U,2026-03-31 03:03:03,2026-03-30 10:35:23
3110000,3110000-S200900036,서울특별시 은평구 수색동 75 디엠씨 자이1단지,"서울특별시 은평구 수색로 217 (수색동, 디엠씨 자이1단지)",3504.0,2009-12-10,,사용중,DMC자이1단지APT 101~103동 B1~2층,공공용시설,지하,13980.0,13980,37.0,34.0,46.65,126.0,53.0,55.41,37.5796242956378,126.89872467264,946909.4627860332,1953530.0058165328,I,2026-02-21 22:58:38,2026-02-20 10:46:40
3120000,3120000-S202300014,서울특별시 서대문구 홍제동 460 인왕산현대아파트,"서울특별시 서대문구 통일로34길 46 (홍제동, 인왕산현대아파트)",3633.0,2008-12-02,,사용중,인왕산현대아파트 제2주차장 지하1~2층,공공용시설,지하,10125.23,10125,37.0,35.0,9.98,126.0,57.0,1.25,37.58610670414496,126.95034737123758,951471.81501,1954221.279033,I,2026-02-07 22:28:44,2026-02-06 20:10:21
3120000,3120000-S201900002,서울특별시 서대문구 대현동 67번지 85호,"서울특별시 서대문구 이화여대2길 15 (대현동, 서울특별시서부교육지원청)",3767.0,2019-12-26,,사용중,서부교육지원청 지하1층 체력단련실,공공용시설,지하,250.0,250,37.0,33.0,26.95,126.0,56.0,48.19,37.5574874293996,126.946718197558,951132.7004554512,1951047.985179334,I,2026-02-11 22:28:40,2026-02-10 16:43:59
3120000,3120000-S199300013,서울특별시 서대문구 홍은동 26번지 155호,"서울특별시 서대문구 백련사길 39 (홍은동, 서대문문화체육회관)",3657.0,1993-06-15,2025-04-25,사용중지,서대문문화체육회관 지하1층 주차장,공공용시설,지하,975.31,975,37.0,34.0,50.73,126.0,55.0,53.9,37.580757340882,126.931639579891,949816.5214536767,1953637.6201878232,I,2025-12-15 16:14:09,2025-04-25 14:16:14
3120000,3120000-S201400029,서울특별시 서대문구 북가좌동 481 DMC 래미안 e편한세상,"서울특별시 서대문구 수색로 100 (북가좌동, DMC 래미안 e편한세상)",3709.0,2014-08-07,,사용중,DMC래미안e편한세상아파트 4단지 지하주차장 1~3층,공공용시설,지하,2000.0,2000,37.0,34.0,21.21,126.0,54.0,31.33,37.5725594960077,126.908704007779,947785.6788797386,1952740.6045476687,I,2026-02-10 22:28:39,2026-02-09 17:58:57
3120000,3120000-S199300006,서울특별시 서대문구 홍제동 82번지,"서울특별시 서대문구 통일로25길 30 (홍제동, 홍제한양아파트)",3730.0,1993-06-18,,사용중,홍제한양아파트 제5주차장 지하1층,공공용시설,지하,1663.0,1663,37.0,34.0,58.32,126.0,56.0,54.67,37.5828677825056,126.948520028604,951308.3701341297,1953862.8806846645,I,2026-01-29 22:28:41,2026-01-28 17:53:40
3120000,3120000-S200200003,서울특별시 서대문구 연희동 739번지,"서울특별시 서대문구 연희로 38-20 (연희동, 연희대우아파트)",3781.0,2002-07-31,,사용중,연희대우아파트 전체동 지하1층~지하3층,공공용시설,지하,25475.0,25475,37.0,33.0,43.54,126.0,55.0,42.5,37.5620951758745,126.928471477938,949524.197277736,1951568.8356094444,U,2026-04-09 03:03:03,2026-04-08 09:41:18
3120000,3120000-S202300006,서울특별시 서대문구 홍제동 459 홍제원현대아파트,"서울특별시 서대문구 통일로34길 43 (홍제동, 홍제원현대아파트)",3631.0,2008-12-02,,사용중,홍제원현대아파트 제1주차장 지하1~2층,공공용시설,지하,3167.1,3167,37.0,35.0,10.78,126.0,57.0,0.56,37.5863287140061,126.950156048723,951455.067417565,1954246.008902493,I,2026-02-10 22:28:39,2026-02-09 16:19:36
3120000,3120000-S200100003,서울특별시 서대문구 홍제동 464번지,"서울특별시 서대문구 통일로 357 (홍제동, 무악재한화아파트)",3730.0,2001-06-18,,사용중,홍제한화아파트 전체 동의 지하주차장 1층,공공용시설,지하,1039.0,1039,37.0,34.0,55.77,126.0,57.0,0.37,37.5821596683963,126.950104129145,951447.7758054816,1953783.4986777548,I,2026-01-30 22:28:42,2026-01-29 15:20:11
3120000,3120000-S198500001,서울특별시 서대문구 홍제동 161번지 1호,"서울특별시 서대문구 통일로 지하 440-1 (홍제동, 홍제역)",3629.0,1985-05-31,,사용중,지하철3호선 홍제역 지하1~3층,공공용시설,지하,11623.0,11623,37.0,35.0,19.36,126.0,56.0,39.26,37.5887120985172,126.944240209401,950934.3268119668,1954513.50887652,I,2026-02-06 22:28:42,2026-02-05 15:29:16
3120000,3120000-S199200002,서울특별시 서대문구 현저동 101번지,"서울특별시 서대문구 통일로 지하 247 (현저동, 독립문역)",3732.0,1992-01-01,,사용중,지하철3호선 독립문역 지하1~3층,공공용시설,지하,8283.0,8283,37.0,34.0,27.86,126.0,57.0,27.89,37.57440689891,126.957748228118,952117.7406957068,1952919.441190407,I,2026-02-06 22:28:42,2026-02-05 10:06:17
3120000,3120000-S199900007,서울특별시 서대문구 홍제동 287번지 89호,"서울특별시 서대문구 간호대로 38 (홍제동, 서울여자간호대학)",3617.0,1999-03-01,,사용중,서울여자간호대학 지하주차장 지하1층,공공용시설,지하,695.15,695,37.0,35.0,49.93,126.0,56.0,50.44,37.5972023763497,126.947345731791,951214.0453553068,1955453.8511564,I,2026-02-03 22:28:38,2026-02-02 11:26:13
3120000,3120000-S202300004,서울특별시 서대문구 홍제동 453 무악청구아파트,"서울특별시 서대문구 통일로 348 (홍제동, 무악청구아파트)",3635.0,2008-12-02,,사용중,무악청구1차아파트 제5주차장 지하1~2층,공공용시설,지하,1309.26,1309,37.0,34.0,53.61,126.0,57.0,4.05,37.5815577272217,126.951124729746,951537.4987096786,1953716.1890092688,I,2026-02-10 22:28:39,2026-02-09 16:19:02
3120000,3120000-S202300009,서울특별시 서대문구 홍제동 459 홍제원현대아파트,"서울특별시 서대문구 통일로34길 43 (홍제동, 홍제원현대아파트)",3631.0,2008-12-02,,사용중,홍제원현대아파트 제4주차장 지하1층,공공용시설,지하,1909.0,1909,37.0,35.0,10.78,126.0,57.0,0.56,37.5863287139465,126.9501560487288,951455.067418,1954246.008902,I,2026-02-10 22:28:39,2026-02-09 16:20:24
3120000,3120000-S200100013,서울특별시 서대문구 충정로3가 222번지,"서울특별시 서대문구 충정로 50 (충정로3가, 골든브릿지빌딩)",3740.0,2001-03-02,2023-09-21,사용중지,피어리스아파트 지하주차장 지하1~4층,공공용시설,지하,2917.0,2917,37.0,33.0,46.7,126.0,57.0,54.09,37.56307500934257,126.96502333664252,952752.999307,1951658.539863,I,2025-12-15 16:14:09,2023-09-21 18:11:36
3120000,3120000-S201300008,서울특별시 서대문구 현저동 1019번지,서울특별시 서대문구 통일로 279-75 (현저동),3732.0,2013-07-22,,사용중,독립문파크빌아파트 전체 동의 지하주차장 지하1~2층,공공용시설,지하,2000.0,2000,37.0,34.0,29.89,126.0,57.0,8.22,37.5749685710004,126.95228304891,951635.5104575384,1952984.5553246888,I,2026-02-06 22:28:42,2026-02-05 10:10:03
3120000,3120000-S201600015,서울특별시 서대문구 북아현동 1011 신촌푸르지오,"서울특별시 서대문구 북아현로1길 50 (북아현동, 신촌푸르지오)",3770.0,2016-08-30,,사용중,신촌푸르지오1단지 지하주차장 지하1~5층,공공용시설,지하,5500.0,5500,37.0,33.0,39.0,126.0,57.0,10.55,37.560832323603,126.952929933705,951683.5016369052,1951415.8732890524,I,2026-02-02 22:28:37,2026-02-01 20:55:48
3120000,3120000-S195000024,서울특별시 서대문구 북가좌동 150번지,"서울특별시 서대문구 수색로 102 (북가좌동, 요진주상복합아파트)",3709.0,1999-01-01,,사용중,요진주상복합빌딩 지하주차장 1~5층,공공용시설,지하,7809.0,7809,37.0,34.0,22.32,126.0,54.0,29.88,37.5728660303446,126.908300497427,947750.2607835014,1952774.8374782875,I,2026-02-10 22:28:39,2026-02-09 17:44:45
3120000,3120000-S202100002,서울특별시 서대문구 홍은동 13-25 북한산두산위브2차,"서울특별시 서대문구 홍은중앙로1길 100 (홍은동, 북한산두산위브2차)",3609.0,2021-01-12,,사용중,북한산두산위브2차 지하주차장 지하1~3층,공공용시설,지하,11386.65,11386,37.0,35.0,58.73,126.0,56.0,39.2,37.5996470077427,126.944221754238,950939.8769745154,1955726.700376431,I,2026-02-02 22:28:37,2026-02-01 20:53:30
3120000,3120000-S195000001,서울특별시 마포구 노고산동 31번지 11호,"서울특별시 마포구 신촌로 지하 90 (노고산동, 신촌역)",4058.0,1990-04-11,2023-11-02,사용중지,지하철2호선 신촌역 지하1층,공공용시설,지하,7580.0,7580,37.0,33.0,19.66,126.0,56.0,10.08,37.5554353399563,126.93583143786488,950169.778808,1950826.031729,I,2025-12-15 16:14:09,2023-11-02 17:46:42
3120000,3120000-S199300002,서울특별시 서대문구 홍제동 82번지,"서울특별시 서대문구 통일로25길 30 (홍제동, 홍제한양아파트)",3730.0,1993-06-18,,사용중,홍제한양아파트 제1주차장 지하1층,공공용시설,지하,3026.0,3026,37.0,34.0,58.32,126.0,56.0,54.67,37.5828677825056,126.948520028604,951308.3701341297,1953862.8806846645,I,2026-01-29 22:28:41,2026-01-28 17:47:15
3120000,3120000-S195000011,서울특별시 서대문구 창천동 30번지 33호,"서울특별시 서대문구 신촌로 83 (창천동, 현대백화점신촌점)",3789.0,2001-03-22,,사용중,신촌현대백화점 지하연결통로 지하2층,공공용시설,지하,1950.0,1950,37.0,33.0,21.92,126.0,56.0,8.92,37.5560896954666,126.935810927256,950168.40294012,1950898.6401258367,I,2026-02-04 22:28:39,2026-02-03 08:58:25
3120000,3120000-S202300001,서울특별시 서대문구 홍제동 453 무악청구아파트,"서울특별시 서대문구 통일로 348 (홍제동, 무악청구아파트)",3635.0,2008-12-02,,사용중,무악청구1차아파트 제1주차장 지하1~2층,공공용시설,지하,1369.8,1369,37.0,34.0,53.61,126.0,57.0,4.05,37.5815577272217,126.951124729746,951537.4987096786,1953716.1890092688,I,2026-02-10 22:28:39,2026-02-09 16:18:21
3120000,3120000-S201400020,서울특별시 서대문구 북가좌동 481 DMC 래미안 e편한세상,"서울특별시 서대문구 수색로 100 (북가좌동, DMC 래미안 e편한세상)",3709.0,2014-08-07,,사용중,DMC래미안e편한세상아파트 1단지 지하주차장 1~3층,공공용시설,지하,4000.0,4000,37.0,34.0,21.21,126.0,54.0,31.33,37.5725594960077,126.908704007779,947785.6788797386,1952740.6045476687,I,2026-02-10 22:28:39,2026-02-09 17:57:29
3120000,3120000-S200100009,서울특별시 서대문구 충정로2가 190번지 3호,서울특별시 서대문구 경기대로 47 (충정로2가),3752.0,2001-03-02,,사용중,진양빌딩 지하2층~지하3층,공공용시설,지하,3627.0,3627,37.0,33.0,49.76,126.0,57.0,44.51,37.5638230871832,126.962362517098,952518.4793723532,1951742.8764377567,I,2026-02-05 22:28:41,2026-02-04 17:45:02
3120000,3120000-S199200010,서울특별시 서대문구 홍제동 331번지,"서울특별시 서대문구 통일로39가길 57 (홍제동, 홍제현대아파트)",3638.0,1992-08-20,,사용중,홍제현대아파트주차장 전체 동의 지하주차장 지하1층,공공용시설,지하,4085.0,4085,37.0,35.0,24.17,126.0,56.0,29.24,37.5900477663438,126.941455689664,950689.3725987409,1954663.1537104887,I,2026-02-06 22:28:42,2026-02-05 15:29:43
3120000,3120000-S201700001,서울특별시 서대문구 북가좌동 458번지,"서울특별시 서대문구 거북골로14길 32 (북가좌동, DMC아이파크아파트)",3690.0,2017-10-30,,사용중,DMC아이파크아파트 전동 지하주차장 지하1~3층,공공용시설,지하,57803.0,57803,37.0,34.0,36.04,126.0,54.0,51.87,37.5766784865371,126.914407081813,948292.1409191032,1953194.434229161,I,2026-02-25 22:28:40,2026-02-24 17:31:54
3120000,3120000-S202300010,서울특별시 서대문구 홍제동 459 홍제원현대아파트,"서울특별시 서대문구 통일로34길 43 (홍제동, 홍제원현대아파트)",3631.0,2008-12-02,,사용중,홍제원현대아파트 제5주차장 지하1~2층,공공용시설,지하,3245.3,3245,37.0,35.0,10.78,126.0,57.0,0.56,37.5863287139465,126.9501560487288,951455.067418,1954246.008902,I,2026-02-10 22:28:39,2026-02-09 16:20:36
3120000,3120000-S200100016,서울특별시 서대문구 충정로3가 139번지,"서울특별시 서대문구 충정로 29 (충정로3가, 동아일보사건물)",3737.0,2001-03-02,,사용중,동아일보사 지하1층~지하5층,공공용시설,지하,7197.0,7197,37.0,33.0,42.98,126.0,57.0,47.99,37.5619381731757,126.963330557974,952602.7785059368,1951533.2658370968,I,2026-02-05 22:28:41,2026-02-04 20:55:44
3120000,3120000-S200900003,서울특별시 서대문구 홍은동 460번지,"서울특별시 서대문구 홍은중앙로 149 (홍은동, 홍은동풍림아이원아파트)",3600.0,2009-07-08,,사용중,풍림아이원아파트 전동 지하주차장 지하1~5층,공공용시설,지하,11982.55,11982,37.0,36.0,12.9,126.0,56.0,57.72,37.6035844840609,126.949367958438,951396.7123635882,1956160.8709075504,I,2026-02-10 22:28:39,2026-02-09 16:41:56
3120000,3120000-S200900002,서울특별시 서대문구 홍은동 273번지 10호,"서울특별시 서대문구 모래내로 334 (홍은동, 홍은2동주민센터)",3658.0,2009-03-09,2025-04-17,사용중지,홍은2동주민센터 지하1층 주차장,공공용시설,지하,132.0,132,37.0,34.0,48.39,126.0,56.0,2.95,37.5801095648184,126.934151789453,950037.9064086368,1953564.41326785,I,2025-12-15 16:14:09,2025-04-17 11:18:56
3120000,3120000-S202500001,"서울특별시 서대문구 북아현동 190-1 추계예술대학교,중앙여고,중앙여중,추계초","서울특별시 서대문구 북아현로11가길 7, 추계예술대학교,중앙여고,중앙여중,추계초 (북아현동)",3762.0,2025-09-09,,사용중,"추계예술대학교 지하주차장(지송관,창조관)",공공용시설,지하,2183.0,2183,37.0,33.0,44.56,126.0,57.0,17.67,37.5623764986365,126.954907921144,951859.1898377708,1951586.1769296387,I,2026-02-10 22:28:39,2026-02-09 15:54:26
3120000,3120000-S202300003,서울특별시 서대문구 홍제동 453 무악청구아파트,"서울특별시 서대문구 통일로 348 (홍제동, 무악청구아파트)",3635.0,2008-12-02,,사용중,무악청구1차아파트 제3주차장 지하1~2층,공공용시설,지하,1277.55,1277,37.0,34.0,53.61,126.0,57.0,4.05,37.5815577272217,126.951124729746,951537.4987096786,1953716.1890092688,I,2026-02-10 22:28:39,2026-02-09 16:18:48
3120000,3120000-S200300004,서울특별시 서대문구 홍은동 453-2 풍림2차아파트,"서울특별시 서대문구 세검정로1길 35 (홍은동, 풍림2차아파트)",3615.0,2003-06-04,,사용중,풍림2차아파트 지하주차장 지하1~2층,공공용시설,지하,1098.0,1098,37.0,35.0,35.5,126.0,56.0,36.08,37.5931944057425,126.943354970493,950859.119500204,1955011.264433079,I,2026-02-10 22:28:39,2026-02-09 16:42:47
3120000,3120000-S201200005,서울특별시 서대문구 남가좌동 377 DMC래미안클라시스,"서울특별시 서대문구 증가로 191 (남가좌동, DMC래미안클라시스)",3686.0,2012-04-09,,사용중,DMC래미안클라시스 제5주차장 지하1~4층,공공용시설,지하,2500.0,2500,37.0,34.0,45.65,126.0,55.0,0.53,37.5793459851948,126.916812532066,948506.3811923392,1953489.060291055,I,2026-02-06 22:28:42,2026-02-05 11:20:55
3120000,3120000-S201400023,서울특별시 서대문구 북가좌동 481 DMC 래미안 e편한세상,"서울특별시 서대문구 수색로 100 (북가좌동, DMC 래미안 e편한세상)",3709.0,2014-08-07,,사용중,DMC래미안e편한세상아파트 2단지 지하주차장 2~3층,공공용시설,지하,4000.0,4000,37.0,34.0,21.21,126.0,54.0,31.33,37.5725594960077,126.908704007779,947785.6788797386,1952740.6045476687,I,2026-02-10 22:28:39,2026-02-09 17:57:48
3120000,3120000-S200800007,서울특별시 서대문구 홍제동 459번지,"서울특별시 서대문구 통일로34길 43 (홍제동, 홍제원현대아파트)",3631.0,2008-12-02,2023-06-22,사용중지,홍제원현대아파트 지하주차장 지하1층,공공용시설,지하,3500.0,3500,37.0,35.0,15.49,126.0,56.0,59.89,37.5863287139465,126.9501560487288,951455.067418,1954246.008902,I,2025-12-15 16:14:09,2023-06-29 13:56:29
3120000,3120000-S201200006,서울특별시 서대문구 남가좌동 379번지,"서울특별시 서대문구 수색로6길 43 (남가좌동, 래미안남가좌2차아파트)",3709.0,2012-04-25,,사용중,래미안남가좌2차아파트 지하주차장 지하1~2층,공공용시설,지하,4500.0,4500,37.0,34.0,19.97,126.0,54.0,48.87,37.5722129824962,126.913574416048,948215.5236624808,1952699.465034468,I,2026-02-11 22:28:40,2026-02-10 10:43:06
3120000,3120000-S197900002,서울특별시 서대문구 홍제동 299번지 2호,"서울특별시 서대문구 통일로 472 (홍제동, 효신빌딩)",3628.0,1979-12-24,,사용중,효신빌딩 지하주차장 지하1~2층,공공용시설,지하,1148.46,1148,37.0,35.0,25.8,126.0,56.0,33.82,37.5905002395494,126.942726433637,950801.8579577332,1954712.6872675333,I,2026-02-03 22:28:38,2026-02-02 11:24:55
3120000,3120000-S199800001,서울특별시 서대문구 홍제동 456번지,"서울특별시 서대문구 모래내로 430 (홍제동, 홍제동성원아파트)",3728.0,1998-06-18,,사용중,홍제성원아파트 전체 동의 지하주차장 1층,공공용시설,지하,7215.0,7215,37.0,35.0,2.82,126.0,56.0,34.79,37.5841160111154,126.942997793996,950821.6145862652,1954004.242837231,I,2026-01-30 22:28:42,2026-01-29 15:24:15
3120000,3120000-S200100004,서울특별시 서대문구 충정로3가 248-1 충정로역(5호선),"서울특별시 서대문구 충정로 지하28-1, 충정로역(5호선) (충정로3가)",3741.0,2001-03-02,,사용중,지하철 5호선 충정로역 지하1층,공공용시설,지하,3036.0,3036,37.0,33.0,39.58,126.0,57.0,48.14,37.5609934528629,126.96337323085,952605.9488404328,1951428.432263772,I,2026-02-05 22:28:41,2026-02-04 17:42:23
3120000,3120000-S199200006,서울특별시 서대문구 영천동 100번지,"서울특별시 서대문구 독립문로 12 (영천동, 삼호아파트)",3743.0,1992-01-01,,사용중,독립문삼호아파트 전체 동의 지하주차장 지하1~3층,공공용시설,지하,1346.0,1346,37.0,34.0,13.3,126.0,57.0,34.76,37.570360603531,126.959656207225,952283.6399752968,1952469.5531632637,I,2026-02-06 22:28:42,2026-02-05 10:06:45
3120000,3120000-S199700001,서울특별시 서대문구 홍제동 454번지,"서울특별시 서대문구 세검정로 134 (홍제동, 유원하나아파트)",3620.0,1997-12-24,,사용중,홍제유원하나아파트 지하주차장 지하1~2층,공공용시설,지하,6000.0,6000,37.0,35.0,42.98,126.0,57.0,8.11,37.5952718430078,126.95225154775,951645.8639541448,1955237.129347032,I,2026-02-03 22:28:38,2026-02-02 11:25:48
3120000,3120000-S201300005,서울특별시 서대문구 냉천동 261번지,"서울특별시 서대문구 독립문로14길 33 (냉천동, 돈의문센트레빌)",3746.0,2013-05-03,,사용중,천연동 돈의문센트레빌 2주차장 지하1~4층,공공용시설,지하,2500.0,2500,37.0,33.0,59.5,126.0,57.0,44.26,37.5665274260151,126.962294551457,952514.193631971,1952042.9440185176,I,2026-02-06 22:28:42,2026-02-05 10:08:53
3120000,3120000-S201200004,서울특별시 서대문구 남가좌동 377 DMC래미안클라시스,"서울특별시 서대문구 증가로 191 (남가좌동, DMC래미안클라시스)",3686.0,2012-04-09,,사용중,DMC래미안클라시스 제4주차장 지하1~3층,공공용시설,지하,4000.0,4000,37.0,34.0,45.65,126.0,55.0,0.53,37.5793459851948,126.916812532066,948506.3811923392,1953489.060291055,I,2026-02-06 22:28:42,2026-02-05 11:20:32
3120000,3120000-S200800006,서울특별시 서대문구 홍제동 453번지 1호,"서울특별시 서대문구 통일로 344 (홍제동, 무악청구아파트)",3635.0,2008-12-02,,사용중,무악청구2차아파트 지하주차장 지하1~2층,공공용시설,지하,2000.0,2000,37.0,34.0,52.58,126.0,57.0,5.18,37.581272816872,126.951439684007,951565.1229837146,1953684.4170576325,I,2026-02-28 22:28:44,2026-02-27 15:35:59
3120000,3120000-S202300005,서울특별시 서대문구 홍제동 453 무악청구아파트,"서울특별시 서대문구 통일로 348 (홍제동, 무악청구아파트)",3635.0,2008-12-02,,사용중,무악청구1차아파트 제6주차장 지하1~2층,공공용시설,지하,861.0,861,37.0,34.0,53.61,126.0,57.0,4.05,37.5815577272217,126.951124729746,951537.4987096786,1953716.1890092688,I,2026-02-10 22:28:39,2026-02-09 16:19:18
3120000,3120000-S201300007,서울특별시 서대문구 냉천동 261번지,"서울특별시 서대문구 독립문로14길 33 (냉천동, 돈의문센트레빌)",3746.0,2013-05-03,,사용중,천연동 돈의문센트레빌 4주차장 지하1~3층,공공용시설,지하,2500.0,2500,37.0,33.0,59.5,126.0,57.0,44.26,37.5665274260151,126.962294551457,952514.193631971,1952042.9440185176,I,2026-02-06 22:28:42,2026-02-05 10:10:20
3120000,3120000-S200000006,서울특별시 서대문구 북가좌동 371번지 1호,"서울특별시 서대문구 수색로 154 (북가좌동, 월드컵현대아파트)",3714.0,2000-06-29,,사용중,월드컵현대아파트 지하주차장 1~2층,공공용시설,지하,3200.0,3200,37.0,34.0,33.67,126.0,54.0,15.96,37.576019084552,126.904433381048,947410.9911740934,1953126.8124591825,I,2026-02-10 22:28:39,2026-02-09 17:45:15
3120000,3120000-S201600004,서울특별시 서대문구 남가좌동 384 DMC파크뷰자이,"서울특별시 서대문구 가재울미래로 2 (남가좌동, DMC파크뷰자이)",3709.0,2016-02-01,,사용중,DMC파크뷰자이아파트2단지 지하주차장 지하1~3층,공공용시설,지하,7000.0,7000,37.0,34.0,14.35,126.0,55.0,4.15,37.5706540331955,126.917818568338,948589.2364503144,1952524.176046675,I,2026-02-11 22:28:40,2026-02-10 10:43:59
3120000,3120000-S201900004,서울특별시 서대문구 연희동 519번지 127호,"서울특별시 서대문구 홍제천로2길 111 (연희동, 연희1동 노인여가복지시설)",3700.0,2019-12-26,2023-06-13,사용중지,연희노인복지관 지하1층,공공용시설,지하,208.0,208,37.0,34.0,20.03,126.0,55.0,24.7,37.572167833289726,126.92360404544208,949101.169989,1952688.975565,I,2025-12-15 16:14:09,2023-06-29 11:15:11
3120000,3120000-S201900003,서울특별시 서대문구 홍제동 156번지,"서울특별시 서대문구 통일로 395 (홍제동, 홍제센트럴아이파크)",3730.0,2019-12-26,,사용중,홍제센트럴아이파크아파트 지하주차장 지하1층,공공용시설,지하,41156.0,41156,37.0,35.0,5.5,126.0,56.0,52.89,37.5848611010976,126.948026165676,951266.0647993208,1954084.2866210109,I,2026-01-29 22:28:41,2026-01-28 18:00:50
3120000,3120000-S202300011,서울특별시 서대문구 홍제동 459 홍제원현대아파트,"서울특별시 서대문구 통일로34길 43 (홍제동, 홍제원현대아파트)",3631.0,2008-12-02,,사용중,홍제원현대아파트 제6주차장 지하1~2층,공공용시설,지하,4823.76,4823,37.0,35.0,10.78,126.0,57.0,0.56,37.5863287139465,126.9501560487288,951455.067418,1954246.008902,I,2026-02-07 22:28:44,2026-02-06 19:34:12
3120000,3120000-S199200008,서울특별시 서대문구 현저동 201번지,"서울특별시 서대문구 독립문공원길 95 (현저동, 독립문극동아파트)",3733.0,1999-01-02,,사용중,독립문극동임대아파트 전체 동의 지하주차장 지하1~2층,공공용시설,지하,2000.0,2000,37.0,34.0,22.63,126.0,57.0,16.15,37.5729540244655,126.954484919451,951828.643844719,1952759.9196167896,I,2026-02-06 22:28:42,2026-02-05 10:07:35
3120000,3120000-S195000009,서울특별시 서대문구 북아현동 1009번지,"서울특별시 서대문구 이화여대8길 62 (북아현동, 두산아파트)",3769.0,1993-03-11,,사용중,북아현두산아파트 지하1층,공공용시설,지하,5500.0,5500,37.0,33.0,32.61,126.0,56.0,57.14,37.5590585683332,126.949205652749,951353.4222493782,1951221.0049551476,I,2026-02-02 22:28:37,2026-02-01 20:55:17
3120000,3120000-S199300012,서울특별시 서대문구 연희동 700번지,"서울특별시 서대문구 연희로32길 20 (연희동, 대림아파트)",3719.0,1993-09-03,,사용중,연희대림아파트 전체동 지하1층,공공용시설,지하,608.0,608,37.0,34.0,33.38,126.0,56.0,10.66,37.5759388435443,126.93629443753,950224.3186978898,1953100.5531375231,U,2026-04-09 03:03:03,2026-04-08 09:40:23
3120000,3120000-S201600016,서울특별시 서대문구 북아현동 1011 신촌푸르지오,"서울특별시 서대문구 북아현로1길 50 (북아현동, 신촌푸르지오)",3770.0,2016-08-30,,사용중,신촌푸르지오2단지 지하주차장 지하1~4층,공공용시설,지하,4500.0,4500,37.0,33.0,39.0,126.0,57.0,10.55,37.560832323603,126.952929933705,951683.5016369052,1951415.8732890524,I,2026-02-02 22:28:37,2026-02-01 20:56:03
3120000,3120000-S198200001,서울특별시 서대문구 남가좌동 50-3 명지대학교,"서울특별시 서대문구 거북골로 34, 명지대학교 (남가좌동)",3674.0,1982-02-17,,사용중,명지대학교 행정동 지하주차장 지하1~3층,공공용시설,지하,1980.0,1980,37.0,34.0,47.01,126.0,55.0,25.99,37.579724108907,126.923885744909,949131.1863779324,1953527.1579588295,I,2026-02-06 22:28:42,2026-02-05 11:17:43
3120000,3120000-S202300002,서울특별시 서대문구 홍제동 453 무악청구아파트,"서울특별시 서대문구 통일로 348 (홍제동, 무악청구아파트)",3635.0,2008-12-02,,사용중,무악청구1차아파트 제2주차장 지하1~2층,공공용시설,지하,558.05,558,37.0,34.0,53.61,126.0,57.0,4.05,37.5815577272217,126.951124729746,951537.4987096786,1953716.1890092688,I,2026-02-10 22:28:39,2026-02-09 16:18:33
3120000,3120000-S201000001,서울특별시 서대문구 북가좌동 460번지,"서울특별시 서대문구 수색로 157 (북가좌동, 이랜드해가든아파트)",3715.0,2010-12-24,,사용중,이랜드해가든아파트 지하주차장 1~2층,공공용시설,지하,2611.0,2611,37.0,34.0,33.43,126.0,54.0,12.79,37.5759531257138,126.903552568257,947333.1675169896,1953119.9880083653,I,2026-02-10 22:28:39,2026-02-09 17:56:56
3120000,3120000-S200100001,서울특별시 서대문구 홍제동 461번지,"서울특별시 서대문구 통일로 319 (홍제동, 홍제삼성래미안)",3731.0,2001-06-18,,사용중,홍제삼성래미안아파트 제1주차장 지하1층,공공용시설,지하,11000.0,11000,37.0,34.0,42.65,126.0,57.0,6.35,37.5785139560595,126.951765201744,951592.0784401444,1953378.1661904063,I,2026-01-30 22:28:42,2026-01-29 15:21:39
3120000,3120000-S201400001,서울특별시 서대문구 신촌동 134번지,"서울특별시 서대문구 연세로 50-1 (신촌동, 연세의료원)",3722.0,2014-04-23,,사용중,세브란스 암병동 지하1층~지하6층,공공용시설,지하,38539.0,38539,37.0,33.0,37.1,126.0,56.0,18.5,37.5603059304233,126.938471871991,950406.2255269404,1951365.003442931,I,2026-02-11 22:28:40,2026-02-10 16:43:42
3120000,3120000-S201300006,서울특별시 서대문구 냉천동 261번지,"서울특별시 서대문구 독립문로14길 33 (냉천동, 돈의문센트레빌)",3746.0,2013-05-03,,사용중,천연동 돈의문센트레빌 3주차장 지하1~3층,공공용시설,지하,2500.0,2500,37.0,33.0,59.5,126.0,57.0,44.26,37.5665274260151,126.962294551457,952514.193631971,1952042.9440185176,I,2026-02-06 22:28:42,2026-02-05 10:09:10
3120000,3120000-S202300007,서울특별시 서대문구 홍제동 459 홍제원현대아파트,"서울특별시 서대문구 통일로34길 43 (홍제동, 홍제원현대아파트)",3631.0,2008-12-02,,사용중,홍제원현대아파트 제2주차장 지하1층,공공용시설,지하,1611.9,1611,37.0,35.0,10.78,126.0,57.0,0.56,37.5863287139465,126.9501560487288,951455.067418,1954246.008902,I,2026-02-10 22:28:39,2026-02-09 16:19:52
3120000,3120000-S201600009,서울특별시 서대문구 남가좌동 382 DMC파크뷰자이,"서울특별시 서대문구 가재울미래로 2 (남가좌동, DMC파크뷰자이)",3709.0,2016-02-01,,사용중,DMC파크뷰자이아파트4단지 지하주차장 지하1~2층,공공용시설,지하,1500.0,1500,37.0,34.0,14.35,126.0,55.0,4.15,37.5706540331955,126.917818568338,948589.2364503144,1952524.176046675,I,2026-02-11 22:28:40,2026-02-10 10:44:25
3120000,3120000-S202300013,서울특별시 서대문구 홍제동 460 인왕산현대아파트,"서울특별시 서대문구 통일로34길 46 (홍제동, 인왕산현대아파트)",3633.0,2008-12-02,,사용중,인왕산현대아파트 제1주차장 지하1~3층,공공용시설,지하,12113.41,12113,37.0,35.0,9.98,126.0,57.0,1.25,37.58610670414496,126.95034737123758,951471.81501,1954221.279033,I,2026-02-07 22:28:44,2026-02-06 20:09:07
3120000,3120000-S201200023,서울특별시 서대문구 충정로3가 470번지,"서울특별시 서대문구 충정로 23 (충정로3가, 풍산빌딩)",3737.0,2012-10-04,,사용중,풍산빌딩 지하2층~지하7층,공공용시설,지하,16627.0,16627,37.0,33.0,40.15,126.0,57.0,46.62,37.5611530992867,126.962950411221,952568.7069868834,1951446.3575461104,I,2026-02-05 22:28:41,2026-02-04 20:56:42
3120000,3120000-S200300003,서울특별시 서대문구 홍은동 440번지 3호,"서울특별시 서대문구 통일로48가길 37 (홍은동, 홍은풍림1차아파트)",3615.0,2003-06-04,,사용중,풍림1차아파트 지하주차장 지하1층,공공용시설,지하,692.0,692,37.0,35.0,40.01,126.0,56.0,31.89,37.5944471132938,126.942190355247,950757.1313762992,1955150.8570482803,I,2026-02-02 22:28:37,2026-02-01 20:46:25
3120000,3120000-S200800005,서울특별시 서대문구 홍제동 453번지,"서울특별시 서대문구 통일로 348 (홍제동, 무악청구아파트)",3635.0,2008-12-02,2023-06-22,사용중지,무악청구1차아파트 지하주차장 지하1층,공공용시설,지하,3000.0,3000,37.0,34.0,57.47,126.0,57.0,3.48,37.58155772716325,126.95112472975028,951537.49871,1953716.189009,I,2025-12-15 16:14:09,2023-06-29 13:51:27
3120000,3120000-S195000010,서울특별시 서대문구 창천동 30번지 33호,"서울특별시 서대문구 신촌로 83 (창천동, 현대백화점신촌점)",3789.0,1998-11-05,,사용중,신촌현대백화점 지하3~5층,공공용시설,지하,15320.0,15320,37.0,33.0,21.92,126.0,56.0,8.92,37.5560896954666,126.935810927256,950168.40294012,1950898.6401258367,I,2026-02-04 22:28:39,2026-02-03 08:58:05
3120000,3120000-S199900009,서울특별시 서대문구 홍제동 457번지,"서울특별시 서대문구 홍제내길 168 (홍제동, 남양아파트)",3640.0,1999-09-30,,사용중,남양아파트 전체 동의 지하주차장 1층,공공용시설,지하,9322.0,9322,37.0,35.0,20.78,126.0,56.0,17.81,37.5891068856226,126.938280949424,950408.4666507074,1954560.438552562,I,2026-01-30 22:28:42,2026-01-29 15:23:09
3120000,3120000-S201900001,서울특별시 서대문구 북가좌동 453 DMC현대아파트,"서울특별시 서대문구 응암로 33 (북가좌동, DMC현대아파트)",3714.0,2019-12-26,,사용중,DMC현대아파트 지하주차장 1~3층,공공용시설,지하,3963.0,3963,37.0,34.0,36.59,126.0,54.0,30.39,37.5768298864257,126.90844303061,947765.616095384,1953214.5305493088,I,2026-02-10 22:28:39,2026-02-09 17:59:52
3120000,3120000-S199900022,서울특별시 서대문구 연희동 74번지 14호,"서울특별시 서대문구 연희로26가길 33 (연희동, 동도아카데미하우스)",3720.0,1999-05-19,,사용중,동도아카데미하우스2차 지하1층,공공용시설,지하,620.0,620,37.0,34.0,27.91,126.0,56.0,12.54,37.5744189145485,126.936815472719,950269.3161361634,1952931.6480229604,U,2026-04-09 03:03:03,2026-04-08 09:40:59
3120000,3120000-S199900008,서울특별시 서대문구 홍제동 463번지,"서울특별시 서대문구 문화촌길 6-24 (홍제동, 문화촌현대아파트)",3625.0,1999-05-29,,사용중,문화촌현대아파트 지하주차장 지하1층,공공용시설,지하,13000.0,13000,37.0,35.0,35.33,126.0,56.0,55.8,37.5931475094116,126.948834533704,951342.8312124253,1955003.2084535488,I,2026-02-03 22:28:38,2026-02-02 11:26:36
3120000,3120000-S200100002,서울특별시 서대문구 홍제동 461번지,"서울특별시 서대문구 통일로 319 (홍제동, 홍제삼성래미안)",3731.0,2001-06-18,,사용중,홍제삼성래미안아파트 제2주차장 지하1층,공공용시설,지하,2574.0,2574,37.0,34.0,42.65,126.0,57.0,6.35,37.5785139560595,126.951765201744,951592.0784401444,1953378.1661904063,I,2026-01-29 22:28:41,2026-01-28 17:59:16
3120000,3120000-S201200002,서울특별시 서대문구 남가좌동 377 DMC래미안클라시스,"서울특별시 서대문구 증가로 191 (남가좌동, DMC래미안클라시스)",3686.0,2012-04-09,,사용중,DMC래미안클라시스 제2주차장 지하1~4층,공공용시설,지하,4000.0,4000,37.0,34.0,45.65,126.0,55.0,0.53,37.5793459851948,126.916812532066,948506.3811923392,1953489.060291055,I,2026-02-06 22:28:42,2026-02-05 11:18:56
3120000,3120000-S201300004,서울특별시 서대문구 냉천동 261번지,"서울특별시 서대문구 독립문로14길 33 (냉천동, 돈의문센트레빌)",3746.0,2013-05-03,,사용중,천연동 돈의문센트레빌 1주차장 지하1~2층,공공용시설,지하,2500.0,2500,37.0,33.0,59.5,126.0,57.0,44.26,37.5665274260151,126.962294551457,952514.193631971,1952042.9440185176,I,2026-02-06 22:28:42,2026-02-05 10:08:28
3120000,3120000-S200100007,서울특별시 서대문구 미근동 165번지,"서울특별시 서대문구 통일로 113 (미근동, 서대문경찰서)",3738.0,2001-03-02,2023-07-31,사용중지,서대문경찰서 지하1층,공공용시설,지하,323.0,323,37.0,33.0,53.2,126.0,58.0,0.5,37.56501756505112,126.96714383990458,952941.497053,1951872.992952,I,2025-12-15 16:14:09,2023-08-07 14:47:35
3120000,3120000-S199100001,서울특별시 서대문구 북가좌동 449번지,"서울특별시 서대문구 거북골로 154 (북가좌동, 북가좌삼호아파트)",3690.0,1991-09-23,,사용중,북가좌삼호아파트 전동 지하주차장 지하1층,공공용시설,지하,3795.0,3795,37.0,34.0,32.71,126.0,54.0,45.91,37.575752760622,126.912753210091,948145.4607564386,1953092.64055577,I,2026-02-25 22:28:40,2026-02-24 17:06:46
3120000,3120000-S199900011,서울특별시 서대문구 대현동 144번지,"서울특별시 서대문구 이화여대길 50-12 (대현동, 럭키대현아파트)",3764.0,1999-04-01,,사용중,럭키대현아파트 지하1층,공공용시설,지하,3018.0,3018,37.0,33.0,33.02,126.0,56.0,47.37,37.5591728782112,126.946492909896,951113.9034834664,1951235.0945919831,I,2026-02-11 22:28:40,2026-02-10 16:42:51
3120000,3120000-S200800008,서울특별시 서대문구 홍제동 460번지,"서울특별시 서대문구 통일로34길 46 (홍제동, 인왕산현대아파트)",3633.0,2008-12-02,2023-06-22,사용중지,인왕산현대아파트 지하주차장 지하1층,공공용시설,지하,3500.0,3500,37.0,35.0,9.18,126.0,57.0,0.37,37.58610670414496,126.95034737123758,951471.81501,1954221.279033,I,2025-12-15 16:14:09,2023-06-29 13:58:34
3120000,3120000-S199300008,서울특별시 서대문구 홍제동 82번지,"서울특별시 서대문구 통일로25길 30 (홍제동, 홍제한양아파트)",3730.0,1993-06-18,,사용중,홍제한양아파트 제7주차장 지하1층,공공용시설,지하,630.0,630,37.0,34.0,58.32,126.0,56.0,54.67,37.5828677825056,126.948520028604,951308.3701341297,1953862.8806846645,I,2026-01-29 22:28:41,2026-01-28 17:55:13
3120000,3120000-S201600012,서울특별시 서대문구 냉천동 260 동부센트레빌아파트,"서울특별시 서대문구 독립문로14길 74 (냉천동, 동부센트레빌아파트)",3745.0,2016-02-01,,사용중,천연동 동부센트레빌 전체 동의 지하주차장 지하1~2층,공공용시설,지하,1500.0,1500,37.0,33.0,59.17,126.0,57.0,37.62,37.5664367055045,126.960449770221,952351.218404696,1952033.8128081264,I,2026-02-06 22:28:42,2026-02-05 10:11:07
3120000,3120000-S201600001,서울특별시 서대문구 남가좌동 385번지,"서울특별시 서대문구 가재울미래로 2 (남가좌동, DMC파크뷰자이)",3711.0,2016-02-01,,사용중,DMC파크뷰자이아파트1단지 지하주차장 지하1~3층,공공용시설,지하,17000.0,17000,37.0,34.0,14.35,126.0,55.0,4.15,37.5706540331955,126.917818568338,948589.2364503144,1952524.176046675,I,2026-02-11 22:28:40,2026-02-10 10:43:41
3120000,3120000-S201000003,서울특별시 서대문구 북가좌동 455번지,"서울특별시 서대문구 수색로 147-1 (북가좌동, 북가좌신일해피트리아파트)",3715.0,2010-12-24,,사용중,신일해피트리아파트 지하주차장 1~2층,공공용시설,지하,2000.0,2000,37.0,34.0,31.05,126.0,54.0,15.81,37.5752915387503,126.904390521464,947406.694899468,1953046.1184311744,I,2026-02-10 22:28:39,2026-02-09 17:57:13
3120000,3120000-S200700002,서울특별시 서대문구 북가좌동 324번지 4호,"서울특별시 서대문구 응암로1길 16 (북가좌동, 대한예수교장로회충신교회)",3678.0,2007-11-01,2023-06-13,사용중지,충신교회 지하1층,공공용시설,지하,2449.0,2449,37.0,34.0,54.74,126.0,54.0,38.68,37.58177436375416,126.91052332068678,947952.749119,1953761.944268,I,2025-12-15 16:14:09,2023-06-29 11:13:42
3120000,3120000-S201600007,서울특별시 서대문구 남가좌동 386 DMC파크뷰자이,"서울특별시 서대문구 가재울미래로 2 (남가좌동, DMC파크뷰자이)",3709.0,2016-02-01,,사용중,DMC파크뷰자이아파트3단지 지하주차장 지하1~2층,공공용시설,지하,2000.0,2000,37.0,34.0,14.35,126.0,55.0,4.15,37.5706540331955,126.917818568338,948589.2364503144,1952524.176046675,I,2026-02-11 22:28:40,2026-02-10 10:44:14
3120000,3120000-S201300013,서울특별시 서대문구 연희동 740번지,"서울특별시 서대문구 연희로32길 48 (연희동, 연희동성원아파트)",3719.0,2013-10-07,,사용중,연희성원아파트 제1주차장 지하1~3층,공공용시설,지하,8431.0,8431,37.0,34.0,34.73,126.0,56.0,16.03,37.5763146636817,126.937787435066,950356.4022540144,1953141.458738576,I,2025-12-15 16:14:09,2025-06-24 19:59:28
3120000,3120000-S202100001,서울특별시 서대문구 홍은동 467 북한산 두산위브,"서울특별시 서대문구 홍은중앙로3길 9 (홍은동, 북한산 두산위브)",3610.0,2021-01-12,,사용중,북한산두산위브1차 지하주차장 지하1~3층,공공용시설,지하,21778.48,21778,37.0,35.0,52.42,126.0,56.0,45.78,37.5978953591346,126.946049726139,951100.0921292934,1955531.408777345,I,2026-02-02 22:28:37,2026-02-01 20:52:21
3120000,3120000-S195000027,서울특별시 서대문구 남가좌동 380 DMC쌍용스윗닷홈,"서울특별시 서대문구 거북골로 91-6 (남가좌동, DMC쌍용스윗닷홈)",3710.0,2005-10-28,,사용중,DMC쌍용스윗닷홈아파트 지하주차장 지하1층,공공용시설,지하,1092.0,1092,37.0,34.0,32.62,126.0,55.0,9.52,37.5757266135936,126.919309940962,948724.4145559336,1953086.1410588005,I,2026-02-06 22:28:42,2026-02-05 11:25:38
3120000,3120000-S202300008,서울특별시 서대문구 홍제동 459 홍제원현대아파트,"서울특별시 서대문구 통일로34길 43 (홍제동, 홍제원현대아파트)",3631.0,2008-12-02,,사용중,홍제원현대아파트 제3주차장 지하1~2층,공공용시설,지하,3361.5,3361,37.0,35.0,10.78,126.0,57.0,0.56,37.5863287139465,126.9501560487288,951455.067418,1954246.008902,I,2026-02-10 22:28:39,2026-02-09 16:20:09
3120000,3120000-S199400002,서울특별시 서대문구 홍제동 455번지,"서울특별시 서대문구 세무서2길 64 (홍제동, 현대그린아파트)",3626.0,1994-04-01,,사용중,홍제현대그린아파트 지하주차장 지하1층,공공용시설,지하,1650.0,1650,37.0,35.0,20.49,126.0,56.0,56.6,37.5890260313788,126.949054367438,951359.5560945696,1954545.8343869336,I,2026-02-03 22:28:38,2026-02-02 11:25:25
3120000,3120000-S201400026,서울특별시 서대문구 북가좌동 481 DMC 래미안 e편한세상,"서울특별시 서대문구 수색로 100 (북가좌동, DMC 래미안 e편한세상)",3709.0,2014-08-07,,사용중,DMC래미안e편한세상아파트 3단지 지하주차장 1~2층,공공용시설,지하,4000.0,4000,37.0,34.0,21.21,126.0,54.0,31.33,37.5725594960077,126.908704007779,947785.6788797386,1952740.6045476687,I,2026-02-10 22:28:39,2026-02-09 17:58:41
3120000,3120000-S199200009,서울특별시 서대문구 현저동 200 독립문극동아파트,"서울특별시 서대문구 독립문공원길 13, 독립문극동아파트 (현저동)",3733.0,1999-01-02,,사용중,독립문극동아파트 상가 지하1층,공공용시설,지하,1452.0,1452,37.0,34.0,18.98,126.0,57.0,30.02,37.5719397361225,126.958337712598,952168.2161738168,1952645.4208126403,I,2026-02-06 22:28:42,2026-02-05 10:08:06
3120000,3120000-S199700002,서울특별시 서대문구 홍은동 456번지,"서울특별시 서대문구 모래내로 309 (홍은동, 두산아파트)",3657.0,1997-10-03,,사용중,홍은두산아파트 전동 지하1층주차장,공공용시설,지하,6527.0,6527,37.0,34.0,43.96,126.0,55.0,52.28,37.5788764644503,126.931187576535,949775.347930945,1953429.1868526556,I,2026-01-30 22:28:42,2026-01-29 15:21:06
3120000,3120000-S199800002,서울특별시 서대문구 남가좌동 376 남가좌동현대아파트,"서울특별시 서대문구 가재울로 45 (남가좌동, 남가좌동현대아파트)",3710.0,1998-05-27,,사용중,남가좌동현대아파트 A지하주차장 지하1~3층,공공용시설,지하,3500.0,3500,37.0,34.0,29.54,126.0,55.0,16.46,37.5748709999347,126.92123841588,948894.1178136626,1952990.163816671,I,2026-02-06 22:28:42,2026-02-05 11:19:36
3120000,3120000-S201600013,서울특별시 서대문구 홍제동 462번지,"서울특별시 서대문구 통일로 332 (홍제동, 홍제청구3차아파트)",3634.0,2016-02-01,,사용중,홍제청구3차아파트 지하주차장 지하1~5층,공공용시설,지하,2000.0,2000,37.0,34.0,49.85,126.0,57.0,7.72,37.5805128158537,126.952144315817,951626.8468824537,1953599.7353165045,I,2026-02-10 22:28:39,2026-02-09 16:18:09
3120000,3120000-S200800004,서울특별시 서대문구 홍제동 26번지 1호,"서울특별시 서대문구 통일로 지하 361 (홍제동, 무악재역)",3730.0,2008-12-02,,사용중,지하철3호선 무악재역 지하1~3층,공공용시설,지하,25021.0,25021,37.0,34.0,56.6,126.0,57.0,1.16,37.5823881713791,126.950323302631,951467.2758905336,1953808.7368020336,I,2026-02-28 22:28:44,2026-02-27 15:35:39
3120000,3120000-S201200018,서울특별시 서대문구 홍은동 356번지 1호,"서울특별시 서대문구 가좌로 134 (홍은동, 명지전문대학)",3656.0,2012-07-12,,사용중,명지전문대학 지하1층 주차장,공공용시설,지하,7264.18,7264,37.0,35.0,3.05,126.0,55.0,28.17,37.5841804304259,126.924491630658,949187.71328,1954021.2394708,I,2026-01-30 22:28:42,2026-01-29 15:24:23
3120000,3120000-S201900005,서울특별시 서대문구 홍은동 464번지,"서울특별시 서대문구 통일로 510 (홍은동, 북한산더샵)",3615.0,2019-12-26,,사용중,북한산더샵아파트 지하주차장 지하1~3층,공공용시설,지하,32723.0,32723,37.0,35.0,37.16,126.0,56.0,28.74,37.5936560649713,126.941315806634,950679.4043912068,1955063.552502612,I,2026-02-10 22:28:39,2026-02-09 16:44:11
3120000,3120000-S201300014,서울특별시 서대문구 연희동 740번지,"서울특별시 서대문구 연희로32길 48 (연희동, 연희동성원아파트)",3719.0,2013-10-07,,사용중,연희성원아파트 제2주차장 지하1~3층,공공용시설,지하,18387.0,18387,37.0,34.0,34.73,126.0,56.0,16.03,37.5763146636817,126.937787435066,950356.4022540144,1953141.458738576,U,2026-04-09 03:03:03,2026-04-08 09:42:16
3120000,3120000-S200800002,서울특별시 서대문구 연희동 168번지 6호,"서울특별시 서대문구 연희로 248 (연희동, 서대문구청)",3718.0,2008-01-02,,사용중,서대문구청 지하1층,공공용시설,지하,1422.0,1422,37.0,34.0,45.15,126.0,56.0,10.62,37.5792073432983,126.936284693222,950225.6340740896,1953463.1836164324,I,2025-12-15 16:14:09,2025-06-24 19:55:45
3120000,3120000-S201200022,서울특별시 서대문구 신촌동 134번지,"서울특별시 서대문구 연세로 50-1 (신촌동, 연세의료원)",3722.0,2012-09-17,,사용중,세브란스병원 지하1층~지하3층,공공용시설,지하,46714.0,46714,37.0,33.0,37.1,126.0,56.0,18.5,37.5603059304233,126.938471871991,950406.2255269404,1951365.003442931,I,2026-02-11 22:28:40,2026-02-10 16:43:24
3120000,3120000-S200900004,서울특별시 서대문구 홍은동 273-10 홍은2동주민센터,"서울특별시 서대문구 모래내로 334, 홍은2동주민센터 (홍은동)",3658.0,2009-03-09,,사용중,홍은2동 주민센터 지하1층 주차장,공공용시설,지하,132.0,132,37.0,34.0,48.39,126.0,56.0,2.95,37.5801095648184,126.934151789453,950037.9064086332,1953564.4132678667,I,2026-01-30 22:28:42,2026-01-29 15:26:05
3120000,3120000-S200100023,서울특별시 서대문구 홍은동 454번지,"서울특별시 서대문구 포방터10길 33 (홍은동, 극동아파트)",3601.0,2001-01-01,,사용중,홍은극동아파트 전동 지하주차장 지하1~4층,공공용시설,지하,3240.29,3240,37.0,36.0,7.96,126.0,57.0,4.31,37.6022119095561,126.951197744554,951557.33547621,1956007.6438052903,I,2026-02-02 22:28:37,2026-02-01 20:44:48
3120000,3120000-S200100018,서울특별시 서대문구 충정로3가 368번지,"서울특별시 서대문구 충정로 8 (충정로3가, 종근당빌딩)",3742.0,2001-03-02,,사용중,종근당빌딩 지하2층,공공용시설,지하,2485.0,2485,37.0,33.0,34.83,126.0,57.0,47.52,37.5596743576265,126.963198969327,952589.7223605769,1951282.1730778904,I,2026-02-05 22:28:41,2026-02-04 20:56:13
3120000,3120000-S201400031,서울특별시 서대문구 북가좌동 481 DMC 래미안 e편한세상,"서울특별시 서대문구 수색로 100 (북가좌동, DMC 래미안 e편한세상)",3709.0,2014-08-07,,사용중,DMC래미안e편한세상아파트 5단지 지하주차장 1~3층,공공용시설,지하,1200.0,1200,37.0,34.0,21.21,126.0,54.0,31.33,37.5725594960077,126.908704007779,947785.6788797386,1952740.6045476687,I,2026-02-10 22:28:39,2026-02-09 17:59:15
3120000,3120000-S201200017,서울특별시 서대문구 대현동 11번지 1호,"서울특별시 서대문구 이화여대길 52 (대현동, 이화여자대학교)",3760.0,2012-06-08,,사용중,이화여자대학교 지하주차장(이화캠퍼스복합단지 지하5~6층,공공용시설,지하,22525.0,22525,37.0,33.0,33.43,126.0,56.0,44.45,37.5592857652922,126.945680794311,951042.250205162,1951248.041575601,I,2026-02-11 22:28:40,2026-02-10 16:43:06
3120000,3120000-S201600014,서울특별시 서대문구 홍은동 463번지,"서울특별시 서대문구 홍은중앙로1길 65 (홍은동, 동원베네스트아파트)",3613.0,2016-02-01,,사용중,동원베네스트아파트 전동 지하1~2층,공공용시설,지하,8049.84,8049,37.0,35.0,53.85,126.0,56.0,40.77,37.5982904133816,126.944658341573,950977.5259961612,1955575.9638503008,I,2026-02-10 22:28:39,2026-02-09 16:43:33
3120000,3120000-S199300004,서울특별시 서대문구 홍제동 82번지,"서울특별시 서대문구 통일로25길 30 (홍제동, 홍제한양아파트)",3730.0,1993-06-18,,사용중,홍제한양아파트 제3주차장 지하1층,공공용시설,지하,993.0,993,37.0,34.0,58.32,126.0,56.0,54.67,37.5828677825056,126.948520028604,951308.3701341297,1953862.8806846645,I,2026-01-29 22:28:41,2026-01-28 17:50:39
3120000,3120000-S202300012,서울특별시 서대문구 홍제동 459 홍제원현대아파트,"서울특별시 서대문구 통일로34길 43 (홍제동, 홍제원현대아파트)",3631.0,2008-12-02,,사용중,홍제원현대아파트 제7주차장 지하1~2층,공공용시설,지하,4445.28,4445,37.0,35.0,10.78,126.0,57.0,0.56,37.5863287139465,126.9501560487288,951455.067418,1954246.008902,I,2026-02-07 22:28:44,2026-02-06 19:35:42
3120000,3120000-S199200007,서울특별시 서대문구 현저동 200번지,"서울특별시 서대문구 독립문공원길 13 (현저동, 독립문극동아파트)",3733.0,1992-01-01,,사용중,독립문극동아파트 전체 동의 지하주차장 1~3층,공공용시설,지하,3000.0,3000,37.0,34.0,18.98,126.0,57.0,30.02,37.5719397361225,126.958337712598,952168.2161738168,1952645.4208126403,I,2026-02-06 22:28:42,2026-02-05 10:07:11
3120000,3120000-S201300015,서울특별시 서대문구 연희동 742번지,서울특별시 서대문구 연희로28길 35-28 (연희동),3719.0,2013-10-07,,사용중,연희성원상떼빌팰리스빌 201동 지하1층,공공용시설,지하,804.0,804,37.0,34.0,32.85,126.0,56.0,18.23,37.5757918595988,126.938396240622,950409.8137670328,1953083.1344869384,U,2026-04-09 03:03:03,2026-04-08 09:42:56
3120000,3120000-S199000007,서울특별시 서대문구 홍은동 201-1 스위스그랜드호텔,"서울특별시 서대문구 연희로 353, 스위스그랜드호텔 (홍은동)",3650.0,1990-08-15,,사용중,스위스그랜드호텔 지하2층 주차장,공공용시설,지하,2398.65,2398,37.0,35.0,18.48,126.0,56.0,8.79,37.5884666461076,126.935774951214,950186.7953125372,1954490.7328305729,I,2026-01-30 22:28:42,2026-01-29 15:19:43
3120000,3120000-S201200001,서울특별시 서대문구 연희동 738번지,"서울특별시 서대문구 동교로 291 (연희동, 연희동임광아파트)",3716.0,2012-04-06,,사용중,"임광아파트101동,102동 지하주차장 지하1~3층",공공용시설,지하,10596.0,10596,37.0,33.0,54.41,126.0,55.0,38.6,37.5651133975752,126.927390195021,949430.7408262356,1951904.274335158,U,2026-04-09 03:03:03,2026-04-08 09:41:49
3120000,3120000-S202500002,서울특별시 서대문구 홍제동 471 홍제금호어울림,"서울특별시 서대문구 모래내로 411 (홍제동, 홍제금호어울림)",3644.0,2025-09-09,,사용중,홍제금호어울림아파트 지하주차장,공공용시설,지하,12969.0,12969,37.0,35.0,2.72,126.0,56.0,27.55,37.5840890960097,126.940985789216,950643.9530723196,1954002.3119825032,I,2026-02-06 22:28:42,2026-02-05 15:32:48
3120000,3120000-S200300005,서울특별시 서대문구 홍은동 455번지,"서울특별시 서대문구 세검정로1길 95 (홍은동, 홍은벽산아파트)",3612.0,2003-06-04,,사용중,벽산아파트 전동 지하주차장 지하1~3층,공공용시설,지하,10174.11,10174,37.0,35.0,40.74,126.0,56.0,44.81,37.5946510442076,126.945780863038,951074.2338369158,1955171.605716426,I,2026-02-02 22:28:37,2026-02-01 20:48:19
3120000,3120000-S199300007,서울특별시 서대문구 홍제동 82번지,"서울특별시 서대문구 통일로25길 30 (홍제동, 홍제한양아파트)",3730.0,1993-06-18,,사용중,홍제한양아파트 제6주차장 지하1층,공공용시설,지하,967.0,967,37.0,34.0,58.32,126.0,56.0,54.67,37.5828677825056,126.948520028604,951308.3701341297,1953862.8806846645,I,2026-01-29 22:28:41,2026-01-28 17:54:23
3120000,3120000-S200900001,서울특별시 서대문구 북아현동 215 북성초등학교,"서울특별시 서대문구 북아현로1나길 22, 북성초등학교 (북아현동)",3769.0,2009-03-02,,사용중,북성교육문화관 지하주차장 지하1층,공공용시설,지하,3000.0,3000,37.0,33.0,32.27,126.0,57.0,5.16,37.5589642094371,126.951433000061,951550.0837293436,1951209.385803813,I,2026-02-02 22:28:37,2026-02-01 20:55:33
3120000,3120000-S199300005,서울특별시 서대문구 홍제동 82번지,"서울특별시 서대문구 통일로25길 30 (홍제동, 홍제한양아파트)",3730.0,1993-06-18,,사용중,홍제한양아파트 제4주차장 지하1층,공공용시설,지하,660.0,660,37.0,34.0,58.32,126.0,56.0,54.67,37.5828677825056,126.948520028604,951308.3701341297,1953862.8806846645,I,2026-01-29 22:28:41,2026-01-28 17:52:35
3120000,3120000-S199300003,서울특별시 서대문구 홍제동 82번지,"서울특별시 서대문구 통일로25길 30 (홍제동, 홍제한양아파트)",3730.0,1993-06-18,,사용중,홍제한양아파트 제2주차장 지하1층,공공용시설,지하,995.0,995,37.0,34.0,58.32,126.0,56.0,54.67,37.5828677825056,126.948520028604,951308.3701341297,1953862.8806846645,I,2026-01-29 22:28:41,2026-01-28 17:49:49
3120000,3120000-S199500001,서울특별시 서대문구 연희동 87번지 9호,서울특별시 서대문구 연희로 142 (연희동),3723.0,1995-05-31,,사용중,대림통상 지하1층~지하3층,공공용시설,지하,1790.0,1790,37.0,34.0,11.77,126.0,56.0,1.35,37.569935756301,126.933708550564,949991.9667098132,1952435.9112418264,U,2026-04-09 03:03:03,2026-04-08 09:40:37
3120000,3120000-S195000026,서울특별시 서대문구 홍은동 459번지,"서울특별시 서대문구 모래내로 319 (홍은동, 진흥아파트)",3657.0,1990-01-01,,사용중,진흥아파트 전동 지하1층 주차장,공공용시설,지하,2708.69,2708,37.0,34.0,46.24,126.0,55.0,57.81,37.5795112014053,126.932725915896,949911.605653563,1953498.7867871488,I,2026-01-30 22:28:42,2026-01-29 15:17:40
3120000,3120000-S200000005,서울특별시 서대문구 남가좌동 377 DMC래미안클라시스,"서울특별시 서대문구 증가로 191 (남가좌동, DMC래미안클라시스)",3686.0,2000-08-30,,사용중,DMC래미안클라시스 제1주차장 지하1~3층,공공용시설,지하,4000.0,4000,37.0,34.0,45.65,126.0,55.0,0.53,37.5793459851948,126.916812532066,948506.3811923392,1953489.060291055,I,2026-02-06 22:28:42,2026-02-05 11:19:14
3120000,3120000-S201300016,서울특별시 서대문구 연희동 742번지,서울특별시 서대문구 연희로28길 35-28 (연희동),3719.0,2013-10-07,,사용중,"연희성원상떼빌팰리스빌 202,203동 지하1~2층",공공용시설,지하,5658.0,5658,37.0,34.0,32.85,126.0,56.0,18.23,37.5757918595988,126.938396240622,950409.8137670328,1953083.1344869384,U,2026-04-09 03:03:03,2026-04-08 09:42:35
3120000,3120000-S200100021,서울특별시 서대문구 홍은동 457번지,"서울특별시 서대문구 홍은중앙로 81 (홍은동, 동일아파트)",3604.0,2001-01-01,,사용중,홍은동일아파트 지하주차장 지하1층,공공용시설,지하,1045.0,1045,37.0,35.0,54.37,126.0,56.0,47.96,37.5984364780482,126.946655076944,951153.8836008266,1955591.12860869,I,2026-02-02 22:28:37,2026-02-01 20:41:05
3120000,3120000-S201200003,서울특별시 서대문구 남가좌동 377 DMC래미안클라시스,"서울특별시 서대문구 증가로 191 (남가좌동, DMC래미안클라시스)",3686.0,2012-04-09,,사용중,DMC래미안클라시스 제3주차장 지하1~3층,공공용시설,지하,4000.0,4000,37.0,34.0,45.65,126.0,55.0,0.53,37.5793459851948,126.916812532066,948506.3811923392,1953489.060291055,I,2026-02-06 22:28:42,2026-02-05 11:20:10
3130000,3130000-S201000060,서울특별시 마포구 중동 398번지,"서울특별시 마포구 월드컵북로38길 54 (중동, 월드컵참누리아파트)",3942.0,2010-12-31,,사용중,월드컵참누리아파트(지하1층주차장),공공용시설,지하,19487.0,19487,37.0,34.0,19.37,126.0,54.0,19.23,37.57204705983633,126.9053402056734,947488.276178,1952685.626662,I,2026-05-03 22:30:23,2026-02-27 11:37:49
3130000,3130000-S200100003,서울특별시 마포구 성산동 593번지 8호,"서울특별시 마포구 모래내로 17 (성산동, 한성자동차제2서비스공장)",3938.0,2001-12-30,,사용중,한성자동차 성산서비스센터(지하1층),공공용시설,지하,1524.0,1524,37.0,33.0,51.77,126.0,54.0,18.17,37.56438014232909,126.90504587544407,947456.899448,1951835.181377,I,2026-05-03 22:30:22,2026-03-03 15:07:55
3130000,3130000-S201000071,서울특별시 마포구 중동 40-12 성산2차현대아파트,"서울특별시 마포구 성암로7길 3 (중동, 성산2차현대아파트)",3944.0,2010-12-31,,사용중,성산현대2차아파트(지하1층주차장),공공용시설,지하,12728.0,12728,37.0,34.0,15.6,126.0,54.0,28.85,37.571000585903,126.908014132077,947723.6692696236,1952568.03403887,I,2026-05-03 22:30:23,2026-02-27 11:35:13
3130000,3130000-S201000006,서울특별시 마포구 연남동 573번지,"서울특별시 마포구 연남로 30 (연남동, 코오롱하늘채아파트)",3989.0,2010-12-02,,사용중,코오롱하늘채아파트104-106동(지하1~2층주차장),공공용시설,지하,9776.0,9776,37.0,33.0,43.28,126.0,55.0,20.68,37.56230131704094,126.92205986646962,948958.077348,1951595.168868,I,2026-05-03 22:30:23,2026-03-04 09:31:59
3130000,3130000-S201000066,서울특별시 마포구 염리동 522 세양청마루아파트,"서울특별시 마포구 독막로42길 5(염리동, 세양청마루아파트)",4155.0,2010-09-09,,사용중,염리세양청마루아파트(지하1층 주차장),공공용시설,지하,1786.92,1786,37.0,32.0,35.02,126.0,56.0,47.44,37.5431993796106,126.94630575649782,951086.935757,1949463.012932,I,2026-05-03 22:30:23,2026-02-06 11:03:04
3130000,3130000-S200500061,서울특별시 마포구 신수동 145번지 17호,서울특별시 마포구 독막로 지하 165 (신수동),,2005-06-30,2023-06-15,사용중지,광흥창역,공공용시설,지하,8945.0,8945,37.0,32.0,51.01,126.0,55.0,52.69,37.54755175444044,126.93181181946888,949809.456236,1949953.52562,I,2026-05-03 22:30:22,2023-06-15 20:38:21
3130000,3130000-S200500028,서울특별시 마포구 서교동 341번지 1호,"서울특별시 마포구 홍익로2길 16 (서교동, 마포평생학습관)",4054.0,2005-06-30,2023-06-15,사용중지,마포평생학습관(1층주차장),공공용시설,지하,379.71,379,37.0,33.0,15.69,126.0,55.0,26.89,37.55426335457688,126.9238744449817,949112.870625,1950702.411593,I,2026-05-03 22:30:22,2023-06-15 20:40:27
3130000,3130000-S198400002,서울특별시 마포구 염리동 168번지 9호,"서울특별시 마포구 독막로 311 (염리동, 재화스퀘어)",4156.0,1984-09-11,,사용중,재화스퀘어 (지하1~지하3층 주차장),공공용시설,지하,6033.0,6033,37.0,32.0,38.02,126.0,56.0,50.69,37.5438955013362,126.94741363382292,951185.259759,1949539.668249,I,2026-05-03 22:30:23,2026-03-04 09:41:38
3130000,3130000-S201000031,서울특별시 마포구 상암동 1736번지,"서울특별시 마포구 월드컵북로 502-36 (상암동, 상암월드컵파크10단지)",3918.0,2010-10-15,,사용중,월드컵아파트 10단지(지하1층주차장),공공용시설,지하,15603.0,15603,37.0,35.0,10.81,126.0,52.0,55.33,37.58692589077198,126.8824879605422,945481.128159,1954349.387432,I,2026-05-03 22:30:22,2026-03-10 15:40:56
3130000,3130000-S200100002,서울특별시 마포구 성산동 420번지,"서울특별시 마포구 월드컵로 지하 240 (성산동, 월드컵경기장역)",3932.0,2001-12-30,,사용중,6호선 월드컵경기장역 지하1층~3층,공공용시설,지하,5659.0,5659,37.0,34.0,11.82,126.0,53.0,56.51,37.569948857965,126.899029313499,946929.4956419332,1952456.3861631667,I,2026-05-03 22:30:22,2026-02-27 10:41:57
3130000,3130000-S201000047,서울특별시 마포구 망원동 500 한강1차대주파크빌,"서울특별시 마포구 동교로3길 67(망원동, 한강1차대주파크빌)",4005.0,2010-12-07,,사용중,한강1차대주피오레(지하1층주차장),공공용시설,지하,2276.0,2276,37.0,33.0,12.47,126.0,54.0,1.41,37.55362363654831,126.90048910332604,947046.854394,1950644.354787,I,2026-05-03 22:30:22,2026-04-14 13:45:29
3130000,3130000-S200500016,서울특별시 마포구 도화동 550번지,"서울특별시 마포구 도화길 28 (도화동, 삼성아파트)",4170.0,2005-01-03,,사용중,마포삼성아파트(지하1층주차장),공공용시설,지하,392.0,392,37.0,32.0,26.9,126.0,57.0,2.15,37.54070429252612,126.9492479761378,951345.230572,1949184.669527,I,2026-05-03 22:30:23,2026-04-08 10:53:54
3130000,3130000-S201000048,서울특별시 마포구 망원동 499 한강2차대주파크빌,"서울특별시 마포구 동교로3길 115(망원동, 한강2차대주파크빌)",4005.0,2010-12-07,,사용중,한강2차대주피오레(지하1층주차장),공공용시설,지하,3601.0,3601,37.0,33.0,17.9,126.0,53.0,53.95,37.55513250473821,126.89858837007375,946880.037313,1950812.828994,I,2026-05-03 22:30:23,2026-04-14 13:48:15
3130000,3130000-S201000053,서울특별시 마포구 성산동 601번지,"서울특별시 마포구 월드컵북로30길 9-22 (성산동, 성산월드타운대림아파트)",3945.0,2010-12-31,2023-11-21,사용중지,월드타운대림아파트(지하1층주차장),공공용시설,지하,16264.0,16264,37.0,34.0,9.29,126.0,54.0,26.99,37.56924660974122,126.907498281828,947676.888776,1952373.725403,I,2026-05-03 22:30:23,2023-11-21 12:59:51
3130000,3130000-S199700003,서울특별시 마포구 도화동 160번지,"서울특별시 마포구 마포대로 지하 33 (도화동, 마포역)",4167.0,1997-02-28,,사용중,5호선 마포역 지하1~5층,공공용시설,지하,9025.0,9025,37.0,32.0,21.35,126.0,56.0,43.38,37.53957710535074,126.94577907760804,951038.040096,1949061.414666,I,2026-05-03 22:30:22,2026-02-03 09:46:10
3130000,3130000-S201600001,서울특별시 마포구 현석동 225번지,"서울특별시 마포구 토정로18길 11 (현석동, 래미안웰스트림)",4091.0,2016-08-01,,사용중,래미안웰스트림(지하1~3층주차장),공공용시설,지하,38307.0,38307,37.0,32.0,37.1,126.0,56.0,8.99,37.54363970670671,126.93582978595168,950161.779341,1949517.366403,I,2026-05-03 22:30:22,2026-02-26 16:19:11
3130000,3130000-S201000025,서울특별시 마포구 상암동 1658번지,"서울특별시 마포구 상암산로1길 52 (상암동, 상암 월드컵파크 5단지)",3904.0,2010-10-15,,사용중,월드컵아파트 5단지(지하1층주차장),공공용시설,지하,8108.0,8108,37.0,34.0,48.57,126.0,53.0,11.17,37.58002003735587,126.88571360958616,945760.906625,1953581.344189,I,2026-05-03 22:30:22,2026-03-10 15:38:35
3130000,3130000-S200500057,서울특별시 마포구 성산동 52번지 1호,서울특별시 마포구 월드컵북로 122 (성산동),3972.0,2005-06-30,,사용중,청원빌딩(지하1~2층주차장),공공용시설,지하,604.96,604,37.0,33.0,50.93,126.0,54.0,47.83,37.56406329670531,126.91315590658624,948172.920157,1951795.525355,I,2026-05-03 22:30:22,2026-03-04 11:25:29
3130000,3130000-S200700009,서울특별시 마포구 마포동 136-1 한신빌딩,"서울특별시 마포구 마포대로 12, 한신빌딩 (마포동)",4175.0,2007-07-09,,사용중,한신오피스텔(지하2층~4층주차장),공공용시설,지하,5394.29,5394,37.0,32.0,16.32,126.0,56.0,39.82,37.5378656553305,126.944393925884,950914.5476778668,1948872.260457737,I,2026-05-03 22:30:22,2026-02-09 12:55:10
3130000,3130000-S201000063,서울특별시 마포구 용강동 380 래미안아파트,"서울특별시 마포구 큰우물로 28(용강동, 래미안아파트)",4160.0,2010-09-09,,사용중,래미안용강아파트(지하1~2층 주차장),공공용시설,지하,19465.52,19465,37.0,32.0,37.41,126.0,56.0,31.3,37.54372478605044,126.94202806881806,950709.389862,1949523.538025,I,2026-05-03 22:30:23,2026-02-06 10:50:14
3130000,3130000-S202000002,서울특별시 마포구 동교동 190-1 홍대입구역,"서울특별시 마포구 양화로 지하 188, 경의중앙선 홍대입구역장 (동교동)",4051.0,2020-02-20,,사용중,경의중앙선 홍대입구역 지하1~2층,공공용시설,지하,9669.0,9669,37.0,33.0,26.85,126.0,55.0,37.24,37.55810640118292,126.9259710140862,949300.658581,1951127.646023,I,2026-05-03 22:30:23,2026-03-04 17:11:03
3130000,3130000-S198400006,서울특별시 마포구 노고산동 31번지 11호,서울특별시 마포구 신촌로 지하 90 (노고산동),4058.0,1984-06-01,2023-11-21,사용중지,2호선 신촌전철역 지하1~2층,공공용시설,지하,7620.0,7620,37.0,33.0,19.48,126.0,56.0,9.96,37.5554353399563,126.93583143786488,950169.778808,1950826.031729,I,2026-05-03 22:30:22,2023-11-21 12:59:16
3130000,3130000-S201000036,서울특별시 마포구 망원동 496 망원1차대림아파트,"서울특별시 마포구 망원로2길 103(망원동, 망원1차대림아파트)",4017.0,2010-12-07,,사용중,망원1차대림아파트(지하1층주차장),공공용시설,지하,1539.0,1539,37.0,33.0,11.35,126.0,54.0,15.85,37.55315282863715,126.90440338451468,947392.264353,1950589.923061,I,2026-05-03 22:30:23,2026-04-14 13:47:02
3130000,3130000-S201000007,서울특별시 마포구 연남동 259번지 1호,"서울특별시 마포구 동교로39길 11 (연남동, 대명APT)",3984.0,2010-12-02,,사용중,대명아파트(지하1~2층주차장),공공용시설,지하,3599.0,3599,37.0,33.0,41.99,126.0,55.0,24.97,37.56185068426035,126.92384261433182,949115.219124,1951544.206566,I,2026-05-03 22:30:23,2026-03-04 09:31:46
3130000,3130000-S201000023,서울특별시 마포구 상암동 1630 DMC상암센트럴파크1단지,"서울특별시 마포구 월드컵북로43길 11(상암동, DMC상암센트럴파크1단지)",3914.0,2010-10-15,,사용중,DMC상암 센트럴파크 1단지(지하1층주차장),공공용시설,지하,2928.0,2928,37.0,34.0,26.5,126.0,53.0,48.99,37.57454338794176,126.8953712078658,946609.732792,1952968.201422,I,2026-05-03 22:30:23,2026-03-10 15:38:05
3130000,3130000-S201000012,서울특별시 마포구 현석동 222번지,"서울특별시 마포구 신수로 15 (현석동, 강변힐스테이트)",4092.0,2010-10-01,,사용중,강변힐스테이트(지하2층주차장),공공용시설,지하,12575.0,12575,37.0,32.0,34.77,126.0,56.0,2.59,37.54299183051316,126.934052013594,950004.298765,1949446.4317,I,2026-05-03 22:30:23,2026-02-26 16:17:04
3130000,3130000-S200500062,서울특별시 마포구 신수동 445번지 5호,"서울특별시 마포구 토정로 242 (신수동, 신수현대아파트)",4091.0,2005-06-30,,사용중,신수현대아파트(지하1층주차장),공공용시설,지하,1523.0,1523,37.0,32.0,36.55,126.0,56.0,13.67,37.54348537311871,126.93712964955364,950276.506421,1949499.555657,I,2026-05-03 22:30:23,2026-02-26 16:14:59
3130000,3130000-S201000034,서울특별시 마포구 망원동 494 삼성화원아파트,"서울특별시 마포구 망원로10길 6(망원동, 삼성화원아파트)",4011.0,2010-12-07,,사용중,삼성화원아파트(지하1층주차장),공공용시설,지하,1420.0,1420,37.0,33.0,26.92,126.0,54.0,23.92,37.55748606288718,126.9068833623277,947614.350881,1951069.289682,I,2026-05-03 22:30:22,2026-04-15 15:00:07
3130000,3130000-S201000019,서울특별시 마포구 상암동 1618 DMC상암센트럴파크2단지,"서울특별시 마포구 월드컵북로42가길 11(상암동, DMC상암센트럴파크2단지)",3930.0,2010-10-15,,사용중,DMC상암 센트럴파크 2단지(지하1~2층주차장),공공용시설,지하,4475.0,4475,37.0,34.0,30.33,126.0,53.0,47.09,37.574976215407325,126.8973769618808,946787.155689,1953015.083855,I,2026-05-03 22:30:23,2026-03-10 09:42:30
3130000,3130000-S201000030,서울특별시 마포구 상암동 1674번지,"서울특별시 마포구 월드컵로42길 12 (상암동, 상암월드컵8단지)",3906.0,2010-10-15,,사용중,월드컵아파트 8단지(지하1층주차장),공공용시설,지하,6077.0,6077,37.0,34.0,39.67,126.0,52.0,59.14,37.57811563059941,126.8820323723941,945434.474664,1953372.190027,I,2026-05-03 22:30:22,2026-03-10 15:39:24
3130000,3130000-S200100004,서울특별시 마포구 대흥동 128번지 1호,서울특별시 마포구 대흥로 지하 85 (대흥동),4110.0,2001-01-01,,사용중,6호선 대흥전철역 지하1~3층,공공용시설,지하,4164.0,4164,37.0,32.0,51.95,126.0,56.0,32.33,37.54790068680878,126.9417485810842,950687.450947,1949986.979364,I,2026-05-03 22:30:23,2026-03-04 18:51:21
3130000,3130000-S201000065,서울특별시 마포구 염리동 521 마포자이,"서울특별시 마포구 독막로42길 2(염리동, 마포자이)",4154.0,2010-09-09,,사용중,마포자이아파트(지하1~2층 주차장),공공용시설,지하,28142.78,28142,37.0,32.0,37.7,126.0,56.0,46.48,37.543806076853365,126.94624405099393,951081.881109,1949530.354944,I,2026-05-03 22:30:23,2026-02-06 10:59:47
3130000,3130000-S201000016,서울특별시 마포구 현석동 223번지,"서울특별시 마포구 신수로2길 6 (현석동, 반도 유보라 아일랜드)",4091.0,2010-10-01,,사용중,반도유보라아파트(지하1층주차장),공공용시설,지하,2000.0,2000,37.0,32.0,31.31,126.0,56.0,4.12,37.542013867525135,126.93449648497004,950042.911021,1949337.695495,I,2026-05-03 22:30:23,2026-02-26 16:18:44
3130000,3130000-S200100010,서울특별시 마포구 서교동 374번지 5호,서울특별시 마포구 양화로 111 (서교동),4033.0,2001-01-03,2023-06-15,사용중지,지은빌딩(지하1층),공공용시설,지하,1070.0,1070,37.0,33.0,13.57,126.0,55.0,8.71,37.55379088169606,126.9191755916538,948697.509986,1950652.547171,I,2026-05-03 22:30:23,2023-06-15 20:40:44
3130000,3130000-S201300002,서울특별시 마포구 상암동 1752번지,"서울특별시 마포구 월드컵북로 501 (상암동, 상암월드컵파크9단지)",3902.0,2013-04-16,,사용중,월드컵아파트 9단지(지하1~2층주차장),공공용시설,지하,21483.0,21483,37.0,34.0,56.57,126.0,52.0,40.24,37.58451229193327,126.87895270737978,945167.234286,1954083.666278,I,2026-05-03 22:30:23,2026-03-10 15:39:43
3130000,3130000-S201000015,서울특별시 마포구 신수동 456번지,"서울특별시 마포구 신수로 81 (신수동, 마포경남아너스빌)",4098.0,2010-10-01,,사용중,마포경남아너스빌아파트(지하1층주차장),공공용시설,지하,4677.0,4677,37.0,32.0,56.56,126.0,56.0,4.29,37.54904308660564,126.93452488782296,950050.110642,1950117.536439,I,2026-05-03 22:30:23,2026-02-26 16:18:31
3130000,3130000-S200000003,서울특별시 마포구 공덕동 116번지 25호,"서울특별시 마포구 효창목길 6 (공덕동, 한겨레신문사)",4186.0,2000-01-03,2023-07-17,사용중지,한겨레신문사(지하1~지하3층 주차장),공공용시설,지하,1825.0,1825,37.0,32.0,49.33,126.0,57.0,31.48,37.547165285252895,126.9589591143311,952207.267604,1949896.502058,I,2026-05-03 22:30:22,2023-07-18 14:54:51
3130000,3130000-S200100016,서울특별시 마포구 공덕동 254번지 5호,"서울특별시 마포구 마포대로 122 (공덕동, 신용보증기금빌딩)",4213.0,2001-05-31,,사용중,신용보증기금빌딩(프론트원)(지하2~지하4층 주차장),공공용시설,지하,6246.0,6246,37.0,32.0,43.43,126.0,57.0,9.02,37.54544044104884,126.95246798918502,951632.756474,1949708.459111,I,2026-05-03 22:30:22,2026-02-25 16:49:52
3130000,3130000-S201000032,서울특별시 마포구 상암동 1741번지,"서울특별시 마포구 월드컵북로 502-37 (상암동, 상암월드컵파크11단지)",3916.0,2010-10-15,,사용중,월드컵아파트11단지(지하1층주차장),공공용시설,지하,9608.0,9608,37.0,35.0,14.36,126.0,52.0,52.82,37.58726272873968,126.88223095154012,945458.682921,1954386.907447,I,2026-05-03 22:30:23,2026-03-10 15:40:33
3130000,3130000-S201000062,서울특별시 마포구 중동 390번지,"서울특별시 마포구 성암로11길 60 (중동, 마포중동청구아파트)",3933.0,2010-12-31,,사용중,DMC마포청구아파트(지하1층주차장),공공용시설,지하,1292.0,1292,37.0,34.0,27.49,126.0,54.0,4.62,37.57430237855439,126.90128295806244,947131.589995,1952938.119538,I,2026-05-03 22:30:23,2026-02-27 11:34:47
3130000,3130000-S200100012,서울특별시 마포구 공덕동 450 효성[HYOSUNG]공덕 빌딩,"서울특별시 마포구 마포대로 119, 효성[HYOSUNG]공덕 빌딩 (공덕동)",4144.0,2001-05-31,,사용중,효성빌딩(지하1~5층주차장),공공용시설,지하,5573.09,5573,37.0,32.0,44.3,126.0,57.0,6.04,37.54551725737264,126.9517438929146,951568.841293,1949717.35424,I,2026-05-03 22:30:23,2026-03-01 11:35:12
3130000,3130000-S199500003,서울특별시 마포구 공덕동 105번지 1호,"서울특별시 마포구 마포대로 174 (공덕동, 서부지방법원,서부지방검찰청)",4207.0,1995-07-06,,사용중,서울서부지방검찰청(지하1~2층 주차장),공공용시설,지하,4543.0,4543,37.0,32.0,58.63,126.0,57.0,20.35,37.54955498072945,126.9550762924023,951865.813411,1950163.60742,I,2026-05-03 22:30:23,2026-03-03 15:37:35
3130000,3130000-S201000051,서울특별시 마포구 성산동 590번지 2호,"서울특별시 마포구 월드컵로36길 18 (성산동, 삼라마이다스)",3938.0,2010-12-31,,사용중,삼라마이다스 오피스텔(지하1층주차장),공공용시설,지하,1995.0,1995,37.0,33.0,58.54,126.0,54.0,12.24,37.56629537653241,126.90325802219498,947300.353813,1952048.668968,I,2026-05-03 22:30:23,2026-02-27 11:29:27
3130000,3130000-S201000037,서울특별시 마포구 망원동 501 태청아파트,"서울특별시 마포구 포은로6길 34(망원동, 태청아파트)",4011.0,2010-12-07,,사용중,태청아파트(지하1층주차장),공공용시설,지하,857.0,857,37.0,33.0,20.98,126.0,54.0,24.16,37.55593036846704,126.906826468206,947608.236576,1950896.724482,I,2026-05-03 22:30:23,2026-04-15 14:59:19
3130000,3130000-S201000033,서울특별시 마포구 망원동 503 현진에버빌,"서울특별시 마포구 동교로3길 125(망원동, 현진에버빌)",4005.0,2010-12-07,,사용중,현진에버빌아파트(지하1층주차장),공공용시설,지하,1490.0,1490,37.0,33.0,19.58,126.0,53.0,51.73,37.55532428776024,126.89792201833772,946821.317211,1950834.483196,I,2026-05-03 22:30:22,2026-04-14 13:49:46
3130000,3130000-S201000046,서울특별시 마포구 망원동 403-2 망원1동주민센터,"서울특별시 마포구 포은로6길 10, 망원1동주민센터 (망원동)",4010.0,2010-12-07,2023-06-15,사용중지,망원1동주민센터(지하1층),공공용시설,지하,491.0,491,37.0,33.0,20.04,126.0,54.0,20.2,37.55566033805344,126.90556065618073,947496.243844,1950867.472196,I,2026-05-03 22:30:22,2023-06-15 15:07:46
3130000,3130000-S200800001,서울특별시 마포구 창전동 145번지 15호,"서울특별시 마포구 독막로 165 (창전동, 서강동주민센터)",4099.0,2008-01-01,2023-06-14,사용중지,서강동주민센터 지하1층,공공용시설,지하,773.71,773,37.0,32.0,51.8,126.0,55.0,55.25,37.54766582820189,126.93203990169218,949829.680364,1949966.059787,I,2026-05-03 22:30:23,2023-06-14 16:19:12
3130000,3130000-S201000049,서울특별시 마포구 성산동 370번지,"서울특별시 마포구 월드컵로 212 (성산동, 마포구청)",3937.0,2010-12-31,,사용중,마포구청(지하1층주차장),공공용시설,지하,18202.0,18202,37.0,33.0,57.92,126.0,54.0,6.23,37.566087679509394,126.90173111071202,947165.360806,1952026.483311,I,2026-05-03 22:30:23,2026-02-27 10:44:02
3130000,3130000-S201000001,서울특별시 마포구 망원동 517번지,"서울특별시 마포구 월드컵로25길 26 (망원동, 마포영화블렌하임)",3964.0,2010-09-01,,사용중,영화블렌하임 아파트(지하1층주차장),공공용시설,지하,4670.0,4670,37.0,33.0,30.78,126.0,54.0,22.69,37.55836335252055,126.90616183727924,947551.238204,1951167.023208,I,2026-05-03 22:30:22,2026-03-06 14:37:09
3130000,3130000-S200900001,서울특별시 마포구 현석동 220 밤섬현대아파트,"서울특별시 마포구 신수로3길 23 (현석동, 밤섬현대아파트)",4092.0,2009-09-17,,사용중,밤섬현대아파트(지하1~3층주차장),공공용시설,지하,5433.0,5433,37.0,32.0,34.42,126.0,55.0,58.12,37.54289523992328,126.93281007192334,949894.520378,1949436.376585,I,2026-05-03 22:30:22,2026-02-26 16:15:12
3130000,3130000-S200500053,서울특별시 마포구 성산동 111번지 3호,"서울특별시 마포구 월드컵북로18길 26 (성산동, 대우빌라)",3973.0,2005-06-30,,사용중,대우빌라(지하1층주차장),공공용시설,지하,677.69,677,37.0,33.0,49.62,126.0,54.0,53.36,37.56383661332392,126.91482824628712,948320.457414,1951769.454935,I,2026-05-03 22:30:22,2026-03-04 11:27:39
3130000,3130000-S201800004,서울특별시 마포구 합정동 468번지,"서울특별시 마포구 희우정로1길 48 (합정동, 두영이지안아파트)",4019.0,2018-10-12,,사용중,두영이지안 아파트 지하1층 주차장,공공용시설,지하,1435.38,1435,37.0,33.0,0.24,126.0,54.0,23.3,37.54998812006768,126.90632276033372,947559.582777,1950237.74151,I,2026-05-03 22:30:23,2026-04-06 13:40:10
3130000,3130000-S200500022,서울특별시 마포구 공덕동 423-29 공덕역,"서울특별시 마포구 마포대로 지하100, 공덕역 (공덕동)",4213.0,2005-01-03,,사용중,5호선 공덕전철역 지하1~3층,공공용시설,지하,5404.8,5404,37.0,32.0,40.33,126.0,57.0,4.92,37.54419744582923,126.95121385337256,951521.164276,1949571.20117,I,2026-05-03 22:30:22,2026-03-01 11:34:16
3130000,3130000-S200100013,서울특별시 마포구 공덕동 404 풍림브이아이피텔,"서울특별시 마포구 마포대로 127, 풍림브이아이피텔 (공덕동)",4144.0,2001-05-31,,사용중,풍림VIP텔(지하2~4층주차장),공공용시설,지하,6269.41,6269,37.0,32.0,46.29,126.0,57.0,7.68,37.546110036912886,126.9522225514444,951611.507936,1949782.873598,I,2026-05-03 22:30:22,2026-04-14 14:51:49
3130000,3130000-S200500036,서울특별시 마포구 망원동 378 망원역,"서울특별시 마포구 월드컵로 지하77, 망원역 (망원동)",4012.0,2005-06-30,,사용중,6호선 망원역(지하1~2층),공공용시설,지하,6810.0,6810,37.0,33.0,21.83,126.0,54.0,36.12,37.55582566646952,126.91014538659113,947901.308227,1950883.26354,I,2026-05-03 22:30:23,2026-04-15 15:01:07
3130000,3130000-S200500066,서울특별시 마포구 용강동 505 용강동주민센터,"서울특별시 마포구 토정로31길 31, 용강동주민센터 (용강동)",4161.0,2015-03-31,2023-11-21,사용중지,용강동복합청사(지하1층 주차장),공공용시설,지하,1067.84,1067,37.0,32.0,32.37,126.0,56.0,34.21,37.542334507974246,126.94297138832547,950791.808529,1949368.799764,I,2026-05-03 22:30:23,2023-11-21 12:58:46
3130000,3130000-S201000002,서울특별시 마포구 망원동 509번지,"서울특별시 마포구 방울내로 31 (망원동, 망원동 휴먼빌 아파트)",3956.0,2010-09-01,,사용중,휴먼빌 아파트(지하1층주차장),공공용시설,지하,5123.0,5123,37.0,33.0,30.82,126.0,53.0,54.61,37.55849003341988,126.89926224809494,946941.939225,1951184.950389,I,2026-05-03 22:30:22,2026-03-06 14:37:19
3130000,3130000-S201000024,서울특별시 마포구 상암동 1655번지,"서울특별시 마포구 상암산로1길 24 (상암동, 상암 월드컵파크 4단지)",3907.0,2010-10-15,,사용중,월드컵아파트 4단지(지하1층주차장),공공용시설,지하,15625.0,15625,37.0,34.0,38.74,126.0,53.0,18.64,37.57797277630552,126.88769162141026,945934.078696,1953353.069049,I,2026-05-03 22:30:23,2026-03-10 15:38:20
3130000,3130000-S201700001,서울특별시 마포구 성산동 275번지 3호,"서울특별시 마포구 성산로 128 (성산동, 마포중앙도서관)",3965.0,2017-12-18,2023-11-21,사용중지,마포중앙도서관(지하1층주차장),공공용시설,지하,5511.0,5511,37.0,33.0,49.66,126.0,54.0,29.53,37.56399526180032,126.90792939349237,947711.289359,1951790.872369,I,2026-05-03 22:30:23,2023-11-21 12:59:42
3130000,3130000-S201000057,서울특별시 마포구 성산동 667번지,"서울특별시 마포구 모래내로9길 6 (성산동, 월드컵아이파크)",3952.0,2010-12-31,,사용중,월드컵아이파크아파트(지하1층주차장),공공용시설,지하,12655.0,12655,37.0,34.0,1.93,126.0,54.0,49.45,37.567203728171386,126.9137362925922,948226.350952,1952143.621814,I,2026-05-03 22:30:23,2026-02-27 11:32:47
3130000,3130000-S201000059,서울특별시 마포구 중동 391번지,"서울특별시 마포구 월드컵북로38가길 20 (중동, 중동계룡아파트)",3941.0,2010-12-31,,사용중,중동계룡아파트(지하1층주차장),공공용시설,지하,6568.0,6568,37.0,34.0,14.7,126.0,54.0,18.87,37.57075096245173,126.90524078862752,947478.586833,1952541.88601,I,2026-05-03 22:30:23,2026-02-27 11:37:20
3130000,3130000-S200100017,서울특별시 마포구 상수동 309-10,서울특별시 마포구 독막로 지하85 (상수동),4049.0,2001-05-30,,사용중,6호선 상수역 지하 1~3층,공공용시설,지하,7392.0,7392,37.0,32.0,51.97,126.0,55.0,20.63,37.5477686767827,126.922396968095,948977.9418900568,1949982.6599966,I,2026-05-03 22:30:22,2026-01-31 09:01:36
3130000,3130000-S200500007,서울특별시 마포구 합정동 414번지,"서울특별시 마포구 양화로 지하 45 (합정동, 합정역)",4027.0,2005-01-01,,사용중,합정전철역(6호선) 지하,공공용시설,지하,6887.59,6887,37.0,32.0,56.22,126.0,54.0,49.14,37.549215550797385,126.91331345562055,948176.552297,1950148.152071,I,2026-05-03 22:30:22,2026-04-06 13:56:14
3130000,3130000-S201000058,서울특별시 마포구 성산동 604번지,"서울특별시 마포구 월드컵북로 216 (성산동, 성산2차 e편한세상)",3941.0,2010-12-31,2023-11-21,사용중지,성산e편한세상2차(지하1층주차장),공공용시설,지하,3107.0,3107,37.0,34.0,9.67,126.0,54.0,18.76,37.56935210194601,126.90521076479172,947474.953115,1952386.7055,I,2026-05-03 22:30:23,2023-11-21 15:56:16
3130000,3130000-S201000069,서울특별시 마포구 도화동 555 마포 한화 오벨리스크,"서울특별시 마포구 마포대로 33(도화동, 마포 한화 오벨리스크)",4167.0,2010-09-09,,사용중,마포한화오벨리스크(지하2~6층 주차장),공공용시설,지하,31741.5,31741,37.0,32.0,24.0,126.0,56.0,43.71,37.53994470116216,126.94549318200076,951013.023298,1949102.346394,I,2026-05-03 22:30:22,2026-02-06 11:10:23
3130000,3130000-S201000010,서울특별시 마포구 신수동 459번지,"서울특별시 마포구 독막로28길 10 (신수동, 밤섬경남아너스빌)",4089.0,2010-10-01,,사용중,밤섬경남아너스빌(지하1~2층주차장),공공용시설,지하,9749.0,9749,37.0,32.0,48.41,126.0,56.0,12.98,37.546780925108855,126.93693864264785,950261.822543,1949865.281323,I,2026-05-03 22:30:22,2026-02-26 16:16:37
3130000,3130000-S201000042,서울특별시 마포구 망원동 460-15 현대리버빌,"서울특별시 마포구 동교로1길 48(망원동, 현대리버빌)",4005.0,2010-12-07,,사용중,현대리버빌아파트(지하1층주차장),공공용시설,지하,642.0,642,37.0,33.0,11.39,126.0,54.0,2.92,37.55309138862977,126.90096764317016,947088.746595,1950585.034954,I,2026-05-03 22:30:22,2026-04-14 13:44:39
3130000,3130000-S200900002,서울특별시 마포구 신수동 190번지,"서울특별시 마포구 독막로28길 7 (신수동, 성원아파트)",4090.0,2009-09-17,,사용중,성원아파트(지하2~3층주차장),공공용시설,지하,3200.0,3200,37.0,32.0,48.84,126.0,56.0,13.77,37.54690003808622,126.937156700084,950281.163981,1949878.380962,I,2026-05-03 22:30:22,2026-02-26 16:15:35
3130000,3130000-S201000055,서울특별시 마포구 중동 393번지,"서울특별시 마포구 모래내로9길 30 (중동, 건영 월드컵 아파트)",3951.0,2010-12-31,,사용중,건영월드컵아파트(지하1층주차장),공공용시설,지하,4664.0,4664,37.0,34.0,6.43,126.0,54.0,40.75,37.568427110297336,126.9112830360005,948010.549286,1952280.704939,I,2026-05-03 22:30:23,2026-02-27 11:30:55
3130000,3130000-S201200001,서울특별시 마포구 도화동 557번지,"서울특별시 마포구 도화길 37 (도화동, 도화공영주차장및주민센터)",4168.0,2012-08-16,,사용중,도화동주민센터(지하1층주차장),공공용시설,지하,2309.0,2309,37.0,32.0,29.58,126.0,56.0,59.28,37.54143677457539,126.94989983772014,951403.293498,1949265.597455,I,2026-05-03 22:30:23,2026-02-09 12:56:04
3130000,3130000-S200700010,서울특별시 마포구 마포동 140번지,"서울특별시 마포구 마포대로 20 (마포동, 다보빌딩)",4175.0,2007-07-09,,사용중,다보빌딩(불교방송국)(지하2~4층주차장),공공용시설,지하,5095.35,5095,37.0,32.0,18.22,126.0,56.0,41.74,37.538405123520086,126.9448375287696,950954.091792,1948931.880142,I,2026-05-03 22:30:23,2026-03-03 10:43:07
3130000,3130000-S200500065,서울특별시 마포구 연남동 250번지 9호,"서울특별시 마포구 성미산로29길 17-9 (연남동, 연남동주민센터)",3979.0,2005-06-30,2023-06-15,사용중지,연남동주민센터(지하1층),공공용시설,지하,360.0,360,37.0,33.0,52.32,126.0,55.0,19.34,37.564526329922174,126.92195759630152,948950.563407,1951842.079139,I,2026-05-03 22:30:23,2023-06-15 20:40:13
3130000,3130000-S202300001,서울특별시 마포구 염리동 533-11 소금나루도서관,"서울특별시 마포구 숭문길 72, 소금나루도서관 (염리동)",4135.0,2023-11-24,,사용중,소금나루 공영주차장(지하1~3층주차장),공공용시설,지하,3953.92,3953,37.0,32.0,58.29,126.0,56.0,46.44,37.5495242667581,126.946233959381,951084.7263433888,1950164.7640089036,I,2026-05-03 22:30:23,2026-03-04 09:40:55
3130000,3130000-S199700006,서울특별시 마포구 아현동 612번지,"서울특별시 마포구 마포대로 지하 210 (아현동, 애오개역)",4202.0,1997-08-18,,사용중,5호선 애오개 전철역(지하1~4층),공공용시설,지하,3606.0,3606,37.0,33.0,11.94,126.0,57.0,23.46,37.55272097908686,126.95637149707213,951982.253535,1950514.19642,I,2026-05-03 22:30:22,2026-04-15 16:24:13
3130000,3130000-S200500076,서울특별시 마포구 동교동 165번지,"서울특별시 마포구 양화로 지하 160 (동교동, 홍대입구역)",4050.0,2005-01-01,,사용중,홍대입구역(2호선) 지하1~2층,공공용시설,지하,5799.0,5799,37.0,33.0,24.76,126.0,55.0,25.15,37.5565396404064,126.92335183623814,949068.259329,1950955.2375,I,2026-05-03 22:30:23,2026-03-04 17:11:46
3130000,3130000-S201000068,서울특별시 마포구 도화동 559 마포트라팰리스,"서울특별시 마포구 마포대로 53, 마포트라팰리스 (도화동)",4158.0,2010-09-09,,사용중,마포트라팰리스(지하1~4층 주차장),공공용시설,지하,33439.91,33439,37.0,32.0,29.15,126.0,56.0,49.4,37.541139691541886,126.94717967174114,951162.794075,1949234.047019,I,2026-05-03 22:30:23,2026-02-06 11:07:27
3130000,3130000-S201000038,서울특별시 마포구 망원동 504 시티아파트,"서울특별시 마포구 포은로6길 33(망원동, 시티아파트)",4011.0,2010-12-07,,사용중,시티아파트(지하1층주차장),공공용시설,지하,721.0,721,37.0,33.0,22.17,126.0,54.0,24.0,37.55613654686733,126.90678766046368,947604.953232,1950919.620626,I,2026-05-03 22:30:22,2026-04-15 14:58:38
3130000,3130000-S201000005,서울특별시 마포구 연남동 573번지,"서울특별시 마포구 연남로 52 (연남동, 코오롱하늘채아파트)",3976.0,2010-12-02,,사용중,코오롱하늘채아파트101-103동(지하1~2층주차장),공공용시설,지하,9122.0,9122,37.0,33.0,50.5,126.0,55.0,14.66,37.5640267231297,126.920737674935,948842.4842453334,1951787.3134732,I,2026-05-03 22:30:22,2026-03-04 09:32:13
3130000,3130000-S201000014,서울특별시 마포구 신수동 455번지,"서울특별시 마포구 창전로2길 42 (신수동, 경남아너스빌)",4098.0,2010-10-01,,사용중,경남아너스빌(지하1층주차장),공공용시설,지하,2869.0,2869,37.0,32.0,58.78,126.0,56.0,0.92,37.54925259169902,126.93388472844704,949993.703188,1950141.120302,I,2026-05-03 22:30:23,2026-02-26 16:17:48
3130000,3130000-S201000004,서울특별시 마포구 망원동 513번지,"서울특별시 마포구 방울내로11길 43 (망원동, 상암마젤란21아파트)",3961.0,2010-09-01,,사용중,마젤란21 아파트(지하1~2층주차장),공공용시설,지하,4058.0,4058,37.0,33.0,44.37,126.0,54.0,10.67,37.56240376159921,126.90321191787017,947293.540404,1951616.937993,I,2026-05-03 22:30:22,2026-03-06 14:37:47
3130000,3130000-S201900001,서울특별시 마포구 성산동 39번지 35호,"서울특별시 마포구 성미산로 55 (성산동, 홍익대학교제3기숙사)",3967.0,2019-08-02,,사용중,홍익대학교 제3기숙사(지하1~2층주차장),공공용시설,지하,1441.88,1441,37.0,33.0,34.85,126.0,54.0,51.05,37.55945298089803,126.9142408979174,948265.554006,1951283.434642,I,2026-05-03 22:30:23,2026-03-04 10:31:53
3130000,3130000-S200100015,서울특별시 마포구 공덕동 252-5 마포T타운,"서울특별시 마포구 마포대로 144, 마포T타운 (공덕동)",4212.0,2001-05-31,,사용중,마포T타운(지하2~지하5층주차장),공공용시설,지하,10063.0,10063,37.0,32.0,49.18,126.0,57.0,13.45,37.547078742187445,126.9536707844837,951740.064647,1949889.602047,I,2026-05-03 22:30:22,2026-04-15 16:25:04
3130000,3130000-S200500072,서울특별시 마포구 창전동 437,"서울특별시 마포구 서강로 95 (창전동, 창전동삼성아파트)",4064.0,2005-06-30,,사용중,창전동삼성아파트(지하1층주차장),공공용시설,지하,20558.77,20558,37.0,33.0,6.29,126.0,55.0,56.85,37.55174644508566,126.93245790950702,949869.338212,1950418.560805,I,2026-05-03 22:30:22,2026-01-31 09:05:25
3130000,3130000-S198900002,서울특별시 마포구 서교동 478번지 5호,서울특별시 마포구 동교로15길 7 (서교동),4003.0,1989-07-06,2023-06-15,사용중지,서교동주민센터(지하1층주차장),공공용시설,지하,448.54,448,37.0,33.0,18.5,126.0,54.0,52.68,37.5551337491569,126.9146932086661,948302.518574,1950803.987638,I,2026-05-03 22:30:22,2023-06-15 20:41:00
3130000,3130000-S201000022,서울특별시 마포구 상암동 1643번지,"서울특별시 마포구 월드컵로 338 (상암동, 상암월드컵파크3단지)",3911.0,2010-10-15,,사용중,월드컵아파트 3단지(지하1층주차장),공공용시설,지하,7238.0,7238,37.0,34.0,24.7,126.0,53.0,21.04,37.57140659727903,126.88987915986137,946122.506382,1952623.32321,I,2026-05-03 22:30:23,2026-03-10 15:37:50
3130000,3130000-S201800001,서울특별시 마포구 합정동 473번지,"서울특별시 마포구 월드컵로5길 11 (합정동, 합정동주민센터)",4024.0,2018-01-10,,사용중,합정동주민센터 지하2층,공공용시설,지하,7942.9,7942,37.0,33.0,5.89,126.0,54.0,42.25,37.55171363688017,126.911669320135,948033.054994,1950426.210125,I,2026-05-03 22:30:23,2026-04-06 13:52:44
3130000,3130000-S200100014,서울특별시 마포구 공덕동 254번지 8호,"서울특별시 마포구 마포대로 130 (공덕동, 동방빌딩)",4212.0,2001-05-31,,사용중,유진마포빌딩(지하2~지하5층 대피소),공공용시설,지하,6400.0,6400,37.0,32.0,45.49,126.0,57.0,10.67,37.54600107204134,126.95289879967024,951671.175152,1949770.436672,I,2026-05-03 22:30:22,2026-04-15 16:24:42
3130000,3130000-S201000003,서울특별시 마포구 망원동 497번지,"서울특별시 마포구 망원로1길 27 (망원동, 망원2차대림아파트)",3957.0,2010-09-01,,사용중,망원2차 대림아파트(지하1~2층주차장),공공용시설,지하,8676.0,8676,37.0,33.0,25.03,126.0,53.0,57.05,37.55752746113184,126.8996476698302,946975.298454,1951077.939998,I,2026-05-03 22:30:23,2026-03-06 14:37:33
3130000,3130000-S200700007,서울특별시 마포구 도화동 169번지 1호,"서울특별시 마포구 마포대로 58 (도화동, 가든호텔)",4168.0,2007-07-09,,사용중,서울가든호텔(지하1층주차장),공공용시설,지하,1300.0,1300,37.0,32.0,26.56,126.0,56.0,53.67,37.540803564836,126.9482020927047,951252.898584,1949196.224975,I,2026-05-03 22:30:23,2026-04-08 10:48:38
3130000,3130000-S198700003,"서울특별시 마포구 신수동 63-14 거구장, 지하1~2층 주차장","서울특별시 마포구 백범로 23, 거구장 지하1~2층주차장 (신수동)",4108.0,1987-01-01,,사용중,거구장대피소(지하1~2층주차장),공공용시설,지하,3851.0,3851,37.0,33.0,8.47,126.0,56.0,15.73,37.55247964907433,126.93750848947134,950315.943478,1950497.224734,I,2026-05-03 22:30:22,2026-03-04 18:50:23
3130000,3130000-S201000026,서울특별시 마포구 망원동 489 성원2차아파트,"서울특별시 마포구 망원로4길 8(망원동, 성원2차아파트)",4007.0,2010-12-07,,사용중,성원2차아파트(지하1층주차장),공공용시설,지하,5325.0,5325,37.0,33.0,22.68,126.0,54.0,5.14,37.556132180899965,126.90172666318033,947157.93706,1950921.969417,I,2026-05-03 22:30:22,2026-04-14 13:50:42
3130000,3130000-S200200001,서울특별시 마포구 연남동 226번지 21호,서울특별시 마포구 성미산로 193 (연남동),3981.0,2002-12-31,,사용중,금룡빌딩(지하1층주차장),공공용시설,지하,165.0,165,37.0,33.0,46.44,126.0,55.0,36.17,37.5628991471659,126.926712533135,949369.3949416332,1951658.9785600668,I,2026-05-03 22:30:23,2026-03-04 09:32:39
3130000,3130000-S201000054,서울특별시 마포구 중동 40번지 12호,"서울특별시 마포구 성암로 79 (중동, 성산2차현대아파트)",3944.0,2010-12-31,2023-11-21,사용중지,성산현대2차아파트(지하1층주차장),공공용시설,지하,7375.0,7375,37.0,34.0,15.6,126.0,54.0,28.85,37.5710251880832,126.90801095199708,947723.405641,1952570.765316,I,2026-05-03 22:30:23,2023-11-21 13:00:02
3130000,3130000-S201000052,서울특별시 마포구 성산동 591번지 1호,"서울특별시 마포구 월드컵로 204 (성산동, 이안상암)",3938.0,2010-12-31,,사용중,이안상암1차(지하1층주차장),공공용시설,지하,1359.0,1359,37.0,33.0,55.39,126.0,54.0,7.61,37.56526995812636,126.9021143645138,947198.630044,1951935.54544,I,2026-05-03 22:30:23,2026-02-27 11:30:18
3130000,3130000-S201000013,서울특별시 마포구 신수동 450번지,"서울특별시 마포구 신수로 107 (신수동, 신촌삼익아파트)",4095.0,2010-10-01,,사용중,신촌삼익아파트(지하1~3층주차장),공공용시설,지하,6480.0,6480,37.0,33.0,2.37,126.0,56.0,11.1,37.550658738727336,126.93641713655292,950218.333896,1950295.781205,I,2026-05-03 22:30:22,2026-02-26 16:17:26
3130000,3130000-S200700011,서울특별시 마포구 마포동 350번지,"서울특별시 마포구 마포대로4다길 18 (마포동, 강변한신코아빌딩)",4177.0,2007-07-09,,사용중,강변한신코아빌딩(지하2층주차장),공공용시설,지하,2402.27,2402,37.0,32.0,10.74,126.0,56.0,37.97,37.53637783728545,126.94400266037673,950879.004775,1948707.399249,I,2026-05-03 22:30:23,2026-02-09 12:55:37
3130000,3130000-S201000009,서울특별시 마포구 신수동 451번지,"서울특별시 마포구 독막로 209 (신수동, 세양청마루아파트)",4097.0,2010-10-01,,사용중,세양청마루아파트(지하2층주차장),공공용시설,지하,2897.0,2897,37.0,32.0,50.94,126.0,56.0,13.38,37.54748287405628,126.9370502651626,950272.149153,1949943.099946,I,2026-05-03 22:30:22,2026-02-26 16:16:20
3130000,3130000-S198400005,서울특별시 마포구 염리동 8-85 이대역,"서울특별시 마포구 신촌로 지하180, 이대역 (염리동)",4104.0,1984-06-01,,사용중,2호선 이대전철역 지하 1~2층,공공용시설,지하,5991.0,5991,37.0,33.0,24.47,126.0,56.0,44.74,37.5567975714987,126.945761273776,951047.7304531,1950971.94679293,I,2026-05-03 22:30:22,2026-03-23 13:37:45
3130000,3130000-S201000067,서울특별시 마포구 도화동 536 정우빌딩,"서울특별시 마포구 토정로37길 46(도화동, 정우빌딩)",4157.0,2010-09-09,2023-11-21,사용중지,정우빌딩(지하2층 주차장),공공용시설,지하,1977.0,1977,37.0,32.0,33.37,126.0,56.0,50.0,37.54225781781589,126.94718308044943,951163.824547,1949358.095511,I,2026-05-03 22:30:23,2023-11-21 12:59:06
3130000,3130000-S201000064,서울특별시 마포구 대흥동 660 대흥동태영아파트,"서울특별시 마포구 독막로 266(대흥동, 대흥동태영아파트)",4153.0,2010-09-09,,사용중,태영아파트(지하1~3층 주차장),공공용시설,지하,58745.75,58745,37.0,32.0,45.07,126.0,56.0,34.17,37.54585225559476,126.94282596348565,950781.274309,1949759.151816,I,2026-05-03 22:30:23,2026-02-06 10:56:40
3130000,3130000-S200500018,서울특별시 마포구 도화동 22번지,서울특별시 마포구 마포대로 86 (도화동),4168.0,2005-01-03,,사용중,창강빌딩(지하1층주차장),공공용시설,지하,890.0,890,37.0,32.0,33.52,126.0,57.0,1.85,37.54268611450623,126.95048268879736,951455.593951,1949403.904093,I,2026-05-03 22:30:23,2026-03-03 10:45:12
3130000,3130000-S201000028,서울특별시 마포구 상암동 1660번지,"서울특별시 마포구 상암산로1길 92 (상암동, 상암월드컵파크 7단지)",3903.0,2010-10-15,,사용중,월드컵아파트 7단지(지하1층주차장),공공용시설,지하,13913.0,13913,37.0,34.0,53.45,126.0,52.0,46.77,37.581331760189855,126.88160301811322,945398.911772,1953729.255608,I,2026-05-03 22:30:23,2026-03-10 15:39:07
3130000,3130000-S201000018,서울특별시 마포구 상암동 1140번지,"서울특별시 마포구 성암로 지하 184 (상암동, 공항철도 디지털미디어시티역)",3928.0,2010-10-15,,사용중,공항철도 DMC역 지하1~3층,공공용시설,지하,1650.0,1650,37.0,34.0,36.51,126.0,53.0,56.61,37.576852037522,126.89888363800004,946921.531058,1953222.345893,I,2026-05-03 22:30:23,2026-03-10 09:42:11
3130000,3130000-S198400001,서울특별시 마포구 염리동 161번지 7호,"서울특별시 마포구 독막로 291 (염리동, 한청실업빌딩)",4151.0,1984-11-15,,사용중,한청빌딩(지하1층주차장),공공용시설,지하,605.0,605,37.0,32.0,41.06,126.0,56.0,43.75,37.5447379080977,126.94548635203,951015.5560940668,1949634.1312842667,I,2026-05-03 22:30:23,2026-03-04 09:41:17
3130000,3130000-S201000045,서울특별시 마포구 망원동 403-2 망원1동주민센터,"서울특별시 마포구 포은로6길 10, 망원1동주민센터 (망원동)",4010.0,2010-12-07,,사용중,망원1-2공영주차장(지하1~3층주차장),공공용시설,지하,5089.0,5089,37.0,33.0,20.04,126.0,54.0,20.2,37.55566033805344,126.90556065618073,947496.243844,1950867.472196,I,2026-05-03 22:30:23,2026-04-15 14:57:57
3130000,3130000-S201000011,서울특별시 마포구 신정동 30번지,"서울특별시 마포구 창전로 26 (신정동, 서강GS아파트)",4093.0,2010-10-01,,사용중,서강GS아파트(지하1~2층주차장),공공용시설,지하,11334.0,11334,37.0,32.0,41.56,126.0,55.0,52.63,37.544877425729126,126.93128492969927,949761.118581,1949657.103821,I,2026-05-03 22:30:22,2026-02-26 16:16:50
3130000,3130000-S201000061,서울특별시 마포구 중동 64번지 2호,"서울특별시 마포구 월드컵북로38길 21 (중동, 한국우진학교)",3934.0,2010-12-31,2024-08-21,사용중지,한국우진학교(지하1층주차장),공공용시설,지하,4003.0,4003,37.0,34.0,16.24,126.0,54.0,14.27,37.57117644956095,126.90396244846455,947365.99881,1952589.80721,I,2026-05-03 22:30:23,2024-08-21 17:10:09
3130000,3130000-S202000001,서울특별시 마포구 동교동 190-1 홍대입구역,"서울특별시 마포구 양화로 지하 188, 홍대입구역 (동교동)",4051.0,2020-02-20,,사용중,공항철도 홍대입구역 지하2~3층,공공용시설,지하,8615.0,8615,37.0,33.0,26.85,126.0,55.0,37.24,37.55810640118292,126.9259710140862,949300.658581,1951127.646023,I,2026-05-03 22:30:23,2026-03-04 17:10:15
3130000,3130000-S200500067,서울특별시 마포구 창전동 145-17,서울특별시 마포구 독막로 지하165 (창전동),4099.0,2005-06-30,,사용중,6호선 광흥창역 지하 1~3층,공공용시설,지하,7675.72,7675,37.0,32.0,50.96,126.0,55.0,55.02,37.54755175444044,126.93181181946888,949809.456236,1949953.52562,I,2026-05-03 22:30:22,2026-01-31 09:02:22
3130000,3130000-S201000035,서울특별시 마포구 망원동 492 망원동대상4차아파트,"서울특별시 마포구 포은로8길 8(망원동, 망원동대상4차아파트)",4010.0,2010-12-07,,사용중,망원대상4차아파트(지하1층주차장),공공용시설,지하,984.0,984,37.0,33.0,22.25,126.0,54.0,18.97,37.55630585455149,126.90517628286788,947462.747026,1950939.303956,I,2026-05-03 22:30:22,2026-04-15 14:57:36
3130000,3130000-S201000027,서울특별시 마포구 상암동 1689번지,"서울특별시 마포구 상암산로1길 57 (상암동, 상암월드컵파크 6단지)",3905.0,2010-10-15,,사용중,월드컵아파트 6단지(지하1층주차장),공공용시설,지하,12337.0,12337,37.0,34.0,50.45,126.0,52.0,52.66,37.580074728826,126.88504475115138,945701.888166,1953587.798361,I,2026-05-03 22:30:23,2026-03-10 15:38:51
3130000,3130000-S199000001,서울특별시 마포구 아현동 354번지 23호,"서울특별시 마포구 신촌로 지하 270 (아현동, 아현역)",4116.0,1990-07-02,,사용중,2호선 아현전철역 지하1층~2층,공공용시설,지하,6467.0,6467,37.0,33.0,26.48,126.0,57.0,21.73,37.5573567823853,126.956037076765,951955.6908903,1951028.6863807333,I,2026-05-03 22:30:23,2026-03-01 11:36:30
3130000,3130000-S200500019,서울특별시 마포구 도화동 357번지,"서울특별시 마포구 새창로 52 (도화동, 도화동현대아파트)",4182.0,2005-01-03,2023-11-21,사용중지,도화동현대아파트(지하1층주차장),공공용시설,지하,654.0,654,37.0,32.0,22.45,126.0,57.0,18.93,37.54061094870852,126.95522640053058,951873.323244,1949171.236778,I,2026-05-03 22:30:23,2023-11-21 12:58:22
3130000,3130000-S200500001,서울특별시 마포구 공덕동 439 공덕역,"서울특별시 마포구 백범로 지하200, 공덕역 (공덕동)",4196.0,2005-01-02,,사용중,6호선 공덕전철역(지하1~3층),공공용시설,지하,5054.0,5054,37.0,32.0,36.67,126.0,57.0,7.08,37.54323088217871,126.9524619685484,951630.79704,1949463.323155,I,2026-05-03 22:30:22,2026-04-15 16:25:45
3130000,3130000-S201000020,서울특별시 마포구 상암동 1634 상암월드컵아파트 1단지,"서울특별시 마포구 월드컵북로47길 8(상암동, 상암월드컵아파트 1단지)",3913.0,2010-10-15,,사용중,월드컵아파트 1단지(지하1층주차장),공공용시설,지하,7949.0,7949,37.0,34.0,28.44,126.0,53.0,35.19,37.57524884444907,126.89405862165486,946494.331725,1953047.215451,I,2026-05-03 22:30:22,2026-03-10 09:42:48
3130000,3130000-S201000008,서울특별시 마포구 신수동 453번지,"서울특별시 마포구 창전로2길 10 (신수동, 대원칸타빌아파트)",4098.0,2010-10-01,,사용중,대원칸타빌(지하1~2층주차장),공공용시설,지하,13000.0,13000,37.0,32.0,54.27,126.0,56.0,0.28,37.54840936794965,126.93341084544414,949951.279812,1950047.821045,I,2026-05-03 22:30:23,2026-02-26 16:16:01
3130000,3130000-S201000043,서울특별시 마포구 망원동 382-3 해오름 아파트,"서울특별시 마포구 월드컵로17길 67(망원동, 해오름 아파트)",4014.0,2010-12-07,,사용중,해오름2차아파트(지하1층주차장),공공용시설,지하,530.0,530,37.0,33.0,15.75,126.0,54.0,27.42,37.55438233081457,126.9075664598844,947672.51412,1950724.564897,I,2026-05-03 22:30:23,2026-04-15 15:02:08
3130000,3130000-S202000003,서울특별시 마포구 서교동 393 합정역,"서울특별시 마포구 양화로 지하 55, 합정역(2호선) (서교동)",4037.0,2020-02-20,,사용중,합정역(2호선) 지하1~2층,공공용시설,지하,13008.0,13008,37.0,33.0,0.38,126.0,54.0,52.68,37.55023923297637,126.91478573889128,948307.31083,1950260.913983,I,2026-05-03 22:30:23,2026-03-04 17:07:14
3130000,3130000-S200500029,서울특별시 마포구 노고산동 31번지 11호,"서울특별시 마포구 신촌로 지하 90 (노고산동, 신촌역)",4058.0,2005-06-30,,사용중,신촌역(2호선) 지하1~2층,공공용시설,지하,7620.0,7620,37.0,33.0,19.64,126.0,56.0,9.48,37.5554353399563,126.93583143786488,950169.778808,1950826.031729,I,2026-05-03 22:30:22,2026-03-04 17:12:49
3130000,3130000-S201000029,서울특별시 마포구 망원동 417-2 한강로얄스위트아파트,"서울특별시 마포구 망원로 36(망원동, 한강로얄스위트아파트)",4007.0,2010-12-07,2023-06-15,사용중지,한강로얄스위트아파트 (지하1층주차장),공공용시설,지하,547.0,547,37.0,33.0,22.75,126.0,54.0,3.41,37.556354621544784,126.90091533199306,947086.43343,1950947.104582,I,2026-05-03 22:30:23,2023-06-15 15:07:02
3130000,3130000-S201000050,서울특별시 마포구 성산동 592번지 6호,"서울특별시 마포구 월드컵로 190 (성산동, 이안상암Ⅱ)",3938.0,2010-12-31,,사용중,이안상암2차(지하1층주차장),공공용시설,지하,1613.0,1613,37.0,33.0,51.08,126.0,54.0,11.88,37.564182970205415,126.9031722101564,947291.287084,1951814.355264,I,2026-05-03 22:30:23,2026-02-27 11:28:31
3130000,3130000-S200500050,서울특별시 마포구 성산동 592번지,"서울특별시 마포구 월드컵로 지하 190 (성산동, 마포구청역)",3938.0,2005-06-30,,사용중,6호선 마포구청역(지하1~2층),공공용시설,지하,9699.0,9699,37.0,33.0,48.32,126.0,54.0,12.11,37.564038510641126,126.90287379199548,947264.830269,1951798.495553,I,2026-05-03 22:30:22,2026-03-04 11:11:23
3130000,3130000-S201000056,서울특별시 마포구 성산동 600번지,"서울특별시 마포구 성암로1길 12 (성산동, 성사1차풍림아파트)",3951.0,2010-12-31,,사용중,성사풍림1차(지하1층주차장),공공용시설,지하,3621.0,3621,37.0,34.0,5.1,126.0,54.0,44.66,37.56800342512216,126.91239764610944,948108.687193,1952233.082909,I,2026-05-03 22:30:23,2026-02-27 11:32:06
3130000,3130000-S201000041,서울특별시 마포구 망원동 490 강변타운아파트,"서울특별시 마포구 동교로3길 79(망원동, 강변타운아파트)",4005.0,2010-12-07,,사용중,강변타운아파트(지하1층주차장),공공용시설,지하,1189.0,1189,37.0,33.0,14.28,126.0,53.0,59.25,37.55405574370835,126.90009272562824,947012.149066,1950692.518384,I,2026-05-03 22:30:22,2026-04-14 13:46:20
3130000,3130000-S199300003,서울특별시 마포구 염리동 156번지 1호,서울특별시 마포구 백범로 130 (염리동),4149.0,1993-08-11,,사용중,뉴한일빌딩(지하2층주차장),공공용시설,지하,610.0,610,37.0,32.0,46.25,126.0,56.0,42.85,37.54617431224685,126.94534591947246,951004.090649,1949793.566108,I,2026-05-03 22:30:22,2026-03-04 09:41:56
3130000,3130000-S199700004,서울특별시 마포구 노고산동 1-39 신촌빌딩 지하2~3층,"서울특별시 마포구 신촌로 134, 신촌빌딩 지하2~3층 (노고산동)",4104.0,1997-01-01,,사용중,교보생명(주)(지하2층~3층주차장),공공용시설,지하,2393.0,2393,37.0,33.0,21.44,126.0,56.0,25.53,37.55599733095981,126.94046295211878,950579.232119,1950885.936633,I,2026-05-03 22:30:23,2026-03-04 18:50:55
3130000,3130000-S201000070,서울특별시 마포구 용강동 501 마포대림2차e-편한세상,"서울특별시 마포구 토정로32길 6(용강동, 마포대림2차e-편한세상)",4163.0,2010-09-09,,사용중,대림2차아파트(지하1층 주차장),공공용시설,지하,4132.69,4132,37.0,32.0,27.34,126.0,56.0,26.68,37.5407726169914,126.94111241512094,950626.554552,1949196.490614,I,2026-05-03 22:30:22,2026-02-06 11:13:49
3130000,3130000-S200700012,서울특별시 마포구 마포동 418번지 1호,"서울특별시 마포구 마포대로4다길 41 (마포동, 마포타워빌딩)",4177.0,2007-07-09,,사용중,헨켈타워(지하1층주차장),공공용시설,지하,2062.0,2062,37.0,32.0,6.45,126.0,56.0,38.39,37.53525810998658,126.9438916002848,950868.458177,1948583.229485,I,2026-05-03 22:30:23,2026-02-09 12:55:51
3130000,3130000-S200200004,서울특별시 마포구 염리동 155번지 1호,"서울특별시 마포구 백범로 123 (염리동, 신양빌딩)",4137.0,2002-08-26,2023-11-21,사용중지,오원빌딩(지하1층주차장),공공용시설,지하,311.0,311,37.0,32.0,48.55,126.0,56.0,41.78,37.54676266758106,126.94494222766414,950968.815223,1949859.051572,I,2026-05-03 22:30:22,2023-11-21 12:59:26
3130000,3130000-S199600002,서울특별시 마포구 공덕동 105번지 1호,"서울특별시 마포구 마포대로 174 (공덕동, 서부지방법원,서부지방검찰청)",4207.0,1996-01-11,,사용중,서울지방법원 서부지원(지하1~2층 주차장),공공용시설,지하,3362.0,3362,37.0,32.0,56.88,126.0,57.0,20.06,37.54955498072945,126.9550762924023,951865.813411,1950163.60742,I,2026-05-03 22:30:23,2026-03-04 11:11:59
3130000,3130000-S199300001,서울특별시 마포구 염리동 147번지 14호,"서울특별시 마포구 숭문길 14 (염리동, 염리동 주민센터)",4138.0,1993-03-31,2023-06-15,사용중지,염리동주민센터(지하1층),공공용시설,지하,246.0,246,37.0,32.0,49.44,126.0,56.0,44.34,37.54708274383851,126.94558203483074,951025.542639,1949894.228909,I,2026-05-03 22:30:22,2023-06-15 20:39:02
3130000,3130000-S201300003,서울특별시 마포구 상암동 1743번지,"서울특별시 마포구 월드컵북로 502-7 (상암동, 상암월드컵파크12단지)",3915.0,2013-04-16,,사용중,월드컵아파트 12단지(지하1~2층주차장),공공용시설,지하,8037.0,8037,37.0,35.0,12.54,126.0,52.0,50.51,37.585681577308726,126.87969724785896,945233.827705,1954212.959369,I,2026-05-03 22:30:23,2026-03-10 15:40:01
3130000,3130000-S200500060,서울특별시 마포구 신수동 458번지,"서울특별시 마포구 독막로 192 (신수동, 신수동주민센터)",4089.0,2005-06-30,2023-06-15,사용중지,신수동주민센터(지하1층),공공용시설,지하,542.0,542,37.0,32.0,49.69,126.0,56.0,6.26,37.547236098135606,126.9350090870148,950091.676769,1949916.803036,I,2026-05-03 22:30:22,2023-06-15 20:39:25
3130000,3130000-S201000017,서울특별시 마포구 신수동 457번지,"서울특별시 마포구 광성로 28 (신수동, 마포벽산 이-솔렌스힐아파트)",4097.0,2010-10-01,,사용중,벽산e솔렌스힐아파트(지하1~2층주차장),공공용시설,지하,3200.0,3200,37.0,32.0,59.08,126.0,56.0,10.06,37.54974666291362,126.93612608712871,950192.01813,1950194.745136,I,2026-05-03 22:30:22,2026-02-26 16:18:57
3130000,3130000-S201300001,서울특별시 마포구 중동 392번지,"서울특별시 마포구 성암로 91 (중동, 현대아파트)",3943.0,2013-04-12,,사용중,현대1차아파트(지하1층주차장),공공용시설,지하,7375.0,7375,37.0,34.0,17.83,126.0,54.0,24.92,37.57158796899176,126.90697048482438,947631.918644,1952633.782717,I,2026-05-03 22:30:22,2026-02-27 11:35:33
3130000,3130000-S201000021,서울특별시 마포구 상암동 1637번지,"서울특별시 마포구 월드컵북로47길 46 (상암동, 상암월드컵파크 2단지)",3912.0,2010-10-15,,사용중,월드컵아파트 2단지(지하1층주차장),공공용시설,지하,7573.0,7573,37.0,34.0,29.56,126.0,53.0,29.54,37.57466859247987,126.8907331736212,946200.268613,1952984.738014,I,2026-05-03 22:30:22,2026-03-10 15:37:26
3140000,3140000-S201600003,서울특별시 양천구 신정동 324번지 10호,"서울특별시 양천구 목동동로 53 (신정동, 동문굿모닝탑Ⅰ)",8092.0,2016-01-25,,사용중,"동문굿모닝탑 지하1,2층 주차장",공공용시설,지하,10300.0,10300,37.0,30.0,53.66,126.0,51.0,39.22,37.5151167420232,126.86087225012102,943518.535771,1946395.259038,I,2026-05-05 22:34:39,2026-02-05 13:32:58
3140000,3140000-S201000008,서울특별시 양천구 신월동 467번지 3호,"서울특별시 양천구 중앙로55길 25 (신월동, 태진아파트)",7932.0,2010-12-13,,사용중,"태진아파트 지하1,2층 주차장",공공용시설,지하,3200.0,3200,37.0,31.0,34.23,126.0,50.0,48.02,37.5263102445269,126.84647742250174,942255.038757,1947645.860436,I,2026-05-05 22:34:48,2026-02-09 09:25:14
3140000,3140000-S200200041,서울특별시 양천구 신월동 128번지,"서울특별시 양천구 곰달래로5길 17 (신월동, 신월프라자)",7921.0,2002-11-01,,사용중,신월프라자 지하3층,공공용시설,지하,7200.0,7200,37.0,31.0,51.46,126.0,50.0,0.97,37.53119655751992,126.83376621959194,941135.709632,1948195.852854,I,2026-05-05 22:34:49,2026-02-03 14:26:19
3140000,3140000-S200200030,서울특별시 양천구 목동 900,서울특별시 양천구 목동서로 20(목동),7978.0,2002-11-01,2023-06-27,사용중지,서울에너지공사 지하1층,공공용시설,지하,816.0,816,,,,,,,37.53860057833373,126.88345942439064,945531.72479,1948987.34855,I,2026-05-05 22:34:48,2023-06-27 09:44:09
3140000,3140000-S200900008,서울특별시 양천구 목동 953번지,"서울특별시 양천구 목동중앙본로 85 (목동, 두산위브아파트)",7953.0,2009-12-14,,사용중,목동두산위브 지하1층 주차장,공공용시설,지하,2773.0,2773,37.0,32.0,35.73,126.0,52.0,10.98,37.54348952774673,126.87019027688136,944363.082968,1949537.522767,I,2026-05-05 22:34:47,2026-02-04 11:17:15
3140000,3140000-S201800006,서울특별시 양천구 신월동 81번지 10호,"서울특별시 양천구 가로공원로 129 (신월동, 삼익플라주)",7905.0,2018-07-01,,사용중,삼익플라주아파트 지하1층주차장,공공용시설,지하,607.0,607,37.0,32.0,11.56,126.0,49.0,49.04,37.53643573281698,126.8303709945668,940839.863923,1948779.244981,I,2026-05-05 22:34:52,2026-02-04 17:44:50
3140000,3140000-S200200099,서울특별시 양천구 신정동 322번지 10호,"서울특별시 양천구 목동동로 87 (신정동, 양천구민체육센터)",8094.0,2002-11-01,,사용중,양천구민체육센터 지하1층 주차장,공공용시설,지하,4393.0,4393,37.0,30.0,59.65,126.0,51.0,51.54,37.516159077189485,126.86454518814276,943843.907895,1946508.701916,I,2026-05-05 22:34:37,2026-02-03 17:51:29
3140000,3140000-S201000020,서울특별시 양천구 신월동 1033번지,"서울특별시 양천구 신월로15길 25 (신월동, 신월대성유니드아파트)",8031.0,2012-07-02,,사용중,신월대성유니드아파트 101동 지하1층 주차장,공공용시설,지하,2292.0,2292,37.0,31.0,14.03,126.0,50.0,28.35,37.5205626702647,126.84120910754,941785.0615279668,1947011.4432720668,I,2026-05-05 22:34:42,2026-02-09 09:26:40
3140000,3140000-S200900017,서울특별시 양천구 목동 941번지,"서울특별시 양천구 목동중앙로 11 (목동, 대원칸타빌2단지아파트)",7967.0,2009-12-15,,사용중,목동대원칸타빌아파트 203동 204동 지하1~2층주차장,공공용시설,지하,6508.0,6508,37.0,31.0,56.42,126.0,52.0,0.57,37.531572138163966,126.8669348485726,944066.596606,1948217.278042,I,2026-05-05 22:34:38,2026-02-04 17:27:18
3140000,3140000-S200200105,서울특별시 양천구 신정동 322번지,"서울특별시 양천구 목동서로 367 (신정동, 양천문화회관)",8094.0,2002-11-01,,사용중,양천문화회관 지하1층 주차장,공공용시설,지하,7121.0,7121,37.0,30.0,59.32,126.0,51.0,47.69,37.5166204666764,126.86322946614024,943727.980793,1946560.676823,I,2026-05-05 22:34:38,2026-02-03 17:48:30
3140000,3140000-S200300002,서울특별시 양천구 목동 549 금호베스트빌아파트 101동,"서울특별시 양천구 목동중앙북로8길 111, 101동 (목동, 금호베스트빌아파트)",7949.0,2003-02-27,,사용중,목동금호베스트빌 101동 지하1층 주차장,공공용시설,지하,4095.0,4095,37.0,32.0,40.77,126.0,52.0,0.64,37.544659709173445,126.8668438920537,944068.337009,1949669.334306,I,2026-05-05 22:34:40,2026-02-09 09:44:57
3140000,3140000-S200300001,서울특별시 양천구 목동 916번지,"서울특별시 양천구 목동동로 257 (목동, 현대하이페리온)",7998.0,2003-07-21,,사용중,현대백화점 목동점 지하4층 5층 6층 주차장,공공용시설,지하,12375.0,12375,37.0,31.0,35.44,126.0,52.0,30.44,37.52623428724934,126.8745752418036,944737.71968,1947620.554012,I,2026-05-05 22:34:40,2026-02-09 09:39:04
3140000,3140000-S202300010,서울특별시 양천구 신월동 1058 신월동코아루2단지,"서울특별시 양천구 남부순환로56길 15 (신월동, 신월동코아루2단지)",7914.0,2023-10-11,,사용중,신월코아루2단지아파트(지하1층) 주차장,공공용시설,지하,4674.0,4674,37.0,31.0,54.42,126.0,49.0,44.33,37.5317825451518,126.828981585046,940713.4278031456,1948263.87085874,I,2026-05-05 22:34:50,2026-02-09 09:36:42
3140000,3140000-S201000021,서울특별시 양천구 신정동 276번지,"서울특별시 양천구 목동로3길 57 (신정동, 양천아파트)",8100.0,2010-12-14,,사용중,양천아파트(103동~105동) 지하1층 주차장,공공용시설,지하,3537.0,3537,37.0,30.0,38.05,126.0,51.0,47.42,37.51166941775729,126.86369584370792,943765.480535,1946011.105359,I,2026-05-05 22:34:39,2026-02-05 13:32:22
3140000,3140000-S201100019,서울특별시 양천구 신정동 1300번지,"서울특별시 양천구 신목로 43 (신정동, 명지해드는터)",8014.0,2011-03-30,,사용중,명지해드는터 102동 지하1층 주차장,공공용시설,지하,2938.0,2938,37.0,31.0,6.45,126.0,52.0,22.72,37.51922476870645,126.8728320064012,944578.501539,1946843.910001,I,2026-05-05 22:34:35,2026-02-04 09:26:06
3140000,3140000-S201100010,서울특별시 양천구 신월동 1036번지,서울특별시 양천구 월정로 303-0 (신월동),7900.0,2011-04-22,,사용중,수명산롯데캐슬아파트 지하1층주차장,공공용시설,지하,8184.0,8184,37.0,32.0,40.92,126.0,49.0,42.76,37.5439372012328,126.82833527439232,940665.955693,1949612.78093,I,2026-05-05 22:34:43,2026-02-05 10:05:13
3140000,3140000-S200200039,서울특별시 양천구 목동 909번지 5호,서울특별시 양천구 목동동로 435 (목동),7984.0,2002-11-01,,사용중,화성프라자 지하1층,공공용시설,지하,489.0,489,37.0,32.0,14.59,126.0,53.0,5.5,37.53732465106453,126.88494197180228,945661.775843,1948844.933032,I,2026-05-05 22:34:36,2026-02-04 16:12:33
3140000,3140000-S201000015,서울특별시 양천구 신정동 337번지 2호,서울특별시 양천구 목동남로4길 6-46 (신정동),8104.0,2010-12-14,,사용중,목동2차우성아파트 지하1층 주차장,공공용시설,지하,10581.0,10581,37.0,30.0,25.66,126.0,51.0,52.66,37.50677719401182,126.8657396441378,943942.4484,1945467.12003,I,2026-05-05 22:34:42,2026-02-05 13:32:04
3140000,3140000-S201000009,서울특별시 양천구 신월동 1029번지,"서울특별시 양천구 신월로20길 33 (신월동, 신도신월1차아파트)",8061.0,2010-12-13,,사용중,신도신월1차 아파트 지하1층 주차장,공공용시설,지하,1900.0,1900,37.0,31.0,4.53,126.0,50.0,48.91,37.51772471985094,126.84663575193994,942262.412908,1946693.242748,I,2026-05-05 22:34:42,2026-02-09 09:25:30
3140000,3140000-S201800009,서울특별시 양천구 신월동 1023번지,"서울특별시 양천구 신정로13길 51 (신월동, 벽산블루밍2단지)",8081.0,2018-07-01,,사용중,"벽산블루밍2단지 지하1,2층 주차장",공공용시설,지하,6483.0,6483,37.0,30.0,50.24,126.0,50.0,29.79,37.51395544926008,126.8416089375916,941815.26337,1946278.158592,I,2026-05-05 22:34:52,2026-02-09 09:31:53
3140000,3140000-S201100002,서울특별시 양천구 목동 757번지 1호,"서울특별시 양천구 목동중앙로3길 30-10 (목동, 서울정목초등학교)",7961.0,2011-03-28,,사용중,정목초등학교 지하1~3층 주차장,공공용시설,지하,3356.0,3356,37.0,32.0,11.0,126.0,52.0,11.3,37.53693329281928,126.86962468772872,944308.242304,1948810.475166,I,2026-05-05 22:34:42,2026-02-04 17:36:15
3140000,3140000-S201000018,서울특별시 양천구 신월동 1057번지,"서울특별시 양천구 오목로5길 19 (신월동, 양천롯데캐슬)",7930.0,2010-12-31,,사용중,양천롯데캐슬아파트 지하1-2층 주차장,공공용시설,지하,14864.0,14864,37.0,31.0,24.72,126.0,50.0,25.51,37.523532227118,126.840418153315,941717.4770884,1947341.3904560332,I,2026-05-05 22:34:42,2026-02-09 09:25:56
3140000,3140000-S202300007,서울특별시 양천구 목동 908-34 부영그린타운3차,"서울특별시 양천구 목동동로 411 (목동, 부영그린타운3차)",7984.0,2023-10-11,,사용중,부영그린타운3차(지하2~6층) 주차장,공공용시설,지하,24730.0,24730,37.0,32.0,12.21,126.0,52.0,55.97,37.5367262500727,126.882213653472,945420.29988267,1948780.123488728,I,2026-05-05 22:34:47,2026-02-09 09:35:56
3140000,3140000-S202300004,서울특별시 양천구 목동 549 금호베스트빌아파트 104동,"서울특별시 양천구 목동중앙북로8길 111, 104동 (목동, 금호베스트빌아파트)",7949.0,2023-06-21,,사용중,목동금호베스트빌 104동 지하1층 주차장,공공용시설,지하,4454.0,4454,37.0,32.0,40.77,126.0,52.0,0.64,37.544659709173445,126.8668438920537,944068.337009,1949669.334306,I,2026-05-05 22:34:50,2026-02-09 09:46:01
3140000,3140000-S202100001,서울특별시 양천구 신월동 1063 신정뉴타운롯데캐슬,"서울특별시 양천구 중앙로29길 61 (신월동, 신정뉴타운롯데캐슬)",8061.0,2021-02-09,,사용중,"신정뉴타운롯데캐슬아파트 지하1,2층 주차장",공공용시설,지하,38684.0,38684,37.0,31.0,2.81,126.0,50.0,52.65,37.51744696011278,126.84795924486492,942379.157284,1946661.615283,I,2026-05-05 22:34:52,2026-02-09 09:33:57
3140000,3140000-S202300003,서울특별시 양천구 목동 549 금호베스트빌아파트 103동,"서울특별시 양천구 목동중앙북로8길 111, 103동 (목동, 금호베스트빌아파트)",7949.0,2023-06-21,,사용중,목동금호베스트빌103동 지하1층 주차장,공공용시설,지하,3239.0,3239,37.0,32.0,40.77,126.0,52.0,0.64,37.544659709173445,126.8668438920537,944068.337009,1949669.334306,I,2026-05-05 22:34:53,2026-02-09 09:45:38
3140000,3140000-S201600002,서울특별시 양천구 목동 908번지 32호,"서울특별시 양천구 목동서로 41 (목동, 목5동주민센터)",7984.0,2016-01-25,2023-06-21,사용중지,목5동 주민센터 지하1층,공공용시설,지하,1374.0,1374,37.0,32.0,13.97,126.0,52.0,54.22,37.53714544121806,126.8816047495709,945366.810217,1948826.984257,I,2026-05-05 22:34:39,2023-06-21 10:47:42
3140000,3140000-S201000022,서울특별시 양천구 신정동 276번지,"서울특별시 양천구 목동로3길 57 (신정동, 양천아파트)",8100.0,2010-12-14,,사용중,양천아파트(106~108동) 지하1층 주차장,공공용시설,지하,3537.0,3537,37.0,30.0,34.5,126.0,51.0,49.54,37.51166941775729,126.86369584370792,943765.480535,1946011.105359,I,2026-05-05 22:34:39,2026-02-05 13:32:40
3140000,3140000-S201000013,서울특별시 양천구 신월동 12번지 4호,서울특별시 양천구 화곡로3길 15 (신월동),7900.0,2010-12-14,,사용중,수명아파트 지하1층 주차장,공공용시설,지하,1182.0,1182,37.0,32.0,27.41,126.0,49.0,37.39,37.54084851161791,126.82708308285088,940552.8848,1949270.895908,I,2026-05-05 22:34:36,2026-02-04 14:31:36
3140000,3140000-S201200005,서울특별시 양천구 목동 709번지 2호,"서울특별시 양천구 목동중앙남로 100 (목동, 성원아파트)",7956.0,2012-07-12,,사용중,목동2차성원아파트 104동 지하주차장(B1층),공공용시설,지하,4000.0,4000,37.0,32.0,29.27,126.0,51.0,52.33,37.5419521147093,126.86394660365018,943810.361841,1949370.667149,I,2026-05-05 22:34:49,2026-02-09 09:29:22
3140000,3140000-S200200010,서울특별시 양천구 목동 924번지,서울특별시 양천구 목동서로 201 (목동),7994.0,2002-11-01,2024-11-21,사용중지,한국통신 지하1층 주차장,공공용시설,지하,16129.0,16129,37.0,31.0,45.94,126.0,52.0,15.77,37.52921887558097,126.8709157659158,944416.581193,1947953.835248,I,2026-05-05 22:34:35,2025-03-06 17:31:27
3140000,3140000-S200200003,서울특별시 양천구 목동 406번지 30호,"서울특별시 양천구 오목로 지하 342 (목동, 오목교역)",8006.0,2002-11-01,,사용중,오목교역 지하1층 대합실,공공용시설,지하,12427.0,12427,37.0,31.0,28.3,126.0,52.0,30.97,37.52446327495949,126.87535781909742,944805.563785,1947423.609837,I,2026-05-05 22:34:35,2026-02-05 14:53:39
3140000,3140000-S200200104,서울특별시 양천구 신정동 319번지 12호,"서울특별시 양천구 목동동로 165 (신정동, 양천세무서)",8013.0,2002-11-01,2023-06-21,사용중지,양천세무서 지하1층,공공용시설,지하,597.0,597,37.0,31.0,13.93,126.0,52.0,11.79,37.52044413318309,126.87010795802256,944338.686493,1946980.800422,I,2026-05-05 22:34:35,2023-06-21 21:45:10
3140000,3140000-S201800008,서울특별시 양천구 신월동 1022번지,"서울특별시 양천구 신정로13길 50 (신월동, 벽산아파트)",8080.0,2018-07-01,,사용중,"벽산블루밍1단지 지하1,2층 주차장",공공용시설,지하,5935.0,5935,37.0,30.0,50.4,126.0,50.0,30.33,37.51400025195235,126.8417592666048,941828.583494,1946283.03626,I,2026-05-05 22:34:52,2026-02-09 10:59:06
3140000,3140000-S200200008,서울특별시 양천구 목동 923번지 5호,"서울특별시 양천구 목동동로 233 (목동, 한국방송회관)",7995.0,2002-11-01,,사용중,방송회관 지하1~6층 주차장,공공용시설,지하,14778.0,14778,37.0,31.0,37.21,126.0,52.0,16.97,37.52702569017591,126.87163085653674,944478.138846,1947710.09012,I,2026-05-05 22:34:40,2026-02-05 14:41:15
3140000,3140000-S201000016,서울특별시 양천구 신정동 282번지 2호,"서울특별시 양천구 목동동로8길 23 (신정동, 메리트원)",8017.0,2010-12-31,,사용중,메리트윈 지하1층 주차장,공공용시설,지하,817.0,817,37.0,31.0,0.76,126.0,52.0,17.48,37.51681998137428,126.8714124656759,944451.275778,1946577.948784,I,2026-05-05 22:34:42,2026-02-04 09:23:46
3140000,3140000-S200200074,서울특별시 양천구 신정동 1021번지 9호,서울특별시 양천구 중앙로32길 61 (신정동),8087.0,2002-11-01,,사용중,현대프라자 지하 2층,공공용시설,지하,2545.0,2545,37.0,31.0,12.42,126.0,51.0,36.91,37.52000311333874,126.86034642089612,943475.752294,1946937.69222,I,2026-05-05 22:34:44,2026-02-04 21:06:32
3140000,3140000-S200200075,서울특별시 양천구 신정동 1022번지 9호,서울특별시 양천구 중앙로32길 55 (신정동),8086.0,2002-11-01,,사용중,동화목동프라자 지하 2층,공공용시설,지하,2364.0,2364,37.0,31.0,11.58,126.0,51.0,35.41,37.51978323601841,126.8597383369842,943421.85115,1946913.663522,I,2026-05-05 22:34:37,2026-02-04 21:05:50
3140000,3140000-S200200025,서울특별시 양천구 목동 905번지,"서울특별시 양천구 목동서로 113 (목동, 양천도서관)",7988.0,2002-11-01,2023-06-21,사용중지,양천도서관 지하1층,공공용시설,지하,1024.0,1024,37.0,32.0,1.03,126.0,52.0,35.02,37.533524569588565,126.87572193654842,944844.410882,1948428.700695,I,2026-05-05 22:34:35,2023-06-21 10:47:19
3140000,3140000-S201100003,서울특별시 양천구 신월동 987번지,"서울특별시 양천구 지양로 47 (신월동, 신월문화체육센타)",8038.0,2011-04-13,,사용중,신월문화체육센타 지하1층,공공용시설,지하,1300.0,1300,37.0,31.0,11.47,126.0,50.0,6.2,37.51995851861528,126.83505280715674,941240.571681,1946948.243329,I,2026-05-05 22:34:43,2026-02-04 14:40:53
3140000,3140000-S200200088,서울특별시 양천구 신정동 1090번지,"서울특별시 양천구 오목로 지하 179 (신정동, 신정역)",7944.0,2002-11-01,,사용중,신정역 지하1층 대합실,공공용시설,지하,6413.0,6413,37.0,31.0,30.78,126.0,51.0,26.24,37.5252016800661,126.85729574829544,943210.111315,1947516.284045,I,2026-05-05 22:34:40,2026-02-09 10:38:34
3140000,3140000-S201600004,서울특별시 양천구 신월동 987번지,"서울특별시 양천구 지양로 47 (신월동, 신월문화체육센타)",8038.0,2016-02-23,,사용중,"해맞이 공영주차장 지하1,2,3층 주차장",공공용시설,지하,8386.0,8386,37.0,31.0,13.68,126.0,50.0,4.38,37.51995851861528,126.83505280715674,941240.571681,1946948.243329,I,2026-05-05 22:34:39,2026-02-06 10:28:18
3140000,3140000-S202000004,서울특별시 양천구 신월동 1078 목동 센트럴 아이파크 위브 4단지,"서울특별시 양천구 남부순환로83길 47 (신월동, 목동 센트럴 아이파크 위브 4단지)",8067.0,2020-12-30,,사용중,"목동센트럴아이파크위브 4단지 지하1,2,3층 주차장",공공용시설,지하,35124.0,35124,37.0,31.0,2.67,126.0,50.0,41.67,37.517408209177454,126.8449095683771,942109.624374,1946659.188336,I,2026-05-05 22:34:52,2026-02-09 09:33:45
3140000,3140000-S201100001,서울특별시 양천구 목동 136번지 2호,"서울특별시 양천구 목동중앙로 지하 217 (목동, 신목동역)",7969.0,2011-01-01,,사용중,신목동역 지하1~2 대합실,공공용시설,지하,6926.0,6926,37.0,32.0,40.14,126.0,52.0,57.89,37.54448114969679,126.88276516113196,945474.672305,1949640.171501,I,2026-05-05 22:34:42,2026-02-02 09:19:12
3140000,3140000-S201200001,서울특별시 양천구 신월동 1034번지,"서울특별시 양천구 신월로15길 21 (신월동, 신월대성유니드아파트)",8031.0,2012-07-02,,사용중,신월대성유니드아파트 103동 지하1층 주차장,공공용시설,지하,5763.0,5763,37.0,31.0,12.86,126.0,50.0,28.88,37.5202395301226,126.841356401207,941797.8264676002,1946975.5013665,I,2026-05-05 22:34:45,2026-02-09 09:27:19
3140000,3140000-S201400001,서울특별시 양천구 신정동 321번지 4호,서울특별시 양천구 목동동로 105 (신정동),8095.0,2014-04-01,,사용중,"양천구청 지하1,2층 주차장",공공용시설,지하,3855.0,3855,37.0,31.0,1.33,126.0,51.0,59.61,37.51688696175076,126.8664993177497,944017.142868,1946588.292235,I,2026-05-05 22:34:35,2026-02-03 17:37:38
3140000,3140000-S201100009,서울특별시 양천구 신월동 1038번지,서울특별시 양천구 화곡로3길 31 (신월동),7900.0,2011-04-22,,사용중,아름다운세상아파트 지하1층주차장,공공용시설,지하,1067.0,1067,37.0,32.0,32.27,126.0,49.0,38.83,37.54216235631118,126.82752365799304,940592.849264,1949416.382488,I,2026-05-05 22:34:48,2026-02-04 15:00:03
3140000,3140000-S201100006,서울특별시 양천구 신월동 51번지 8호,서울특별시 양천구 남부순환로 339 (신월동),7905.0,2011-04-22,,사용중,성산교회 지하1층 주차장,공공용시설,지하,733.0,733,37.0,32.0,12.51,126.0,49.0,41.3,37.536792417429815,126.82803055179808,940633.371667,1948820.292478,I,2026-05-05 22:34:43,2026-02-05 09:50:57
3140000,3140000-S200200060,서울특별시 양천구 신월동 533번지 1호,"서울특별시 양천구 신월로17길 22 (신월동, 금용아파트)",8030.0,2002-11-01,,사용중,금용아파트 지하1층 주차장,공공용시설,지하,3758.0,3758,37.0,31.0,13.95,126.0,50.0,31.45,37.5205409967632,126.842070802091,941861.1903753668,1947008.505794867,I,2026-05-05 22:34:46,2026-02-09 09:23:25
3140000,3140000-S200200032,서울특별시 양천구 목동 911번지 1호,"서울특별시 양천구 안양천로 1071 (목동, 이화여대목동병원)",7985.0,2002-11-01,,사용중,"이화여대부속목동병원 지하1, 2층",공공용시설,지하,9705.0,9705,37.0,32.0,11.48,126.0,53.0,10.34,37.53706540271158,126.88657225707767,945805.619648,1948815.229903,I,2026-05-05 22:34:47,2026-02-04 16:11:05
3140000,3140000-S202300002,서울특별시 양천구 목동 549 금호베스트빌아파트 102동,"서울특별시 양천구 목동중앙북로8길 111, 102동 (목동, 금호베스트빌아파트)",7949.0,2023-06-21,,사용중,목동금호베스트빌 102동 지하1층 주차장,공공용시설,지하,3833.0,3833,37.0,32.0,40.77,126.0,52.0,0.64,37.544659709173445,126.8668438920537,944068.337009,1949669.334306,I,2026-05-05 22:34:50,2026-02-09 09:45:20
3140000,3140000-S201000010,서울특별시 양천구 신월동 142번지 14호,서울특별시 양천구 가로공원로56길 10-0 (신월동),7913.0,2016-12-06,,사용중,금하뜨라네아파트 지하1층 주차장,공공용시설,지하,5894.0,5894,37.0,32.0,4.22,126.0,49.0,24.34,37.5346083305875,126.82365073767332,940244.679833,1948580.752365,I,2026-05-05 22:34:49,2026-02-04 15:21:44
3140000,3140000-S201000003,서울특별시 양천구 신월동 150번지 3호,"서울특별시 양천구 가로공원로 86 (신월동, 신월청소년문화쎈타)",7910.0,2010-12-06,2023-10-11,사용중지,신월청소년문화센터 지하1층,공공용시설,지하,242.0,242,37.0,32.0,6.8,126.0,49.0,31.44,37.53525182717655,126.82545392244369,940404.504862,1948651.001016,I,2026-05-05 22:34:48,2023-10-13 17:45:16
3140000,3140000-S200200048,서울특별시 양천구 신월동 465번지 5호,"서울특별시 양천구 오목로13길 33 (신월동, 신월보성아파트)",7931.0,2002-11-01,,사용중,보성아파트 지하1층 주차장,공공용시설,지하,1207.0,1207,37.0,31.0,33.17,126.0,50.0,40.29,37.52588948642731,126.8448301539348,942109.160037,1947600.192009,I,2026-05-05 22:34:48,2026-02-09 09:22:58
3140000,3140000-S202300001,서울특별시 양천구 신월동 489-3,서울특별시 양천구 오목로 55 (신월동),7936.0,2023-06-16,,사용중,"신목동파라곤아파트 지하1,2층 주차장",공공용시설,지하,13470.0,13470,37.0,31.0,20.96,126.0,50.0,37.15,37.52248989882481,126.8436518305852,942002.410355,1947223.750667,I,2026-05-05 22:34:50,2026-02-09 09:34:21
3140000,3140000-S201000005,서울특별시 양천구 신월동 48번지 12호,서울특별시 양천구 가로공원로 85 (신월동),7909.0,2010-12-10,2023-10-11,사용중지,구립 파란들어린이집 지하1층,공공용시설,지하,124.0,124,37.0,32.0,8.38,126.0,49.0,31.34,37.53560169797001,126.82537370801742,940397.696377,1948689.868378,I,2026-05-05 22:34:41,2023-10-13 17:46:11
3140000,3140000-S200700003,서울특별시 양천구 목동 907번지 2호,서울특별시 양천구 목동동로 371 (목동),7983.0,2007-06-30,2023-06-27,사용중지,법안정사 지하1층,공공용시설,지하,641.0,641,37.0,32.0,7.78,126.0,52.0,42.44,37.53531046180923,126.87837902812852,945080.479669,1948625.281426,I,2026-05-05 22:34:50,2023-06-27 09:43:43
3140000,3140000-S200900007,서울특별시 양천구 신정동 323번지 9호,서울특별시 양천구 목동서로 377 (신정동),8093.0,2009-12-15,,사용중,목동 이스타빌 3차 지하1~4층 주차장,공공용시설,지하,10307.0,10307,37.0,30.0,57.61,126.0,51.0,44.22,37.516101980831984,126.86232568819044,943647.72232,1946503.694515,I,2026-05-05 22:34:41,2026-02-05 13:31:20
3140000,3140000-S201200004,서울특별시 양천구 목동 709번지 2호,"서울특별시 양천구 목동중앙남로 100 (목동, 성원아파트)",7956.0,2012-07-12,,사용중,목동2차성원아파트 103동 지하주차장(B1층),공공용시설,지하,4000.0,4000,37.0,32.0,30.93,126.0,51.0,52.75,37.5419521147093,126.86394660365018,943810.361841,1949370.667149,I,2026-05-05 22:34:49,2026-02-09 09:29:09
3140000,3140000-S202000001,서울특별시 양천구 신월동 1075 목동 센트럴 아이파크 위브 1단지,"서울특별시 양천구 남부순환로83길 17 (신월동, 목동 센트럴 아이파크 위브 1단지)",8066.0,2020-12-30,,사용중,"목동센트럴아이파크위브 1단지 지하1,2층 주차장",공공용시설,지하,23571.0,23571,37.0,30.0,58.35,126.0,50.0,31.36,37.5162093846086,126.84204414731629,941855.473883,1946527.952016,I,2026-05-05 22:34:53,2026-02-09 10:30:36
3140000,3140000-S200700005,서울특별시 양천구 신정동 1278번지,"서울특별시 양천구 신목로 7 (신정동, 목동삼성아파트)",8016.0,2007-06-30,,사용중,"목동삼성아파트 101동 102동 지하1,2층 주차장",공공용시설,지하,4954.0,4954,37.0,30.0,58.1,126.0,52.0,35.26,37.516766137612734,126.8760767098795,944863.422981,1946569.231298,I,2026-05-05 22:34:44,2026-02-02 17:13:26
3140000,3140000-S202300008,서울특별시 양천구 목동 929 한신청구아파트,"서울특별시 양천구 목동서로2길 22 (목동, 한신청구아파트)",7979.0,2023-10-11,,사용중,목동한신청구아파트(지하1~2층) 주차장,공공용시설,지하,23023.0,23023,37.0,32.0,24.54,126.0,52.0,54.52,37.540149209969,126.881810067877,945387.1404821356,1949160.1182553603,I,2026-05-05 22:34:50,2026-02-09 09:36:10
3140000,3140000-S201300008,서울특별시 양천구 목동 960번지,"서울특별시 양천구 목동중앙북로 7 (목동, 신한이모르젠)",7946.0,2013-01-02,,사용중,목동신한아파트 지하주차장(B1~B4층),공공용시설,지하,8590.0,8590,37.0,32.0,56.36,126.0,51.0,52.11,37.5487011281419,126.86438328896628,943854.001642,1950119.177389,I,2026-05-05 22:34:49,2026-02-09 09:28:30
3140000,3140000-S201200002,서울특별시 양천구 목동 709번지 2호,"서울특별시 양천구 목동중앙남로 100 (목동, 성원아파트)",7956.0,2012-07-12,,사용중,목동2차성원아파트 101동 지하주차장(B1층),공공용시설,지하,8000.0,8000,37.0,32.0,32.74,126.0,51.0,50.1,37.5419521147093,126.86394660365018,943810.361841,1949370.667149,I,2026-05-05 22:34:44,2026-02-09 09:28:56
3140000,3140000-S200200070,서울특별시 양천구 신월동 962번지 10호,"서울특별시 양천구 남부순환로70길 16-3 (신월동, 신월7동주민센터)",8039.0,2002-11-01,2023-06-21,사용중지,신월7동주민센터 지하1층,공공용시설,지하,165.0,165,37.0,31.0,18.81,126.0,50.0,5.03,37.52190353040686,126.83475980443252,941216.205605,1947164.215694,I,2026-05-05 22:34:36,2023-06-21 20:59:49
3140000,3140000-S201700006,서울특별시 양천구 신정동 1306번지,"서울특별시 양천구 목동남로2길 60-30 (신정동, 세양청마루아파트)",8105.0,2017-09-12,,사용중,세양청마루아파트 지하1층 주차장,공공용시설,지하,11510.0,11510,37.0,30.0,27.03,126.0,51.0,50.58,37.5066562564832,126.86304268622835,943703.990985,1945455.312739,I,2026-05-05 22:34:51,2026-02-05 13:33:20
3140000,3140000-S201100014,서울특별시 양천구 신정동 1300번지,"서울특별시 양천구 신목로 43 (신정동, 명지해드는터)",8014.0,2011-03-30,,사용중,명지해드는터 101동 지하1층 주차장,공공용시설,지하,2938.0,2938,37.0,31.0,7.56,126.0,52.0,20.84,37.51922476870645,126.8728320064012,944578.501539,1946843.910001,I,2026-05-05 22:34:45,2026-02-04 09:25:39
3140000,3140000-S201400002,서울특별시 양천구 신정동 322번지 11호,서울특별시 양천구 목동동로 81 (신정동),8094.0,2014-04-01,,사용중,"양천구청 해누리타운 지하1,2층 주차장",공공용시설,지하,4593.0,4593,37.0,30.0,57.51,126.0,51.0,49.77,37.51584041020276,126.864100548377,943804.375029,1946473.612994,I,2026-05-05 22:34:38,2026-02-03 17:32:22
3140000,3140000-S201700009,서울특별시 양천구 신월동 110번지 1호,"서울특별시 양천구 곰달래로5길 30 (신월동, 은성아파트)",7922.0,2017-09-15,,사용중,은성아파트 지하1층 주차장,공공용시설,지하,1086.0,1086,37.0,31.0,56.69,126.0,50.0,0.48,37.532253835673856,126.83345239199052,941108.812798,1948313.349257,I,2026-05-05 22:34:51,2026-02-03 14:34:33
3140000,3140000-S200300003,서울특별시 양천구 신정동 1259번지,"서울특별시 양천구 신정로 293 (신정동, 신트리1단지아파트)",8078.0,2003-02-27,,사용중,신트리1단지아파트 지하1층주차장,공공용시설,지하,13138.0,13138,37.0,30.0,49.1,126.0,51.0,12.14,37.51335681629825,126.85342506750004,942859.058813,1946204.501459,I,2026-05-05 22:34:51,2026-02-04 20:52:05
3140000,3140000-S201000011,서울특별시 양천구 신월동 207번지 24호,서울특별시 양천구 남부순환로64길 23-0 (신월동),7916.0,2010-12-14,,사용중,"금강아파트 지하1,2층 주차장",공공용시설,지하,4452.0,4452,37.0,31.0,37.47,126.0,50.0,0.04,37.52692922205694,126.83315654942582,941078.48556,1947722.794467,I,2026-05-05 22:34:38,2026-02-04 15:26:56
3140000,3140000-S200900012,서울특별시 양천구 신정동 321번지 6호,"서울특별시 양천구 목동서로 349 (신정동, 센트럴프라자)",8095.0,2009-12-15,,사용중,센트럴프라자 지하3층~6층 주차장,공공용시설,지하,16464.0,16464,37.0,31.0,2.65,126.0,51.0,55.15,37.51747740075275,126.86500092835176,943885.169981,1946654.691041,I,2026-05-05 22:34:41,2026-02-03 17:43:14
3140000,3140000-S200200108,서울특별시 양천구 신정동 276번지 7호,서울특별시 양천구 목동로3길 지하 33 (신정동),8100.0,2002-11-01,,사용중,양천구청역 지하1층 대합실,공공용시설,지하,2770.0,2770,37.0,30.0,45.75,126.0,51.0,57.87,37.51273566651447,126.86611451886694,943980.034529,1946127.957113,I,2026-05-05 22:34:45,2026-02-05 13:30:02
3140000,3140000-S201100007,서울특별시 양천구 신월동 51번지 11호,"서울특별시 양천구 남부순환로 331 (신월동, 메디힐병원)",7905.0,2011-04-22,2023-06-16,사용중지,메디힐병원 별관1층,공공용시설,지하,870.0,870,37.0,32.0,14.46,126.0,49.0,39.68,37.53744981302862,126.8276233924302,940597.921348,1948893.484578,I,2026-05-05 22:34:48,2023-06-16 09:45:21
3140000,3140000-S200200031,서울특별시 양천구 목동 911번지 2호,"서울특별시 양천구 안양천로 1039 (목동, 양정중학교.양정고등학교)",7985.0,2002-11-01,,사용중,양정중고등학교 지하1층,공공용시설,지하,1315.0,1315,37.0,32.0,4.07,126.0,53.0,15.37,37.53459785054049,126.8878535063148,945917.032977,1948540.729773,I,2026-05-05 22:34:36,2026-02-04 16:02:29
3140000,3140000-S200900018,서울특별시 양천구 목동 941번지,"서울특별시 양천구 목동중앙로 11 (목동, 대원칸타빌2단지아파트)",7967.0,2009-12-15,,사용중,목동대원칸타빌아파트 205동 지하1층주차장,공공용시설,지하,3254.0,3254,37.0,31.0,56.86,126.0,52.0,3.61,37.531572138163966,126.8669348485726,944066.596606,1948217.278042,I,2026-05-05 22:34:38,2026-02-04 17:29:34
3140000,3140000-S200200097,서울특별시 양천구 신정동 319번지 2호,"서울특별시 양천구 목동동로 151 (신정동, 서울출입국관리사무소)",8013.0,2002-11-01,2024-11-21,사용중지,서울출입국 외국인청 지하1층,공공용시설,지하,984.0,984,37.0,31.0,9.29,126.0,52.0,10.34,37.519226201320144,126.86961071131404,944293.840637,1946845.971593,I,2026-05-05 22:34:47,2025-03-06 17:33:23
3140000,3140000-S200900010,서울특별시 양천구 신정동 1310 동일하이빌2단지아파트,"서울특별시 양천구 신정로11길 20 (신정동, 동일하이빌아파트)",8054.0,2009-12-15,,사용중,"동일하이빌2단지아파트 지하1,2층 주차장",공공용시설,지하,13656.0,13656,37.0,30.0,44.09,126.0,50.0,22.18,37.51020322312728,126.84055302946304,941719.029646,1945862.522197,I,2026-05-05 22:34:41,2026-02-04 20:51:49
3140000,3140000-S201000014,서울특별시 양천구 신정동 276번지,서울특별시 양천구 목동로3길 57-0 (신정동),8100.0,2010-12-14,,사용중,양천아파트(101동~102동) 지하1층 주차장,공공용시설,지하,3537.0,3537,37.0,30.0,39.46,126.0,51.0,48.85,37.51166941775729,126.86369584370792,943765.480535,1946011.105359,I,2026-05-05 22:34:42,2026-02-05 13:31:41
3140000,3140000-S201000006,서울특별시 양천구 신월동 49번지 11호,서울특별시 양천구 가로공원로 101 (신월동),7909.0,2010-12-10,2024-11-21,사용중지,양천해누리복지관 신월센터 지하1층,공공용시설,지하,132.0,132,37.0,32.0,9.36,126.0,49.0,37.99,37.53587728696221,126.82724597906108,940563.329664,1948719.258651,I,2026-05-05 22:34:51,2025-03-06 17:32:32
3140000,3140000-S201800005,서울특별시 양천구 신월동 1060번지,"서울특별시 양천구 화곡로3길 43 (신월동, 수명산동원데쟈뷰아파트)",7900.0,2018-07-01,,사용중,수명산동원데자뷰아파트 지하1층주차장,공공용시설,지하,4609.0,4609,37.0,32.0,36.37,126.0,49.0,41.04,37.54312506110384,126.8279583850006,940632.017309,1949522.915597,I,2026-05-05 22:34:52,2026-02-04 17:37:12
3140000,3140000-S201000019,서울특별시 양천구 신월동 1041번지,서울특별시 양천구 오목로3길 17-0 (신월동),7928.0,2010-12-31,,사용중,삼정그린뷰아파트 지하1층주차장,공공용시설,지하,6473.0,6473,37.0,31.0,22.17,126.0,50.0,20.63,37.5228259887505,126.839065227268,941597.3767825336,1947263.8759870336,I,2026-05-05 22:34:51,2026-02-09 09:26:11
3140000,3140000-S201000007,서울특별시 양천구 신월동 491번지 1호,"서울특별시 양천구 오목로13길 7 (신월동, 신월대림아파트)",7936.0,2010-12-13,,사용중,"신월대림아파트 지하1,2층 주차장",공공용시설,지하,1761.0,1761,37.0,31.0,25.01,126.0,50.0,41.93,37.5237210210986,126.84544789676774,942162.070299,1947359.231603,I,2026-05-05 22:34:42,2026-02-09 09:25:02
3140000,3140000-S200900001,서울특별시 양천구 신정동 1263번지,"서울특별시 양천구 중앙로 209 (신정동, 신정3동주민센터)",8077.0,2009-11-11,2023-06-21,사용중지,신정3동주민센터 지하1층 주차장,공공용시설,지하,570.0,570,37.0,30.0,54.56,126.0,51.0,17.15,37.51518684956584,126.85488621180572,942989.580749,1946406.647636,I,2026-05-05 22:34:46,2023-06-21 22:15:06
3140000,3140000-S201700007,서울특별시 양천구 신정동 336번지,"서울특별시 양천구 신목로2길 11 (신정동, 청구아파트)",8015.0,2017-09-12,,사용중,청구아파트 지하1층 주차장,공공용시설,지하,1471.0,1471,37.0,31.0,8.69,126.0,52.0,32.41,37.51888821781217,126.87606135973566,944863.627913,1946804.673832,I,2026-05-05 22:34:48,2026-02-04 09:26:36
3140000,3140000-S201700008,서울특별시 양천구 신월동 1047번지,"서울특별시 양천구 중앙로55길 59 (신월동, 방주기픈샘아파트2차)",7931.0,2017-09-12,,사용중,방주기픈샘2차아파트 지하1층 주차장,공공용시설,지하,3302.0,3302,37.0,31.0,31.74,126.0,50.0,33.81,37.52570057960008,126.8429290807853,941941.032795,1947580.405506,I,2026-05-05 22:34:45,2026-02-09 09:30:06
3140000,3140000-S200200094,서울특별시 양천구 신정동 321번지,"서울특별시 양천구 목동동로 99 (신정동, 서울양천경찰서)",8095.0,2002-11-01,,사용중,양천경찰서 지하1층,공공용시설,지하,1833.0,1833,37.0,31.0,1.56,126.0,51.0,56.26,37.51655139828921,126.86580246389568,943955.30983,1946551.478143,I,2026-05-05 22:34:37,2026-02-03 17:55:21
3140000,3140000-S201800004,서울특별시 양천구 신월동 1027번지,"서울특별시 양천구 월정로9길 20 (신월동, 양천벽산블루밍2단지)",7929.0,2018-07-01,,사용중,양천벽산블루밍2단지 지하1층 주차장,공공용시설,지하,6944.0,6944,37.0,31.0,29.35,126.0,50.0,20.11,37.5248203897497,126.838920739785,941586.1642711668,1947485.2345556,I,2026-05-05 22:34:51,2026-02-09 10:20:02
3140000,3140000-S200100001,서울특별시 양천구 신월동 167번지 5호,서울특별시 양천구 남부순환로54길 5 (신월동),7910.0,2010-12-01,2023-06-21,사용중지,신월3동주민센터 지하1층 주차장,공공용시설,지하,200.0,200,37.0,32.0,1.09,126.0,49.0,44.68,37.53373183499187,126.82906273008636,940722.140196,1948480.084142,I,2026-05-05 22:34:48,2023-06-21 14:37:05
3140000,3140000-S200200100,서울특별시 양천구 신정동 314번지,"서울특별시 양천구 목동서로 280 (신정동, 목동신시가지아파트8단지)",8012.0,2002-11-01,,사용중,목동8단지 아파트 B상가동 지하1층 주차장,공공용시설,지하,2109.0,2109,37.0,31.0,14.98,126.0,52.0,1.95,37.52240070440783,126.8686643765211,944212.577855,1947198.726975,I,2026-05-05 22:34:37,2026-02-03 20:20:43
3140000,3140000-S201100008,서울특별시 양천구 신월동 18번지 17호,서울특별시 양천구 월정로 262 (신월동),7903.0,2011-04-22,,사용중,수명산태승훼미리아파트 지하1층주차장,공공용시설,지하,1201.0,1201,37.0,32.0,28.56,126.0,49.0,51.7,37.54117127158363,126.8310177128686,940900.738467,1949304.224268,I,2026-05-05 22:34:43,2026-02-04 14:51:12
3140000,3140000-S200900009,서울특별시 양천구 목동 928번지,"서울특별시 양천구 목동중앙본로22길 63 (목동, 건영아파트)",7974.0,2009-12-14,,사용중,건영아파트 지하1 ~ 6층 주차장,공공용시설,지하,6227.0,6227,37.0,32.0,31.14,126.0,52.0,21.62,37.54154485913467,126.87270249640775,944583.573435,1949320.287531,I,2026-05-05 22:34:47,2026-02-09 09:24:14
3140000,3140000-S201100018,서울특별시 양천구 신월동 217번지 2호,"서울특별시 양천구 남부순환로65길 6 (신월동, 나산아파트)",7927.0,2011-04-11,,사용중,"나산아파트 지하1층,2층 주차장",공공용시설,지하,3070.0,3070,37.0,31.0,39.43,126.0,50.0,2.98,37.5278123769851,126.83432994903048,941182.860461,1947820.041752,I,2026-05-05 22:34:43,2026-02-03 15:02:37
3140000,3140000-S201100012,서울특별시 양천구 신정동 1309번지,"서울특별시 양천구 신목로12길 22 (신정동, 롯데캐슬)",8015.0,2011-03-30,,사용중,"신정동 롯데캐슬아파트 101동 지하1,2층 주차장",공공용시설,지하,15063.0,15063,37.0,31.0,12.92,126.0,52.0,29.27,37.52013895314199,126.8751805336972,944786.711684,1946943.952941,I,2026-05-05 22:34:43,2026-02-04 09:24:25
3140000,3140000-S202500004,서울특별시 양천구 신정동 1325-3 갈산문화예술센터,"서울특별시 양천구 목동남로 106, 갈산문화예술센터 (신정동)",8102.0,2025-08-05,,사용중,"갈산문화예술센터 지하1,2층 주차장",공공용시설,지하,2315.0,2315,37.0,30.0,38.89,126.0,52.0,12.71,37.51080399951,126.870198306716,944339.5107514596,1945911.225365057,I,2026-05-05 22:34:49,2026-02-09 09:22:10
3140000,3140000-S202500003,서울특별시 양천구 신정동 1325 목동파크자이,"서울특별시 양천구 목동남로4길 80 (신정동, 목동파크자이)",8102.0,2025-08-05,,사용중,"목동파크자이아파트 지하1,2층 주차장",공공용시설,지하,14478.0,14478,37.0,30.0,35.59,126.0,52.0,6.57,37.5098863971941,126.868491959751,944188.0227084872,1945810.4331245343,I,2026-05-05 22:34:46,2026-02-09 09:21:58
3140000,3140000-S201700001,서울특별시 양천구 목동 907번지 3호,"서울특별시 양천구 목동동로 373 (목동, 목1지구대)",7983.0,2017-01-09,2023-12-21,사용중지,양천구사회적경제지원센터 지하1층,공공용시설,지하,192.0,192,37.0,32.0,6.56,126.0,52.0,42.47,37.53507919731294,126.87850230273766,945091.201386,1948599.551799,I,2026-05-05 22:34:46,2023-12-21 11:28:15
3140000,3140000-S200200090,서울특별시 양천구 신정동 945번지 4호,서울특별시 양천구 오목로 142 (신정동),8019.0,2002-11-01,2023-05-19,사용중지,석정빌딩,공공용시설,지하,109.0,109,37.0,31.0,28.04,126.0,51.0,11.34,37.52446371424082,126.85312980573642,942841.438008,1947436.933862,I,2026-05-05 22:34:36,2023-05-22 09:45:57
3140000,3140000-S200200038,서울특별시 양천구 목동 909번지 2호,서울특별시 양천구 목동서로 13 (목동),7984.0,2002-11-01,,사용중,평광교회 지하1층,공공용시설,지하,1272.0,1272,37.0,32.0,17.58,126.0,53.0,3.92,37.538391426136535,126.8842866633354,945604.656005,1948963.665291,I,2026-05-05 22:34:36,2026-02-09 10:59:48
3140000,3140000-S202300009,서울특별시 양천구 신월동 197-2 코아루1단지,"서울특별시 양천구 남부순환로56길 9 (신월동, 코아루1단지)",7914.0,2023-10-11,,사용중,신월코아루1단지아파트(지하1층) 주차장,공공용시설,지하,4421.0,4421,37.0,31.0,55.84,126.0,49.0,46.31,37.5321778196423,126.829531624647,940762.338738193,1948307.378069084,I,2026-05-05 22:34:35,2026-02-09 09:36:30
3140000,3140000-S200900015,서울특별시 양천구 목동 941번지,서울특별시 양천구 목동중앙로 11 (목동),7967.0,2009-12-15,,사용중,목동대원칸타빌아파트 201동 202동 지하1~2층주차장,공공용시설,지하,6508.0,6508,37.0,31.0,55.37,126.0,52.0,3.57,37.531572138163966,126.8669348485726,944066.596606,1948217.278042,I,2026-05-05 22:34:41,2026-02-04 17:28:28
3140000,3140000-S200200012,서울특별시 양천구 목동 124번지 1호,"서울특별시 양천구 목동중앙로13나길 3 (목동, 한국전파진흥협회)",7969.0,2002-11-01,,사용중,한국전파진흥협회 지하1층 주차장,공공용시설,지하,694.0,694,37.0,32.0,45.81,126.0,52.0,50.21,37.54639324595461,126.88075019210392,945298.069303,1949853.479837,I,2026-05-05 22:34:47,2026-02-09 09:52:34
3140000,3140000-S200200096,서울특별시 양천구 신정동 319번지 1호,"서울특별시 양천구 목동서로 313 (신정동, 한국전력강서지점)",8013.0,2002-11-01,2023-06-21,사용중지,한국전력강서양천지사 지하1층,공공용시설,지하,950.0,950,37.0,31.0,12.31,126.0,52.0,7.53,37.519291608215084,126.86849884327636,944195.634901,1946853.887131,I,2026-05-05 22:34:47,2023-06-21 21:44:45
3140000,3140000-S200700001,서울특별시 양천구 목동 917번지 6호,"서울특별시 양천구 목동동로 309 (목동, 행복한세상)",7997.0,2007-06-30,,사용중,행복한 백화점 지하2층 3층 주차장,공공용시설,지하,20798.0,20798,37.0,31.0,44.97,126.0,52.0,33.46,37.52955990734068,126.8761424586002,944878.647028,1947988.594894,I,2026-05-05 22:34:41,2026-02-05 14:46:35
3140000,3140000-S200900019,서울특별시 양천구 목동 951번지,서울특별시 양천구 목동중앙서로 37 (목동),7964.0,2009-12-15,,사용중,목동금호어울림아파트 107동 지하1~2층 주차장,공공용시설,지하,2980.0,2980,37.0,32.0,2.28,126.0,52.0,7.54,37.53303903117546,126.86792531521586,944155.202335,1948379.433886,I,2026-05-05 22:34:38,2026-02-04 17:33:44
3140000,3140000-S202300006,서울특별시 양천구 신정동 313-1 서울남부지방법원,"서울특별시 양천구 신월로 386, 서울남부지방법원 (신정동)",8088.0,2023-06-27,,사용중,남부지방법원 별관 지하1층 주차장,공공용시설,지하,1399.0,1399,37.0,31.0,20.0,126.0,51.0,50.38,37.522222592540295,126.86399336975448,943799.690404,1947181.746854,I,2026-05-05 22:34:53,2026-02-09 09:39:39
3140000,3140000-S201100017,서울특별시 양천구 신월동 125번지,"서울특별시 양천구 곰달래로7길 7 (신월동, 신월6차보람아파트)",7923.0,2011-04-11,,사용중,신월6차보람아파트 지하1층 주차장,공공용시설,지하,3404.0,3404,37.0,31.0,48.42,126.0,50.0,6.72,37.53047716245915,126.83514090659511,941256.605655,1948115.179911,I,2026-05-05 22:34:49,2026-02-03 14:27:05
3140000,3140000-S200200042,서울특별시 양천구 신월동 135번지 18호,"서울특별시 양천구 곰달래로1길 38 (신월동, 신월1동주민센터)",7920.0,2002-11-01,2023-06-21,사용중지,신월1동주민센터 지하1층,공공용시설,지하,263.0,263,37.0,31.0,58.09,126.0,49.0,53.28,37.53281136393768,126.83139927283302,940927.852077,1948376.492012,I,2026-05-05 22:34:40,2023-06-21 10:58:50
3140000,3140000-S200200086,서울특별시 양천구 신정동 1231번지,"서울특별시 양천구 중앙로 지하 261 (신정동, 신정네거리역)",8073.0,2002-11-01,,사용중,신정네거리역 지하2층역사,공공용시설,지하,2077.0,2077,37.0,31.0,11.29,126.0,51.0,10.79,37.51975544050121,126.85304080431769,942829.981015,1946914.62898,I,2026-05-05 22:34:46,2026-02-06 11:09:24
3140000,3140000-S200700004,서울특별시 양천구 신월동 350번지 2호,"서울특별시 양천구 지양로15길 20 (신월동, 신안파크아파트)",8035.0,2007-06-30,2023-05-19,사용중지,신안파크아파트,공공용시설,지하,5755.0,5755,37.0,31.0,26.22,126.0,49.0,45.05,37.522734209297525,126.83003555484544,940799.399835,1947259.33815,I,2026-05-05 22:34:44,2023-05-22 09:44:43
3140000,3140000-S201000002,서울특별시 양천구 신월동 52번지 2호,"서울특별시 양천구 화곡로4길 10 (신월동, 신월5동주민센터)",7904.0,2010-11-29,2023-06-16,사용중지,신월5동복합청사 자하1층,공공용시설,지하,957.0,957,37.0,32.0,18.92,126.0,49.0,37.83,37.5385383667672,126.8272888582564,940569.230079,1949014.465933,I,2026-05-05 22:34:41,2023-06-16 10:26:13
3140000,3140000-S200200061,서울특별시 양천구 신월동 64번지 2호,서울특별시 양천구 화곡로 100 (신월동),7907.0,2002-11-01,,사용중,성은교회 지하1층 주차장,공공용시설,지하,565.0,565,37.0,32.0,21.76,126.0,49.0,59.15,37.53942497764134,126.83317101603956,941089.593916,1949109.129792,I,2026-05-05 22:34:36,2026-02-04 14:41:40
3140000,3140000-S200900016,서울특별시 양천구 목동 951번지,서울특별시 양천구 목동중앙서로 37 (목동),7964.0,2009-12-15,,사용중,목동금호어울림아파트 101~106동 지하1~2층 주차장,공공용시설,지하,17878.0,17878,37.0,31.0,58.94,126.0,52.0,4.53,37.53303903117546,126.86792531521586,944155.202335,1948379.433886,I,2026-05-05 22:34:40,2026-02-04 17:31:15
3140000,3140000-S201100013,서울특별시 양천구 신정동 1296번지,"서울특별시 양천구 목동동로 180 (신정동, 신정동아이파크)",8010.0,2011-03-30,,사용중,"신정동아이파크 아파트 지하1,2층 주차장",공공용시설,지하,28984.0,28984,37.0,31.0,16.0,126.0,52.0,22.35,37.52170214155528,126.87104559813116,944422.476442,1947119.815497,I,2026-05-05 22:34:45,2026-02-04 09:25:04
3140000,3140000-S202100002,서울특별시 양천구 신월동 1055 신정뉴타운두산위브아파트,"서울특별시 양천구 신월로20길 7 (신월동, 신정뉴타운두산위브아파트)",8063.0,2021-02-09,,사용중,"신정뉴타운두산위브아파트 지하1,2층 주차장",공공용시설,지하,17455.0,17455,37.0,31.0,9.96,126.0,50.0,41.97,37.51960671227612,126.84521152116903,942138.005964,1946902.915233,I,2026-05-05 22:34:53,2026-02-09 09:34:09
3140000,3140000-S200200107,서울특별시 양천구 신정동 325번지 8호,서울특별시 양천구 목동동로2길 68-0 (신정동),8099.0,2002-11-01,,사용중,목동고등학교 지하1층 주차장,공공용시설,지하,1963.0,1963,37.0,30.0,33.73,126.0,51.0,38.28,37.50911579898192,126.86149221488776,943568.806257,1945729.114388,I,2026-05-05 22:34:45,2026-02-05 13:29:24
3140000,3140000-S200700006,서울특별시 양천구 신정동 1278번지,"서울특별시 양천구 신목로 7 (신정동, 목동삼성아파트)",8016.0,2007-06-30,,사용중,"목동삼성아파트 103동 104동 지하1,2층 주차장",공공용시설,지하,4954.0,4954,37.0,30.0,55.78,126.0,52.0,35.28,37.516766137612734,126.8760767098795,944863.422981,1946569.231298,I,2026-05-05 22:34:39,2026-02-04 09:23:11
3140000,3140000-S200900006,서울특별시 양천구 신월동 1028번지,"서울특별시 양천구 남부순환로85길 16 (신월동, 대주파크빌)",8080.0,2009-12-15,,사용중,대주파크빌 지하1층 주차장,공공용시설,지하,4705.0,4705,37.0,30.0,53.28,126.0,50.0,32.72,37.51482771785731,126.84246714276328,941891.783707,1946374.401874,I,2026-05-05 22:34:45,2026-02-09 09:23:55
3140000,3140000-S200500002,서울특별시 양천구 신월동 475번지,"서울특별시 양천구 중앙로53길 5 (신월동, 서울가든아파트)",7933.0,2005-07-01,2023-12-21,사용중지,서울가든아파트 지하1층주차장,공공용시설,지하,1990.0,1990,37.0,31.0,32.19,126.0,50.0,54.9,37.52576535713489,126.8491996317378,942495.156367,1947583.740128,I,2026-05-05 22:34:41,2023-12-21 11:27:53
3140000,3140000-S202300005,서울특별시 양천구 목동 549 금호베스트빌아파트 105동,"서울특별시 양천구 목동중앙북로8길 111, 105동 (목동, 금호베스트빌아파트)",7949.0,2023-06-21,,사용중,목동금호베스트빌 105동 지하1층 주차장,공공용시설,지하,2921.0,2921,37.0,32.0,40.77,126.0,52.0,0.64,37.544659709173445,126.8668438920537,944068.337009,1949669.334306,I,2026-05-05 22:34:52,2026-02-09 09:46:13
3140000,3140000-S201700003,서울특별시 양천구 신정동 1323번지,"서울특별시 양천구 중앙로36길 15 (신정동, 목동힐스테이트)",8083.0,2017-01-09,,사용중,목동힐스테이트 아파트 지하1층 주차장,공공용시설,지하,58752.0,58752,37.0,31.0,13.88,126.0,51.0,22.88,37.51965807154036,126.85572139251109,943066.785905,1946902.200695,I,2026-05-05 22:34:46,2026-02-04 21:04:33
3140000,3140000-S202500001,서울특별시 양천구 신정동 1293 학마을아파트,"서울특별시 양천구 신정로14길 6 (신정동, 학마을아파트)",8109.0,2025-08-05,2026-01-28,사용중지,"학마을1단지 아파트 지하 1,2층",공공용시설,지하,16083.0,16083,37.0,30.0,31.83,126.0,50.0,38.39,37.5088430191604,126.843997528468,942022.40088097,1945709.4867658785,I,2026-05-05 22:34:44,2026-01-28 11:06:11
3140000,3140000-S201100015,서울특별시 양천구 신정동 1303번지,"서울특별시 양천구 신정로13길 38 (신정동, 신정이편한세상아파트)",8080.0,2011-04-13,,사용중,"신정e편한세상아파트 지하1,2층 주차장",공공용시설,지하,17575.0,17575,37.0,30.0,45.59,126.0,50.0,32.6,37.512714663382575,126.84234454558556,941879.310604,1946140.045177,I,2026-05-05 22:34:46,2026-02-05 10:44:25
3140000,3140000-S200200050,서울특별시 양천구 신월동 506번지 1호,서울특별시 양천구 오목로 90-0 (신월동),8028.0,2002-11-01,,사용중,우당아파트 지하1층 주차장,공공용시설,지하,3894.0,3894,37.0,31.0,22.96,126.0,50.0,52.08,37.52316912339077,126.84753542250728,942346.10688,1947296.719789,I,2026-05-05 22:34:48,2026-02-09 09:23:11
3140000,3140000-S200200024,서울특별시 양천구 목동 905번지 16호,"서울특별시 양천구 목동서로 117 (목동, 양천우체국)",7988.0,2002-11-02,2024-11-21,사용중지,양천우체국 지하1층,공공용시설,지하,4145.0,4145,37.0,31.0,58.31,126.0,52.0,33.97,37.53312960403564,126.87594466839784,944863.798888,1948384.75064,I,2026-05-05 22:34:35,2025-03-06 17:31:59
3140000,3140000-S200200092,서울특별시 양천구 신정동 941번지,"서울특별시 양천구 오목로23길 24 (신정동, 서울양동초등학교)",7942.0,2002-11-01,2024-11-21,사용중지,양동초등학교 지하1층,공공용시설,지하,450.0,450,37.0,31.0,33.07,126.0,51.0,4.56,37.52626781802671,126.8506181908595,942620.886786,1947638.619321,I,2026-05-05 22:34:40,2025-03-06 17:32:56
3140000,3140000-S200200095,서울특별시 양천구 신정동 322번지 9호,"서울특별시 양천구 목동서로 353 (신정동, 신정6동주민센터)",8094.0,2002-11-01,2023-06-21,사용중지,신정6동주민센터 지하1층,공공용시설,지하,201.0,201,37.0,31.0,1.48,126.0,51.0,51.83,37.51700781503336,126.86442875812284,943834.254827,1946602.934415,I,2026-05-05 22:34:37,2023-06-21 21:44:22
3140000,3140000-S202500005,서울특별시 양천구 신정동 1293 학마을아파트,"서울특별시 양천구 신정로14길 6 (신정동, 학마을아파트)",8109.0,2025-08-08,,사용중,학마을1단지아파트(지하1~2층) 주차장,공공용시설,지하,16083.0,16083,37.0,30.0,31.83,126.0,50.0,38.39,37.5088430191604,126.843997528468,942022.40088097,1945709.4867658785,I,2026-05-05 22:34:52,2026-02-05 10:44:53
3140000,3140000-S201200006,서울특별시 양천구 목동 956번지,"서울특별시 양천구 목동중앙북로 38 (목동, 롯데캐슬위너아파트)",7949.0,2012-07-12,,사용중,목동롯데캐슬위너아파트 지하주차장(B1~B3층),공공용시설,지하,45544.0,45544,37.0,32.0,49.94,126.0,52.0,1.22,37.54783157025029,126.86755985805144,944133.951823,1950020.811599,I,2026-05-05 22:34:44,2026-02-09 09:27:50
3140000,3140000-S200900005,서울특별시 양천구 신월동 483번지 11호,"서울특별시 양천구 중앙로53길 47 (신월동, 신월2동주민센터)",7936.0,2009-12-14,2023-06-21,사용중지,신월2동주민센터 지하1층,공공용시설,지하,426.0,426,37.0,31.0,29.91,126.0,50.0,40.55,37.5250136048217,126.84453959936492,942082.809164,1947503.196183,I,2026-05-05 22:34:41,2023-06-27 11:29:38
3140000,3140000-S201700002,서울특별시 양천구 신월동 263번지,"서울특별시 양천구 가로공원로 지하 133 (신월동, 가로공원공영주차장)",7906.0,2017-01-09,,사용중,"가로공원공영주차장 지하1,2층",공공용시설,지하,11949.0,11949,37.0,32.0,9.62,126.0,49.0,45.53,37.53627843317215,126.8308159815918,940879.053748,1948761.513465,I,2026-05-05 22:34:46,2026-02-09 10:58:28
3140000,3140000-S201800001,서울특별시 양천구 신월동 1003번지 4호,"서울특별시 양천구 신월로 116 (신월동, 은일로즈힐아파트)",8047.0,2018-07-01,,사용중,은일로즈힐아파트 지하1층주차장,공공용시설,지하,1142.0,1142,37.0,30.0,57.41,126.0,50.0,12.64,37.516057001818105,126.83680807501024,941392.629929,1946514.294913,I,2026-05-05 22:34:51,2026-02-09 09:30:33
3140000,3140000-S202000002,서울특별시 양천구 신월동 1076 목동 센트럴 아이파크 위브 2단지,"서울특별시 양천구 남부순환로83길 18 (신월동, 목동 센트럴 아이파크 위브 2단지)",8068.0,2020-12-30,,사용중,"목동센트럴아이파크위브 2단지 지하1,2층 주차장",공공용시설,지하,36504.0,36504,37.0,30.0,57.57,126.0,50.0,31.61,37.51599117427996,126.84211485687752,941861.553371,1946503.699004,I,2026-05-05 22:34:52,2026-02-09 09:33:14
3140000,3140000-S202500002,서울특별시 양천구 신정동 938-7 동원데쟈뷰,"서울특별시 양천구 오목로23길 31 (신정동, 동원데쟈뷰)",7941.0,2025-08-05,,사용중,동원데자뷰아파트 지하1층 주차장,공공용시설,지하,2224.0,2224,37.0,31.0,36.45,126.0,51.0,0.04,37.5267930033928,126.850010114323,942567.5594437644,1947697.257132602,I,2026-05-05 22:34:52,2026-02-09 09:21:40
3140000,3140000-S201300004,서울특별시 양천구 목동 642번지 1호,"서울특별시 양천구 목동중앙남로16나길 55 (목동, 목3동주민센터)",7951.0,2013-01-02,2023-06-21,사용중지,목3동주민센터 지하주차장(B1층),공공용시설,지하,265.0,265,37.0,32.0,41.22,126.0,51.0,52.06,37.544822689209504,126.86454060820928,943864.989864,1949688.788889,I,2026-05-05 22:34:44,2023-06-21 10:09:34
3140000,3140000-S201100016,서울특별시 양천구 신월동 235번지 7호,"서울특별시 양천구 월정로 101 (신월동, 신목동샤르망오피스텔)",7925.0,2011-04-11,,사용중,"신목동 샤르망 오피스텔 지하1층,2층 주차장",공공용시설,지하,3128.0,3128,37.0,31.0,42.61,126.0,50.0,20.25,37.528360240563295,126.83916952588304,941610.906833,1947877.809069,I,2026-05-05 22:34:49,2026-02-03 14:26:46
3140000,3140000-S200800001,서울특별시 양천구 신정동 984번지 1호,"서울특별시 양천구 은행정로 42 (신정동, 신서고등학교)",8021.0,2008-09-10,,사용중,신서공영주차장,공공용시설,지하,9544.0,9544,37.0,31.0,26.72,126.0,51.0,35.53,37.52363163928719,126.86025939502623,943470.799784,1947340.310803,I,2026-05-05 22:34:40,2026-02-09 09:38:02
3140000,3140000-S200900002,서울특별시 양천구 신정동 949번지 5호,"서울특별시 양천구 오목로34길 5 (신정동, 신정4동통합청사)",8020.0,2016-02-01,2023-06-21,사용중지,신정4동통합청사 지하1층 주차장,공공용시설,지하,443.0,443,37.0,31.0,28.49,126.0,51.0,20.89,37.52447510054137,126.85566456811743,943065.425087,1947436.659823,I,2026-05-05 22:34:40,2023-06-21 21:20:17
3140000,3140000-S200200093,서울특별시 양천구 신정동 881번지 16호,"서울특별시 양천구 은행정로 98 (신정동, 미광아파트)",7938.0,2002-11-01,,사용중,미광아파트 지하1층 주차장,공공용시설,지하,516.0,516,37.0,31.0,42.6,126.0,51.0,31.64,37.528489692934414,126.858687996647,943335.620135,1947880.232816,I,2026-05-05 22:34:37,2026-02-04 09:47:38
3140000,3140000-S200200059,서울특별시 양천구 신월동 425번지 2호,서울특별시 양천구 오목로5길 34 (신월동),7929.0,2006-03-02,2023-06-21,사용중지,신월4동주민센터 지하1층,공공용시설,지하,608.0,608,37.0,31.0,28.94,126.0,50.0,24.38,37.524706443850654,126.8399141529452,941673.855867,1947471.97636,I,2026-05-05 22:34:45,2023-06-21 17:47:06
3140000,3140000-S201800007,서울특별시 양천구 신정동 1316번지,"서울특별시 양천구 신정이펜1로 50 (신정동, 신정이펜하우스3단지)",8050.0,2018-07-01,,사용중,"신정이펜하우스3단지 지하1,2층 주차장",공공용시설,지하,44194.0,44194,37.0,30.0,44.93,126.0,49.0,51.99,37.51139479299795,126.8310216871214,940877.593376,1946000.667156,I,2026-05-05 22:34:52,2026-02-05 10:44:40
3140000,3140000-S200200004,서울특별시 양천구 목동 926번지 3호,"서울특별시 양천구 오목로 지하 245 (목동, 목동역)",7993.0,2002-11-01,,사용중,목동역 지하1층 대합실,공공용시설,지하,7405.0,7405,37.0,31.0,34.24,126.0,51.0,53.02,37.52617768097485,126.86474052755902,943868.676659,1947620.097515,I,2026-05-05 22:34:45,2026-02-01 17:58:09
3140000,3140000-S200200071,서울특별시 양천구 신월동 987번지 1호,"서울특별시 양천구 신월로 99 (신월동, 신월시영아파트)",8042.0,2002-11-01,,사용중,신월시영아파트 지하1층,공공용시설,지하,10241.0,10241,37.0,31.0,6.44,126.0,49.0,55.68,37.516731245550105,126.83467164910816,941204.357232,1946590.431869,I,2026-05-05 22:34:36,2026-02-04 14:08:42
3140000,3140000-S202000003,서울특별시 양천구 신월동 1077 목동 센트럴 아이파크 위브 3단지,"서울특별시 양천구 남부순환로83길 48 (신월동, 목동 센트럴 아이파크 위브 3단지)",8069.0,2020-12-30,,사용중,"목동센트럴아이파크위브 3단지 지하1,2,3층 주차장",공공용시설,지하,26019.0,26019,37.0,31.0,2.11,126.0,50.0,42.54,37.51725398748863,126.84514879623548,942130.646093,1946641.931049,I,2026-05-05 22:34:52,2026-02-09 09:33:26
3140000,3140000-S201800003,서울특별시 양천구 신월동 1026번지,"서울특별시 양천구 월정로9길 17 (신월동, 양천벽산블루밍1단지)",7929.0,2018-07-01,,사용중,양천벽산블루밍1단지 지하1층 주차장,공공용시설,지하,5308.0,5308,37.0,31.0,29.01,126.0,50.0,21.24,37.5247262411343,126.839232470182,941613.6361218668,1947474.5956875335,I,2026-05-05 22:34:51,2026-02-09 10:19:29
3150000,3150000-S201200014,서울특별시 강서구 방화동 831번지,"서울특별시 강서구 방화대로47가길 22 (방화동, 방화4단지아파트)",7513.0,2012-06-13,,사용중,방화4단지아파트 406동 지하주차장 1~2층,공공용시설,지하,5416.0,5416,37.0,34.0,35.79,126.0,48.0,48.8,37.57718019765711,126.81357948031786,939389.367472,1953310.367805,I,2026-01-28 22:28:35,2026-01-27 08:11:23
3150000,3150000-S201600002,서울특별시 강서구 마곡동 751번지,"서울특별시 강서구 마곡중앙로 36 (마곡동, 마곡엠밸리15단지)",7811.0,2016-11-02,,사용중,마곡엠밸리15단지 지하주차장 1~2층,공공용시설,지하,59054.0,59054,37.0,33.0,26.23,126.0,49.0,37.42,37.55689696058015,126.8269179191496,940551.041543,1951051.504361,U,2026-04-15 03:03:03,2026-04-14 09:18:59
3150000,3150000-S199900403,서울특별시 강서구 등촌동 691번지 3호,"서울특별시 강서구 강서로56나길 110 (등촌동, 부영아파트)",7580.0,1999-09-01,,사용중,부영아파트 지하주차장 1층,공공용시설,지하,10194.0,10194,37.0,33.0,49.3,126.0,50.0,37.05,37.5640358805104,126.8430809737816,941984.171359,1951833.436379,I,2026-01-28 22:28:35,2026-01-27 08:54:27
3150000,3150000-S201100006,서울특별시 강서구 내발산동 741번지,"서울특별시 강서구 강서로47길 158 (내발산동, 마곡수명산파크2단지아파트)",7634.0,2011-03-04,,사용중,마곡수명산파크2단지 지하주차장 1~2층,공공용시설,지하,16831.0,16831,37.0,33.0,16.03,126.0,49.0,39.16,37.55378406542548,126.82737622196726,940589.04956,1950705.852352,U,2026-04-15 03:03:03,2026-04-14 09:16:24
3150000,3150000-S199900400,서울특별시 강서구 내발산동 712번지 2호,"서울특별시 강서구 강서로45길 104 (내발산동, 대성유니트아파트)",7638.0,2005-06-13,,사용중,대성유니드아파트 지하주차장 1층,공공용시설,지하,1395.0,1395,37.0,33.0,0.09,126.0,49.0,56.17,37.549904047943365,126.83195373092067,940990.313527,1950272.498235,I,2026-01-28 22:28:35,2026-01-27 08:55:28
3150000,3150000-S200900001,서울특별시 강서구 화곡동 809번지 3호,"서울특별시 강서구 곰달래로57가길 26 (화곡동, 시립청소년수련관및화곡4동주민자치센터)",7740.0,2009-02-09,,사용중,화곡4동주민센터 지하주차장 1~2층,공공용시설,지하,3573.0,3573,37.0,32.0,4.53,126.0,51.0,39.48,37.53435176149053,126.8607515202829,943522.369388,1948529.358977,I,2026-01-28 22:28:35,2026-01-27 08:31:06
3150000,3150000-S201200015,서울특별시 강서구 방화동 831번지,"서울특별시 강서구 방화대로47가길 22 (방화동, 방화4단지아파트)",7513.0,2012-06-13,2024-10-18,사용중지,방화4단지아파트 410동 지하주차장 1층,공공용시설,지하,997.0,997,37.0,34.0,36.07,126.0,48.0,56.47,37.57718019765711,126.81357948031786,939389.367472,1953310.367805,I,2025-12-15 16:14:09,2024-10-19 15:11:02
3150000,3150000-S201100013,서울특별시 강서구 가양동 1488번지,"서울특별시 강서구 허준로 198 (가양동, 가양프라자)",7532.0,2011-07-04,,사용중,가양프라자 지하주차장 1층,공공용시설,지하,891.0,891,37.0,33.0,40.67,126.0,51.0,36.82,37.561348651994365,126.86027853560957,943500.96187,1951524.822337,I,2026-01-28 22:28:35,2026-01-27 08:15:47
3150000,3150000-S201200019,서울특별시 강서구 방화동 814번지,"서울특별시 강서구 금낭화로 287-19 (방화동, 방화5단지아파트)",7510.0,2012-06-13,,사용중,방화5단지아파트 506동 지하주차장 1층,공공용시설,지하,2935.0,2935,37.0,34.0,40.07,126.0,48.0,35.9,37.57713571601656,126.81158668753405,939213.366388,1953306.720255,I,2026-01-28 22:28:35,2026-01-27 08:10:18
3150000,3150000-S201800003,서울특별시 강서구 화곡동 1151번지,"서울특별시 강서구 우장산로 103 (화곡동, 우장산한화꿈에그린아파트)",7648.0,2018-01-10,,사용중,우장산한화꿈에그린아파트 지하주차장 2~3층,공공용시설,지하,10572.0,10572,37.0,33.0,13.81,126.0,50.0,50.89,37.55337941779386,126.84745061339484,942361.872172,1950648.459977,I,2026-01-28 22:28:35,2026-01-27 07:54:18
3150000,3150000-S202400010,서울특별시 강서구 방화동 886 김포공항역,"서울특별시 강서구 하늘길 지하77, 김포공항역 서해선 (방화동)",7505.0,2024-12-30,,사용중,김포공항역(서해선) 지하1~5층,공공용시설,지하,11323.0,11323,37.0,33.0,43.72,126.0,48.0,5.65,37.562144091202,126.801570330839,938316.5518505746,1951649.9860745296,I,2026-01-29 22:28:35,2026-01-28 20:43:20
3150000,3150000-S199900344,서울특별시 강서구 가양동 1495번지,"서울특별시 강서구 허준로 76 (가양동, 한보구암아파트)",7529.0,2005-06-04,,사용중,한보구암아파트 지하주차장 1~3층,공공용시설,지하,6183.0,6183,37.0,34.0,5.04,126.0,50.0,56.85,37.5680971655716,126.84944365182936,942549.217082,1952280.109722,I,2026-01-27 22:28:35,2026-01-26 17:59:39
3150000,3150000-S201300006,서울특별시 강서구 화곡동 890번지,"서울특별시 강서구 강서로5길 50 (화곡동, 복지문화센터및공영주차장)",7781.0,2013-05-31,,사용중,곰달래문화복지센터 지하주차장 1~3층,공공용시설,지하,6820.0,6820,37.0,31.0,44.87,126.0,50.0,57.06,37.5289915336091,126.84867048692377,942450.879129,1947941.991995,I,2026-03-13 22:28:36,2026-03-12 18:57:10
3150000,3150000-S199900399,서울특별시 강서구 등촌동 694번지,"서울특별시 강서구 공항대로39길 100 (등촌동, 대림아파트)",7579.0,1999-09-01,,사용중,등촌대림아파트 지하주차장 1층,공공용시설,지하,12954.0,12954,37.0,33.0,45.89,126.0,50.0,48.44,37.56233737845084,126.84532088142136,942180.678403,1951643.614427,I,2026-01-28 22:28:35,2026-01-27 08:56:00
3150000,3150000-S199900324,서울특별시 강서구 가양동 1466번지,"서울특별시 강서구 허준로 65 (가양동, 기쁜우리복지관,체육센터)",7524.0,1999-09-01,2024-05-10,사용중지,기쁜우리복지관 지하 1층,공공용시설,지하,1434.45,1434,37.0,34.0,9.7,126.0,50.0,55.22,37.56903620144461,126.84895682168998,942506.946329,1952384.589551,I,2025-12-15 16:14:09,2024-05-10 15:11:38
3150000,3150000-S202400003,서울특별시 강서구 화곡동 662-15 가로공원 공영주차장,"서울특별시 강서구 가로공원로 지하189, 가로공원 공영주차장 (화곡동)",7719.0,2024-06-14,,사용중,가로공원 지하공영주차장 1~2층,공공용시설,지하,14238.0,14238,37.0,32.0,14.05,126.0,50.0,13.33,37.5372351411713,126.837037327498,941429.4507966068,1948863.762456104,I,2026-01-29 22:28:35,2026-01-28 20:36:25
3150000,3150000-S201000001,서울특별시 강서구 화곡동 98번지 99호,"서울특별시 강서구 까치산로4길 22 (화곡동, 볏골공원 지하주차장)",7726.0,2010-08-31,,사용중,볏골공원 지하공영주차장 1~2층,공공용시설,지하,6893.0,6893,37.0,32.0,28.09,126.0,50.0,39.88,37.54168985369866,126.8445396088357,942095.70514,1949353.345276,I,2026-01-28 22:28:35,2026-01-27 08:22:52
3150000,3150000-S201200067,서울특별시 강서구 화곡동 1091번지,"서울특별시 강서구 화곡로13길 107 (화곡동, 화곡푸르지오)",7703.0,2012-05-15,,사용중,화곡푸르지오 112동~115동 지하주차장 1~2층,공공용시설,지하,8514.0,8514,37.0,32.0,39.63,126.0,49.0,51.84,37.54472853475722,126.83286675273824,941066.888658,1949697.725673,I,2026-01-28 22:28:35,2026-01-27 08:08:52
3150000,3150000-S199900531,서울특별시 강서구 방화동 807번지,"서울특별시 강서구 양천로11길 57 (방화동, 방화9단지아파트)",7507.0,1999-09-01,2024-08-23,사용중지,방화9단지아파트 902동 지하주차장 1층,공공용시설,지하,935.54,935,37.0,34.0,29.37,126.0,48.0,26.27,37.575076001270006,126.80837783188367,938928.339873,1953080.283841,I,2025-12-15 16:14:09,2024-08-27 10:23:04
3150000,3150000-S199900396,서울특별시 강서구 내발산동 732번지,"서울특별시 강서구 강서로45길 138 (내발산동, 태승훼미리아파트3차)",7638.0,2005-06-13,,사용중,태승훼미리아파트3차 지하주차장 1층,공공용시설,지하,1156.0,1156,37.0,33.0,4.85,126.0,49.0,53.12,37.55130640880455,126.83122543143212,940927.087672,1950428.54136,I,2026-01-28 22:28:35,2026-01-27 08:57:15
3150000,3150000-S199900275,서울특별시 강서구 화곡동 980번지 16호,"서울특별시 강서구 화곡로 302 (화곡동, 강서구청)",7658.0,1999-09-01,,사용중,강서구청 지하 2층 (지하상황실),공공용시설,지하,770.0,770,37.0,33.0,3.48,126.0,50.0,58.36,37.551111918281805,126.84930138784232,942523.607095,1950395.757906,I,2026-01-27 22:28:35,2026-01-26 17:52:54
3150000,3150000-S201100005,서울특별시 강서구 내발산동 742번지,"서울특별시 강서구 강서로47길 108 (내발산동, 마곡수명산파크1단지아파트)",7634.0,2011-03-04,,사용중,마곡수명산파크1단지 지하주차장 1~2층,공공용시설,지하,33931.0,33931,37.0,33.0,15.85,126.0,49.0,48.59,37.55350199911992,126.8301947481996,940837.781949,1950672.780632,I,2026-01-28 22:28:35,2026-01-27 08:19:36
3150000,3150000-S199900360,서울특별시 강서구 염창동 244번지 2호,"서울특별시 강서구 양천로 637 (염창동, 한마음삼성아파트)",7544.0,1999-09-01,,사용중,한마음삼성아파트 지하주차장 1~2층,공공용시설,지하,5592.0,5592,37.0,33.0,15.87,126.0,52.0,5.72,37.55451928250615,126.86771369818992,944152.531844,1950762.690837,I,2026-01-28 22:28:35,2026-01-27 09:02:42
3150000,3150000-S199900342,서울특별시 강서구 가양동 1496번지,"서울특별시 강서구 강서로 490 (가양동, 일신건영휴먼빌아파트)",7530.0,2005-06-04,,사용중,일신건영휴먼빌아파트 지하주차장 1층,공공용시설,지하,4523.0,4523,37.0,34.0,7.89,126.0,50.0,30.07,37.56904518400417,126.841610064076,941858.160214,1952390.106605,I,2026-01-27 22:28:35,2026-01-26 17:58:57
3150000,3150000-S200900014,서울특별시 강서구 염창동 284번지 84호,"서울특별시 강서구 공항대로 지하 631 (염창동, 염창역 9호선)",7558.0,2009-10-27,,사용중,염창역 지하 1~2층,공공용시설,지하,5800.0,5800,37.0,32.0,49.46,126.0,52.0,30.04,37.54700538880767,126.87502760630176,944793.006355,1949924.739209,I,2026-01-28 22:28:35,2026-01-27 10:28:45
3150000,3150000-S200800001,서울특별시 강서구 화곡동 24번지 180호,"서울특별시 강서구 까치산로 66 (화곡동, 화성교회)",7677.0,2008-01-09,,사용중,화성교회 지하주차장 2층,공공용시설,지하,1350.0,1350,37.0,32.0,40.73,126.0,50.0,48.75,37.54451761538799,126.84679309590116,942296.963184,1949665.686814,I,2026-01-28 22:28:35,2026-01-27 08:32:58
3150000,3150000-S199900308,서울특별시 강서구 화곡동 1089번지 54호,"서울특별시 강서구 화곡로 지하 168 (화곡동, 화곡역5호선)",7715.0,2005-06-03,,사용중,화곡역 지하1~2층,공공용시설,지하,9126.0,9126,37.0,32.0,29.65,126.0,50.0,26.44,37.54149451419018,126.84040179518296,941730.008632,1949334.229561,I,2026-01-27 22:28:35,2026-01-26 17:53:52
3150000,3150000-S199900525,서울특별시 강서구 방화동 832번지,"서울특별시 강서구 방화대로47길 55 (방화동, 방화3단지아파트)",7514.0,1999-09-01,2024-10-18,사용중지,방화3단지아파트 301동 지하주차장 1층,공공용시설,지하,2190.0,2190,37.0,34.0,33.46,126.0,48.0,46.53,37.57606982697519,126.81338419038846,939371.222926,1953187.302465,I,2025-12-15 16:14:09,2024-10-19 15:07:15
3150000,3150000-S201000003,서울특별시 강서구 등촌동 561-1 대림아파트,"서울특별시 강서구 등촌로 137 (등촌동, 대림아파트)",7672.0,2010-12-27,,사용중,대림아파트 지하주차장 1~2층,공공용시설,지하,5495.0,5495,37.0,32.0,31.67,126.0,51.0,46.18,37.5421294668788,126.862827213879,943711.6060305366,1949391.0130639293,I,2026-01-28 22:28:35,2026-01-27 08:21:53
3150000,3150000-S199900327,서울특별시 강서구 가양동 1478번지,"서울특별시 강서구 양천로57길 37 (가양동, 가양4단지아파트)",7527.0,1999-09-01,2024-05-10,사용중지,가양4종합사회복지관 지하 1층,공공용시설,지하,266.6,266,37.0,33.0,52.76,126.0,51.0,9.61,37.56448226207778,126.85269396834993,942833.49389,1951877.069395,I,2025-12-15 16:14:09,2024-05-10 15:12:07
3150000,3150000-S201200016,서울특별시 강서구 방화동 831번지,"서울특별시 강서구 방화대로47가길 22 (방화동, 방화4단지아파트)",7513.0,2012-06-13,2024-10-18,사용중지,방화4단지아파트 412동 지하주차장 1층,공공용시설,지하,997.0,997,37.0,34.0,34.93,126.0,48.0,55.31,37.57718019765711,126.81357948031786,939389.367472,1953310.367805,I,2025-12-15 16:14:09,2024-10-19 15:11:48
3150000,3150000-S201100010,서울특별시 강서구 내발산동 759번지,"서울특별시 강서구 수명로2길 63 (내발산동, 마곡수명산파크6단지아파트)",7635.0,2011-03-04,,사용중,마곡수명산파크6단지 지하주차장 1~2층,공공용시설,지하,11349.0,11349,37.0,33.0,1.29,126.0,49.0,33.23,37.55023028057529,126.82646005685994,940505.301301,1950312.154967,U,2026-04-15 03:03:03,2026-04-14 09:17:27
3150000,3150000-S199900452,서울특별시 강서구 화곡동 1137번지,"서울특별시 강서구 국회대로7길 53 (화곡동, 곰달래아파트)",7787.0,1999-09-01,,사용중,곰달래아파트 지하주차장 1층,공공용시설,지하,826.0,826,37.0,31.0,46.9,126.0,51.0,28.71,37.52970540893569,126.857956771284,943271.931314,1948015.551229,I,2026-01-28 22:28:35,2026-01-27 08:48:42
3150000,3150000-S201100018,서울특별시 강서구 화곡동 341번지 65호,"서울특별시 강서구 강서로 52 (화곡동, 화곡판타지아)",7757.0,2011-07-04,,사용중,화곡판타지아 지하주차장 2~3층,공공용시설,지하,1434.0,1434,37.0,31.0,57.05,126.0,50.0,47.66,37.53239896068257,126.84655049914998,942266.189158,1948321.328639,I,2026-01-28 22:28:35,2026-01-27 08:14:55
3150000,3150000-S201200013,서울특별시 강서구 방화동 831번지,"서울특별시 강서구 방화대로47가길 22 (방화동, 방화4단지아파트)",7513.0,2012-06-13,,사용중,방화4단지아파트 404동 지하주차장 1~2층,공공용시설,지하,3665.0,3665,37.0,34.0,36.69,126.0,48.0,50.06,37.57718019765711,126.81357948031786,939389.367472,1953310.367805,I,2026-01-28 22:28:35,2026-01-27 08:11:38
3150000,3150000-S200900007,서울특별시 강서구 가양동 1480번지 6호,"서울특별시 강서구 양천로57길 10-10 (가양동, 탐라영재관)",7526.0,2009-03-31,,사용중,탐라영재관 지하주차장 2~3층,공공용시설,지하,3400.0,3400,37.0,33.0,46.32,126.0,51.0,9.36,37.56297680438946,126.85261089800665,942825.006915,1951710.095906,I,2026-01-28 22:28:35,2026-01-27 08:28:34
3150000,3150000-S201100011,서울특별시 강서구 내발산동 756번지,"서울특별시 강서구 수명로2가길 22 (내발산동, 마곡수명산파크7단지아파트)",7642.0,2011-03-04,,사용중,마곡수명산파크7단지 지하주차장 1~2층,공공용시설,지하,18463.0,18463,37.0,32.0,53.59,126.0,49.0,21.98,37.548212934831405,126.82414158629298,940298.896105,1950089.809233,I,2026-01-28 22:28:35,2026-01-27 08:16:49
3150000,3150000-S201800004,서울특별시 강서구 화곡동 1011번지 6호,"서울특별시 강서구 강서로45다길 30-17 (화곡동, 희훈리치파크아파트)",7704.0,2018-11-21,,사용중,희훈리치파크아파트 지하주차장 1층,공공용시설,지하,3301.0,3301,37.0,32.0,46.93,126.0,50.0,2.48,37.54654787254242,126.83462850445213,941223.948328,1949898.470053,I,2026-01-28 22:28:35,2026-01-27 07:53:58
3150000,3150000-S199900349,서울특별시 강서구 염창동 248번지 3호,"서울특별시 강서구 양천로73길 5 (염창동, 삼성하나로아파트)",7542.0,1999-09-01,,사용중,삼성하나로아파트 지하주차장 1층,공공용시설,지하,2878.0,2878,37.0,33.0,5.92,126.0,52.0,18.84,37.55126884218628,126.87211890388424,944539.222377,1950399.461352,I,2026-01-28 22:28:35,2026-01-27 09:03:45
3150000,3150000-S199900322,서울특별시 강서구 마곡동 769-3 마곡역(5호선),"서울특별시 강서구 공항대로 지하163, 마곡역(5호선) (마곡동)",7800.0,1999-09-01,2023-11-07,사용중지,마곡역(지하1~2층),공공용시설,지하,35253.05,35253,37.0,33.0,36.71,126.0,49.0,31.97,37.56012059425637,126.8257473073012,940450.213453,1951409.893823,I,2025-12-15 16:14:09,2023-11-07 15:17:14
3150000,3150000-S201600001,서울특별시 강서구 마곡동 750번지,"서울특별시 강서구 마곡중앙로 33 (마곡동, 마곡엠밸리14단지)",7630.0,2016-11-02,,사용중,마곡엠밸리14단지 지하주차장 1~2층,공공용시설,지하,63826.0,63826,37.0,33.0,21.72,126.0,49.0,28.32,37.55712110510176,126.82610771998344,940479.659363,1951076.884987,U,2026-04-15 03:03:03,2026-04-14 09:18:37
3150000,3150000-S202400008,서울특별시 강서구 방화동 886 김포공항역,"서울특별시 강서구 하늘길 지하77, 김포공항역(공항철도) (방화동)",7505.0,2024-10-28,,사용중,김포공항역(공항철도) 지하1~4층,공공용시설,지하,6558.0,6558,37.0,33.0,43.72,126.0,48.0,5.65,37.562144091202,126.801570330839,938316.5518505746,1951649.9860745296,I,2026-01-29 22:28:35,2026-01-28 20:40:51
3150000,3150000-S199900530,서울특별시 강서구 방화동 819번지,"서울특별시 강서구 금낭화로 167 (방화동, 방화8단지개화아파트)",7509.0,1999-09-01,,사용중,방화8단지개화아파트 103동 지하주차장 1~2층,공공용시설,지하,5015.0,5015,37.0,34.0,49.97,126.0,48.0,45.5,37.58020669644195,126.8136189391977,939395.304956,1953646.120841,I,2026-01-28 22:28:35,2026-01-27 09:15:35
3150000,3150000-S199900334,서울특별시 강서구 화곡동 342번지 38호,서울특별시 강서구 곰달래로 133 (화곡동),7760.0,1999-09-01,,사용중,국민은행 지하주차장 1~2층,공공용시설,지하,769.0,769,37.0,31.0,50.82,126.0,50.0,51.8,37.53075297604161,126.84774272229753,942370.259574,1948137.983455,I,2026-01-27 22:28:35,2026-01-26 17:56:39
3150000,3150000-S199900529,서울특별시 강서구 방화동 817번지,"서울특별시 강서구 금낭화로23길 8 (방화동, 방화7단지동성아파트)",7509.0,1999-09-01,,사용중,방화7단지동성아파트 지하주차장 1~2층,공공용시설,지하,6369.0,6369,37.0,34.0,47.02,126.0,48.0,44.11,37.57885415055112,126.81275137329784,939317.603654,1953496.621055,I,2026-01-28 22:28:35,2026-01-27 08:45:28
3150000,3150000-S199900419,서울특별시 강서구 화곡동 105번지 244호,"서울특별시 강서구 까치산로2길 43 (화곡동, 화곡본동천주교회)",7730.0,2001-01-01,,사용중,화곡본동천주교회 지하강당 1층,공공용시설,지하,2953.0,2953,37.0,32.0,21.4,126.0,50.0,36.98,37.539358504612174,126.84331281226498,941985.52055,1949095.449274,I,2026-01-28 22:28:35,2026-01-27 08:53:08
3150000,3150000-S199900527,서울특별시 강서구 방화동 814번지,"서울특별시 강서구 금낭화로 287-19 (방화동, 방화5단지아파트)",7510.0,1999-09-01,,사용중,방화5단지아파트 501동 지하주차장 1층,공공용시설,지하,2935.0,2935,37.0,34.0,39.17,126.0,48.0,39.78,37.57713571601656,126.81158668753405,939213.366388,1953306.720255,I,2026-01-28 22:28:35,2026-01-27 08:45:53
3150000,3150000-S201200071,서울특별시 강서구 화곡동 1091번지,"서울특별시 강서구 화곡로13길 107 (화곡동, 화곡푸르지오)",7703.0,2012-05-15,,사용중,화곡푸르지오 132동~143동 지하주차장 1~2층,공공용시설,지하,31308.0,31308,37.0,32.0,40.95,126.0,49.0,57.25,37.54472853475722,126.83286675273824,941066.888658,1949697.725673,I,2026-01-28 22:28:35,2026-01-27 07:59:45
3150000,3150000-S200900003,서울특별시 강서구 마곡동 1525 마곡푸르지오,"서울특별시 강서구 방화대로34길 88 (마곡동, 마곡푸르지오)",7595.0,2009-02-13,,사용중,마곡푸르지오아파트 지하주차장 1층,공공용시설,지하,12607.0,12607,37.0,34.0,14.22,126.0,49.0,17.41,37.5706162300918,126.821502985593,940083.759083166,1952577.03919136,U,2026-03-24 03:03:03,2026-03-23 13:38:26
3150000,3150000-S202500001,서울특별시 강서구 화곡동 1176 강서금호어울림퍼스티어,"서울특별시 강서구 화곡로54길 43 (화곡동, 강서금호어울림퍼스티어)",7659.0,2025-02-11,,사용중,강서금호어울림퍼스티어아파트 지하주차장 1~2층,공공용시설,지하,19975.0,19975,37.0,33.0,0.24,126.0,51.0,3.84,37.5500672130702,126.851066280881,942678.7022278636,1950278.7749833765,I,2026-01-29 22:28:35,2026-01-28 20:44:07
3150000,3150000-S201900005,서울특별시 강서구 마곡동 808번지,"서울특별시 강서구 공항대로 260 (마곡동, 이화의대부속서울병원)",7804.0,2019-12-29,,사용중,이대서울병원 지하주차장 1~6층,공공용시설,지하,75008.0,75008,37.0,33.0,25.99,126.0,50.0,10.24,37.55784342576646,126.8362168283394,941373.104828,1951150.669701,I,2026-01-28 22:28:35,2026-01-27 10:20:25
3150000,3150000-S199900454,서울특별시 강서구 화곡동 1138번지,"서울특별시 강서구 국회대로7길 91 (화곡동, 신도금잔디아파트)",7787.0,1999-09-01,,사용중,신도금잔디아파트 지하주차장 1~2층,공공용시설,지하,1322.0,1322,37.0,31.0,45.88,126.0,51.0,20.73,37.52944216096152,126.85579726062554,943080.924472,1947987.649916,I,2026-01-28 22:28:35,2026-01-27 08:48:26
3150000,3150000-S201100009,서울특별시 강서구 내발산동 749번지,"서울특별시 강서구 수명로2길 105 (내발산동, 마곡수명산파크5단지아파트)",7635.0,2011-03-04,,사용중,마곡수명산파크5단지 지하주차장 1~2층,공공용시설,지하,24883.0,24883,37.0,33.0,8.13,126.0,49.0,38.96,37.551948514058815,126.82781697419468,940626.524186,1950501.927484,U,2026-04-15 03:03:03,2026-04-14 09:16:58
3150000,3150000-S200800002,서울특별시 강서구 등촌동 642번지,"서울특별시 강서구 화곡로66길 90 (등촌동, 등촌동코오롱아파트)",7569.0,2008-04-18,,사용중,코오롱1차아파트 지하주차장 1~2층,공공용시설,지하,7845.0,7845,37.0,33.0,21.1,126.0,51.0,29.74,37.55620317152666,126.85841530529392,943332.50613,1950955.075898,I,2026-01-28 22:28:35,2026-01-27 08:32:35
3150000,3150000-S201200006,서울특별시 강서구 방화동 839번지,"서울특별시 강서구 방화대로48길 40 (방화동, 방화2단지아파트)",7519.0,2012-06-13,,사용중,방화2-1단지아파트 211동 지하주차장 1층,공공용시설,지하,1278.0,1278,37.0,34.0,28.64,126.0,49.0,11.46,37.57574125069237,126.8191400413812,939879.211647,1953147.149371,I,2026-01-28 22:28:35,2026-01-27 08:13:24
3150000,3150000-S201300005,서울특별시 강서구 화곡동 1146번지,"서울특별시 강서구 초록마을로 121 (화곡동, 태창네스트힐아파트)",7724.0,2013-05-31,,사용중,태창네스트힐아파트 지하주차장 1층,공공용시설,지하,1071.0,1071,37.0,32.0,14.56,126.0,51.0,1.63,37.53771421925653,126.85089116351251,942653.771843,1948908.374939,I,2026-03-13 22:28:36,2026-03-12 18:56:13
3150000,3150000-S202400001,서울특별시 강서구 화곡동 56-127 화곡본1지구공영주차장,"서울특별시 강서구 초록마을로26길 48, 화곡본1지구공영주차장 (화곡동)",7724.0,2024-06-14,,사용중,화곡본-1 공영주차장 지하주차장1층,공공용시설,지하,822.0,822,37.0,32.0,23.08,126.0,50.0,59.18,37.5397440395605,126.849771941039,942556.4490564,1949134.25696217,I,2026-01-29 22:28:35,2026-01-28 20:36:04
3150000,3150000-S199000004,서울특별시 강서구 화곡동 893번지 1호,서울특별시 강서구 강서로5길 64 (화곡동),7781.0,1990-09-01,,사용중,KT 강서지사 지하주차장 1층,공공용시설,지하,1126.0,1126,37.0,31.0,45.86,126.0,50.0,54.9,37.5294777403013,126.8482441438384,942413.582378,1947996.195187,I,2026-03-13 22:28:36,2026-03-12 18:44:32
3150000,3150000-S200500111,서울특별시 강서구 내발산동 657번지,"서울특별시 강서구 강서로 348 (내발산동, 우장산힐스테이트)",7651.0,2005-11-24,,사용중,우장산힐스테이트 지하주차장 1~2층,공공용시설,지하,90988.0,90988,37.0,33.0,20.56,126.0,50.0,29.34,37.55658669078531,126.83798395447036,941528.201336,1951010.139639,I,2026-01-28 22:28:35,2026-01-27 08:34:18
3150000,3150000-S200900015,서울특별시 강서구 방화동 886번지,"서울특별시 강서구 하늘길 지하 77 (방화동, 김포공항역)",7505.0,2009-10-27,,사용중,김포공항역 9호선 지하 1~4층,공공용시설,지하,25773.0,25773,37.0,33.0,43.72,126.0,48.0,5.65,37.562144091202,126.801570330839,938316.5518505746,1951649.9860745296,I,2026-01-28 22:28:35,2026-01-27 10:19:22
3150000,3150000-S199900378,서울특별시 강서구 등촌동 714번지,서울특별시 강서구 공항대로55길 19 (등촌동),7570.0,2003-11-19,,사용중,코오롱하늘채아파트 지하주차장 1층,공공용시설,지하,4236.0,4236,37.0,33.0,16.84,126.0,51.0,39.29,37.55400283411224,126.8609284041314,943552.816401,1950709.446279,I,2026-01-28 22:28:35,2026-01-27 09:00:14
3150000,3150000-S199900362,서울특별시 강서구 염창동 289번지,"서울특별시 강서구 양천로67길 32 (염창동, 신동아아파트)",7535.0,1999-09-01,,사용중,신동아아파트 지하주차장 1~2층,공공용시설,지하,7849.0,7849,37.0,33.0,18.18,126.0,52.0,8.7,37.5555140367327,126.86829455096787,944204.578617,1950872.709322,I,2026-01-28 22:28:35,2026-01-27 09:02:16
3150000,3150000-S199900331,서울특별시 강서구 화곡동 1089번지 3호,"서울특별시 강서구 강서로 지하 262 (화곡동, 우장산역 5호선)",7691.0,2005-06-13,,사용중,우장산역 지하1~2층,공공용시설,지하,1960.0,1960,37.0,32.0,56.42,126.0,50.0,11.09,37.54912328530284,126.83646188887012,941387.920181,1950183.055821,I,2026-01-28 22:28:35,2026-01-27 09:11:18
3150000,3150000-S201100012,서울특별시 강서구 내발산동 745번지,"서울특별시 강서구 수명로2길 108 (내발산동, 마곡수명산파크8단지아파트)",7636.0,2011-03-04,,사용중,마곡수명산파크8단지 지하주차장 1층,공공용시설,지하,4453.0,4453,37.0,33.0,7.01,126.0,49.0,43.47,37.55182070385637,126.828123135917,940653.466218,1950487.554171,I,2026-01-28 22:28:35,2026-01-27 08:16:25
3150000,3150000-S100900001,서울특별시 강서구 화곡동 836번지 13호,"서울특별시 강서구 곰달래로47길 18 (화곡동, 성석교회)",7749.0,1999-09-01,,사용중,성석교회 지하주차장 1~4층,공공용시설,지하,3889.0,3889,37.0,31.0,56.09,126.0,51.0,26.53,37.5322476002188,126.857369683957,943221.9855333169,1948297.9490167,I,2026-01-27 22:28:35,2026-01-26 17:51:57
3150000,3150000-S201200022,서울특별시 강서구 방화동 819번지,"서울특별시 강서구 금낭화로 167 (방화동, 방화8단지개화아파트)",7509.0,2012-06-13,,사용중,방화8단지개화아파트 105동 지하주차장 1~2층,공공용시설,지하,3867.0,3867,37.0,34.0,52.76,126.0,48.0,43.97,37.58020669644195,126.8136189391977,939395.304956,1953646.120841,I,2026-01-28 22:28:35,2026-01-27 09:15:18
3150000,3150000-S201000002,서울특별시 강서구 등촌동 512번지 1호,서울특별시 강서구 등촌로 185 (등촌동),7668.0,2010-12-27,,사용중,강서구의회 지하주차장 2층,공공용시설,지하,1047.0,1047,37.0,32.0,47.34,126.0,51.0,44.28,37.5464846094988,126.862299694287,943668.2812298768,1949874.5114429,I,2026-01-28 22:28:35,2026-01-27 08:22:25
3150000,3150000-S199600003,서울특별시 강서구 화곡동 1026번지 12호,서울특별시 강서구 강서로 206 (화곡동),7698.0,2007-12-01,,사용중,서울큰나무병원 지하주차장 1~2층,공공용시설,지하,1831.0,1831,37.0,32.0,40.09,126.0,50.0,16.91,37.54442686796677,126.83794831313816,941515.552276,1949661.083983,I,2026-01-28 22:28:35,2026-01-27 09:16:46
3150000,3150000-S201700001,서울특별시 강서구 마곡동 746번지 1호,"서울특별시 강서구 공항대로 140-0 (마곡동, 마곡엠밸리12단지)",7808.0,2017-07-04,,사용중,마곡엠밸리12단지 지하주차장 1~2층,공공용시설,지하,16582.0,16582,37.0,33.0,33.29,126.0,49.0,24.19,37.55897879119271,126.82340486089244,940242.414896,1951284.702383,I,2026-01-28 22:28:35,2026-01-27 07:56:10
3150000,3150000-S201100004,서울특별시 강서구 염창동 299번지,"서울특별시 강서구 양천로75길 19 (염창동, 강변힐스테이트아파트)",7541.0,2011-06-08,,사용중,강변힐스테이트 지하주차장 1~2층,공공용시설,지하,13881.0,13881,37.0,33.0,5.11,126.0,52.0,28.53,37.55060362023738,126.8751614293864,944807.481069,1950323.867409,I,2026-01-28 22:28:35,2026-01-27 08:20:14
3150000,3150000-S199900533,서울특별시 강서구 방화동 829번지 4호,"서울특별시 강서구 금낭화로 135 (방화동, 금강프라자빌딩)",7510.0,1999-09-01,,사용중,금강프라자빌딩 지하주차장 2~4층,공공용시설,지하,3471.0,3471,37.0,34.0,39.59,126.0,48.0,45.24,37.57738197524776,126.8125028904265,939294.467693,1953333.449362,I,2026-01-28 22:28:35,2026-01-27 08:36:45
3150000,3150000-S201100007,서울특별시 강서구 내발산동 751번지,"서울특별시 강서구 수명로1길 110 (내발산동, 마곡수명산파크3단지아파트)",7643.0,2011-03-04,,사용중,마곡수명산파크3단지 지하주차장 1~2층,공공용시설,지하,17067.0,17067,37.0,33.0,10.92,126.0,49.0,29.25,37.55349315103619,126.82427463820945,940314.860157,1950675.541521,U,2026-04-15 03:03:03,2026-04-14 09:14:48
3150000,3150000-S199900457,서울특별시 강서구 화곡동 461번지 4호,"서울특별시 강서구 등촌로13자길 79 (화곡동, 예다움아파트)",7743.0,2005-11-04,,사용중,예다움아파트 지하주차장 1층,공공용시설,지하,2023.0,2023,37.0,32.0,11.72,126.0,51.0,15.28,37.53695775216646,126.8537774481522,942908.189871,1948822.692265,I,2026-01-28 22:28:35,2026-01-27 08:48:11
3150000,3150000-S200900013,서울특별시 강서구 가양동 14번지 61호,"서울특별시 강서구 양천로 지하 485 (가양동, 가양역)",7526.0,2009-10-27,,사용중,가양역 지하1~2층,공공용시설,지하,3812.0,3812,37.0,33.0,41.52,126.0,51.0,15.65,37.56150774909672,126.85436941381168,942979.194516,1951546.042231,I,2026-01-28 22:28:35,2026-01-27 08:25:50
3150000,3150000-S199900339,서울특별시 강서구 공항동 29번지 5호,"서울특별시 강서구 공항대로 지하 33 (공항동, 송정역(5호선))",7619.0,1999-09-01,,사용중,송정역 지하1~3층,공공용시설,지하,6515.0,6515,37.0,33.0,41.32,126.0,48.0,39.8,37.561455412440274,126.811067562479,939154.772517,1951567.388912,I,2026-01-27 22:28:35,2026-01-26 17:58:06
3150000,3150000-S199900522,서울특별시 강서구 방화동 841번지,"서울특별시 강서구 양천로 125 (방화동, 장미아파트)",7519.0,1999-09-01,2024-08-23,사용중지,방화1단지장미아파트 101동 지하주차장 1층,공공용시설,지하,1719.02,1719,37.0,34.0,25.22,126.0,49.0,3.15,37.57400049461591,126.81804008217448,939780.680862,1952954.723745,I,2025-12-15 16:14:09,2024-08-27 10:22:24
3150000,3150000-S201200069,서울특별시 강서구 화곡동 1091번지,"서울특별시 강서구 화곡로13길 107 (화곡동, 화곡푸르지오)",7703.0,2012-05-15,,사용중,화곡푸르지오 121동~128동 지하주차장 1~2층,공공용시설,지하,32187.0,32187,37.0,32.0,49.82,126.0,49.0,53.05,37.54472853475722,126.83286675273824,941066.888658,1949697.725673,I,2026-01-28 22:28:35,2026-01-27 08:00:02
3150000,3150000-S201200066,서울특별시 강서구 화곡동 1091번지,"서울특별시 강서구 화곡로13길 107 (화곡동, 화곡푸르지오)",7703.0,2012-05-15,,사용중,화곡푸르지오 101동~111동 지하주차장 1~2층,공공용시설,지하,32585.0,32585,37.0,32.0,34.41,126.0,49.0,52.19,37.54472853475722,126.83286675273824,941066.888658,1949697.725673,I,2026-01-28 22:28:35,2026-01-27 08:09:18
3150000,3150000-S201200011,서울특별시 강서구 가양동 1485번지,"서울특별시 강서구 허준로 175 (가양동, 가양6단지아파트)",7531.0,2012-05-15,,사용중,가양6단지아파트 지하주차장 1층,공공용시설,지하,8200.0,8200,37.0,33.0,48.82,126.0,51.0,32.58,37.562702828098665,126.85844462807071,943340.018324,1951676.166298,I,2026-01-28 22:28:35,2026-01-27 08:12:01
3150000,3150000-S199900326,서울특별시 강서구 가양동 1481번지,"서울특별시 강서구 양천로57길 36 (가양동, 가양5단지아파트)",7526.0,1999-09-01,2024-05-10,사용중지,가양5종합사회복지관 지하 1층,공공용시설,지하,580.18,580,37.0,33.0,50.65,126.0,51.0,15.76,37.5642269898873,126.8530842421102,942867.766143,1951848.51071,I,2025-12-15 16:14:09,2024-05-10 15:11:51
3150000,3150000-S199900442,서울특별시 강서구 화곡동 883번지 9호,"서울특별시 강서구 곰달래로32길 19 (화곡동, 화곡2동천주교회)",7782.0,1999-09-01,,사용중,화곡2동성당 지하 1층,공공용시설,지하,393.0,393,37.0,31.0,48.9,126.0,51.0,12.32,37.53018469329098,126.85313873609388,942846.592298,1948071.642448,I,2026-01-28 22:28:35,2026-01-27 08:50:58
3150000,3150000-S199900467,서울특별시 강서구 화곡동 797번지 1호,"서울특별시 강서구 곰달래로57길 7 (화곡동, 금화아파트)",7741.0,1999-09-01,2024-08-13,사용중지,금화아파트 지하주차장 1층,공공용시설,지하,422.45,422,37.0,31.0,57.18,126.0,51.0,41.85,37.53254027622364,126.86179604066214,943613.289926,1948327.756835,I,2025-12-15 16:14:09,2024-08-13 18:38:40
3150000,3150000-S202400006,서울특별시 강서구 화곡동 886-8,"서울특별시 강서구 국회대로 155, 슈프림더하이움오피스텔 (화곡동)",7787.0,2024-08-27,,사용중,슈프림더하이움오피스텔 지하주차장 1~3층,공공용시설,지하,2911.0,2911,37.0,31.0,43.18,126.0,51.0,7.91,37.5286600300098,126.852196424026,942762.1683317642,1947903.061666432,I,2026-01-29 22:28:35,2026-01-28 20:39:20
3150000,3150000-S202400009,서울특별시 강서구 방화동 886 김포공항역,"서울특별시 강서구 하늘길 지하77, 김포공항역 (방화동)",7505.0,2024-11-25,,사용중,김포공항역(김포골드라인) 지하 1~4층,공공용시설,지하,4435.0,4435,37.0,33.0,43.72,126.0,48.0,5.65,37.562144091202,126.801570330839,938316.5518505746,1951649.9860745296,I,2026-01-29 22:28:35,2026-01-28 20:42:14
3150000,3150000-S199900537,서울특별시 강서구 방화동 886번지,"서울특별시 강서구 하늘길 지하 77 (방화동, 김포공항역)",7505.0,1999-09-01,,사용중,김포공항역 5호선 지하 1~4층,공공용시설,지하,7534.0,7534,37.0,33.0,43.72,126.0,48.0,5.65,37.562144091202,126.801570330839,938316.5518505746,1951649.9860745296,I,2026-01-29 22:28:35,2026-01-28 18:52:08
3150000,3150000-S200900008,서울특별시 강서구 등촌동 660번지 10호,"서울특별시 강서구 공항대로 379 (등촌동, 한국해운조합)",7590.0,2009-03-31,,사용중,한국해운조합 지하 2층,공공용시설,지하,616.0,616,37.0,33.0,25.58,126.0,50.0,59.59,37.55707579312031,126.84980510881395,942572.678176,1951057.115206,I,2026-01-28 22:28:35,2026-01-27 08:27:52
3150000,3150000-S201900004,서울특별시 강서구 마곡동 788번지,"서울특별시 강서구 마곡동로 110 (마곡동, 코오롱one&only타워)",7793.0,2019-11-29,,사용중,코오롱 one&only 타워 지하주차장 지하1~3층,공공용시설,지하,12243.0,12243,37.0,33.0,52.59,126.0,50.0,5.09,37.56481967869588,126.83457473634502,941233.549712,1951925.680766,I,2026-01-28 22:28:35,2026-01-27 07:52:36
3150000,3150000-S200900002,서울특별시 강서구 방화동 875번지,"서울특별시 강서구 방화대로45길 32 (방화동, 동부센트레빌아파트)",7517.0,2009-02-13,,사용중,동부센트레빌아파트 지하주차장 1~2층,공공용시설,지하,20754.0,20754,37.0,34.0,28.57,126.0,48.0,56.04,37.574368302269065,126.81473424801368,939489.058787,1952997.65454,I,2026-01-28 22:28:35,2026-01-27 08:30:44
3150000,3150000-S201300004,서울특별시 강서구 화곡동 887번지 1호,"서울특별시 강서구 국회대로7길 175 (화곡동, 태승훼미리아파트)",7787.0,2013-05-31,,사용중,태승훼미리아파트 지하주차장 1층,공공용시설,지하,636.0,636,37.0,31.0,43.68,126.0,51.0,3.54,37.52885058933151,126.85116993795066,942671.616175,1947924.828473,I,2026-01-28 22:28:35,2026-01-27 07:58:44
3150000,3150000-S199900380,서울특별시 강서구 가양동 1489번지,"서울특별시 강서구 허준로 224 (가양동, 가양9단지아파트)",7532.0,2012-05-15,,사용중,가양9-1단지아파트 지하주차장 1층,공공용시설,지하,6482.0,6482,37.0,33.0,35.48,126.0,51.0,43.82,37.560037827488216,126.862730107751,943716.496494,1951377.921196,I,2026-01-28 22:28:35,2026-01-27 08:59:07
3150000,3150000-S200700002,서울특별시 강서구 등촌동 705번지 6호,"서울특별시 강서구 공항대로43길 39 (등촌동, 등촌주공아파트11단지)",7588.0,2007-06-25,,사용중,등촌주공11단지아파트 지하주차장 1층,공공용시설,지하,5719.0,5719,37.0,33.0,33.02,126.0,50.0,56.44,37.558999015728936,126.8495447603794,942551.159736,1951270.647374,I,2026-01-28 22:28:35,2026-01-27 08:33:58
3150000,3150000-S202400002,서울특별시 강서구 화곡동 1175 화곡 더리브 스카이,"서울특별시 강서구 가로공원로80길 40 (화곡동, 화곡 더리브 스카이)",7765.0,2024-06-14,,사용중,화곡더리브스카이 지하주차장 1~3층,공공용시설,지하,5568.0,5568,37.0,32.0,7.76,126.0,50.0,22.1,37.5354879338443,126.839473113715,941643.2853099116,1948668.40372519,I,2026-01-29 22:28:35,2026-01-28 20:34:36
3150000,3150000-S200900018,서울특별시 강서구 방화동 217번지 156호,"서울특별시 강서구 방화대로 지하 301 (방화동, 신방화역)",7605.0,2009-10-27,,사용중,신방화역 지하 1~2층,공공용시설,지하,6409.0,6409,37.0,34.0,3.66,126.0,48.0,59.49,37.5676831447578,126.816525684379,939641.85472604,1952254.8106215235,I,2026-01-28 22:28:35,2026-01-27 08:23:40
3150000,3150000-S199900377,서울특별시 강서구 가양동 1482,"서울특별시 강서구 허준로 176 (가양동, 가양8단지아파트)",7533.0,1999-09-01,,사용중,가양8단지아파트 지하주차장 1층,공공용시설,지하,2995.0,2995,37.0,33.0,45.01,126.0,51.0,29.6,37.5625029004222,126.858223047169,943320.2973721316,1951654.1188037216,I,2026-03-13 22:28:36,2026-03-12 21:11:04
3150000,3150000-S199900404,서울특별시 강서구 내발산동 717번지 20호,"서울특별시 강서구 강서로45라길 52 (내발산동, 강성레스트빌아파트)",7639.0,2005-06-01,,사용중,강성레스트빌아파트 지하주차장 1층,공공용시설,지하,1047.0,1047,37.0,32.0,59.5,126.0,50.0,4.57,37.549976024651286,126.83451823825769,941216.900092,1950278.877029,U,2026-04-15 03:03:03,2026-04-14 09:12:51
3150000,3150000-S199900526,서울특별시 강서구 방화동 831번지,"서울특별시 강서구 방화대로47가길 22 (방화동, 방화4단지아파트)",7513.0,1999-09-01,2024-10-18,사용중지,방화4단지아파트 401동 지하주차장 1층,공공용시설,지하,997.0,997,37.0,34.0,41.67,126.0,48.0,51.24,37.57718019765711,126.81357948031786,939389.367472,1953310.367805,I,2025-12-15 16:14:09,2024-10-19 15:09:06
3150000,3150000-S199900376,서울특별시 강서구 등촌동 631번지 9호,"서울특별시 강서구 공항대로59길 103 (등촌동, 대동황토방아파트)",7551.0,2000-07-27,,사용중,대동황토방1차아파트 지하주차장 1~2층,공공용시설,지하,10590.0,10590,37.0,33.0,22.61,126.0,51.0,46.5,37.556219053295344,126.86292624652576,943730.947899,1950954.127881,I,2026-01-28 22:28:35,2026-01-27 09:01:25
3150000,3150000-S199900310,서울특별시 강서구 화곡동 61번지 184호,"서울특별시 강서구 까치산로10길 70 (화곡동, 서울화일초등학교)",7725.0,2005-06-03,,사용중,화일초등학교 지하주차장 1~2층,공공용시설,지하,6709.0,6709,37.0,32.0,26.57,126.0,50.0,50.97,37.54101051208968,126.8475140284378,942357.949499,1949276.147901,I,2026-01-27 22:28:35,2026-01-26 17:57:39
3150000,3150000-S202400007,서울특별시 강서구 마곡동 373-14 마곡나루역,"서울특별시 강서구 마곡중앙로 지하135, 마곡나루역(공항철도) (마곡동)",7797.0,2024-10-28,,사용중,마곡나루역(공항철도) 지하 1~3층,공공용시설,지하,8503.0,8503,37.0,33.0,56.96,126.0,49.0,39.48,37.565821321141,126.827634403707,940621.408140861,1952041.171558977,I,2026-01-29 22:28:35,2026-01-28 20:40:32
3150000,3150000-S201200007,서울특별시 강서구 방화동 839번지,"서울특별시 강서구 방화대로48길 40 (방화동, 방화2단지아파트)",7519.0,2012-06-13,,사용중,방화2-1단지아파트 212동 지하주차장 1층,공공용시설,지하,1278.0,1278,37.0,34.0,28.75,126.0,49.0,6.58,37.57574125069237,126.8191400413812,939879.211647,1953147.149371,I,2026-01-28 22:28:35,2026-01-27 08:12:58
3150000,3150000-S201200001,서울특별시 강서구 방화동 868 신안네트빌1단지,"서울특별시 강서구 양천로14길 37 (방화동, 신안네트빌1단지)",7609.0,2012-06-14,,사용중,마곡신안네트빌1단지 지하주차장 1층,공공용시설,지하,4604.0,4604,37.0,34.0,14.76,126.0,48.0,35.53,37.57106561952852,126.80972358896304,939043.905689,1952634.473686,I,2026-01-28 22:28:35,2026-01-27 08:14:29
3150000,3150000-S200900005,서울특별시 강서구 화곡동 1156번지,"서울특별시 강서구 우현로 18 (화곡동, 우장산휴먼빌아파트)",7690.0,2009-03-05,,사용중,우장산휴먼빌아파트 지하주차장 1층,공공용시설,지하,2071.0,2071,37.0,32.0,51.31,126.0,50.0,37.6,37.54738111873864,126.84366264570552,942022.639966,1949985.305232,I,2026-01-28 22:28:35,2026-01-27 08:29:12
3150000,3150000-S199900387,서울특별시 강서구 등촌동 695번지,"서울특별시 강서구 공항대로39길 74 (등촌동, 등촌5단지주공아파트)",7586.0,1999-09-01,,사용중,등촌주공5단지아파트 지하주차장 1층,공공용시설,지하,5140.0,5140,37.0,33.0,38.51,126.0,50.0,41.86,37.561291836946936,126.84464234725858,942119.942718,1951528.033775,I,2026-01-28 22:28:35,2026-01-27 08:57:55
3150000,3150000-S199900394,서울특별시 강서구 내발산동 686번지 1호,"서울특별시 강서구 강서로47길 80 (내발산동, 보람아파트)",7633.0,2005-06-13,,사용중,보람아파트 지하주차장 1~2층,공공용시설,지하,2084.0,2084,37.0,33.0,11.84,126.0,49.0,54.39,37.55312620607076,126.83201569165672,940998.326937,1950629.943514,I,2026-01-28 22:28:35,2026-01-27 09:11:53
3150000,3150000-S201100008,서울특별시 강서구 내발산동 753번지,"서울특별시 강서구 수명로1길 16 (내발산동, 마곡수명산파크4단지아파트)",7643.0,2011-03-04,,사용중,마곡수명산파크4단지 지하주차장 1~2층,공공용시설,지하,25298.0,25298,37.0,33.0,4.8,126.0,49.0,24.15,37.55043807634539,126.823172704288,940215.087464,1950337.294583,U,2026-04-15 03:03:03,2026-04-14 09:15:25
3150000,3150000-S201500001,서울특별시 강서구 마곡동 738번지,"서울특별시 강서구 마곡서로 175 (마곡동, 마곡엠밸리4단지)",7595.0,2015-06-05,,사용중,마곡엠밸리4단지 지하주차장 1~3층,공공용시설,지하,23969.0,23969,37.0,34.0,10.05,126.0,49.0,27.19,37.56987036718553,126.825051673976,940396.543546,1952492.031772,I,2026-01-28 22:28:35,2026-01-27 07:57:45
3150000,3150000-S199900448,서울특별시 강서구 화곡동 885번지 1호,"서울특별시 강서구 국회대로7길 123 (화곡동, 율창아파트)",7787.0,2003-07-01,,사용중,율창아파트 지하주차장 1층,공공용시설,지하,644.0,644,37.0,31.0,45.0,126.0,51.0,14.35,37.52920289550208,126.85406413752764,942927.608924,1947962.154893,I,2026-01-28 22:28:35,2026-01-27 08:49:01
3150000,3150000-S199900524,서울특별시 강서구 방화동 839번지,"서울특별시 강서구 방화대로48길 40 (방화동, 방화2단지아파트)",7519.0,1999-09-01,,사용중,방화2-2단지아파트 214동 지하주차장 1층,공공용시설,지하,2557.0,2557,37.0,34.0,33.1,126.0,49.0,2.54,37.57574125069237,126.8191400413812,939879.211647,1953147.149371,I,2026-01-28 22:28:35,2026-01-27 08:46:11
3150000,3150000-S199900357,서울특별시 강서구 염창동 263번지,"서울특별시 강서구 공항대로71길 54 (염창동, 태진한솔아파트)",7556.0,1999-09-01,,사용중,태진한솔아파트 지하주차장 1층,공공용시설,지하,3007.0,3007,37.0,32.0,56.99,126.0,52.0,26.34,37.54946893056933,126.87331073297835,944643.166584,1950199.067102,I,2026-01-28 22:28:35,2026-01-27 09:03:00
3150000,3150000-S200900020,서울특별시 강서구 공항동 1374번지,"서울특별시 강서구 남부순환로 11 (공항동, 강서센트레빌4차)",7622.0,2009-12-21,,사용중,강서센트레빌4차아파트 지하주차장 1층,공공용시설,지하,8833.0,8833,37.0,33.0,37.25,126.0,48.0,30.12,37.560784396701735,126.80780243318978,938865.850454,1951495.061381,I,2026-01-28 22:28:35,2026-01-27 08:23:22
3150000,3150000-S199900397,서울특별시 강서구 등촌동 691번지 1호,"서울특별시 강서구 강서로68길 108 (등촌동, 동성아파트)",7580.0,1999-09-01,,사용중,동성아파트 지하주차장 1층,공공용시설,지하,16695.0,16695,37.0,33.0,50.02,126.0,50.0,45.01,37.56438712619587,126.8463938373529,942277.021358,1951870.365568,I,2026-01-28 22:28:35,2026-01-27 08:56:47
3150000,3150000-S199900532,서울특별시 강서구 방화동 804번지,"서울특별시 강서구 금낭화로 258 (방화동, 방화10단지진로아파트)",7508.0,1999-09-01,,사용중,방화10단지진로아파트 지하주차장 1층,공공용시설,지하,4023.0,4023,37.0,34.0,37.47,126.0,48.0,30.03,37.5769859192167,126.8085703510992,938946.899377,1953292.056788,I,2026-01-28 22:28:35,2026-01-27 08:44:26
3150000,3150000-S199900383,서울특별시 강서구 가양동 1490번지,"서울특별시 강서구 허준로 234 (가양동, 가양9단지아파트)",7532.0,1999-09-01,,사용중,가양9-2단지아파트 지하주차장 1층,공공용시설,지하,4691.0,4691,37.0,33.0,31.87,126.0,51.0,49.11,37.55950073012434,126.86371485122828,943803.066288,1951317.743376,I,2026-03-13 22:28:36,2026-03-12 21:17:41
3150000,3150000-S201200068,서울특별시 강서구 화곡동 1091번지,"서울특별시 강서구 화곡로13길 107 (화곡동, 화곡푸르지오)",7703.0,2012-05-15,,사용중,화곡푸르지오 116동~120동 지하주차장 1층,공공용시설,지하,12129.0,12129,37.0,32.0,44.94,126.0,49.0,52.42,37.54472853475722,126.83286675273824,941066.888658,1949697.725673,I,2026-01-28 22:28:35,2026-01-27 08:00:19
3150000,3150000-S199900395,서울특별시 강서구 등촌동 702번지,"서울특별시 강서구 화곡로63가길 71 (등촌동, 등촌10단지주공아파트)",7578.0,1999-09-01,,사용중,등촌주공10단지아파트 지하주차장 1층,공공용시설,지하,2752.0,2752,37.0,33.0,44.3,126.0,50.0,53.97,37.5617475999809,126.8486663420759,942475.689413,1951576.128096,I,2026-01-28 22:28:35,2026-01-27 08:57:35
3150000,3150000-S200900004,서울특별시 강서구 화곡동 1159번지,"서울특별시 강서구 강서로 266 (화곡동, 우장산아이파크이편한세상아파트)",7691.0,2009-03-05,,사용중,우장산아이파크이편한세상아파트 지하주차장 1~2층,공공용시설,지하,109330.0,109330,37.0,32.0,56.66,126.0,50.0,15.33,37.54937840848442,126.83659000414222,941399.436817,1950211.280721,I,2026-02-06 22:28:35,2026-02-05 08:56:32
3150000,3150000-S199900430,서울특별시 강서구 화곡동 361번지 1호,"서울특별시 강서구 월정로 160 (화곡동, 화곡대림아파트)",7766.0,1992-08-31,,사용중,화곡대림아파트 지하주차장 1층,공공용시설,지하,3652.0,3652,37.0,31.0,59.65,126.0,50.0,13.83,37.53318524471911,126.83656655231702,941384.689019,1948414.739061,I,2026-01-28 22:28:35,2026-01-27 08:52:09
3150000,3150000-S199900343,서울특별시 강서구 방화동 846번지,"서울특별시 강서구 양천로 22 (방화동, 개화산역)",7601.0,1999-09-01,,사용중,개화산역 지하 1~2층,공공용시설,지하,3497.0,3497,37.0,34.0,20.0,126.0,48.0,22.32,37.57237837111727,126.8061983926076,938733.678415,1952782.411124,I,2026-01-27 22:28:35,2026-01-26 17:59:21
3150000,3150000-S199900389,서울특별시 강서구 등촌동 705번지,"서울특별시 강서구 화곡로63가길 18 (등촌동, 등촌6단지주공아파트)",7588.0,1999-09-01,,사용중,등촌주공6단지아파트 지하주차장 1층,공공용시설,지하,2246.0,2246,37.0,33.0,34.29,126.0,50.0,53.51,37.559509154254656,126.84766516729718,942385.543209,1951328.395553,I,2026-01-28 22:28:35,2026-01-27 10:17:23
3150000,3150000-S202500003,서울특별시 강서구 마곡동 769-3 마곡역(5호선),"서울특별시 강서구 공항대로 지하163, 마곡역(5호선) (마곡동)",7800.0,2025-09-12,,사용중,마곡역 지하2층,공공용시설,지하,2175.0,2175,37.0,33.0,36.71,126.0,49.0,31.97,37.5601984623923,126.825548000142,940432.6724917263,1951418.659258769,I,2026-01-28 22:28:35,2026-01-27 07:45:17
3150000,3150000-S199900340,서울특별시 강서구 가양동 1459번지,"서울특별시 강서구 강서로 532 (가양동, 동신아파트,대아아파트)",7524.0,2005-06-04,,사용중,동신대아아파트 지하주차장 1층,공공용시설,지하,14952.0,14952,37.0,34.0,20.09,126.0,50.0,35.34,37.572659343716325,126.84271431874616,941958.481975,1952790.4,I,2026-01-27 22:28:35,2026-01-26 17:58:30
3150000,3150000-S199900365,서울특별시 강서구 염창동 290번지,"서울특별시 강서구 양천로63길 52 (염창동, 벽산늘푸른아파트)",7546.0,1999-09-01,,사용중,벽산늘푸른아파트 지하주차장 1~2층,공공용시설,지하,4899.0,4899,37.0,33.0,28.98,126.0,51.0,57.9,37.55787633387999,126.86583942029156,943989.495016,1951136.255693,I,2026-01-28 22:28:35,2026-01-27 09:01:54
3150000,3150000-S201200008,서울특별시 강서구 방화동 839번지,"서울특별시 강서구 방화대로48길 40 (방화동, 방화2단지아파트)",7519.0,2012-06-13,,사용중,방화2-2단지아파트 217동 지하주차장 1층,공공용시설,지하,1278.0,1278,37.0,34.0,30.53,126.0,49.0,10.81,37.57574125069237,126.8191400413812,939879.211647,1953147.149371,I,2026-01-28 22:28:35,2026-01-27 08:12:42
3150000,3150000-S201900003,서울특별시 강서구 마곡동 789번지,"서울특별시 강서구 마곡중앙10로 70 (마곡동, 엘지사이언스파크)",7795.0,2019-10-08,,사용중,LG사이언스파크 E9~14동 지하주차장 1~3층,공공용시설,지하,101033.0,101033,37.0,33.0,47.82,126.0,50.0,5.33,37.56354652605951,126.83547804247318,941312.326532,1951783.865354,I,2026-01-28 22:28:35,2026-01-27 07:52:52
3150000,3150000-S201300003,서울특별시 강서구 화곡동 1155번지,"서울특별시 강서구 초록마을로 166 (화곡동, 탑건진선미아파트)",7730.0,2013-05-31,,사용중,탑건진선미아파트 지하주차장 1층,공공용시설,지하,2792.0,2792,37.0,32.0,10.55,126.0,50.0,46.07,37.536005906921886,126.84615155013992,942233.722985,1948721.74688,I,2026-03-13 22:28:36,2026-03-12 18:51:31
3150000,3150000-S200800010,서울특별시 강서구 방화동 871번지 101동,"서울특별시 강서구 양천로14길 17, 101동 (방화동, 방신서광아파트)",7603.0,2008-06-13,,사용중,마곡서광2차아파트 101동 지하주차장 1층,공공용시설,지하,3747.0,3747,37.0,34.0,18.54,126.0,48.0,38.73,37.57228382636893,126.81021437428944,939088.23811,1952769.310675,I,2026-01-28 22:28:35,2026-01-27 08:31:57
3150000,3150000-S199900428,서울특별시 강서구 화곡동 900번지 1호,"서울특별시 강서구 강서로7길 28 (화곡동, 해태아파트)",7777.0,1997-03-01,,사용중,해태아파트 지하주차장 2~3층,공공용시설,지하,4200.0,4200,37.0,31.0,47.09,126.0,50.0,46.15,37.529609441347326,126.84617743850444,942231.076466,1948012.074206,I,2026-01-28 22:28:35,2026-01-27 08:52:42
3150000,3150000-S202400005,서울특별시 강서구 화곡동 460-1 푸른숲아파트,"서울특별시 강서구 곰달래로35길 116 (화곡동, 푸른숲아파트)",7743.0,2024-06-26,,사용중,화곡동푸른숲아파트1차 지하주차장 1층,공공용시설,지하,1363.0,1363,37.0,32.0,10.51,126.0,51.0,11.98,37.5362535133369,126.853328807823,942868.016116177,1948744.832842038,I,2026-01-29 22:28:35,2026-01-28 20:38:11
3150000,3150000-S199900462,서울특별시 강서구 화곡동 1140번지,"서울특별시 강서구 등촌로13자길 74 (화곡동, 태영방송인아파트)",7731.0,1999-09-01,,사용중,태영방송인아파트 지하주차장 1~3층,공공용시설,지하,8227.0,8227,37.0,32.0,14.99,126.0,51.0,12.99,37.53715676398232,126.85394532298676,942923.172962,1948844.669756,I,2026-01-28 22:28:35,2026-01-27 08:47:37
3150000,3150000-S199900312,서울특별시 강서구 화곡동 662번지 5호,"서울특별시 강서구 강서로 지하 54 (화곡동, 까치산역)",7757.0,1999-09-01,,사용중,"까치산역(5호선) 지하 1, 5층",공공용시설,지하,9117.0,9117,37.0,31.0,55.05,126.0,50.0,47.83,37.5319593884217,126.846619235259,942271.9234069168,1948272.51803715,I,2026-01-29 22:28:35,2026-01-28 18:52:46
3150000,3150000-S199900384,서울특별시 강서구 등촌동 688번지,"서울특별시 강서구 강서로56나길 37 (등촌동, 등촌3단지주공아파트)",7584.0,1999-09-01,,사용중,등촌주공3단지아파트 지하주차장 1층,공공용시설,지하,5065.0,5065,37.0,33.0,42.67,126.0,50.0,28.27,37.56107360555231,126.84162769006782,941853.520755,1951505.68282,I,2026-01-28 22:28:35,2026-01-27 08:58:14
3150000,3150000-S199900528,서울특별시 강서구 방화동 816번지,"서울특별시 강서구 금낭화로23길 25 (방화동, 방화6단지아파트)",7510.0,1999-09-01,,사용중,방화6단지아파트 604동 지하주차장 1층,공공용시설,지하,2983.0,2983,37.0,34.0,41.38,126.0,48.0,40.45,37.57885845496669,126.81164875347864,939220.247271,1953497.81141,I,2026-01-28 22:28:35,2026-01-27 08:45:00
3150000,3150000-S201100001,서울특별시 강서구 염창동 258번지 1호,"서울특별시 강서구 양천로 731 (염창동, 동아3차아파트)",7539.0,2011-06-07,,사용중,동아3차아파트 지하주차장 1~3층,공공용시설,지하,19425.0,19425,37.0,33.0,0.35,126.0,52.0,39.29,37.54927550751552,126.87716572027632,944983.547364,1950175.344695,I,2026-01-28 22:28:35,2026-01-27 08:21:29
3150000,3150000-S201600003,서울특별시 강서구 마곡동 747번지,"서울특별시 강서구 마곡중앙1로 72 (마곡동, 마곡엠밸리10단지)",7629.0,2016-11-02,,사용중,마곡엠밸리10단지 지하주차장 1~2층,공공용시설,지하,23187.0,23187,37.0,33.0,34.22,126.0,49.0,8.48,37.55896682106219,126.81872419582513,939828.999034,1951286.360641,I,2026-01-28 22:28:35,2026-01-27 07:56:46
3150000,3150000-S202400004,서울특별시 강서구 화곡동 346-46,서울특별시 강서구 강서로15길 37 (화곡동),7773.0,2024-06-14,,사용중,화곡동교회 B동 지하주차장 2~3층,공공용시설,지하,5194.0,5194,37.0,31.0,55.8,126.0,50.0,38.16,37.5321657497591,126.843934329944,942034.8612926508,1948297.0642974528,I,2026-01-29 22:28:35,2026-01-28 20:35:06
3150000,3150000-S201200004,서울특별시 강서구 방화동 841번지,"서울특별시 강서구 양천로 125 (방화동, 장미아파트)",7519.0,2012-06-13,2024-08-23,사용중지,방화1단지장미아파트 103동 지하주차장 1층,공공용시설,지하,1719.02,1719,37.0,34.0,28.71,126.0,49.0,2.88,37.57400049461591,126.81804008217448,939780.680862,1952954.723745,I,2025-12-15 16:14:09,2024-08-27 10:23:37
3150000,3150000-S199900346,서울특별시 강서구 가양동 1474번지,"서울특별시 강서구 허준로 121 (가양동, 대림경동아파트)",7525.0,1999-09-01,,사용중,대림경동아파트 지하주차장 1층,공공용시설,지하,11416.0,11416,37.0,33.0,57.02,126.0,51.0,12.78,37.56549878892178,126.85348601388183,942904.219637,1951989.367159,I,2026-01-28 22:28:35,2026-01-27 09:04:26
3150000,3150000-S200900012,서울특별시 강서구 가양동 159번지 3호,서울특별시 강서구 양천로 지하 341 (가양동),7523.0,2009-10-27,,사용중,양천향교역 지하1~2층,공공용시설,지하,6870.0,6870,37.0,34.0,7.49,126.0,50.0,26.9,37.56869742822804,126.84081249573312,941787.45619,1952352.018346,I,2026-01-28 22:28:35,2026-01-27 08:26:09
3150000,3150000-S202600002,서울특별시 강서구 마곡동 1171 마곡현대아파트,"서울특별시 강서구 양천로 140 (마곡동, 마곡현대아파트)",7593.0,2026-02-06,,사용중,마곡현대2차아파트 지하주차장 1~2층,공공용시설,지하,9301.0,9301,37.0,34.0,23.4,126.0,49.0,10.13,37.5731670928431,126.819481478434,939907.2927812666,1952861.3382303668,I,2026-02-25 22:28:35,2026-02-24 13:12:23
3150000,3150000-S202600001,서울특별시 강서구 방화동 870 개화산동부센트레빌,"서울특별시 강서구 양천로3길 17 (방화동, 개화산동부센트레빌)",7516.0,2026-02-06,,사용중,개화산동부센트레빌아파트 지하주차장 1층,공공용시설,지하,5836.0,5836,37.0,34.0,24.41,126.0,48.0,23.81,37.5734482115398,126.806614929594,938771.3372140668,1952900.834235467,U,2026-03-31 03:03:03,2026-03-30 20:20:52
3150000,3150000-S202600003,서울특별시 강서구 마곡동 429 마곡벽산아파트,"서울특별시 강서구 양천로47길 118 (마곡동, 마곡벽산아파트)",7522.0,2026-04-30,,사용중,마곡벽산아파트 지하1~2층,공공용시설,지하,22080.0,22080,37.0,34.0,32.36,126.0,50.0,13.39,37.5756556705399,126.837052883489,941460.8895977,1953126.3427013,I,2026-05-01 22:28:43,2026-04-30 14:20:02
3150000,3150000-S199900432,서울특별시 강서구 화곡동 919번지 1호,"서울특별시 강서구 곰달래로 96 (화곡동, 유림노르웨이숲)",7776.0,2004-09-16,,사용중,유림노르웨이숲 지하주차장 1~3층,공공용시설,지하,8190.0,8190,37.0,31.0,48.78,126.0,50.0,36.63,37.53020609007006,126.84344231389215,941989.872081,1948079.952985,I,2026-01-28 22:28:35,2026-01-27 08:51:47
3150000,3150000-S201100014,서울특별시 강서구 방화동 567번지 4호,"서울특별시 강서구 방화동로 126 (방화동, 삼정아파트)",7604.0,2011-07-04,,사용중,삼정아파트 지하주차장 2~3층,공공용시설,지하,2722.0,2722,37.0,34.0,18.18,126.0,48.0,43.05,37.571669725438106,126.81204280562532,939249.201545,1952699.994819,I,2026-01-28 22:28:35,2026-01-27 08:15:11
3150000,3150000-S200700006,서울특별시 강서구 화곡동 1145번지,"서울특별시 강서구 공항대로 382 (화곡동, 우장산롯데캐슬아파트)",7648.0,2007-07-04,,사용중,우장산롯데캐슬아파트 지하주차장 1~2층,공공용시설,지하,63322.0,63322,37.0,33.0,20.54,126.0,50.0,53.99,37.55659147292763,126.84972606528324,942565.324974,1951003.430325,I,2026-01-28 22:28:35,2026-01-27 08:33:22
3150000,3150000-S201800001,서울특별시 강서구 등촌동 562번지 5호,"서울특별시 강서구 등촌로 113 (등촌동, 그린임광아파트)",7672.0,2018-01-08,,사용중,그린임광아파트 지하주차장 1~2층,공공용시설,지하,6098.0,6098,37.0,32.0,24.09,126.0,51.0,48.07,37.54019796102325,126.86354411214668,943773.487607,1949176.292834,I,2026-01-28 22:28:35,2026-01-27 07:55:11
3150000,3150000-S201200070,서울특별시 강서구 화곡동 1091번지,"서울특별시 강서구 화곡로13길 107 (화곡동, 화곡푸르지오)",7703.0,2012-05-15,,사용중,화곡푸르지오 129동~131동 지하주차장 1~2층,공공용시설,지하,11743.0,11743,37.0,32.0,43.14,126.0,49.0,53.27,37.54472853475722,126.83286675273824,941066.888658,1949697.725673,I,2026-01-28 22:28:35,2026-01-27 10:02:01
3150000,3150000-S201200010,서울특별시 강서구 방화동 831번지,"서울특별시 강서구 방화대로47가길 22 (방화동, 방화4단지아파트)",7513.0,2012-06-13,2024-10-18,사용중지,방화4단지아파트 402동 지하주차장 1층,공공용시설,지하,997.0,997,37.0,34.0,40.18,126.0,48.0,51.64,37.57718019765711,126.81357948031786,939389.367472,1953310.367805,I,2025-12-15 16:14:09,2024-10-19 15:10:31
3150000,3150000-S199900328,서울특별시 강서구 화곡동 895번지 6호,"서울특별시 강서구 곰달래로26길 15 (화곡동, 현대그린아파트)",7781.0,1999-09-01,,사용중,현대그린아파트 지하주차장 1층,공공용시설,지하,320.0,320,37.0,31.0,48.04,126.0,50.0,58.17,37.52999347274299,126.84927115861008,942504.722004,1948052.784818,I,2026-03-13 22:28:36,2026-03-12 18:44:00
3150000,3150000-S199900534,서울특별시 강서구 방화동 860번지,"서울특별시 강서구 양천로27길 129 (방화동, 치현마을서광아파트)",7518.0,1999-09-01,,사용중,마곡서광아파트 105동 지하주차장 1~2층,공공용시설,지하,8314.0,8314,37.0,34.0,44.45,126.0,49.0,9.37,37.57897645769875,126.81953825036406,939916.974145,1953505.828304,I,2026-01-28 22:28:35,2026-01-27 08:35:17
3150000,3150000-S199900345,서울특별시 강서구 방화동 829번지 15호,"서울특별시 강서구 금낭화로 지하 132 (방화동, 방화역 5호선)",7511.0,1999-09-01,,사용중,방화역 지하 1~2층,공공용시설,지하,2390.0,2390,37.0,34.0,37.21,126.0,48.0,45.47,37.5770031530532,126.812629625161,939305.3509235068,1953291.3386031731,I,2026-01-28 22:28:35,2026-01-27 09:04:49
3150000,3150000-S201200018,서울특별시 강서구 방화동 814번지,"서울특별시 강서구 금낭화로 287-19 (방화동, 방화5단지아파트)",7510.0,2012-06-13,,사용중,방화5단지아파트 504동 지하주차장 1층,공공용시설,지하,2935.0,2935,37.0,34.0,36.84,126.0,48.0,34.52,37.57713571601656,126.81158668753405,939213.366388,1953306.720255,I,2026-01-28 22:28:35,2026-01-27 08:10:44
3150000,3150000-S199900444,서울특별시 강서구 화곡동 833번지 7호,"서울특별시 강서구 곰달래로31가길 101 (화곡동, 성석교회교육관)",7748.0,2001-05-09,,사용중,성석교회교육관 지하주차장 1층,공공용시설,지하,614.0,614,37.0,31.0,57.88,126.0,51.0,25.11,37.53265293426789,126.85703171840548,943192.432545,1948343.122934,I,2026-01-28 22:28:35,2026-01-27 08:50:42
3150000,3150000-S199900523,서울특별시 강서구 방화동 839번지,"서울특별시 강서구 방화대로48길 40 (방화동, 방화2단지아파트)",7519.0,1999-09-01,,사용중,방화2-1단지아파트 201동 지하주차장 1층,공공용시설,지하,1278.0,1278,37.0,34.0,25.12,126.0,49.0,6.67,37.57574125069237,126.8191400413812,939879.211647,1953147.149371,I,2026-01-28 22:28:35,2026-01-27 08:46:37
3150000,3150000-S200900016,서울특별시 강서구 등촌동 666번지 40호,"서울특별시 강서구 양천로 지하 560 (등촌동, 증미역 9호선)",7550.0,2009-10-27,,사용중,증미역 지하1~3층,공공용시설,지하,7025.0,7025,37.0,33.0,27.78,126.0,51.0,40.49,37.5577178767582,126.861247181403,943583.7742138236,1951121.4220930468,I,2026-01-28 22:28:35,2026-01-27 08:24:25
3150000,3150000-S199900335,서울특별시 강서구 마곡동 743번지 5호,"서울특별시 강서구 마곡서1로 68 (마곡동, 서울공항초등학교)",7798.0,2014-08-01,,사용중,서울공항초등학교 지하주차장 1층,공공용시설,지하,1600.0,1600,37.0,33.0,47.25,126.0,49.0,16.37,37.56300329081949,126.82158969282322,940085.318439,1951732.35939,I,2026-01-27 22:28:35,2026-01-26 17:57:22
3150000,3150000-S200700003,서울특별시 강서구 화곡동 473번지 4호,"서울특별시 강서구 등촌로13아길 44 (화곡동, 명지해드는터)",7736.0,2007-06-25,,사용중,명지해드는터아파트 지하주차장 1층,공공용시설,지하,3035.0,3035,37.0,32.0,13.2,126.0,51.0,23.1,37.536867512009295,126.8564107418182,943140.767441,1948811.085045,I,2026-01-28 22:28:35,2026-01-27 08:33:41
3150000,3150000-S201200023,서울특별시 강서구 방화동 819번지,"서울특별시 강서구 금낭화로 167 (방화동, 방화8단지개화아파트)",7509.0,2012-06-13,,사용중,방화8단지개화아파트 106동 지하주차장 1~2층,공공용시설,지하,3867.0,3867,37.0,34.0,51.52,126.0,48.0,43.17,37.58020669644195,126.8136189391977,939395.304956,1953646.120841,I,2026-01-28 22:28:35,2026-01-27 08:09:49
3150000,3150000-S200900011,서울특별시 강서구 마곡동 367-6 마곡나루역(9호선),"서울특별시 강서구 마곡중앙5로 지하2, 마곡나루역(9호선) (마곡동)",7788.0,2009-10-27,,사용중,마곡나루역(9호선) 지하1~2층,공공용시설,지하,8338.0,8338,37.0,34.0,0.45,126.0,49.0,39.07,37.5667929892746,126.827518248932,940611.9214986748,1952149.047528321,U,2026-04-02 03:03:03,2026-04-01 09:32:12
3150000,3150000-S199900329,서울특별시 강서구 마곡동 727번지 1212호,"서울특별시 강서구 공항대로 지하 267 (마곡동, 발산역(5호선))",7803.0,2005-06-13,,사용중,발산역 지하1~2층,공공용시설,지하,8178.0,8178,37.0,33.0,32.49,126.0,50.0,14.34,37.55899750753522,126.8373220780433,941471.626974,1951278.021238,I,2026-01-28 22:28:35,2026-01-27 09:10:55
3150000,3150000-S199900441,서울특별시 강서구 화곡동 873번지 13호,"서울특별시 강서구 곰달래로 170 (화곡동, 정일빌딩)",7782.0,1999-09-01,,사용중,정일빌딩 지하주차장 1층,공공용시설,지하,310.0,310,37.0,31.0,50.79,126.0,51.0,6.73,37.530768611337,126.85181257586994,942729.864633,1948137.232005,I,2026-01-28 22:28:35,2026-01-27 08:51:13
3150000,3150000-S199900379,서울특별시 강서구 등촌동 715 등촌동아이파크,"서울특별시 강서구 등촌로 163 (등촌동, 등촌동아이파크)",7671.0,2004-01-07,,사용중,등촌동아이파크아파트 지하주차장 1~2층,공공용시설,지하,80517.0,80517,37.0,32.0,33.91,126.0,51.0,42.26,37.54442054111653,126.8618562616084,943627.555534,1949645.778581,I,2026-03-14 22:28:37,2026-03-13 15:19:56
3150000,3150000-S201900002,서울특별시 강서구 마곡동 770번지 1호,"서울특별시 강서구 마곡중앙10로 30 (마곡동, 엘지사이언스파크)",7796.0,2019-10-08,,사용중,LG사이언스파크 E1~8동 지하주차장 1~4층,공공용시설,지하,106725.0,106725,37.0,33.0,43.39,126.0,49.0,58.63,37.56392017814945,126.83102505873087,940919.348956,1951828.110632,I,2026-01-28 22:28:35,2026-01-27 07:53:22
3150000,3150000-S201200009,서울특별시 강서구 방화동 832번지,"서울특별시 강서구 방화대로47길 55 (방화동, 방화3단지아파트)",7514.0,2012-06-13,,사용중,방화3단지아파트 지하주차장 1층,공공용시설,지하,4373.0,4373,37.0,34.0,32.0,126.0,48.0,49.07,37.57606982697519,126.81338419038846,939371.222926,1953187.302465,I,2026-01-28 22:28:35,2026-01-27 08:12:23
3150000,3150000-S199900355,서울특별시 강서구 염창동 268번지,"서울특별시 강서구 양천로 656 (염창동, 삼성관음아파트)",7554.0,1999-09-01,,사용중,관음삼성아파트 지하주차장 1~2층,공공용시설,지하,6066.0,6066,37.0,33.0,8.84,126.0,52.0,8.99,37.55236005138627,126.8696302894548,944320.212437,1950521.997098,I,2026-01-28 22:28:35,2026-01-27 09:03:24
3150000,3150000-S201200005,서울특별시 강서구 방화동 839번지,"서울특별시 강서구 방화대로48길 40 (방화동, 방화2단지아파트)",7519.0,2012-06-13,,사용중,방화2-1단지아파트 204동 지하주차장 1층,공공용시설,지하,1278.0,1278,37.0,34.0,25.49,126.0,49.0,12.16,37.57574125069237,126.8191400413812,939879.211647,1953147.149371,I,2026-01-28 22:28:35,2026-01-27 08:13:38
3150000,3150000-S201800002,서울특별시 강서구 화곡동 1148번지,"서울특별시 강서구 우장산로 92 (화곡동, 우장산롯데아파트)",7685.0,2018-01-10,,사용중,우장산롯데아파트 지하주차장 1층,공공용시설,지하,7000.0,7000,37.0,33.0,9.0,126.0,50.0,46.33,37.55267408142012,126.84622647848008,942253.201791,1950570.957383,I,2026-01-28 22:28:35,2026-01-27 07:54:43
3150000,3150000-S200900010,서울특별시 강서구 공항동 산 20-2 공항시장역(9호선),"서울특별시 강서구 방화동로 지하30, 공항시장역(9호선) (공항동)",7619.0,2009-10-27,,사용중,공항시장역 지하1~4층,공공용시설,지하,10691.0,10691,37.0,33.0,48.8,126.0,48.0,37.77,37.56357495923158,126.81048196058369,939104.777894,1951802.923234,I,2026-01-28 22:28:35,2026-01-27 08:26:48
3150000,3150000-S201700002,서울특별시 강서구 마곡동 748번지,"서울특별시 강서구 마곡중앙1로 71 (마곡동, 마곡13단지힐스테이트마스터)",7809.0,2017-07-04,,사용중,마곡13단지힐스테이트마스터 지하주차장 1~2층,공공용시설,지하,61544.0,61544,37.0,33.0,26.01,126.0,49.0,3.24,37.558729973021904,126.81868351657526,939825.215673,1951260.109393,I,2026-01-28 22:28:35,2026-01-27 07:55:41
3150000,3150000-S199900277,서울특별시 강서구 염창동 275번지 12호,"서울특별시 강서구 공항대로 561 (염창동, 강서보건소)",7560.0,1999-09-01,2023-11-15,사용중지,강서보건소 지하 1층,공공용시설,지하,765.0,765,37.0,32.0,58.64,126.0,52.0,5.78,37.54960350621826,126.86823916501258,944195.279534,1950216.996128,I,2025-12-15 16:14:09,2023-11-15 17:44:56
3150000,3150000-S201900001,서울특별시 강서구 마곡동 770번지,"서울특별시 강서구 마곡중앙10로 10 (마곡동, 엘지사이언스파크)",7796.0,2019-10-08,,사용중,LG사이언스파크 W1~10동 지하주차장 1~3층,공공용시설,지하,72126.0,72126,37.0,33.0,48.85,126.0,49.0,48.71,37.564114288895446,126.8287245536014,940716.330824,1951851.095163,I,2026-01-28 22:28:35,2026-01-27 07:53:38
3150000,3150000-S199900465,서울특별시 강서구 화곡동 1150 화곡3차 보람아파트,"서울특별시 강서구 등촌로13바길 18-11(화곡동, 화곡3차 보람아파트)",7735.0,2004-12-01,,사용중,화곡3차보람아파트 지하주차장 1층,공공용시설,지하,2287.0,2287,37.0,32.0,12.58,126.0,51.0,27.97,37.5369306088939,126.85798891536264,943280.243781,1948817.132247,I,2026-01-28 22:28:35,2026-01-27 08:46:57
3150000,3150000-S201100003,서울특별시 강서구 염창동 300번지,"서울특별시 강서구 양천로63길 38 (염창동, 강변한솔솔파크)",7546.0,2011-06-07,,사용중,강변한솔솔파크 지하주차장 1~2층,공공용시설,지하,14200.0,14200,37.0,33.0,23.5,126.0,51.0,59.88,37.557398414904895,126.86621926602348,944022.686679,1951083.006449,I,2026-01-28 22:28:35,2026-01-27 08:21:02
3150000,3150000-S199900300,서울특별시 강서구 화곡동 377-8 강서케이병원,"서울특별시 강서구 가로공원로 187, 강서케이병원 (화곡동)",7718.0,2003-05-01,,사용중,강서케이병원 지하주차장 1층,공공용시설,지하,505.0,505,37.0,32.0,14.48,126.0,50.0,12.11,37.5373108362769,126.83669687159104,941399.431537,1948872.372591,I,2026-01-28 22:28:35,2026-01-27 09:17:59
3150000,3150000-S201200003,서울특별시 강서구 방화동 869번지,"서울특별시 강서구 양천로14길 61 (방화동, 신안2단지아파트)",7609.0,2012-06-12,,사용중,마곡신안네트빌2단지 지하주차장 1층,공공용시설,지하,1607.0,1607,37.0,34.0,12.58,126.0,48.0,34.61,37.57036365231667,126.8096198621183,939034.173573,1952556.660486,I,2026-01-28 22:28:35,2026-01-27 08:14:10
3150000,3150000-S200900009,서울특별시 강서구 등촌동 707번지 3호,"서울특별시 강서구 화곡로65길 62 (등촌동, 강서구민올림픽체육센터)",7576.0,2009-03-31,,사용중,올림픽체육센터 지하 1~3층,공공용시설,지하,5580.0,5580,37.0,33.0,34.79,126.0,51.0,2.03,37.55946754502415,126.85042709840071,942629.448811,1951322.089687,I,2026-01-28 22:28:35,2026-01-27 08:27:35
3150000,3150000-S201200017,서울특별시 강서구 방화동 814번지,"서울특별시 강서구 금낭화로 287-19 (방화동, 방화5단지아파트)",7510.0,2012-06-13,,사용중,방화5단지아파트 502동 지하주차장 1층,공공용시설,지하,2935.0,2935,37.0,34.0,37.54,126.0,48.0,39.31,37.57713571601656,126.81158668753405,939213.366388,1953306.720255,I,2026-01-28 22:28:35,2026-01-27 08:11:00
3150000,3150000-S199900463,서울특별시 강서구 화곡동 1142번지,"서울특별시 강서구 곰달래로59길 36 (화곡동, 성삼하이츠아파트)",7741.0,2001-11-01,,사용중,성삼하이츠아파트 지하주차장 1층,공공용시설,지하,941.0,941,37.0,32.0,3.2,126.0,51.0,46.82,37.53393818262656,126.86296436237666,943717.565362,1948482.147777,I,2026-01-28 22:28:35,2026-01-27 08:47:15
3150000,3150000-S199900406,서울특별시 강서구 내발산동 716번지 16호,"서울특별시 강서구 강서로47라길 79 (내발산동, 그린씨티아파트)",7638.0,2005-06-13,,사용중,그린씨티아파트 지하주차장 1층,공공용시설,지하,988.0,988,37.0,32.0,58.7,126.0,49.0,59.56,37.54967597505812,126.8331527403589,941096.045863,1950246.442602,U,2026-04-15 03:03:03,2026-04-14 09:13:26
3150000,3150000-S200900006,서울특별시 강서구 가양동 18번지 24호,"서울특별시 강서구 양천로 431 (가양동, 홈플러스가양점)",7527.0,2009-03-31,2026-01-15,사용중지,홈플러스 가양점 지하주차장 3층,공공용시설,지하,6891.0,6891,37.0,33.0,51.27,126.0,50.0,59.89,37.56434300166654,126.84944554171804,942546.500585,1951863.600063,I,2026-01-17 22:28:35,2026-01-16 11:02:00
3150000,3150000-S201600004,서울특별시 강서구 마곡동 746번지,서울특별시 강서구 공항대로 124-0 (마곡동),7808.0,2016-11-02,,사용중,마곡엠밸리11단지 지하주차장 1~2층,공공용시설,지하,15359.0,15359,37.0,33.0,33.67,126.0,49.0,14.32,37.55922789259242,126.82056779926538,939992.039411,1951314.146737,I,2026-01-28 22:28:35,2026-01-27 07:56:30
3150000,3150000-S199900401,서울특별시 강서구 등촌동 701번지,"서울특별시 강서구 공항대로 351-21 (등촌동, 미주진로아파트)",7587.0,1999-09-01,,사용중,미주진로아파트 지하주차장 1층,공공용시설,지하,6888.0,6888,37.0,33.0,35.7,126.0,50.0,49.45,37.558925105478544,126.84680665847918,942309.268209,1951264.124515,I,2026-01-28 22:28:35,2026-01-27 08:54:54
3150000,3150000-S201300001,서울특별시 강서구 화곡동 1091번지,"서울특별시 강서구 화곡로13길 107 (화곡동, 화곡푸르지오)",7703.0,2012-05-15,,사용중,화곡푸르지오 144동~150동 지하주차장 1~2층,공공용시설,지하,23593.0,23593,37.0,32.0,35.07,126.0,49.0,57.23,37.54472853475722,126.83286675273824,941066.888658,1949697.725673,I,2026-01-28 22:28:35,2026-01-27 07:59:30
3150000,3150000-S199900447,서울특별시 강서구 화곡동 1143번지,"서울특별시 강서구 국회대로7길 157 (화곡동, 은창아파트)",7787.0,2002-04-01,,사용중,은창아파트 지하주차장 1층,공공용시설,지하,780.0,780,37.0,31.0,44.2,126.0,51.0,7.68,37.52899318770397,126.85215554364524,942758.810832,1947940.048744,I,2026-01-28 22:28:35,2026-01-27 08:50:23
3150000,3150000-S200900017,서울특별시 강서구 등촌동 666번지 94호,"서울특별시 강서구 공항대로 지하 529 (등촌동, 등촌역9호선)",7563.0,2009-10-27,,사용중,등촌역 지하1~2층,공공용시설,지하,10465.0,10465,37.0,33.0,4.02,126.0,51.0,53.82,37.5511173948792,126.86495128318,943905.9857756768,1950386.9118708505,I,2026-01-28 22:28:35,2026-01-27 08:24:06
3160000,3160000-S199400009,서울특별시 구로구 개봉동 60번지 82호,서울특별시 구로구 고척로 82-0 (개봉동),8267.0,1994-12-27,,사용중,거성푸르뫼2차아파트(지하주차장 1~2층),공공용시설,지하,7394.0,7394,37.0,30.0,1.38,126.0,50.0,36.6,37.50038359976697,126.84355035739924,941976.332455,1944771.23523,I,2026-05-08 22:43:35,2026-03-11 09:53:32
3160000,3160000-S202300001,서울특별시 구로구 구로동 851 한화비즈메트로1차,"서울특별시 구로구 디지털로 242, 한화비즈메트로1차 (구로동)",8394.0,2023-02-15,,사용중,구로한화비즈메트로1차 지하 1~3층 주차장,공공용시설,지하,12904.14,12904,37.0,28.0,50.92,126.0,53.0,33.64,37.4808124968276,126.892678418565,946304.8039550668,1942570.7812649335,I,2026-05-08 22:43:34,2026-03-11 10:01:13
3160000,3160000-S202300004,서울특별시 구로구 고척동 342 벽산베스트블루밍아파트,"서울특별시 구로구 고척로60길 30, 지하1~2층 (고척동, 벽산베스트블루밍아파트)",8228.0,2023-07-13,,사용중,고척벽산베스트블루밍아파트(지하1~2층주차장),공공용시설,지하,15666.0,15666,37.0,30.0,18.25,126.0,51.0,35.01,37.5050691715424,126.859724383153,943409.5091624464,1945281.22467016,I,2026-05-08 22:43:26,2026-03-04 13:57:48
3160000,3160000-S199700009,서울특별시 구로구 개봉동 470번지,"서울특별시 구로구 남부순환로95길 54 (개봉동, 삼환아파트)",8336.0,1997-05-27,,사용중,삼환아파트 전동 지하1층 주차장,공공용시설,지하,12430.0,12430,37.0,29.0,39.0,126.0,51.0,19.6,37.49416822238798,126.85547011292952,943025.210825,1944074.391535,I,2026-05-08 22:43:18,2026-03-11 09:57:58
3160000,3160000-S200700002,서울특별시 구로구 구로동 97번지 10호,"서울특별시 구로구 구로중앙로18길 53 (구로동, 우진체리쉬)",8302.0,2007-06-15,,사용중,우진체리쉬 지하주차장(지하1~2층),공공용시설,지하,975.34,975,37.0,29.0,46.02,126.0,53.0,30.82,37.49607533537403,126.8919907041847,946254.936832,1944264.494964,I,2026-05-08 22:43:32,2026-02-26 17:41:35
3160000,3160000-S198500009,서울특별시 구로구 궁동 35번지,"서울특별시 구로구 오리로 1355-10 (궁동, 서서울생활과학고등학교)",8248.0,2011-01-26,,사용중,"서서울생활과학고등학교지하 1층(통일관,생활과학관)",공공용시설,지하,1724.0,1724,37.0,30.0,10.92,126.0,49.0,42.29,37.5030333448733,126.828414963787,940640.5950903972,1945074.6493951045,I,2026-05-08 22:43:34,2026-03-11 10:04:14
3160000,3160000-S198400001,서울특별시 구로구 신도림동 460번지 26호,"서울특별시 구로구 새말로 지하 117-21 (신도림동, 2호선신도림역)",8288.0,1984-12-01,,사용중,신도림지하철역(2호선 지하1~2층),공공용시설,지하,12925.0,12925,37.0,30.0,31.57,126.0,53.0,27.89,37.5087701855792,126.89108047667,946183.5892754334,1945673.4366862336,I,2026-05-08 22:43:16,2026-03-11 10:05:26
3160000,3160000-S198100002,서울특별시 구로구 구로동 606번지 1호,"서울특별시 구로구 구로중앙로 198 (구로동, 구로기계공구상가)",8212.0,1981-05-27,,사용중,구로기계공구상가 지하1층주차장,공공용시설,지하,1322.0,1322,37.0,30.0,15.3,126.0,52.0,50.43,37.50404461656733,126.87883155199285,945097.555487,1945156.23702,I,2026-05-08 22:43:14,2026-02-24 16:25:10
3160000,3160000-S199400008,서울특별시 구로구 개봉동 47번지 1호,서울특별시 구로구 고척로21나길 85-6 (개봉동),8250.0,1994-05-27,,사용중,건영아파트(지하주차장1~2층),공공용시설,지하,4067.0,4067,37.0,30.0,5.84,126.0,50.0,27.36,37.501622854854126,126.84093424561344,941746.054169,1944910.340003,I,2026-05-08 22:43:25,2026-03-11 09:53:00
3160000,3160000-S199500001,서울특별시 구로구 구로동 1058번지,"서울특별시 구로구 구일로8길 31 (구로동, 구로우성아파트)",8324.0,1995-12-01,,사용중,"구로우성아파트 지하1,2층 주차장",공공용시설,지하,5824.0,5824,37.0,29.0,42.11,126.0,52.0,22.97,37.49501992074657,126.87305246827246,944580.091784,1944158.38512,I,2026-05-08 22:43:29,2026-03-05 16:08:12
3160000,3160000-S199600003,서울특별시 구로구 개봉동 475번지,"서울특별시 구로구 경인로40길 11 (개봉동, 영화아파트)",8276.0,1999-05-27,,사용중,영화아파트(지하주차장1~2층),공공용시설,지하,12000.0,12000,37.0,29.0,46.73,126.0,51.0,33.96,37.49624627314234,126.85943196172164,943377.000925,1944302.54881,I,2026-05-08 22:43:34,2026-03-11 09:54:15
3160000,3160000-S200500030,서울특별시 구로구 고척동 329번지,"서울특별시 구로구 중앙로 101 (고척동, 청솔우성아파트)",8228.0,2005-02-28,,사용중,청솔우성아파트 지하1층주차장,공공용시설,지하,4136.0,4136,37.0,30.0,23.16,126.0,51.0,36.11,37.50643453819159,126.8600307899342,943437.621273,1945432.520458,I,2026-05-08 22:43:22,2026-03-10 09:37:41
3160000,3160000-S198500007,서울특별시 구로구 항동 1번지 5호,"서울특별시 구로구 연동로 287 (항동, 그린빌라)",8360.0,1985-05-27,2023-12-13,사용중지,그린빌라 관리사무소 지하1층,공공용시설,지하,331.0,331,37.0,29.0,9.49,126.0,49.0,23.11,37.485969014079096,126.8230873074998,940156.078659,1943184.828501,I,2026-05-08 22:43:27,2023-12-20 15:05:32
3160000,3160000-S198700008,서울특별시 구로구 구로동 197번지 11호,"서울특별시 구로구 디지털로31길 66 (구로동, 해피랜드F&C)",8376.0,1987-12-01,2023-04-03,사용중지,해피랜드,공공용시설,지하,2314.0,2314,37.0,29.0,10.1,126.0,53.0,31.66,37.48620648685499,126.89214912866534,946261.8708940914,1943169.5139032688,I,2026-05-08 22:43:29,2023-04-05 14:39:05
3160000,3160000-S199700007,서울특별시 구로구 개봉동 472번지,"서울특별시 구로구 남부순환로95길 88 (개봉동, 두산아파트)",8336.0,1997-05-27,,사용중,두산아파트 전동 1층지하 주차장,공공용시설,지하,13425.0,13425,37.0,29.0,39.75,126.0,51.0,12.6,37.49438839492477,126.853523943645,942853.340311,1944099.998242,I,2026-05-08 22:43:29,2026-02-26 11:06:10
3160000,3160000-S200500012,서울특별시 구로구 구로동 1263번지,"서울특별시 구로구 새말로 31 (구로동, 롯데구로아파트)",8291.0,2005-02-28,,사용중,신도림롯데아파트 주차장(지하1층),공공용시설,지하,22740.0,22740,37.0,30.0,10.23,126.0,53.0,3.77,37.50284241635199,126.88438128641042,945587.205421,1945019.636328,I,2026-05-08 22:43:23,2026-02-24 13:40:07
3160000,3160000-S200500001,서울특별시 구로구 신도림동 641번지,"서울특별시 구로구 신도림로19길 16 (신도림동, 현대아파트)",8201.0,2005-02-28,,사용중,신도림현대아파트(지하1층주차장),공공용시설,지하,4740.0,4740,37.0,30.0,41.97,126.0,53.0,2.76,37.5116580229001,126.884101021031,945568.8347863668,1945997.8410507,I,2026-05-08 22:43:24,2026-02-26 09:18:04
3160000,3160000-S202000004,서울특별시 구로구 항동 153번지 한양수자인 에듀힐즈,"서울특별시 구로구 항동로 42 (항동, 한양수자인 에듀힐즈)",8368.0,2020-02-11,,사용중,한양수자인아파트  지하1~3층 주차장,공공용시설,지하,26094.15,26094,37.0,28.0,41.87,126.0,49.0,30.19,37.478315300423,126.8251074276552,940328.587213,1942334.41021,I,2026-05-08 22:43:35,2026-02-26 10:40:07
3160000,3160000-S202200004,서울특별시 구로구 가리봉동 118-11,"서울특별시 구로구 우마2길 35, 가리봉주민센터 (가리봉동)",8383.0,2022-12-22,,사용중,"가리봉동주민센터 지하1층 주차장, 지하2층 주차장",공공용시설,지하,890.47,890,37.0,28.0,57.12,126.0,53.0,22.99,37.48243867409629,126.88973040433432,946045.327613,1942752.88108,I,2026-05-08 22:43:35,2026-03-11 09:51:11
3160000,3160000-S201700001,서울특별시 구로구 가리봉동 137번지 14호,서울특별시 구로구 남부순환로107길 24 (가리봉동),8395.0,2017-02-23,,사용중,정성요양병원 본관(지하1층주차장),공공용시설,지하,427.79,427,37.0,28.0,46.3,126.0,53.0,40.55,37.479562579224506,126.8944347000146,946459.191948,1942431.110417,I,2026-05-08 22:43:35,2026-03-11 09:50:35
3160000,3160000-S200500035,서울특별시 구로구 개봉동 481번지,"서울특별시 구로구 개봉로20길 6 (개봉동, 현대아파트1단지)",8329.0,2005-02-28,,사용중,현대아파트 전동 지하1층 주차장,공공용시설,지하,56199.0,56199,37.0,29.0,32.2,126.0,51.0,22.67,37.492322279284615,126.8563457459226,943101.214988,1943869.06492,I,2026-05-08 22:43:22,2026-02-26 11:14:17
3160000,3160000-S202000006,서울특별시 구로구 항동 136번지 1호 하버라인 9단지,"서울특별시 구로구 항동로 68 (항동, 하버라인 9단지)",8368.0,2020-02-11,,사용중,하버라인9단지  지하1~2층 주차장,공공용시설,지하,7848.0,7848,37.0,28.0,49.81,126.0,49.0,32.38,37.48050228369547,126.82565981573366,940379.165523,1942576.69355,I,2026-05-08 22:43:35,2026-02-26 10:40:29
3160000,3160000-S200500027,서울특별시 구로구 고척동 328번지,"서울특별시 구로구 고척로52길 9 (고척동, 양우아파트)",8228.0,2005-02-28,,사용중,양우아파트 지하1층주차장,공공용시설,지하,2975.0,2975,37.0,30.0,16.83,126.0,51.0,21.99,37.50483255811534,126.85612459587384,943091.160376,1945257.14459,I,2026-05-08 22:43:28,2026-03-10 09:36:48
3160000,3160000-S197800003,서울특별시 구로구 구로동 704번지 12호 지하주차장,서울특별시 구로구 구로동로 141 (구로동),8309.0,1978-05-29,,사용중,구로2동주민센터 지하1층주차장,공공용시설,지하,158.0,158,37.0,29.0,28.75,126.0,53.0,0.24,37.4913176176444,126.8836936237375,945518.051902,1943741.423823,I,2026-05-08 22:43:32,2026-02-24 16:10:35
3160000,3160000-S200500011,서울특별시 구로구 구로동 1268번지,"서울특별시 구로구 구일로8길 79 (구로동, 영화참마음아파트)",8323.0,2005-02-28,,사용중,영화참마음아파트 지하1층 주차장,공공용시설,지하,2724.0,2724,37.0,29.0,48.0,126.0,52.0,28.92,37.49670033517608,126.8747147644158,944728.272829,1944343.840058,I,2026-05-08 22:43:23,2026-03-05 16:08:38
3160000,3160000-S200500019,서울특별시 구로구 구로동 1269번지,서울특별시 구로구 구로동로47길 24-0 (구로동),8279.0,2005-02-28,,사용중,구로역중앙하이츠아파트 지하1층주차장,공공용시설,지하,3845.0,3845,37.0,29.0,53.21,126.0,52.0,51.65,37.498128332148525,126.88088058345367,945274.344549,1944498.665193,I,2026-05-08 22:43:32,2026-02-24 16:28:53
3160000,3160000-S198300002,서울특별시 구로구 가리봉동 125번지 31호,서울특별시 구로구 남부순환로105길 94 (가리봉동),8386.0,1983-07-04,2023-06-16,사용중지,오라모텔 지하,공공용시설,지하,221.0,221,37.0,28.0,50.75,126.0,53.0,16.67,37.48074395815016,126.887920167603,945884.058531,1942565.901506,I,2026-05-08 22:43:15,2023-06-16 14:49:40
3160000,3160000-S202200002,서울특별시 구로구 고척동 산 9-14,"서울특별시 구로구 고척로45길 1, 고척근린공원 지하주차장 (고척동)",8239.0,2022-06-22,,사용중,고척근린공원 지하주차장(1~2층),공공용시설,지하,6207.0,6207,37.0,30.0,14.69,126.0,51.0,10.01,37.50407604972086,126.8528256043456,942798.999026,1945175.214261,I,2026-05-08 22:43:35,2026-03-11 10:26:02
3160000,3160000-S199500002,서울특별시 구로구 구로동 43번지 4호,"서울특별시 구로구 새말로16길 70 (구로동, 다솜금호아파트)",8296.0,1995-05-26,,사용중,다솜금호아파트 주차장(지하1~3층),공공용시설,지하,5940.0,5940,37.0,30.0,10.08,126.0,53.0,31.57,37.50280035688494,126.89210368949936,946269.743354,1945010.533017,I,2026-05-08 22:43:12,2026-02-24 13:38:44
3160000,3160000-S199800009,서울특별시 구로구 고척동 296번지,"서울특별시 구로구 고척로52길 53 (고척동, 고척대우아파트)",8230.0,1998-10-27,,사용중,고척대우아파트 지하1층주자창,공공용시설,지하,36975.0,36975,37.0,30.0,9.79,126.0,51.0,22.58,37.5027184509979,126.85627238842083,943102.618734,1945022.506575,I,2026-05-08 22:43:27,2026-03-10 09:35:06
3160000,3160000-S199300010,서울특별시 구로구 개봉동 156번지 5호,서울특별시 구로구 경인로 319 (개봉동),8233.0,1994-05-27,,사용중,대림프라자(지하1~2층),공공용시설,지하,689.0,689,37.0,29.0,51.42,126.0,51.0,20.24,37.4975374495409,126.8556321902422,943042.097209,1944448.090324,I,2026-05-08 22:43:19,2026-03-11 09:52:43
3160000,3160000-S199300005,서울특별시 구로구 구로동 573 NC백화점,"서울특별시 구로구 구로중앙로 152, NC백화점 (구로동)",8292.0,1993-05-26,,사용중,NC백화점 주차장(지하2~5층),공공용시설,지하,36784.0,36784,37.0,30.0,4.18,126.0,52.0,57.98,37.50109931646,126.88259348388748,945427.916321,1944827.284422,I,2026-05-08 22:43:32,2026-02-24 13:38:13
3160000,3160000-S199800003,서울특별시 구로구 구로동 731번지 1호,"서울특별시 구로구 구로동로26길 8, 지하주차장동 (구로동, 기산빅프라자)",8311.0,1998-12-26,,사용중,기산프라자 지하주차장(지하2~3층),공공용시설,지하,920.16,920,37.0,29.0,24.91,126.0,53.0,5.08,37.49038300070329,126.8846449559388,945601.473412,1943637.18336,I,2026-05-08 22:43:11,2026-03-05 13:49:10
3160000,3160000-S199500005,서울특별시 구로구 고척동 321번지,"서울특별시 구로구 경인로47다길 34-7 (고척동, 우성꿈동산아파트)",8219.0,1995-05-27,,사용중,우성꿈동산아파트(지하1층 주차장),공공용시설,지하,2598.0,2598,37.0,30.0,12.88,126.0,51.0,56.98,37.50358569154714,126.86583310053275,943948.322251,1945112.984666,I,2026-05-08 22:43:35,2026-02-25 09:37:53
3160000,3160000-S200500042,서울특별시 구로구 오류동 344번지,"서울특별시 구로구 오류로 65 (오류동, 경남아너스빌)",8342.0,2005-02-28,,사용중,경남아너스빌아파트 지하1층 주차장,공공용시설,지하,12672.0,12672,37.0,29.0,25.7,126.0,50.0,25.19,37.4903827752311,126.84026738427929,941678.369777,1943663.72809,I,2026-05-08 22:43:22,2026-03-10 09:38:20
3160000,3160000-S201200004,서울특별시 구로구 천왕동 27번지,"서울특별시 구로구 천왕로 29 (천왕동, 천왕이펜하우스4단지)",8364.0,2012-07-23,,사용중,천왕이펜하우스4단지아파트 지하1층 주차장,공공용시설,지하,21406.0,21406,37.0,28.0,48.27,126.0,50.0,22.78,37.4800743820121,126.839660625203,941616.7088868334,1942520.4467707337,I,2026-05-08 22:43:33,2026-03-10 09:43:24
3160000,3160000-S200700001,서울특별시 구로구 구로동 97번지 2호,"서울특별시 구로구 가마산로 280 (구로동, 구로2차순영웰라이빌)",8302.0,2007-06-15,,사용중,순영웰라이빌 지하주차장(지하1~5층),공공용시설,지하,5826.14,5826,37.0,29.0,45.89,126.0,53.0,29.63,37.49628382364647,126.89138669458752,946201.694363,1944287.970598,I,2026-05-08 22:43:22,2026-03-05 13:50:09
3160000,3160000-S199400004,서울특별시 구로구 구로동 106번지 4호,"서울특별시 구로구 공원로 3 (구로동, 선경오피스텔)",8298.0,1994-05-26,,사용중,선경오피스텔 주차장(지하2~4층),공공용시설,지하,3990.0,3990,37.0,29.0,51.69,126.0,53.0,32.12,37.49781432342328,126.89247486135358,946298.979696,1944457.14928,I,2026-05-08 22:43:33,2026-02-24 13:38:28
3160000,3160000-S200600001,서울특별시 구로구 구로동 109번지 4호,"서울특별시 구로구 구로중앙로28길 66 (구로동, 구로5동주민센터,구로구보건소)",8299.0,2006-12-15,,사용중,구로5동주민센터 주차장(구로보건소 지하1~3층),공공용시설,지하,661.0,661,37.0,30.0,0.37,126.0,53.0,21.62,37.500195141123015,126.88930960173428,946020.903766,1944723.09806,I,2026-05-08 22:43:35,2026-02-24 13:43:56
3160000,3160000-S200900002,서울특별시 구로구 구로동 212번지 1호,"서울특별시 구로구 디지털로 285 (구로동, 에이스트윈타워1차)",8381.0,2009-02-20,,사용중,에이스트윈타워1차 지하1층주차장,공공용시설,지하,3686.75,3686,37.0,29.0,4.15,126.0,53.0,40.22,37.4844870346084,126.894506003987,946469.0097789668,1942977.4082855333,I,2026-05-08 22:43:32,2026-03-11 10:00:58
3160000,3160000-S199800011,서울특별시 구로구 오류동 340번지,"서울특별시 구로구 경인로8길 75 (오류동, 삼천리아파트)",8357.0,1998-05-27,,사용중,삼천리아파트 지하1층 주차장,공공용시설,지하,16104.0,16104,37.0,29.0,32.71,126.0,50.0,23.41,37.4924200846928,126.83983673506,941641.8842766,1943890.0230742332,I,2026-05-08 22:43:20,2026-03-10 09:35:23
3160000,3160000-S200500025,서울특별시 구로구 고척동 330번지,"서울특별시 구로구 중앙로15길 132-17 (고척동, 삼익1단지아파트)",8239.0,2005-02-28,,사용중,삼익아파트(1단지) 지하1층주차장,공공용시설,지하,4959.0,4959,37.0,30.0,31.27,126.0,51.0,12.05,37.5086868877529,126.853348233294,942848.7077977334,1945686.4443235667,I,2026-05-08 22:43:21,2026-03-10 09:36:11
3160000,3160000-S198600004,서울특별시 구로구 구로동 235번지 3호,"서울특별시 구로구 디지털로26길 29 (구로동, 만민중앙교회)",8389.0,1986-12-01,2023-04-03,사용중지,만민중앙교회,공공용시설,지하,1653.0,1653,37.0,28.0,50.35,126.0,53.0,37.86,37.48156004631441,126.89632197490538,946627.4770191958,1942651.645702073,I,2026-05-08 22:43:11,2023-04-05 14:37:07
3160000,3160000-S199300004,서울특별시 구로구 구로동 560번지,"서울특별시 구로구 새말로9길 45 (구로동, 신도림현대아파트)",8291.0,1993-05-26,,사용중,신도림현대아파트 주차장(지하 1~2층),공공용시설,지하,6105.0,6105,37.0,30.0,17.17,126.0,53.0,11.29,37.50480621120711,126.88649026614156,945775.034403,1945236.291009,I,2026-05-08 22:43:32,2026-02-24 13:37:57
3160000,3160000-S201200005,서울특별시 구로구 천왕동 27번지,"서울특별시 구로구 천왕로 10 (천왕동, 천왕이펜하우스5단지)",8365.0,2012-07-23,,사용중,천왕이펜하우스5단지아파트 지하1층 주차장,공공용시설,지하,19601.0,19601,37.0,28.0,46.13,126.0,50.0,30.19,37.47948975559625,126.84186084227484,941810.787916,1942454.223865,I,2026-05-08 22:43:35,2026-02-04 10:13:53
3160000,3160000-S201100001,서울특별시 구로구 개봉동 489번지,"서울특별시 구로구 개봉로2길 133-15 (개봉동, 개봉동아이파크)",8331.0,2011-02-10,,사용중,아이파크아파트 전동 지하1층 주차장,공공용시설,지하,30933.2,30933,37.0,29.0,27.04,126.0,51.0,37.8,37.4908626831612,126.86045204979273,943463.11441,1943704.656841,I,2026-05-08 22:43:35,2026-03-11 09:58:30
3160000,3160000-S198000001,서울특별시 구로구 구로동 317번지 87호,"서울특별시 구로구 구로동로28길 94 (구로동, 구로4동주민센터)",8312.0,1980-05-26,2023-06-22,사용중지,구로4동주민센터 지하(지하1층),공공용시설,지하,132.0,132,37.0,29.0,29.68,126.0,53.0,20.94,37.49163949417228,126.8891635521286,946001.834237,1943773.982307,I,2026-05-08 22:43:31,2023-06-22 16:46:56
3160000,3160000-S197900002,서울특별시 구로구 고척동 339번지 2호,"서울특별시 구로구 중앙로15길 22 (고척동, 고척2동 주민센터)",8240.0,1979-05-09,,사용중,고척2동주민센터 지하주차장(지하1층),공공용시설,지하,66.0,66,37.0,30.0,24.08,126.0,51.0,31.0,37.50662086202903,126.8585843144484,943309.916985,1945454.062521,I,2026-05-08 22:43:25,2026-03-10 09:33:31
3160000,3160000-S202000007,서울특별시 구로구 항동 135번지 57호 하버라인 10단지,"서울특별시 구로구 항동로 60 (항동, 하버라인 10단지)",8368.0,2020-02-11,,사용중,하버라인10단지  지하1~2층 주차장,공공용시설,지하,8440.77,8440,37.0,28.0,47.17,126.0,49.0,32.82,37.47976980093867,126.8257819719132,940389.384016,1942495.351432,I,2026-05-08 22:43:35,2026-02-26 10:40:41
3160000,3160000-S200500029,서울특별시 구로구 고척동 333번지,"서울특별시 구로구 고척로 238 (고척동, 하이리빙아파트)",8228.0,2005-02-28,,사용중,하이리빙아파트 지하1층주차장,공공용시설,지하,2175.0,2175,37.0,30.0,22.24,126.0,51.0,33.82,37.5061789387902,126.859395281404,943381.2594851668,1945404.5452712,I,2026-05-08 22:43:21,2026-03-10 09:37:21
3160000,3160000-S198700007,서울특별시 구로구 구로동 144번지 14호,"서울특별시 구로구 도림로20길 11 (구로동, 베다니교회)",8369.0,1987-12-02,,사용중,베다니교회 지하1층,공공용시설,지하,1950.0,1950,37.0,29.0,22.58,126.0,53.0,32.25,37.48945606224121,126.8923315814431,946280.328228,1943529.930817,I,2026-05-08 22:43:10,2026-03-11 09:59:48
3160000,3160000-S200500006,서울특별시 구로구 신도림동 691번지,"서울특별시 구로구 신도림로 11 (신도림동, 신도림3차대림아파트)",8206.0,2005-02-28,,사용중,신도림3차대림아파트(지하1~2층 주차장),공공용시설,지하,6108.0,6108,37.0,30.0,23.06,126.0,52.0,39.69,37.506406274055,126.877690812175,944998.4619923,1945418.915940267,I,2026-05-08 22:43:23,2026-02-26 09:19:15
3160000,3160000-S200800001,서울특별시 구로구 개봉동 476번지,서울특별시 구로구 경인로 382-0 (개봉동),8275.0,2008-05-19,,사용중,한마을아파트(지하주차장1~2층),공공용시설,지하,279901.0,279901,37.0,29.0,46.91,126.0,51.0,45.75,37.49637585292964,126.8626474916693,943661.338054,1944314.995371,I,2026-05-08 22:43:22,2026-03-11 09:56:00
3160000,3160000-S198800011,서울특별시 구로구 개봉동 270번지 80호,"서울특별시 구로구 개봉로15길 91-0 (개봉동, 거성아파트)",8349.0,1988-05-11,,사용중,거성아파트 지하주차장(지하1층),공공용시설,지하,1322.0,1322,37.0,29.0,23.25,126.0,51.0,2.76,37.48979210357615,126.85076680785228,942606.097511,1943591.743169,I,2026-05-08 22:43:19,2026-03-10 09:34:49
3160000,3160000-S199700002,서울특별시 구로구 구로동 49번지,"서울특별시 구로구 공원로 26 (구로동, 금호아파트)",8297.0,1997-05-26,,사용중,구로동금호아파트 주차장(지하1~4층),공공용시설,지하,5683.0,5683,37.0,29.0,59.65,126.0,53.0,31.59,37.49978498485903,126.89207698312674,946265.221862,1944676.00993,I,2026-05-08 22:43:12,2026-02-24 13:39:16
3160000,3160000-S198900001,서울특별시 구로구 구로동 685번지 213호,"서울특별시 구로구 구일로4길 57 (구로동, 구로제1동주민센터)",8324.0,1989-12-01,,사용중,구로1동주민센터 지하1층,공공용시설,지하,179.0,179,37.0,29.0,34.94,126.0,52.0,32.84,37.49307935161144,126.87583399864042,944824.543986,1943941.456014,I,2026-05-08 22:43:17,2026-03-05 16:05:16
3160000,3160000-S198700004,서울특별시 구로구 구로동 83번지,서울특별시 구로구 가마산로 242 (구로동),8306.0,1987-12-01,,사용중,미성빌딩 지하1층주차장,공공용시설,지하,1954.0,1954,37.0,29.0,39.7,126.0,53.0,15.62,37.49448822578666,126.88778549477584,945882.06782,1944090.823873,I,2026-05-08 22:43:32,2026-02-24 16:26:02
3160000,3160000-S198900004,서울특별시 구로구 구로동 1126번지 1호,"서울특별시 구로구 시흥대로 551 (구로동, 광희빌딩)",8392.0,1989-01-05,,사용중,광희빌딩 지하주차장(지하4층),공공용시설,지하,321.09,321,37.0,28.0,57.04,126.0,54.0,2.6,37.4825105326803,126.900721627615,947017.1350594668,1942754.6114288336,I,2026-05-08 22:43:29,2026-03-11 10:00:17
3160000,3160000-S199400001,서울특별시 구로구 구로동 642번지 33호,"서울특별시 구로구 구일로8길 121 (구로동, 현대의보아파트)",8323.0,1994-12-01,,사용중,현대의보아파트 지하 1층 주차장,공공용시설,지하,681.0,681,37.0,29.0,53.44,126.0,52.0,34.56,37.49817772400463,126.87626520079196,944866.410391,1944506.838595,I,2026-05-08 22:43:29,2026-03-05 16:07:46
3160000,3160000-S200900003,서울특별시 구로구 구로동 801번지 95호,"서울특별시 구로구 도림로 지하 7 (구로동, 남구로역)",8320.0,2009-02-20,,사용중,남구로역 지하(지하1~3층),공공용시설,지하,9854.0,9854,37.0,29.0,9.86,126.0,53.0,14.29,37.48539703641247,126.88656357131444,945767.479772,1943082.913142,I,2026-05-08 22:43:35,2026-03-05 13:21:13
3160000,3160000-S200500015,서울특별시 구로구 구로동 110번지 10호,"서울특별시 구로구 구로중앙로28다길 24 (구로동, 효성아파트)",8295.0,2005-02-28,,사용중,효성아파트 주차장(지하1~3층),공공용시설,지하,1508.0,1508,37.0,30.0,5.74,126.0,53.0,19.43,37.50149191479419,126.88864765073346,945963.327717,1944867.347588,I,2026-05-08 22:43:33,2026-02-24 13:41:18
3160000,3160000-S201200002,서울특별시 구로구 천왕동 27번지,"서울특별시 구로구 천왕로 92 (천왕동, 천왕이펜하우스2단지)",8365.0,2012-07-23,,사용중,천왕이펜하우스2단지아파트 지하1층 주차장,공공용시설,지하,23430.0,23430,37.0,29.0,6.69,126.0,50.0,16.43,37.4851918714315,126.837896634969,941464.7381530668,1943089.2980860337,I,2026-05-08 22:43:33,2026-03-10 09:42:18
3160000,3160000-S199700020,서울특별시 구로구 오류동 338번지,"서울특별시 구로구 고척로 49 (오류동, 동부골든아파트)",8253.0,1997-05-27,,사용중,동부골든아파트 지하1층 주차장,공공용시설,지하,2268.0,2268,37.0,29.0,56.1,126.0,50.0,25.36,37.49891670376128,126.8403772794262,941694.719836,1944610.452143,I,2026-05-08 22:43:26,2026-02-24 16:20:58
3160000,3160000-S200500043,서울특별시 구로구 오류동 343번지,"서울특별시 구로구 오리로 1197 (오류동, 금강수목원아파트)",8358.0,2005-02-28,,사용중,금강수목원아파트 지하1층 주차장,공공용시설,지하,14962.0,14962,37.0,29.0,20.91,126.0,50.0,2.86,37.4891425143929,126.8341264448,941134.5192502,1943529.9504659332,I,2026-05-08 22:43:22,2026-03-10 09:38:36
3160000,3160000-S201400001,서울특별시 구로구 궁동 189번지 1호,서울특별시 구로구 부일로 977 (궁동),8255.0,2014-04-16,,사용중,기독교 한국침례회 연세중앙교회 지하 1층 주차장,공공용시설,지하,18088.0,18088,37.0,29.0,36.44,126.0,50.0,9.23,37.49345499446304,126.83589807617273,941294.514713,1944007.289748,I,2026-05-08 22:43:35,2026-03-11 10:04:55
3160000,3160000-S200600004,서울특별시 구로구 개봉동 488번지,"서울특별시 구로구 개봉로1길 188 (개봉동, 영화아이닉스아파트)",8355.0,2006-12-15,,사용중,영화아이닉스아파트 지하주차장(지하1층),공공용시설,지하,6237.0,6237,37.0,28.0,57.02,126.0,50.0,55.65,37.48250529513281,126.8487900377538,942425.751894,1942784.520675,I,2026-05-08 22:43:27,2026-03-10 09:40:11
3160000,3160000-S200500032,서울특별시 구로구 개봉동 70번지 12호,서울특별시 구로구 고척로22길 84-0 (개봉동),8266.0,2005-02-28,,사용중,동도센트리움아파트(지하주차장1~2층),공공용시설,지하,2896.0,2896,37.0,29.0,52.85,126.0,50.0,49.24,37.49801417383831,126.84701157930634,942280.449919,1944506.232092,I,2026-05-08 22:43:22,2026-03-11 09:55:41
3160000,3160000-S200500018,서울특별시 구로구 구로동 1277번지,서울특별시 구로구 구로동로43길 10-0 (구로동),8281.0,2005-02-28,,사용중,우리유앤미아파트 지하1층주차장,공공용시설,지하,5554.0,5554,37.0,29.0,48.0,126.0,52.0,53.98,37.49633446082236,126.88192553283524,945365.404489,1944299.038352,I,2026-05-08 22:43:32,2026-02-24 16:27:11
3160000,3160000-S200500013,서울특별시 구로구 구로동 1267번지,"서울특별시 구로구 새말로 93 (구로동, 신도림태영타운)",8288.0,2005-02-28,,사용중,신도림태영타운아파트 주차장(지하1~2층),공공용시설,지하,19688.0,19688,37.0,30.0,20.83,126.0,53.0,24.55,37.50578585388512,126.89015197706728,946099.381725,1945342.873189,I,2026-05-08 22:43:36,2026-02-24 13:40:27
3160000,3160000-S200500005,서울특별시 구로구 신도림동 642 신도림 대림아파트,"서울특별시 구로구 신도림로 16(신도림동, 신도림 대림아파트)",8211.0,2005-02-28,,사용중,신도림대림1·2차아파트(지하1~2층 주차장),공공용시설,지하,86826.0,86826,37.0,30.0,22.98,126.0,52.0,42.31,37.5063827247854,126.878418231958,945062.7369190336,1945415.8783510327,I,2026-05-08 22:43:28,2026-02-26 09:19:02
3160000,3160000-S199600002,서울특별시 구로구 구로동 1258번지,서울특별시 구로구 경인로53길 15-0 (구로동),8217.0,1996-05-27,,사용중,서울중앙기계부품 지하1층주차장,공공용시설,지하,165290.0,165290,37.0,30.0,6.63,126.0,52.0,35.89,37.50184057460215,126.87663564333975,944901.846724,1944912.994268,I,2026-05-08 22:43:15,2026-02-24 16:26:26
3160000,3160000-S198100001,서울특별시 구로구 구로동 494번지 20호 구로2동자치회관 지하 헬스장,서울특별시 구로구 구로동로50길 10 (구로동),8280.0,1981-05-27,2023-06-22,사용중지,구로2동자치회관 지하 1층 헬스장,공공용시설,지하,178.0,178,37.0,29.0,57.32,126.0,52.0,58.69,37.49933397258904,126.88293973391195,945457.237282,1944631.22881,I,2026-05-08 22:43:14,2023-06-22 16:46:19
3160000,3160000-S200700003,서울특별시 구로구 구로동 98번지,"서울특별시 구로구 구로중앙로 60 (구로동, 대림오페라타워)",8302.0,2007-06-15,,사용중,대림오페라타워 지하주차장(지하2~5층),공공용시설,지하,3860.39,3860,37.0,29.0,42.47,126.0,53.0,21.87,37.49501937451755,126.8893294652772,946018.933862,1944148.865149,I,2026-05-08 22:43:22,2026-03-05 13:50:25
3160000,3160000-S202000009,서울특별시 구로구 항동 84번지 하버라인 4단지,"서울특별시 구로구 항동로 72 (항동, 하버라인 4단지)",8368.0,2020-02-21,,사용중,하버라인4단지  지하1~2층 주차장,공공용시설,지하,15225.0,15225,37.0,28.0,51.11,126.0,49.0,31.84,37.48082616617244,126.8255482830486,940369.561792,1942612.697093,I,2026-05-08 22:43:35,2026-02-26 10:42:04
3160000,3160000-S200500010,서울특별시 구로구 신도림동 649번지,"서울특별시 구로구 신도림로 56-13 (신도림동, 신도림7차e-편한세상)",8210.0,2005-02-28,,사용중,신도림7차e편한세상(지하1~2층 주차장),공공용시설,지하,21928.0,21928,37.0,30.0,30.08,126.0,52.0,55.74,37.5083544622257,126.882151120925,945394.1005257332,1945632.4589310663,I,2026-05-08 22:43:29,2026-02-26 09:20:22
3160000,3160000-S197900003,서울특별시 구로구 개봉동 360번지 7호,"서울특별시 구로구 개봉로3길 47-5 (개봉동, 개봉3동주민센터)",8353.0,1980-04-20,2023-06-22,사용중지,개봉3동주민센터 지하1층,공공용시설,지하,143.0,143,37.0,29.0,9.58,126.0,51.0,13.82,37.48599170374212,126.85376912667232,942868.618944,1943168.284347,I,2026-05-08 22:43:19,2023-06-22 16:48:19
3160000,3160000-S200500020,서울특별시 구로구 구로동 1270번지,서울특별시 구로구 구로동로42길 77 (구로동),8280.0,2005-02-28,,사용중,뉴홍현솔레디움아파트 지하1층주차장,공공용시설,지하,2565.0,2565,37.0,29.0,55.86,126.0,53.0,0.74,37.49908214417091,126.8837319455504,945527.079668,1944602.831065,I,2026-05-08 22:43:24,2026-03-10 09:35:38
3160000,3160000-S202300005,서울특별시 구로구 고척동 339 고척파크푸르지오,"서울특별시 구로구 중앙로 121, 지하1~2층 (고척동, 고척파크푸르지오)",8240.0,2023-08-28,,사용중,고척파크푸르지오아파트(지하1~2층주차장),공공용시설,지하,33341.0,33341,37.0,30.0,29.12,126.0,51.0,32.04,37.5080883172413,126.858898985669,943338.8380042332,1945616.6792106,I,2026-05-08 22:43:35,2026-03-04 13:58:26
3160000,3160000-S200500040,서울특별시 구로구 오류동 336번지,"서울특별시 구로구 경인로 248-14 (오류동, 동부아파트)",8270.0,2005-02-28,,사용중,동부덕고개아파트 지하1층 주차장,공공용시설,지하,2215.0,2215,37.0,29.0,49.63,126.0,50.0,53.41,37.49699507249908,126.84819060367798,942383.885496,1944392.446024,I,2026-05-08 22:43:30,2026-02-24 16:21:42
3160000,3160000-S202200005,서울특별시 구로구 고척동 82-9 고척제1동주민센터,"서울특별시 구로구 중앙로3길 18-8, 고척제1동주민센터 (고척동)",8225.0,2022-12-23,2023-06-22,사용중지,고척1동주민센터 지하1층 강당,공공용시설,지하,364.0,364,37.0,30.0,1.46,126.0,51.0,46.08,37.50037919971361,126.86273092214276,943671.720264,1944759.094366,I,2026-05-08 22:43:35,2023-06-22 16:47:47
3160000,3160000-S200500026,서울특별시 구로구 고척동 331번지,"서울특별시 구로구 중앙로15길 125 (고척동, 삼익2차아파트)",8239.0,2005-02-28,,사용중,삼익아파트(2단지) 지하1층주차장,공공용시설,지하,8264.0,8264,37.0,30.0,28.04,126.0,51.0,11.05,37.50778959915427,126.85307064510312,942823.489776,1945587.063604,I,2026-05-08 22:43:27,2026-03-10 09:36:27
3160000,3160000-S200500003,서울특별시 구로구 신도림동 644번지,"서울특별시 구로구 경인로 643 (신도림동, 신도림2차동아아파트)",8208.0,2005-02-28,,사용중,신도림2차동아아파트(지하1~3층 주차장),공공용시설,지하,18118.0,18118,37.0,30.0,29.29,126.0,53.0,11.55,37.508136025053005,126.88654151690588,945781.972568,1945605.685761,I,2026-05-08 22:43:28,2026-02-26 09:18:32
3160000,3160000-S198800003,서울특별시 구로구 구로동 1260번지,"서울특별시 구로구 도림로22길 8 (구로동, 이화우성아파트)",8369.0,1988-05-05,,사용중,이화우성아파트 101동 지하1층주차장,공공용시설,지하,1623.26,1623,37.0,29.0,24.39,126.0,53.0,36.34,37.4901092858657,126.893427615569,946377.6887798336,1943601.7772074668,I,2026-05-08 22:43:10,2026-03-11 10:00:01
3160000,3160000-S201600001,서울특별시 구로구 구로동 741번지 27호,"서울특별시 구로구 구로동로26길 54 (구로동, 구로구시설관리공단)",8311.0,2016-10-07,,사용중,마을공동주차장 지하주차장(지하1~2층),공공용시설,지하,4494.93,4494,37.0,29.0,22.81,126.0,53.0,12.26,37.489949339888334,126.8870678365812,945815.349431,1943587.673865,I,2026-05-08 22:43:35,2026-03-11 10:15:26
3160000,3160000-S202200003,서울특별시 구로구 천왕동 14-116 천왕연지마을1단지,"서울특별시 구로구 오류로 36-13(천왕동, 천왕연지마을1단지)",8350.0,2022-06-27,,사용중,천왕연지마을1단지 지하1층 주차장,공공용시설,지하,3711.0,3711,37.0,29.0,17.4,126.0,50.0,28.7,37.48817398833899,126.84118189555348,941757.50027,1943418.109439,I,2026-05-08 22:43:35,2026-03-10 09:34:16
3160000,3160000-S198900009,서울특별시 구로구 궁동 213번지 42호,"서울특별시 구로구 오리로15길 32 (궁동, 수궁동주민센터)",8256.0,1989-09-27,2023-06-22,사용중지,수궁동주민센터 지하 1층,공공용시설,지하,115.7,115,37.0,29.0,37.98,126.0,49.0,53.28,37.49384439077441,126.83146023380765,940902.519157,1944053.268178,I,2026-05-08 22:43:34,2023-06-22 16:49:37
3160000,3160000-S199700006,서울특별시 구로구 개봉동 473번지,"서울특별시 구로구 남부순환로97길 50 (개봉동, 상우아파트)",8328.0,1997-10-27,,사용중,상우아파트 전동 지하1층 주차장,공공용시설,지하,1802.0,1802,37.0,29.0,37.86,126.0,51.0,37.44,37.49388427348601,126.86039808031616,943460.621196,1944039.917503,I,2026-05-08 22:43:18,2026-03-11 09:57:26
3160000,3160000-S198700006,서울특별시 구로구 구로동 798번지 30호,서울특별시 구로구 디지털로27길 116 (구로동),8374.0,1987-05-07,,사용중,대동빌라1동 지하1층주차장,공공용시설,지하,249.37,249,37.0,29.0,5.56,126.0,53.0,16.78,37.4848784288175,126.887995617762,945893.7109887,1943024.5527539328,I,2026-05-08 22:43:09,2026-03-11 09:59:33
3160000,3160000-S200500041,서울특별시 구로구 오류동 341번지,"서울특별시 구로구 고척로 52 (오류동, 한신플러스타운)",8269.0,2005-02-28,,사용중,한신플러스타운 지하1층 주차장,공공용시설,지하,12893.0,12893,37.0,29.0,55.6,126.0,50.0,26.59,37.49877865367831,126.84071964693224,941724.8754,1944594.924196,I,2026-05-08 22:43:22,2026-02-24 16:21:54
3160000,3160000-S197400002,서울특별시 구로구 궁동 230번지,"서울특별시 구로구 부일로 917 (궁동, 우신고등학교,우신중학교)",8258.0,2011-05-27,,사용중,우신고등학교 체육관 지하 1층,공공용시설,지하,2014.0,2014,37.0,29.0,36.08,126.0,49.0,44.97,37.49335504869722,126.8291592109998,940698.724332,1944000.42555,I,2026-05-08 22:43:20,2026-03-11 10:04:01
3160000,3160000-S199600001,서울특별시 구로구 구로동 108번지 2호,"서울특별시 구로구 공원로 35 (구로동, 새솔금호아파트)",8298.0,1996-05-24,,사용중,새솔금호아파트 주차장(지하1~3층),공공용시설,지하,7239.0,7239,37.0,29.0,59.65,126.0,53.0,26.67,37.50007557902253,126.89055110010868,946130.555343,1944709.121988,I,2026-05-08 22:43:33,2026-02-24 13:39:00
3160000,3160000-S197300001,"서울특별시 구로구 오류동 359 숲에리움, 오류1동주민센터","서울특별시 구로구 경인로27길 7, 숲에리움, 오류1동주민센터 (오류동)",8267.0,1973-05-29,2023-06-22,사용중지,오류1동주민센터 지하1층 주차장,공공용시설,지하,179.0,179,37.0,29.0,49.3,126.0,50.0,42.44,37.49711300267178,126.845135125,942113.887127,1944407.404542,I,2026-05-08 22:43:19,2023-06-22 16:49:03
3160000,3160000-S199100005,서울특별시 구로구 궁동 110번지 1호,"서울특별시 구로구 오리로21길 2 (궁동, 오류고등학교,예림디자인고등학교)",8248.0,1991-05-27,2024-05-27,사용중지,예림디자인고등학교 지하 1층 교내식당,공공용시설,지하,449.0,449,37.0,29.0,55.95,126.0,49.0,43.96,37.49887634406987,126.82887887963338,940678.310894,1944613.159883,I,2026-05-08 22:43:34,2024-05-27 15:58:40
3160000,3160000-S200500023,서울특별시 구로구 구로동 474번지 20호,서울특별시 구로구 구로동로47길 24-22 (구로동),8279.0,2005-02-28,,사용중,스위트팰리스 지하1층주차장,공공용시설,지하,737.0,737,37.0,29.0,56.92,126.0,52.0,52.82,37.499030762829975,126.88126540746428,945309.018729,1944598.56105,I,2026-05-08 22:43:24,2026-03-10 09:35:55
3160000,3160000-S202000003,서울특별시 구로구 항동 171번지 4호 하버라인 3단지,"서울특별시 구로구 항동로 43 (항동, 하버라인 3단지)",8368.0,2020-02-11,,사용중,하버라인3단지  지하1~2층 주차장,공공용시설,지하,48052.82,48052,37.0,28.0,42.74,126.0,49.0,29.55,37.47854010575925,126.82487370269908,940308.100723,1942359.499214,I,2026-05-08 22:43:34,2026-02-26 10:39:51
3160000,3160000-S199800007,서울특별시 구로구 고척동 73번지 3호,"서울특별시 구로구 경인로 393-7 (고척동, 일이삼전자타운)",8227.0,1998-11-27,,사용중,일이삼전자타운 2동(지하2~4층 주차장),공공용시설,지하,2817.0,2817,37.0,29.0,50.76,126.0,51.0,47.01,37.497465949206365,126.86342902050274,943731.239855,1944435.467905,I,2026-05-08 22:43:26,2026-02-25 09:39:16
3160000,3160000-S202200001,서울특별시 구로구 개봉동 497 센트레빌 레우스 1단지,"서울특별시 구로구 경인로 302(개봉동, 센트레빌 레우스 1단지)",8274.0,2022-03-04,,사용중,센트레빌레우스 1단지(지하주차장 1층~2층),공공용시설,지하,39980.0,39980,37.0,29.0,49.65,126.0,51.0,12.42,37.49712500979597,126.85345061642316,942848.943876,1944403.654886,I,2026-05-08 22:43:34,2026-03-11 09:56:34
3160000,3160000-S201600002,서울특별시 구로구 구로동 139번지 82호,"서울특별시 구로구 구로중앙로 13 (구로동, 구로리공원)",8312.0,2016-10-07,,사용중,구로리어린이공원 지하주차장(지하1~3층),공공용시설,지하,5912.24,5912,37.0,29.0,28.96,126.0,53.0,30.59,37.49137841101058,126.89183097570148,946237.450642,1943743.489858,I,2026-05-08 22:43:26,2026-03-11 10:15:43
3160000,3160000-S201800001,서울특별시 구로구 가리봉동 1번지 11호,서울특별시 구로구 벚꽃로 370 (가리봉동),8317.0,2018-01-24,,사용중,하늘공원 주차장(지하1층주차장),공공용시설,지하,1410.65,1410,37.0,29.0,14.05,126.0,52.0,50.91,37.487227983953694,126.88063097780064,945244.323737,1943289.479941,I,2026-05-08 22:43:34,2026-03-11 09:50:53
3160000,3160000-S199500006,서울특별시 구로구 고척동 320번지,"서울특별시 구로구 중앙로12길 12 (고척동, 센츄리아파트)",8218.0,1995-05-27,,사용중,센츄리아파트(지하1층 주차장),공공용시설,지하,2554.0,2554,37.0,30.0,18.2,126.0,51.0,43.11,37.50504023611991,126.86191856326408,943603.421179,1945276.6972,I,2026-05-08 22:43:24,2026-02-25 09:38:37
3160000,3160000-S199500011,서울특별시 구로구 오류동 335번지,"서울특별시 구로구 서해안로34가길 18 (오류동, 금강아파트)",8340.0,1995-05-27,,사용중,금강아파트 지하1층 주차장,공공용시설,지하,992.0,992,37.0,29.0,37.92,126.0,50.0,53.28,37.49386594311914,126.8481338229118,942376.46207,1944045.321295,I,2026-05-08 22:43:27,2026-03-10 09:32:59
3160000,3160000-S199600004,서울특별시 구로구 오류동 44번지 10호,"서울특별시 구로구 경인로 176 (오류동, 시티월드)",8271.0,1996-08-27,,사용중,씨티월드 지하4층 주차장,공공용시설,지하,4820.0,4820,37.0,29.0,39.76,126.0,50.0,27.7,37.49450257113271,126.8410672122757,941752.276493,1944120.301215,I,2026-05-08 22:43:26,2026-02-24 16:20:46
3160000,3160000-S202000002,서울특별시 구로구 항동 22번지 9호 하버라인 2단지,"서울특별시 구로구 연동로 234 (항동, 하버라인 2단지)",8362.0,2020-02-11,,사용중,하버라인2단지  지하1~2층 주차장,공공용시설,지하,25813.0,25813,37.0,28.0,54.86,126.0,49.0,17.5,37.4819055158225,126.82152825717591,940014.996976,1942734.998399,I,2026-05-08 22:43:34,2026-02-26 10:39:38
3160000,3160000-S202300002,서울특별시 구로구 구로동 3-25 신도림테크노마트,"서울특별시 구로구 새말로 97, 신도림테크노마트 (구로동)",8288.0,2023-04-25,,사용중,테크노마트 주차장(지하 3~7층),공공용시설,지하,86115.0,86115,37.0,30.0,25.36,126.0,53.0,24.82,37.50632086453854,126.89036076461775,946118.219861,1945402.110052,I,2026-05-08 22:43:34,2026-02-24 13:40:45
3160000,3160000-S202200006,서울특별시 구로구 고척동 350 고척아이파크,"서울특별시 구로구 중앙로5길 59 (고척동, 고척아이파크)",8225.0,2022-12-23,,사용중,고척아이파크아파트RD(지하1~2층 주차장),공공용시설,지하,26825.0,26825,37.0,30.0,4.36,126.0,51.0,36.51,37.5012121520696,126.860140646462,943443.3913361714,1944853.0592912748,I,2026-05-08 22:43:35,2026-02-25 09:40:40
3160000,3160000-S198100005,서울특별시 구로구 개봉동 261번지 6호,"서울특별시 구로구 개봉로16가길 17 (개봉동, 개봉제2동주민센터)",8332.0,1981-05-27,,사용중,개봉2동주민센터 지하1층 주차장,공공용시설,지하,612.82,612,37.0,29.0,26.98,126.0,51.0,23.56,37.49077568889167,126.85665747234977,943127.599099,1943697.291127,I,2026-05-08 22:43:29,2026-02-26 11:05:00
3160000,3160000-S198700009,서울특별시 구로구 구로동 120번지,"서울특별시 구로구 도림천로 344 (구로동, 대림2차우성아파트)",8304.0,1987-10-26,,사용중,우성상가 지하주차장(지하1층),공공용시설,지하,496.0,496,37.0,29.0,39.05,126.0,53.0,38.58,37.49418136885455,126.89404937343788,946435.562238,1944053.19688,I,2026-05-08 22:43:31,2026-03-05 13:47:59
3160000,3160000-S199800002,서울특별시 구로구 구로동 1265번지,"서울특별시 구로구 도림로 59, 지하주차장동 (구로동, 구로두산아파트)",8313.0,1998-11-04,,사용중,두산아파트 지하주차장(지하1층),공공용시설,지하,20673.07,20673,37.0,29.0,20.29,126.0,53.0,25.08,37.489008269091855,126.89030161988296,946100.550138,1943481.411161,I,2026-05-08 22:43:32,2026-02-26 17:40:25
3160000,3160000-S198800007,서울특별시 구로구 구로동 97번지 1호,"서울특별시 구로구 가마산로 278 (구로동, 로얄프라자)",8302.0,1988-05-26,,사용중,로얄프라자 지하주차장(지하1층),공공용시설,지하,690.74,690,37.0,29.0,45.91,126.0,53.0,28.67,37.49613758379902,126.89124318105512,946188.903441,1944271.828173,I,2026-05-08 22:43:13,2026-03-05 13:49:36
3160000,3160000-S202500001,서울특별시 구로구 개봉동 491 e-푸른아파트,"서울특별시 구로구 개봉로17아길 41-13 (개봉동, e-푸른아파트)",8339.0,2025-09-12,,사용중,e-푸른아파트 지하1층 주차장,공공용시설,지하,622.56,622,37.0,29.0,35.03,126.0,51.0,0.28,37.4930636087793,126.850078446032,942547.7498026746,1943955.118089605,I,2026-05-08 22:43:35,2026-02-26 11:17:01
3160000,3160000-S202000005,서울특별시 구로구 항동 218번지 하버라인8단지,"서울특별시 구로구 서해안로 2036 (항동, 하버라인8단지)",8368.0,2020-02-11,,사용중,하버라인8단지  지하1~2층 주차장,공공용시설,지하,12656.93,12656,37.0,28.0,32.85,126.0,49.0,6.72,37.47579226793236,126.8185342961022,939745.383211,1942058.680075,I,2026-05-08 22:43:35,2026-02-26 10:40:18
3160000,3160000-S199500004,서울특별시 구로구 고척동 76번지 55호,"서울특별시 구로구 중앙로1길 18-19 (고척동, 우성현대아파트)",8227.0,1995-05-27,,사용중,우성현대아파트(지하1층 주차장),공공용시설,지하,628.0,628,37.0,29.0,56.76,126.0,51.0,47.39,37.499106461556266,126.86319863192485,943712.106218,1944617.611328,I,2026-05-08 22:43:24,2026-02-25 09:37:26
3160000,3160000-S200000001,서울특별시 구로구 개봉동 479번지,"서울특별시 구로구 개봉로15길 84-15 (개봉동, 개봉동진로아파트)",8346.0,2000-09-27,,사용중,진로아파트 101동 지하1층 주차장,공공용시설,지하,1398.35,1398,37.0,29.0,25.73,126.0,51.0,3.75,37.490480718361134,126.85104164183034,942630.920498,1943667.973538,I,2026-05-08 22:43:18,2026-02-26 11:10:31
3160000,3160000-S199200003,서울특별시 구로구 구로동 817번지,서울특별시 구로구 디지털로32길 55 (구로동),8379.0,1992-12-01,,사용중,중소기업은행 지하1층주차장,공공용시설,지하,997.73,997,37.0,29.0,2.35,126.0,53.0,54.02,37.4839866379164,126.898338762152,946807.5077792668,1942919.7199421003,I,2026-05-08 22:43:29,2026-03-11 10:00:32
3160000,3160000-S200500038,서울특별시 구로구 오류동 345번지,"서울특별시 구로구 경인로 158 (오류동, 동선아파트)",8273.0,2005-02-28,,사용중,동선아파트 지하1층 주차장,공공용시설,지하,3074.39,3074,37.0,29.0,37.84,126.0,50.0,21.33,37.49385042350315,126.8393264889502,941597.892043,1944049.027687,I,2026-05-08 22:43:22,2026-02-24 16:21:30
3160000,3160000-S198300001,서울특별시 구로구 구로동 80번지 고대구로병원 지하주차장,서울특별시 구로구 구로동로 148-0 (구로동),8308.0,1983-12-01,,사용중,고대구로병원 신관 지하3층 주차장,공공용시설,지하,2645.0,2645,37.0,29.0,30.8,126.0,53.0,2.18,37.49165894236148,126.88400468638476,945545.798155,1943779.111816,I,2026-05-08 22:43:18,2026-02-24 16:25:39
3160000,3160000-S200500044,서울특별시 구로구 오류동 342번지,"서울특별시 구로구 경인로8길 64 (오류동, 영풍마드레빌아파트)",8357.0,2005-02-28,,사용중,영풍마드레빌아파트 지하1층 주차장,공공용시설,지하,25179.0,25179,37.0,29.0,30.47,126.0,50.0,20.32,37.49186893432147,126.8390876336876,941575.233982,1943829.340709,I,2026-05-08 22:43:35,2026-03-10 09:38:59
3160000,3160000-S202200007,서울특별시 구로구 고척동 327 고척동 동아한신아파트,"서울특별시 구로구 중앙로6길 17(고척동, 고척동 동아한신아파트)",8223.0,2022-12-23,,사용중,고척동아한신아파트(지하1층 주차장),공공용시설,지하,7068.0,7068,37.0,30.0,1.97,126.0,51.0,53.13,37.50052554335872,126.86494483517308,943867.519921,1944774.007613,I,2026-05-08 22:43:35,2026-02-25 09:41:16
3160000,3160000-S200500002,서울특별시 구로구 신도림동 643번지,"서울특별시 구로구 신도림로 87 (신도림동, 신도림1차동아아파트)",8202.0,2005-02-28,,사용중,신도림1차동아아파트(지하1~3층 주차장),공공용시설,지하,52577.0,52577,37.0,30.0,39.45,126.0,53.0,3.13,37.5109590363404,126.884203782219,945577.4090464,1945920.2328738,I,2026-05-08 22:43:36,2026-02-26 09:18:15
3160000,3160000-S199800006,서울특별시 구로구 구로동 100번지 8호,"서울특별시 구로구 구로중앙로 68 (구로동, 신안타워)",8301.0,1998-12-26,,사용중,신안타워 주차장(지하2~4층),공공용시설,지하,3713.0,3713,37.0,29.0,45.1,126.0,53.0,19.71,37.49573415260196,126.88884341257122,945976.483036,1944228.444501,I,2026-05-08 22:43:33,2026-02-24 13:39:32
3160000,3160000-S202300003,서울특별시 구로구 신도림동 645 신도림3차동아아파트,"서울특별시 구로구 신도림로 78 (신도림동, 신도림3차동아아파트)",8207.0,2023-06-30,,사용중,신도림3차동아아파트(301~309동 지하1~3층주차장),공공용시설,지하,35847.98,35847,37.0,30.0,36.43,126.0,53.0,1.0,37.5101201317782,126.883610892393,945524.4006361336,1945827.504109,I,2026-05-08 22:43:34,2026-02-26 09:20:11
3160000,3160000-S200500017,서울특별시 구로구 구로동 1262번지,서울특별시 구로구 구로중앙로 229-0 (구로동),8215.0,2005-02-28,,사용중,월드아파트 지하1층주차장,공공용시설,지하,3306.0,3306,37.0,30.0,21.45,126.0,52.0,33.63,37.50599682607992,126.87579101397344,944830.249114,1945374.602082,I,2026-05-08 22:43:23,2026-02-24 16:26:49
3160000,3160000-S199700008,서울특별시 구로구 개봉동 471번지,"서울특별시 구로구 남부순환로95길 16 (개봉동, 삼호아파트)",8328.0,1997-10-27,,사용중,삼호아파트 전동 지하1층 주차장,공공용시설,지하,3524.0,3524,37.0,29.0,38.31,126.0,51.0,27.35,37.49397586762869,126.85759569629006,943212.96336,1944051.76636,I,2026-05-08 22:43:29,2026-02-26 11:10:08
3160000,3160000-S200500014,서울특별시 구로구 구로동 1261번지,"서울특별시 구로구 새말로9길 22 (구로동, 일신건영아파트)",8291.0,2005-02-28,,사용중,일신건영아파트 주차장(지하1~2층),공공용시설,지하,3960.0,3960,37.0,30.0,13.15,126.0,53.0,8.73,37.50376824493739,126.88577402679287,945710.977439,1945121.547432,I,2026-05-08 22:43:33,2026-02-24 13:41:33
3160000,3160000-S200800003,서울특별시 구로구 궁동 147번지 1호,"서울특별시 구로구 오리로22나길 16-26 (궁동, 서울공연예술고등학교)",8249.0,2008-12-02,,사용중,서울공연예술고등학교 지하 1층 주차장,공공용시설,지하,1290.0,1290,37.0,30.0,0.09,126.0,49.0,54.83,37.5000241183462,126.83189721845488,940946.014799,1944738.601044,I,2026-05-08 22:43:34,2026-03-11 10:04:31
3160000,3160000-S201100003,서울특별시 구로구 온수동 119번지,"서울특별시 구로구 경인로3길 지하 64 (온수동, 7호선 온수역)",8264.0,2011-02-10,,사용중,온수역(7호선) 지하 1층,공공용시설,지하,8160.0,8160,37.0,29.0,31.81,126.0,49.0,24.05,37.49208445971914,126.82421466624731,940260.617003,1943862.587259,I,2026-05-08 22:43:33,2026-03-11 10:04:43
3160000,3160000-S199400002,서울특별시 구로구 구로동 642번지 39호,"서울특별시 구로구 구일로8길 107 (구로동, 한국현대아파트)",8323.0,1994-12-01,,사용중,"한국현대아파트 지하1층,2층 주차장",공공용시설,지하,2960.22,2960,37.0,29.0,51.61,126.0,52.0,32.48,37.49767020174572,126.87568972140843,944815.168208,1944450.869148,I,2026-05-08 22:43:17,2026-03-05 16:07:58
3160000,3160000-S201400002,서울특별시 구로구 고척동 336번지,"서울특별시 구로구 경인로 343 (고척동, 삼환로즈빌)",8226.0,2014-04-16,,사용중,삼환로즈빌아파트(지하1~2층주차장),공공용시설,지하,22833.0,22833,37.0,29.0,50.58,126.0,51.0,30.74,37.497398717348894,126.8585070067531,943296.110078,1944430.962891,I,2026-05-08 22:43:26,2026-02-25 09:39:56
3160000,3160000-S200500009,서울특별시 구로구 신도림동 648번지,"서울특별시 구로구 경인로59길 7 (신도림동, 신도림6차e-편한세상)",8211.0,2005-02-28,,사용중,신도림6차e편한세상(지하1층 주차장),공공용시설,지하,3706.0,3706,37.0,30.0,21.98,126.0,52.0,59.31,37.5061050816633,126.883141614368,945480.0059484668,1945382.3282816005,I,2026-05-08 22:43:34,2026-02-26 09:20:33
3160000,3160000-S202000008,서울특별시 구로구 항동 184번지 하버라인 11단지,"서울특별시 구로구 연동로 191-5 (항동, 하버라인 11단지)",8368.0,2020-02-11,,사용중,하버라인11단지  지하1~2층 주차장,공공용시설,지하,7100.97,7100,37.0,28.0,41.86,126.0,49.0,21.28,37.47829565808159,126.82257721092428,940104.856748,1942333.837477,I,2026-05-08 22:43:35,2026-02-26 10:41:44
3160000,3160000-S200900001,서울특별시 구로구 구로동 197번지 33호,"서울특별시 구로구 디지털로31길 38-21 (구로동, 이앤씨벤처드림타워3차)",8376.0,2009-02-20,,사용중,이앤씨벤처드림타워3차 지하주차장(지하1~2층),공공용시설,지하,6788.33,6788,37.0,29.0,11.49,126.0,53.0,37.37,37.4865238031873,126.893713333988,946400.3852951668,1943203.826527933,I,2026-05-08 22:43:32,2026-03-11 10:00:45
3160000,3160000-S200500037,서울특별시 구로구 오류동 339번지,"서울특별시 구로구 경인로 248-13 (오류동, 동부아파트)",8270.0,2005-02-28,,사용중,동부아파트 지하1층 주차장,공공용시설,지하,9686.0,9686,37.0,29.0,49.76,126.0,50.0,54.0,37.49715615232112,126.84833267020495,942396.567216,1944410.229981,I,2026-05-08 22:43:30,2026-02-24 16:21:15
3160000,3160000-S198300004,서울특별시 구로구 개봉동 403번지 45호,서울특별시 구로구 개봉로 60 (개봉동),8332.0,1983-05-27,,사용중,중소기업은행 지하1층 주차장,공공용시설,지하,330.58,330,37.0,29.0,28.02,126.0,51.0,22.62,37.49109091908417,126.85617239089106,943084.955928,1943732.557303,I,2026-05-08 22:43:29,2026-03-11 09:57:09
3160000,3160000-S200500034,서울특별시 구로구 개봉동 480번지,"서울특별시 구로구 개봉로20길 158 (개봉동, 현대홈타운2단지)",8330.0,2005-02-28,,사용중,현대홈타운아파트 전동 지하1층 주차장,공공용시설,지하,18181.9,18181,37.0,29.0,30.86,126.0,51.0,45.46,37.49201163614707,126.86231587404644,943628.744242,1943831.008811,I,2026-05-08 22:43:29,2026-03-11 09:58:16
3160000,3160000-S201200006,서울특별시 구로구 천왕동 27번지,"서울특별시 구로구 천왕로 9 (천왕동, 천왕이펜하우스6단지)",8364.0,2012-07-23,,사용중,천왕이펜하우스6단지아파트 지하1층 주차장,공공용시설,지하,26707.0,26707,37.0,28.0,44.78,126.0,50.0,30.24,37.4791064520796,126.841732630898,941799.1547120336,1942411.777808467,I,2026-05-08 22:43:33,2026-02-04 10:14:24
3160000,3160000-S198900007,서울특별시 구로구 개봉동 335번지 1호,"서울특별시 구로구 서해안로34가길 22 (개봉동, 동인아파트)",8339.0,1989-05-27,2025-08-13,사용중지,동인아파트 지하1층 주차장,공공용시설,지하,594.0,594,37.0,29.0,37.45,126.0,50.0,54.45,37.493749197445,126.84847562229947,942406.587074,1944032.159824,I,2026-05-08 22:43:18,2025-08-13 17:28:32
3160000,3160000-S201200001,서울특별시 구로구 천왕동 27번지,"서울특별시 구로구 천왕로 91 (천왕동, 천왕이펜하우스1단지)",8364.0,2012-07-23,,사용중,천왕이펜하우스1단지아파트 지하1층 주차장,공공용시설,지하,13313.0,13313,37.0,29.0,7.0,126.0,50.0,13.54,37.4852769913611,126.837095786749,941394.0023976334,1943099.2398914672,I,2026-05-08 22:43:28,2026-03-10 09:41:52
3160000,3160000-S199300007,서울특별시 구로구 개봉동 60번지 101호,서울특별시 구로구 고척로 85-0 (개봉동),8252.0,1993-12-24,,사용중,거성푸르뫼1차아파트(지하주차장1~2층),공공용시설,지하,4681.0,4681,37.0,30.0,2.54,126.0,50.0,37.48,37.500704795437336,126.84374513224948,941993.797309,1944806.750073,I,2026-05-08 22:43:32,2026-03-11 09:52:17
3160000,3160000-S199200001,서울특별시 구로구 신도림동 323번지 16호,"서울특별시 구로구 경인로67길 160 (신도림동, 도림천역)",8200.0,1992-12-01,,사용중,도림천전철역(지하1~3층),공공용시설,지하,1885.0,1885,37.0,30.0,51.99,126.0,52.0,57.73,37.51434246872193,126.882834953729,945458.896296,1946296.398918,I,2026-05-08 22:43:16,2026-02-26 09:17:42
3160000,3160000-S198700002,서울특별시 구로구 구로동 685번지 147호,"서울특별시 구로구 구일로10길 53 (구로동, 현대아파트)",8323.0,1987-12-01,,사용중,현대상선아파트 지하1층 주차장,공공용시설,지하,367.0,367,37.0,29.0,44.16,126.0,52.0,29.0,37.49559641238408,126.8747539784127,944730.925587,1944221.343092,I,2026-05-08 22:43:17,2026-03-05 16:04:06
3160000,3160000-S198000002,서울특별시 구로구 구로동 435번지 구로구청 본관 지하,서울특별시 구로구 가마산로 245-0 (구로동),8284.0,1980-08-26,,사용중,구로구청 본관 지하1층,공공용시설,지하,1323.0,1323,37.0,29.0,42.09,126.0,53.0,16.7,37.49506441100267,126.88804644207544,945905.55061,1944154.59828,I,2026-05-08 22:43:14,2026-02-24 16:24:19
3160000,3160000-S199200002,서울특별시 구로구 구로동 642번지 46호,"서울특별시 구로구 구일로 154-17 (구로동, 우방아파트)",8323.0,1993-12-01,,사용중,"우방아파트 지하 1,2층 주차장",공공용시설,지하,965.0,965,37.0,29.0,50.43,126.0,52.0,28.51,37.49736996966711,126.87438552768911,944699.663649,1944418.325591,I,2026-05-08 22:43:29,2026-03-05 16:05:30
3160000,3160000-S199500007,서울특별시 구로구 개봉동 469번지,"서울특별시 구로구 고척로19길 69-6 (개봉동, 우성아파트)",8251.0,1996-05-27,,사용중,우성아파트(지하주차장 1층),공공용시설,지하,1400.0,1400,37.0,30.0,16.27,126.0,50.0,37.24,37.50441767379884,126.84378151695262,941999.88571,1945218.651423,I,2026-05-08 22:43:34,2026-03-11 09:53:57
3160000,3160000-S200900004,서울특별시 구로구 천왕동 14-25 천왕역,"서울특별시 구로구 오리로 지하1154, 천왕역 (천왕동)",8342.0,2009-02-20,,사용중,천왕전철역 (지하1층~2층),공공용시설,지하,6549.0,6549,37.0,29.0,12.56,126.0,50.0,19.37,37.4868219104156,126.838713738314,941538.2477767668,1943269.6339171669,I,2026-05-08 22:43:35,2026-03-10 09:40:53
3160000,3160000-S200500007,서울특별시 구로구 신도림동 646번지,"서울특별시 구로구 경인로65길 16-15 (신도림동, 신도림4차e-편한세상)",8208.0,2005-02-28,,사용중,신도림4차e편한세상(지하1~2층 주차장),공공용시설,지하,53768.0,53768,37.0,30.0,34.23,126.0,53.0,12.53,37.5095077292149,126.886813823436,945807.0312255668,1945757.7118745004,I,2026-05-08 22:43:23,2026-02-26 09:17:07
3160000,3160000-S199100002,서울특별시 구로구 구로동 256번지 7호,"서울특별시 구로구 디지털로31길 93 (구로동, 구로종합사회복지관)",8375.0,1991-12-02,,사용중,구로종합사회복지관 지하1층,공공용시설,지하,640.35,640,37.0,29.0,12.56,126.0,53.0,26.98,37.4868233956876,126.890827408863,946145.4636369334,1943238.711519,I,2026-05-08 22:43:29,2026-03-11 10:12:41
3160000,3160000-S201200003,서울특별시 구로구 천왕동 27번지,"서울특별시 구로구 천왕로 56 (천왕동, 천왕이펜하우스3단지)",8365.0,2012-07-23,,사용중,천왕이펜하우스3단지아파트 지하1층 주차장,공공용시설,지하,47438.0,47438,37.0,28.0,55.28,126.0,50.0,20.35,37.4820216199772,126.838985769759,941558.5581476334,1942736.9002398667,I,2026-05-08 22:43:29,2026-03-10 09:42:33
3160000,3160000-S200600002,서울특별시 구로구 개봉동 477번지,"서울특별시 구로구 개봉로1길 170 (개봉동, 개봉동대상아파트)",8355.0,2005-09-30,,사용중,대상아파트 지하주차장(지하1층),공공용시설,지하,1653.0,1653,37.0,28.0,55.51,126.0,50.0,58.5,37.48208714419987,126.8495852064684,942495.734022,1942737.643305,I,2026-05-08 22:43:27,2026-03-10 09:39:49
3160000,3160000-S200500036,서울특별시 구로구 개봉동 478번지,"서울특별시 구로구 개봉로3길 87 (개봉동, 개봉한진아파트)",8354.0,2001-01-15,,사용중,한진아파트 지하주차장(지하1층),공공용시설,지하,27225.0,27225,37.0,29.0,9.63,126.0,51.0,5.25,37.48598633059912,126.85145604004744,942664.119332,1943169.094446,I,2026-05-08 22:43:28,2026-03-10 09:38:03
3160000,3160000-S197000002,서울특별시 구로구 구로동 212-8 대륭포스트타워1차,"서울특별시 구로구 디지털로 288, 대륭포스트타워1차 (구로동)",8390.0,1970-12-02,,사용중,대륭포스트타워1차 지하2층 주차장,공공용시설,지하,6160.27,6160,37.0,29.0,0.85,126.0,53.0,43.81,37.4835695825847,126.895502805851,946556.4831527668,1942875.0562235664,I,2026-05-08 22:43:18,2026-03-11 09:59:21
3160000,3160000-S200500028,서울특별시 구로구 고척동 306번지,"서울특별시 구로구 고척로52길 21 (고척동, 경남2차아너스빌)",8228.0,2005-02-28,,사용중,경남2차아파트 지하1층주차장,공공용시설,지하,6787.0,6787,37.0,30.0,14.98,126.0,51.0,22.89,37.504160129091815,126.85635883092594,943111.353186,1945182.400623,I,2026-05-08 22:43:21,2026-03-10 09:37:04
3160000,3160000-S199000003,서울특별시 구로구 구로동 98번지 16호,"서울특별시 구로구 구로중앙로18길 5, 지하주차장동 (구로동, 현대오피스텔)",8302.0,1990-05-26,,사용중,현대오피스텔 지하주차장(지하1~2층),공공용시설,지하,477.84,477,37.0,29.0,41.73,126.0,53.0,22.71,37.49491066449337,126.88967870037796,946049.727084,1944136.604172,I,2026-05-08 22:43:12,2026-03-05 13:49:53
3160000,3160000-S199300001,서울특별시 구로구 신도림동 390번지 44호,"서울특별시 구로구 신도림로 40 (신도림동, 신도림동주민센터,신도림치안센터)",8211.0,1993-12-01,,사용중,신도림동주민센터(지하1층주차장),공공용시설,지하,457.0,457,37.0,30.0,28.01,126.0,52.0,50.14,37.5077800502639,126.880595176808,945256.1642475,1945569.635173967,I,2026-05-08 22:43:34,2026-02-26 09:17:53
3160000,3160000-S198700016,서울특별시 구로구 궁동 242번지,"서울특별시 구로구 부일로9길 158 (궁동, 서울정진학교)",8259.0,2011-07-09,2023-06-30,사용중지,정진학교 2층 강당,공공용시설,지상,370.25,370,37.0,29.0,53.62,126.0,49.0,18.76,37.49822845861517,126.82187742570775,940058.913475,1944545.716548,I,2026-05-08 22:43:20,2023-06-30 17:34:39
3160000,3160000-S199800001,서울특별시 구로구 구로동 1259번지,"서울특별시 구로구 구일로2길 60 (구로동, 구일우성아파트)",8325.0,1998-12-01,,사용중,"구일우성아파트 지하 1,2층 주차장",공공용시설,지하,18552.0,18552,37.0,29.0,24.21,126.0,52.0,37.63,37.48958703904104,126.8767412331238,944902.177829,1943553.472793,I,2026-05-08 22:43:18,2026-03-05 16:08:27
3160000,3160000-S200800002,서울특별시 구로구 개봉동 484번지,서울특별시 구로구 경인로 271-0 (개봉동),8237.0,2008-05-19,,사용중,고운아파트(지하주차장 1층),공공용시설,지하,2613.0,2613,37.0,29.0,54.48,126.0,51.0,2.2,37.49846600102919,126.8506115105175,942599.007773,1944554.158178,I,2026-05-08 22:43:22,2026-03-11 09:56:21
3160000,3160000-S198700011,서울특별시 구로구 가리봉동 132번지 86호,"서울특별시 구로구 우마2길 34 (가리봉동, 가리봉교회)",8388.0,1987-05-27,,사용중,가리봉교회(지하 식당),공공용시설,지하,577.47,577,37.0,28.0,56.31,126.0,53.0,23.09,37.48230848626638,126.88974653146497,946046.65983,1942738.428285,I,2026-05-08 22:43:15,2026-03-11 09:50:17
3160000,3160000-S200500016,서울특별시 구로구 구로동 42번지,"서울특별시 구로구 새말로18길 64 (구로동, LG신도림자이아파트)",8296.0,2005-02-28,,사용중,LG자이아파트 주차장(지하1~3층),공공용시설,지하,9240.0,9240,37.0,30.0,13.84,126.0,53.0,32.65,37.50378792414999,126.89239995981616,946296.637513,1945119.928898,I,2026-05-08 22:43:23,2026-02-24 13:43:32
3160000,3160000-S200800004,서울특별시 구로구 구로동 102번지,"서울특별시 구로구 가마산로25길 21 (구로동, 구로구민회관)",8301.0,2008-12-02,,사용중,구로아트밸리 주차장(지하1~3층),공공용시설,지하,8677.0,8677,37.0,29.0,49.63,126.0,53.0,23.92,37.4971183136453,126.88997799940952,946077.771719,1944381.358558,I,2026-05-08 22:43:25,2026-02-24 13:41:02
3160000,3160000-S202000001,서울특별시 구로구 항동 119번지 6호 솔보프라자,"서울특별시 구로구 서해안로 2102, 솔보프라자 (항동)",8368.0,2020-02-11,,사용중,솔보프라자 지하1~2층 주차장,공공용시설,지하,1329.0,1329,37.0,28.0,48.55,126.0,49.0,24.28,37.48025274290325,126.82339633006016,940178.841257,1942550.444114,I,2026-05-08 22:43:34,2026-02-26 10:39:22
3170000,3170000-S200000009,서울특별시 금천구 시흥동 1002번지 1호,"서울특별시 금천구 시흥대로47길 43 (시흥동, 럭키아파트)",8634.0,2000-01-06,,사용중,럭키아파트 지하1층,공공용시설,지하,4600.0,4600,37.0,26.0,51.05,126.0,53.0,54.35,37.44956100909125,126.8997094638833,946904.349736,1939099.642682,I,2026-02-27 22:28:36,2026-02-26 17:12:39
3170000,3170000-S202200001,서울특별시 금천구 독산동 1156 금천롯데캐슬골드파크4차,"서울특별시 금천구 시흥대로 315, 금천롯데캐슬골드파크4차 (독산동)",8608.0,2022-11-17,,사용중,"롯데캐슬골드파크 4차 지하 2층, 3층, 4층",공공용시설,지하,27718.0,27718,37.0,27.0,41.42,126.0,53.0,50.02,37.46138373412721,126.8966310524013,946640.462293,1940413.035426,I,2025-12-15 16:14:09,2025-07-02 13:09:31
3170000,3170000-S199800005,서울특별시 금천구 독산동 711번지 2호,"서울특별시 금천구 벚꽃로 73 (독산동, 금천현대아파트)",8596.0,1998-01-01,,사용중,"금천현대아파트 지하 1층, 2층",공공용시설,지하,21291.0,21291,37.0,27.0,45.85,126.0,53.0,24.29,37.46189958691982,126.89097015561204,946140.200302,1940473.487735,I,2026-02-10 22:28:35,2026-02-09 10:15:12
3170000,3170000-S199300007,서울특별시 금천구 독산동 1069 호정타워아파트,"서울특별시 금천구 시흥대로88길 21 (독산동, 호정타워아파트)",8620.0,1993-06-01,,사용중,호정타워아파트(지하3층),공공용시설,지하,2970.0,2970,37.0,27.0,40.17,126.0,54.0,0.56,37.460993278769095,126.9002862896224,946963.444185,1940367.652637,I,2026-03-12 22:28:35,2026-03-11 15:01:44
3170000,3170000-S201100003,서울특별시 금천구 시흥동 946번지,"서울특별시 금천구 시흥대로28길 42 (시흥동, 렉스빌)",8652.0,2011-02-18,,사용중,렉스빌 연립주택 지하1층,공공용시설,지하,630.87,630,37.0,26.0,32.08,126.0,54.0,21.86,37.442346954345965,126.90613600195556,947467.73793,1938295.69035,I,2026-02-10 22:28:35,2026-02-09 11:28:47
3170000,3170000-S202400002,서울특별시 금천구 독산동 1056-5,서울특별시 금천구 시흥대로98길 27 (독산동),8619.0,2024-07-22,,사용중,독산동 마을공원 주차장 지하1~2층,공공용시설,지하,3719.0,3719,37.0,27.0,49.71,126.0,53.0,57.53,37.463808040419,126.899314184743,946879.465252833,1940680.4800112424,I,2026-03-12 22:28:35,2026-03-11 15:00:06
3170000,3170000-S201500001,서울특별시 금천구 시흥동 267번지 9호,서울특별시 금천구 금하로 764 (시흥동),8645.0,2015-11-05,,사용중,금천종합복지타운 지하주차장 1층,공공용시설,지하,1635.0,1635,37.0,26.0,58.64,126.0,54.0,52.11,37.44981205054325,126.91469267331658,948229.798719,1939119.156158,I,2026-02-10 22:28:35,2026-02-09 11:25:51
3170000,3170000-S202200002,서울특별시 금천구 독산동 973-17 독산3동 주민센터,"서울특별시 금천구 독산로 317, 독산3동 주민센터 지하1층 (독산동)",8541.0,2022-12-26,2023-06-13,사용중지,독산3동주민센터 지하1층,공공용시설,지하,678.51,678,37.0,28.0,30.57,126.0,54.0,11.44,37.47514725379855,126.9033136149485,947241.121024,1941936.245686,I,2025-12-15 16:14:09,2023-06-13 15:35:33
3170000,3170000-S200500026,서울특별시 금천구 시흥동 912번지 20호,서울특별시 금천구 금하로 720 (시흥동),8644.0,2005-01-01,,사용중,에벤에셀프라자(지하1~2층),공공용시설,지하,2133.0,2133,37.0,27.0,1.55,126.0,54.0,34.09,37.45055957458154,126.90964774305684,947784.092116,1939204.872786,I,2026-02-10 22:28:35,2026-02-09 14:33:52
3170000,3170000-S201100015,서울특별시 금천구 시흥동 989번지 9호,"서울특별시 금천구 시흥대로47길 35 (시흥동, 스카이아파트)",8636.0,2011-03-02,2024-11-29,사용중지,스카이 아파트 지하1층,공공용시설,지하,518.0,518,37.0,26.0,58.36,126.0,54.0,1.16,37.44960334530638,126.9002104146331,946948.689115,1939104.057426,I,2025-12-15 16:14:09,2024-11-30 14:29:16
3170000,3170000-S199800002,서울특별시 금천구 독산동 885번지 5호,"서울특별시 금천구 문성로3길 3 (독산동, 목화빌라)",8550.0,1998-01-01,,사용중,목화빌라 지하1층,공공용시설,지하,673.0,673,37.0,28.0,37.34,126.0,54.0,16.2,37.47693187126482,126.90460674403282,947356.712153,1942133.51415,I,2026-03-14 22:28:35,2026-03-13 13:10:57
3170000,3170000-S200900018,서울특별시 금천구 시흥동 806번지,"서울특별시 금천구 독산로36길 36 (시흥동, 월드메르디앙아파트)",8569.0,2009-11-20,,사용중,"월드메르디앙아파트 지하주차장 101동, 102동지하1층",공공용시설,지하,4618.0,4618,37.0,27.0,35.07,126.0,54.0,24.87,37.45979553151143,126.90695255116012,947552.153726,1940231.037947,I,2026-02-10 22:28:35,2026-02-09 14:29:23
3170000,3170000-S199600004,서울특별시 금천구 독산동 1132 목화아파트,"서울특별시 금천구 문성로3길 8 (독산동, 목화아파트)",8550.0,1996-01-01,,사용중,목화1차아파트 지하1층,공공용시설,지하,1231.0,1231,37.0,28.0,36.6,126.0,54.0,17.23,37.47684634676583,126.9047114144648,947365.906973,1942123.967227,I,2026-03-14 22:28:35,2026-03-13 13:10:16
3170000,3170000-S201100001,서울특별시 금천구 시흥동 1010번지,서울특별시 금천구 금하로 793 (시흥동),8655.0,2011-02-17,,사용중,벽산아파트2단지 지하주차장 2층,공공용시설,지하,3629.25,3629,37.0,27.0,14.13,126.0,55.0,8.75,37.44989812517274,126.91775903473275,948501.078645,1939127.025158,I,2026-02-10 22:28:35,2026-02-09 11:25:23
3170000,3170000-S200500025,서울특별시 금천구 시흥동 209번지,서울특별시 금천구 금하로23라길 31 (시흥동),8571.0,2005-01-01,,사용중,신현대아파트 지하1층,공공용시설,지하,1650.0,1650,37.0,27.0,14.5,126.0,54.0,38.42,37.45363579378788,126.9108241751928,947890.281184,1939545.507329,I,2026-02-10 22:28:35,2026-02-09 14:32:52
3170000,3170000-S199700002,서울특별시 금천구 독산동 961-13 목화아파트2차,"서울특별시 금천구 문성로1길 7, 지하 1층 (독산동, 목화아파트2차)",8550.0,1997-01-01,,사용중,목화2차아파트 지하1층,공공용시설,지하,990.0,990,37.0,28.0,36.2,126.0,54.0,15.31,37.47700448235343,126.90430331740444,947329.934584,1942141.739576,I,2026-03-14 22:28:35,2026-03-13 13:10:36
3170000,3170000-S201100019,서울특별시 금천구 시흥동 898번지 17호,"서울특별시 금천구 금하로14길 53-1 (시흥동, 금천아파트)",8630.0,2011-03-02,,사용중,금천아파트 지하1층,공공용시설,지하,449.0,449,37.0,27.0,3.64,126.0,54.0,16.2,37.45100789115175,126.9043886039,947319.237957,1939257.538044,I,2026-02-27 22:28:36,2026-02-26 17:10:21
3170000,3170000-S200900017,서울특별시 금천구 시흥동 812번지 38호,"서울특별시 금천구 독산로36길 14 (시흥동, 시흥4동주민센터)",8569.0,2009-11-20,2023-06-13,사용중지,시흥4동주민센터 지하주차장 지하1층,공공용시설,지하,415.0,415,37.0,27.0,32.38,126.0,54.0,22.12,37.45891681189919,126.90608754241612,947475.038857,1940134.031728,I,2025-12-15 16:14:09,2023-06-13 15:38:58
3170000,3170000-S199500008,서울특별시 금천구 독산동 1066번지 19호,"서울특별시 금천구 시흥대로90길 10 (독산동, 대우그린빌라)",8623.0,1995-06-01,,사용중,대우그린빌라(지하1층),공공용시설,지하,611.0,611,37.0,27.0,39.34,126.0,53.0,56.32,37.46106899331711,126.89886006392044,946837.366228,1940376.856643,I,2026-02-27 22:28:36,2026-02-26 11:15:07
3170000,3170000-S201100005,서울특별시 금천구 독산동 1139번지,"서울특별시 금천구 두산로11길 22 (독산동, 청광플러스원아파트)",8524.0,2011-03-07,,사용중,청광플러스원아파트 지하주차장 지하1층,공공용시설,지하,2756.0,2756,37.0,28.0,16.79,126.0,53.0,38.73,37.47133983669525,126.89401281979175,946416.020631,1941519.08803,I,2025-12-15 16:14:09,2025-06-30 10:23:38
3170000,3170000-S200900019,서울특별시 금천구 시흥동 1017번지,서울특별시 금천구 금하로24나길 48 (시흥동),8647.0,2009-11-20,,사용중,관악산 신도브래뉴 아파트 지하주차장 1층,공공용시설,지하,6597.0,6597,37.0,26.0,53.63,126.0,54.0,38.99,37.448308746133925,126.911033417922,947905.093541,1938954.391577,I,2026-02-10 22:28:35,2026-02-09 14:34:19
3170000,3170000-S202300002,서울특별시 금천구 가산동 234-46 가산삼익아파트,"서울특별시 금천구 두산로9길 56 (가산동, 가산삼익아파트)",8521.0,2023-06-20,,사용중,가산삼익아파트(지하1층~2층),공공용시설,지하,4476.98,4476,37.0,28.0,22.4,126.0,53.0,33.86,37.47288900077416,126.8926444484872,946296.130628,1941691.737561,I,2026-03-06 22:28:36,2026-03-05 11:07:39
3170000,3170000-S200500015,서울특별시 금천구 독산동 983번지 13호,서울특별시 금천구 시흥대로 440 (독산동),8544.0,2005-04-01,2023-06-19,사용중지,크로바볼링장 지하1층,공공용시설,지하,1254.0,1254,37.0,28.0,22.37,126.0,53.0,56.04,37.47289691424476,126.89867057873356,946828.986628,1941689.196022,I,2025-12-15 16:14:09,2023-07-13 14:11:44
3170000,3170000-S200500012,서울특별시 금천구 가산동 148번지 1호,"서울특별시 금천구 시흥대로151길 45 (가산동, 가산덕산아파트)",8532.0,2005-06-28,,사용중,덕산아파트 지하1층,공공용시설,지하,495.0,495,37.0,28.0,36.28,126.0,53.0,45.84,37.47656884354,126.89635001157708,946626.405835,1942097.886497,I,2026-03-06 22:28:36,2026-03-05 11:06:56
3170000,3170000-S199300006,서울특별시 금천구 독산동 1054,서울특별시 금천구 시흥대로 350 (독산동),8616.0,1993-06-01,2024-07-16,사용중지,유당빌딩(지하1층),공공용시설,지하,363.0,363,37.0,27.0,52.55,126.0,53.0,53.06,37.46464166794478,126.89786734842096,946752.106959,1940773.782582,I,2025-12-15 16:14:09,2024-07-16 16:14:26
3170000,3170000-S199700003,서울특별시 금천구 독산동 183번지 1호,"서울특별시 금천구 독산로78다길 52 (독산동, 독산동동아아파트)",8556.0,1997-01-01,,사용중,"동아아파트 지하주차장 지하1,2층",공공용시설,지하,4324.0,4324,37.0,28.0,11.66,126.0,54.0,22.84,37.47032364332871,126.90665817442245,947533.477306,1941399.227952,I,2026-02-27 22:28:36,2026-02-26 10:29:46
3170000,3170000-S200500013,서울특별시 금천구 가산동 769번지,"서울특별시 금천구 가산로 99 (가산동, 두산위브아파트)",8520.0,2005-06-28,,사용중,두산위브아파트 지하1~3층,공공용시설,지하,18665.0,18665,37.0,28.0,31.0,126.0,53.0,34.97,37.47461382233895,126.89361185537676,946382.904154,1941882.544535,U,2026-04-02 03:03:03,2026-04-01 11:24:25
3170000,3170000-S201100013,서울특별시 금천구 가산동 468번지 4호,"서울특별시 금천구 벚꽃로 309 (가산동, 가산디지털단지역)",8510.0,2011-03-28,,사용중,가산디지털단지역 지하1~3층,공공용시설,지하,12552.0,12552,37.0,28.0,53.61,126.0,52.0,57.49,37.48200852111932,126.88259886507458,945414.500312,1942709.268879,I,2026-03-06 22:28:36,2026-03-05 11:07:18
3170000,3170000-S200500016,서울특별시 금천구 독산동 954번지 4호,"서울특별시 금천구 시흥대로 488 (독산동, 혜전빌딩)",8536.0,2005-04-01,,사용중,혜전빌딩 지하2층,공공용시설,지하,412.0,412,37.0,28.0,37.46,126.0,53.0,57.14,37.47707962164976,126.89907848985838,946868.016697,1942153.011123,I,2026-03-14 22:28:35,2026-03-13 13:12:03
3170000,3170000-S199800006,서울특별시 금천구 독산동 289번지 5호,"서울특별시 금천구 시흥대로123길 11 (독산동, 독산1동주민센터)",8523.0,1998-01-01,2023-06-13,사용중지,독산1동주민센터 지하주차장 지하1층,공공용시설,지하,231.0,231,37.0,28.0,12.78,126.0,53.0,49.29,37.47024916370981,126.89717922420004,946695.235847,1941396.287817,I,2025-12-15 16:14:09,2023-06-13 15:33:35
3170000,3170000-S200400001,서울특별시 금천구 시흥동 870번지 27호,"서울특별시 금천구 시흥대로72길 13 (시흥동, 시흥중앙교회(세나유치원))",8624.0,2004-01-01,,사용중,시흥중앙교회 지하1층,공공용시설,지하,1564.0,1564,37.0,27.0,25.89,126.0,54.0,1.18,37.45727540988019,126.90041520809166,946972.220063,1939955.106786,I,2026-02-27 22:28:36,2026-02-26 17:11:40
3170000,3170000-S201100010,서울특별시 금천구 독산동 1028번지,"서울특별시 금천구 시흥대로112길 6 (독산동, 대덕트윈빌)",8580.0,2011-03-02,,사용중,대덕트윈빌 101동 지하주차장 1~2층,공공용시설,지하,3773.0,3773,37.0,28.0,2.38,126.0,53.0,56.04,37.467498369970905,126.89878198309528,946835.013902,1941090.198737,I,2026-02-27 22:28:36,2026-02-26 10:46:00
3170000,3170000-S201100026,서울특별시 금천구 독산동 378번지 77호,"서울특별시 금천구 독산로58나길 56 (독산동, 동양드림아파트)",8561.0,2011-10-17,,사용중,동양드림아파트(지하1층),공공용시설,지하,362.0,362,37.0,27.0,55.88,126.0,54.0,23.91,37.46550097918368,126.90659957331512,947524.924417,1940864.216878,I,2026-02-27 22:28:36,2026-02-26 11:15:49
3170000,3170000-S201200001,서울특별시 금천구 시흥동 936번지 1호,"서울특별시 금천구 시흥대로 158 (시흥동, 극동빌딩)",8649.0,2012-05-29,,사용중,극동빌딩(지하1층),공공용시설,지하,350.0,350,37.0,26.0,53.49,126.0,54.0,12.62,37.44816762819868,126.90343688171788,947233.063965,1938942.962529,I,2026-02-10 22:28:35,2026-02-09 14:35:34
3170000,3170000-S200500010,서울특별시 금천구 시흥동 1010번지,"서울특별시 금천구 금하로 793 (시흥동, 벽산1단지아파트)",8655.0,2005-06-22,,사용중,벽산아파트1단지 지하주차장 2층,공공용시설,지하,32934.0,32934,37.0,27.0,1.25,126.0,55.0,12.88,37.44989812517274,126.91775903473275,948501.078645,1939127.025158,I,2026-02-10 22:28:35,2026-02-09 11:24:33
3170000,3170000-S199400005,서울특별시 금천구 독산동 1066번지 1호,서울특별시 금천구 시흥대로 302 (독산동),8623.0,1994-06-01,2023-06-13,사용중지,무송빌딩(지하1층),공공용시설,지하,165.0,165,37.0,27.0,38.37,126.0,53.0,55.2,37.46065855655341,126.8985844624256,946812.702076,1940331.476925,I,2025-12-15 16:14:09,2023-06-13 15:34:32
3170000,3170000-S201400001,서울특별시 금천구 시흥동 1026번지,서울특별시 금천구 시흥대로 165 (시흥동),8637.0,2014-02-12,,사용중,남서울힐스테이트아파트 1단지 지하1~2층,공공용시설,지하,24631.0,24631,37.0,26.0,50.39,126.0,54.0,6.56,37.44852003565315,126.90165841306712,947076.002413,1938983.057202,I,2026-02-27 22:28:36,2026-02-26 17:09:51
3170000,3170000-S201100018,서울특별시 금천구 시흥동 113번지 15호,"서울특별시 금천구 시흥대로 281 (시흥동, 새한벤처월드)",8609.0,2011-03-02,,사용중,새한벤쳐월드 지하1~3층,공공용시설,지하,3908.0,3908,37.0,27.0,30.85,126.0,53.0,52.96,37.45877866932079,126.8985923731182,946812.070168,1940122.911208,I,2026-02-27 22:28:36,2026-02-26 17:10:32
3170000,3170000-S202500005,서울특별시 금천구 가산동 535-7 G밸리 하우스디 어반,"서울특별시 금천구 서부샛길 714, G밸리 하우스디 어반 (가산동)",8500.0,2025-10-29,,사용중,가산G밸리 하우스디어반 지하주차장,공공용시설,지하,8051.0,8051,37.0,29.0,2.14,126.0,52.0,30.28,37.4839279569897,126.875077170624,944750.9008980336,1942926.6061761333,I,2026-02-10 22:28:35,2026-02-09 10:01:18
3170000,3170000-S202300001,서울특별시 금천구 독산동 151-5 호산나교회,"서울특별시 금천구 시흥대로139길 25, 호산나교회 (독산동)",8535.0,2023-01-14,,사용중,호산나교회 지하주차장 지하1층,공공용시설,지하,1446.71,1446,37.0,28.0,21.41,126.0,53.0,47.44,37.472760882829895,126.89656956371844,946643.111256,1941675.292523,I,2026-02-10 22:28:35,2026-02-09 10:20:50
3170000,3170000-S200900013,서울특별시 금천구 시흥동 1015번지,"서울특별시 금천구 시흥대로77길 23 (시흥동, 시흥베르빌아파트)",8610.0,2009-11-20,,사용중,시흥베르빌아파트 지하1~2층,공공용시설,지하,2209.0,2209,37.0,27.0,25.85,126.0,53.0,51.04,37.45814003263704,126.89777618189557,946739.433336,1940052.519782,I,2026-02-28 22:28:35,2026-02-27 08:51:50
3170000,3170000-S202500003,서울특별시 금천구 독산동 989 독산 오르페움타워,"서울특별시 금천구 독산로85길 36 (독산동, 독산 오르페움타워)",8543.0,2025-10-14,,사용중,독산오르페움 지하주차장,공공용시설,지하,4884.0,4884,37.0,28.0,22.22,126.0,54.0,4.18,37.4728402333162,126.901161592129,947049.2102266238,1941681.5040728769,I,2026-03-14 22:28:35,2026-03-13 13:13:20
3170000,3170000-S201000001,서울특별시 금천구 독산동 291번지 7호,"서울특별시 금천구 시흥대로 391 (독산동, 삼성홈플러스)",8584.0,2010-01-06,,사용중,홈플러스 테스코 금천점 지하주차장 지하1층,공공용시설,지하,15757.0,15757,37.0,28.0,6.96,126.0,53.0,49.84,37.46853904280016,126.89736409463356,946710.369266,1941206.456095,I,2026-02-10 22:28:35,2026-02-09 10:20:04
3170000,3170000-S201100025,서울특별시 금천구 독산동 1066번지 2호,"서울특별시 금천구 시흥대로 296 (독산동, 위너스스포츠클럽)",8623.0,2011-10-17,,사용중,위너스골프연습장(지하1층),공공용시설,지하,491.0,491,37.0,27.0,35.64,126.0,53.0,57.02,37.46001687366621,126.89882921137855,946833.892785,1940260.148215,I,2026-02-27 22:28:36,2026-02-26 11:15:36
3170000,3170000-S202500002,서울특별시 금천구 가산동 535-55,"서울특별시 금천구 가산디지털2로 169-37, 가산유미어스 (가산동)",8504.0,2025-10-14,,사용중,가산 유미어스 지하주차장,공공용시설,지하,3694.0,3694,37.0,28.0,54.19,126.0,52.0,31.97,37.4817195358072,126.875548564558,944790.9520082324,1942681.3184724688,I,2026-02-10 22:28:35,2026-02-09 10:00:09
3170000,3170000-S202400001,서울특별시 금천구 독산동 1028 대덕트윈빌,"서울특별시 금천구 시흥대로112길 6 (독산동, 대덕트윈빌)",8580.0,2024-01-26,,사용중,대덕트윈빌 102동 지하주차장 1층,공공용시설,지하,918.0,918,37.0,28.0,2.78,126.0,53.0,56.16,37.4674376864112,126.898933142419,946848.3379028938,1941083.380958767,I,2026-02-27 22:28:36,2026-02-26 10:46:12
3170000,3170000-S200900012,서울특별시 금천구 시흥동 893번지,"서울특별시 금천구 금하로 668 (시흥동, 금빛공원)",8629.0,2009-11-20,,사용중,금빛휘트니스센터 지하1층,공공용시설,지하,2989.0,2989,37.0,27.0,9.61,126.0,54.0,15.77,37.45273403376668,126.90439678187296,947321.171887,1939449.037452,I,2026-02-27 22:28:36,2026-02-26 17:11:15
3170000,3170000-S201100017,서울특별시 금천구 시흥동 999번지 1호,"서울특별시 금천구 시흥대로 251 (시흥동, 도일산호시티빌)",8614.0,2011-03-02,,사용중,산호시티빌아파트 지하1~3층,공공용시설,지하,4278.0,4278,37.0,27.0,22.17,126.0,53.0,58.46,37.45605999957973,126.8996490798314,946903.603094,1939820.696525,I,2026-02-27 22:28:36,2026-02-26 17:10:43
3170000,3170000-S201100016,서울특별시 금천구 시흥동 882번지 11호,"서울특별시 금천구 시흥대로 254 (시흥동, 신동힐탑아파트)",8626.0,2011-03-02,2025-10-14,사용중지,신동힐탑아파트 지하1층,공공용시설,지하,262.0,262,37.0,27.0,23.06,126.0,54.0,1.15,37.45643502159328,126.90022053936369,946954.409642,1939861.980824,I,2025-12-15 16:14:09,2025-10-14 17:27:09
3170000,3170000-S200500023,서울특별시 금천구 시흥동 910-5,서울특별시 금천구 금하로24길 6(시흥동),8643.0,2022-03-26,2023-06-13,사용중지,시흥5동주민센터 지하1~2층,공공용시설,지하,1007.1,1007,37.0,27.0,2.64,126.0,54.0,30.03,37.45069859404995,126.90845519506698,947678.708606,1939220.957625,I,2025-12-15 16:14:09,2023-06-13 15:39:26
3170000,3170000-S199800007,서울특별시 금천구 독산동 1041-33 덕왕빌딩(나무빌딩),"서울특별시 금천구 독산로64길 15, 나무빌딩 (독산동)",8559.0,1998-06-01,,사용중,주현빌딩(지하1층),공공용시설,지하,330.0,330,37.0,27.0,54.92,126.0,54.0,12.33,37.465157526570906,126.90349912038462,947250.503927,1940827.844887,I,2026-02-27 22:28:36,2026-02-26 11:15:22
3170000,3170000-S200900021,서울특별시 금천구 독산동 1022번지,"서울특별시 금천구 독산로 232 (독산동, 독산4동주민센터)",8558.0,2009-11-20,2023-06-13,사용중지,독산4동주민센터 지하주차장 지하1층,공공용시설,지하,300.0,300,37.0,28.0,3.15,126.0,54.0,7.59,37.46753625843928,126.90211999359514,947130.21966,1941092.523209,I,2025-12-15 16:14:09,2023-06-13 15:36:16
3170000,3170000-S199000001,서울특별시 금천구 시흥동 984번지,"서울특별시 금천구 시흥대로 97 (시흥동, 시흥유통상가)",8639.0,1990-01-08,,사용중,시흥유통상가 A지원~B지원 지하1층,공공용시설,지하,20988.0,20988,37.0,26.0,39.34,126.0,54.0,0.97,37.44280871164951,126.90323244857798,947211.216197,1938348.54168,I,2026-02-10 22:28:35,2026-02-09 11:28:17
3170000,3170000-S200900007,서울특별시 금천구 독산동 1131번지,"서울특별시 금천구 벚꽃로 60 (독산동, 독산라이프아파트)",8607.0,2009-11-13,,사용중,라이프아파트 주차장 지하1층,공공용시설,지하,330.0,330,37.0,27.0,39.11,126.0,53.0,32.82,37.460766118210046,126.89218990772616,946247.25923,1940347.039949,I,2026-02-10 22:28:35,2026-02-09 10:16:53
3170000,3170000-S200900008,서울특별시 금천구 독산동 1143번지,"서울특별시 금천구 벚꽃로6길 3 (독산동, 이랜드해가든아파트)",8607.0,2009-11-20,,사용중,"이랜드해가든아파트 지하 1층, 2층",공공용시설,지하,7930.0,7930,37.0,27.0,38.28,126.0,53.0,32.93,37.46066510138731,126.8928774759517,946307.993887,1940335.440657,I,2026-02-10 22:28:35,2026-02-09 10:17:56
3170000,3170000-S200500021,서울특별시 금천구 독산동 956번지,"서울특별시 금천구 남부순환로120길 22 (독산동, 삼익아파트)",8536.0,2005-04-01,,사용중,삼익아파트 독산동(지하1층),공공용시설,지하,5554.0,5554,37.0,28.0,41.93,126.0,54.0,2.63,37.47821248187687,126.90110871491775,947048.325226,1942277.551327,I,2026-03-14 22:28:35,2026-03-13 13:12:45
3170000,3170000-S200900001,서울특별시 금천구 시흥동 1020 금천구청종합청사,"서울특별시 금천구 시흥대로73길 70, 금천구청종합청사 (시흥동)",8611.0,2009-01-01,,사용중,금천구청 지하1~2층,공공용시설,지하,10190.0,10190,37.0,27.0,23.19,126.0,53.0,43.83,37.4565737647499,126.89641485222135,946617.92308,1939879.523139,I,2026-02-27 22:28:36,2026-02-26 17:11:26
3170000,3170000-S199400004,서울특별시 금천구 독산동 145번지 6호,"서울특별시 금천구 시흥대로 479 (독산동, LG)",8531.0,1994-01-01,2023-02-01,사용중지,LG텔레콤 지하주차장,공공용시설,지하,1980.0,1980,37.0,28.0,34.78,126.0,53.0,53.5,37.47638724792444,126.8983118028374,946799.736663,1942076.629427,I,2025-12-15 16:14:09,2023-02-06 09:53:06
3170000,3170000-S201100011,서울특별시 금천구 독산동 1019번지 23호,"서울특별시 금천구 독산로 237 (독산동, 주는교회)",8578.0,2011-03-02,2025-10-14,사용중지,주는교회 지하주차장 지하1층,공공용시설,지하,194.0,194,37.0,28.0,4.77,126.0,54.0,6.47,37.468010112456575,126.90188263695168,947109.564162,1941145.227556,I,2025-12-15 16:14:09,2025-10-14 17:29:45
3170000,3170000-S200500007,서울특별시 금천구 시흥동 5번지 13호,"서울특별시 금천구 독산로50길 89 (시흥동, 삼익아파트)",8563.0,2005-06-21,,사용중,삼익아파트 시흥동 101동 ~ 113동 지하1층,공공용시설,지하,36620.0,36620,37.0,27.0,49.88,126.0,54.0,32.93,37.46258632870903,126.90920462075108,947753.265681,1940539.407148,I,2026-02-10 22:28:35,2026-02-09 14:25:48
3170000,3170000-S199200002,서울특별시 금천구 독산동 1038번지,"서울특별시 금천구 독산로 218 (독산동, 창영빌딩)",8559.0,1992-06-01,2024-08-05,사용중지,창영빌딩(지하1층),공공용시설,지하,396.0,396,37.0,27.0,58.94,126.0,54.0,7.12,37.46629584553046,126.9019363326965,947113.104767,1940955.010441,I,2025-12-15 16:14:09,2024-08-05 16:04:05
3170000,3170000-S201200002,서울특별시 금천구 시흥동 929번지 33호,"서울특별시 금천구 금하로24길 91 (시흥동, 건우한마음아파트)",8647.0,2012-06-27,,사용중,건우 한마음아파트 지하주차장 지하1층,공공용시설,지하,1451.0,1451,37.0,26.0,49.1,126.0,54.0,34.6,37.44725258413376,126.90933619374408,947754.235818,1938838.157281,I,2026-02-10 22:28:35,2026-02-09 14:36:03
3170000,3170000-S200900014,서울특별시 금천구 시흥동 1011번지,"서울특별시 금천구 금하로 750 (시흥동, 관악우방아파트)",8645.0,2009-11-20,,사용중,관악우방아파트 지하주차장 2층,공공용시설,지하,12000.0,12000,37.0,26.0,59.07,126.0,54.0,47.84,37.44996674043615,126.91295667433396,948076.355809,1939137.273212,I,2026-02-10 22:28:35,2026-02-09 11:25:04
3170000,3170000-S200500006,서울특별시 금천구 시흥동 820번지 12호,"서울특별시 금천구 독산로 78-1 (시흥동, 경남아파트)",8572.0,2005-06-21,,사용중,경남아파트 101동 지하1층,공공용시설,지하,3300.0,3300,37.0,27.0,16.5,126.0,54.0,25.22,37.45437008155385,126.90636394623178,947496.30536,1939629.447963,I,2026-02-10 22:28:35,2026-02-09 14:24:18
3170000,3170000-S200500011,서울특별시 금천구 가산동 144번지 3호,"서울특별시 금천구 가산로 129 (가산동, 가산동주민센터)",8516.0,2005-06-28,2023-06-13,사용중지,가산동주민센터 지하1층,공공용시설,지하,330.0,330,37.0,28.0,36.86,126.0,53.0,30.35,37.47699763184946,126.89178377100498,946222.970755,1942148.055915,I,2025-12-15 16:14:09,2023-06-13 15:32:46
3170000,3170000-S200000010,서울특별시 금천구 시흥동 992번지 2호,"서울특별시 금천구 시흥대로59길 35 (시흥동, 남서울건영아파트)",8632.0,2000-01-07,,사용중,건영아파트 지하1층,공공용시설,지하,1142.0,1142,37.0,27.0,11.35,126.0,53.0,57.59,37.45318075218493,126.89864840958283,946813.061771,1939501.827498,I,2026-02-27 22:28:36,2026-02-26 17:12:30
3170000,3170000-S199300002,서울특별시 금천구 독산동 286번지 9호,"서울특별시 금천구 시흥대로 410 (독산동, 서울금천우체국)",8576.0,1993-01-01,2023-06-13,사용중지,금천우체국 지하주차장 지하1층,공공용시설,지하,462.0,462,37.0,28.0,12.59,126.0,53.0,54.73,37.47013331024161,126.89838756179236,946802.0027,1941382.751372,I,2025-12-15 16:14:09,2023-06-13 15:35:59
3170000,3170000-S200500002,서울특별시 금천구 시흥동 139번지 2호,"서울특별시 금천구 독산로50길 23 (시흥동, 남부여성발전센터)",8563.0,2005-06-21,2025-10-14,사용중지,남부여성발전센타 내 강당 지하1층,공공용시설,지하,333.0,333,37.0,27.0,48.78,126.0,54.0,23.24,37.46275154630268,126.90551877207098,947427.421863,1940559.787769,I,2025-12-15 16:14:09,2025-10-14 17:27:45
3170000,3170000-S199800003,서울특별시 금천구 독산동 293번지 10호,"서울특별시 금천구 범안로17길 12 (독산동, 독산현대아파트)",8585.0,1998-01-05,,사용중,현대아파트 101동 ~ 102동 지하1층,공공용시설,지하,1617.0,1617,37.0,28.0,3.53,126.0,53.0,41.3,37.46708229017276,126.8945381949396,946459.44042,1941046.441317,I,2026-02-10 22:28:35,2026-02-09 10:08:49
3170000,3170000-S201100009,서울특별시 금천구 독산동 184번지 4호,"서울특별시 금천구 독산로78다길 12 (독산동, 동심아파트)",8557.0,2011-03-02,,사용중,동심아파트 지하주차장 지하1층,공공용시설,지하,867.0,867,37.0,28.0,8.84,126.0,54.0,17.52,37.46923332406055,126.90477402185542,947366.104178,1941279.315287,I,2026-02-27 22:28:36,2026-02-26 10:45:48
3170000,3170000-S199800004,서울특별시 금천구 독산동 1133번지,"서울특별시 금천구 두산로 36 (독산동, 진도아파트)",8583.0,1998-01-01,,사용중,진도2차아파트 1개동 주차장 지하1층,공공용시설,지하,3111.0,3111,37.0,28.0,12.92,126.0,53.0,30.79,37.4702014898574,126.8918801991964,946226.627848,1941394.011137,I,2026-02-10 22:28:35,2026-02-09 10:14:01
3170000,3170000-S200700001,서울특별시 금천구 시흥동 886번지 6호,서울특별시 금천구 시흥대로58길 36 (시흥동),8628.0,2007-01-01,2023-06-13,사용중지,시흥1동주민센터 지하1층,공공용시설,지하,214.0,214,37.0,27.0,12.73,126.0,54.0,11.64,37.453655680688776,126.9032613072358,947221.390172,1939551.923527,I,2025-12-15 16:14:09,2023-06-13 15:36:57
3170000,3170000-S200900006,서울특별시 금천구 독산동 955번지,"서울특별시 금천구 시흥대로152길 25 (독산동, 신도아파트)",8536.0,2009-11-05,,사용중,"신도브래뉴 아파트 101동, 102동 지하1층",공공용시설,지하,11000.0,11000,37.0,28.0,39.13,126.0,54.0,0.33,37.476910631364255,126.90028435017696,946974.51748,1942133.58297,I,2026-03-14 22:28:35,2026-03-13 13:13:03
3170000,3170000-S201100024,서울특별시 금천구 시흥동 831번지 6호,서울특별시 금천구 금하로 705 (시흥동),8573.0,2011-03-02,,사용중,카멜리아 지하2~3층,공공용시설,지하,3552.0,3552,37.0,27.0,5.51,126.0,54.0,30.21,37.45150531570928,126.90838320730322,947672.903313,1939310.497948,I,2026-02-10 22:28:35,2026-02-09 14:35:03
3170000,3170000-S201100006,서울특별시 금천구 독산동 371번지 2호,서울특별시 금천구 독산로54길 188 (독산동),8556.0,2011-03-02,,사용중,금천문화체육센터 지하주차장 1층,공공용시설,지하,4243.0,4243,37.0,28.0,12.21,126.0,54.0,26.67,37.47007205346857,126.90706758702429,947569.504412,1941371.087652,I,2026-02-10 22:28:35,2026-02-09 10:53:33
3170000,3170000-S200000014,서울특별시 금천구 시흥동 992번지 12호,"서울특별시 금천구 시흥대로57길 17 (시흥동, 영광빌딩)",8632.0,2000-01-21,,사용중,영광아파트 지하1층,공공용시설,지하,528.0,528,37.0,27.0,10.8,126.0,54.0,1.33,37.453074569876506,126.90052679503464,946979.123454,1939488.988528,I,2026-02-27 22:28:36,2026-02-26 17:11:54
3170000,3170000-S200000003,서울특별시 금천구 독산동 889번지 26호,"서울특별시 금천구 문성로 27 (독산동, 장미아파트)",8550.0,2000-01-01,,사용중,장미아파트 A동 지하1층,공공용시설,지하,577.0,577,37.0,28.0,36.55,126.0,54.0,23.88,37.47670499304306,126.90663115904738,947535.549294,1942107.213578,I,2026-03-14 22:28:35,2026-03-13 13:11:11
3170000,3170000-S200900002,서울특별시 금천구 시흥동 1013번지,"서울특별시 금천구 금하로 816 (시흥동, 벽산5단지아파트)",8646.0,2009-11-05,,사용중,벽산아파트5단지 지하주차장 3층,공공용시설,지하,71638.0,71638,37.0,26.0,52.44,126.0,55.0,1.55,37.44981597112703,126.92092250132752,948780.832177,1939116.186366,I,2026-02-10 22:28:35,2026-02-09 11:24:45
3170000,3170000-S200900015,서울특별시 금천구 시흥동 268번지 46호,"서울특별시 금천구 금하로30길 34 (시흥동, 탑스빌아파트)",8645.0,2009-11-20,2023-09-14,사용중지,탑스빌 아파트 지하1층,공공용시설,지하,2944.0,2944,37.0,26.0,56.15,126.0,54.0,55.17,37.44905115071936,126.91604337767752,948348.745898,1939033.998205,I,2025-12-15 16:14:09,2023-09-14 08:15:58
3170000,3170000-S198500006,서울특별시 금천구 독산동 1043번지 51호,서울특별시 금천구 독산로 179 (독산동),8618.0,2018-07-12,2023-06-13,사용중지,독산2동주민센터(지하1층),공공용시설,지하,406.0,406,37.0,27.0,47.3,126.0,54.0,12.5,37.46316075356463,126.90358078425125,947256.322946,1940606.270077,I,2025-12-15 16:14:09,2023-06-13 15:33:58
3170000,3170000-S200000011,서울특별시 금천구 시흥동 173번지 8호,"서울특별시 금천구 시흥대로51길 55 (시흥동, 성지아파트)",8634.0,2000-01-08,2025-10-14,사용중지,성지아파트 지하1층,공공용시설,지하,1821.0,1821,37.0,27.0,3.03,126.0,53.0,51.51,37.451175931313365,126.8986424357383,946811.113768,1939279.409328,I,2025-12-15 16:14:09,2025-10-14 17:26:41
3170000,3170000-S200200001,서울특별시 금천구 독산동 907번지 34호,"서울특별시 금천구 문성로 64 (독산동, 독산고등학교)",8551.0,2002-01-01,,사용중,독산고등학교 지하1층,공공용시설,지하,544.0,544,37.0,28.0,34.54,126.0,54.0,39.3,37.4762643971857,126.9108845508764,947911.323117,1942055.970906,I,2026-03-14 22:28:35,2026-03-13 13:11:26
3170000,3170000-S200500018,서울특별시 금천구 독산동 983번지 16호,서울특별시 금천구 시흥대로 446 (독산동),8544.0,2005-04-01,,사용중,신한은행 독산동지점 지하1층,공공용시설,지하,635.0,635,37.0,28.0,23.48,126.0,53.0,55.71,37.473290182806416,126.89870048384272,946831.909521,1941732.809822,I,2026-03-14 22:28:35,2026-03-13 13:12:27
3170000,3170000-S200500017,서울특별시 금천구 독산동 953번지 9호,"서울특별시 금천구 시흥대로152길 11-21 (독산동, 금천세무서)",8536.0,2005-04-01,2023-06-14,사용중지,금천세무서 지하1층,공공용시설,지하,396.0,396,37.0,28.0,40.9,126.0,53.0,59.2,37.47788008624872,126.8998465126277,946936.490021,1942241.384636,I,2025-12-15 16:14:09,2023-06-14 16:37:01
3170000,3170000-S202500004,서울특별시 금천구 독산동 1144 한양수자인아파트,"서울특별시 금천구 시흥대로150길 6 (독산동, 한양수자인아파트)",8540.0,2025-10-14,,사용중,독산동한양수자인아파트 지하주차장,공공용시설,지하,8328.0,8328,37.0,28.0,32.61,126.0,53.0,57.06,37.4757248365193,126.899183577345,946876.3493514322,1942002.6468174336,I,2026-03-14 22:28:35,2026-03-13 13:13:37
3170000,3170000-S201100004,서울특별시 금천구 시흥동 948번지,"서울특별시 금천구 시흥대로24길 32 (시흥동, 삼일아파트)",8652.0,2011-02-18,,사용중,삼일아파트 지하1층,공공용시설,지하,1140.51,1140,37.0,26.0,28.56,126.0,54.0,22.27,37.44132110645168,126.90615092047396,947468.340437,1938181.871271,I,2026-02-10 22:28:35,2026-02-09 11:29:08
3170000,3170000-S198900001,서울특별시 금천구 독산동 1031-9 림스빌딩,"서울특별시 금천구 시흥대로 362, 림스빌딩 (독산동)",8616.0,1989-06-01,2023-06-13,사용중지,림스빌딩(지하1층),공공용시설,지하,463.0,463,37.0,27.0,57.14,126.0,53.0,52.99,37.46586367125983,126.89797455569676,946762.454158,1940909.295423,I,2025-12-15 16:14:09,2023-06-13 15:35:07
3170000,3170000-S199500006,서울특별시 금천구 독산동 1093번지 4호,"서울특별시 금천구 한내로 62 (독산동, 한신아파트)",8599.0,1995-03-01,,사용중,한신아파트 1~13동 지하1층,공공용시설,지하,11972.0,11972,37.0,27.0,23.09,126.0,53.0,17.24,37.456462515408695,126.8879628006798,945870.32194,1939872.003598,I,2026-02-10 22:28:35,2026-02-09 10:03:04
3170000,3170000-S201400002,서울특별시 금천구 시흥동 1026번지,서울특별시 금천구 시흥대로 165 (시흥동),8637.0,2014-02-12,,사용중,남서울힐스테이트아파트 2단지 지하1~2층,공공용시설,지하,56311.0,56311,37.0,26.0,48.43,126.0,54.0,4.64,37.44852003565315,126.90165841306712,947076.002413,1938983.057202,I,2026-02-27 22:28:36,2026-02-26 17:10:01
3170000,3170000-S201800001,서울특별시 금천구 시흥동 956번지 3호,"서울특별시 금천구 시흥대로18길 40 (시흥동, 시흥3동주민센터)",8653.0,2018-01-16,2025-10-14,사용중지,시흥3동주민센터 지하1층,공공용시설,지하,356.79,356,37.0,26.0,24.94,126.0,54.0,20.86,37.44030801293575,126.90582675824706,947438.956274,1938069.656281,I,2025-12-15 16:14:09,2025-10-14 17:27:27
3170000,3170000-S200500022,서울특별시 금천구 시흥동 220번지 2호,서울특별시 금천구 탑골로3길 50 (시흥동),8575.0,2005-01-01,2023-07-27,사용중지,구현대아파트 지하1층,공공용시설,지하,286.0,286,37.0,27.0,12.27,126.0,54.0,49.22,37.453318443099626,126.91351941994712,948128.445423,1939508.812066,I,2025-12-15 16:14:09,2023-07-28 15:19:20
3170000,3170000-S200000013,서울특별시 금천구 시흥동 1009번지,"서울특별시 금천구 금하로3길 26 (시흥동, 시흥목련아파트)",8615.0,2000-01-10,,사용중,목련아파트 지하1층,공공용시설,지하,1373.0,1373,37.0,27.0,16.15,126.0,53.0,52.54,37.45470510034631,126.89719559761274,946685.647662,1939671.764997,I,2026-02-28 22:28:35,2026-02-27 08:51:13
3170000,3170000-S201100014,서울특별시 금천구 시흥동 986번지 4호,서울특별시 금천구 시흥대로 155 (시흥동),8638.0,2011-03-02,,사용중,시흥빌딩 지하1층,공공용시설,지하,900.0,900,37.0,26.0,53.21,126.0,54.0,9.24,37.44787120417367,126.90283217379609,947179.36768,1938910.415097,I,2026-03-11 02:04:27,2026-03-09 12:18:27
3170000,3170000-S201100008,서울특별시 금천구 독산동 184번지 3호,"서울특별시 금천구 독산로78다길 22 (독산동, 아셈그린힐)",8557.0,2011-03-02,,사용중,아셈그린힐 지하주차장 지하1층,공공용시설,지하,1083.0,1083,37.0,28.0,9.56,126.0,54.0,18.66,37.4694731577526,126.90520189979463,947404.108431,1941305.684269,I,2026-02-27 22:28:36,2026-02-26 10:45:36
3170000,3170000-S201100002,서울특별시 금천구 시흥동 1013번지 4호,"서울특별시 금천구 금하로 796 (시흥동, 벽산6단지아파트)",8646.0,2011-02-17,,사용중,벽산아파트6단지 지하주차장 4층,공공용시설,지하,20816.0,20816,37.0,26.0,58.15,126.0,55.0,2.89,37.44967944822283,126.91798893099693,948521.263181,1939102.638807,I,2026-02-10 22:28:35,2026-02-09 11:25:36
3170000,3170000-S199400003,서울특별시 금천구 독산동 293번지 5호,"서울특별시 금천구 범안로 1209 (독산동, 협진식품빌딩)",8585.0,1994-01-05,2025-10-14,사용중지,유창빌딩 지하주차장 지하1층,공공용시설,지하,1551.0,1551,37.0,28.0,0.37,126.0,53.0,46.17,37.466713383774525,126.89627469793491,946612.737303,1941004.527777,I,2025-12-15 16:14:09,2025-10-14 17:26:04
3180000,3180000-S200300049,서울특별시 영등포구 문래동5가 21 현대3차아파트,"서울특별시 영등포구 선유서로 6(문래동5가, 현대3차아파트)",7286.0,2003-05-20,,사용중,현대3차아파트 지하1층 주차장,공공용시설,지하,806.62,806,37.0,30.0,58.34,126.0,53.0,2.67,37.51625090857576,126.8840732776318,945569.718689,1946507.41287,I,2026-03-05 22:28:36,2026-03-04 11:15:47
3180000,3180000-S200300001,서울특별시 영등포구 당산동3가 385-1 영등포구청,"서울특별시 영등포구 당산로 123, 영등포구청 (당산동3가)",7260.0,2003-05-15,,사용중,영등포구청 지하2~3층,공공용시설,지하,552.64,552,37.0,31.0,33.76,126.0,53.0,47.49,37.526045500911486,126.89652510356376,946677.085293,1947586.939164,U,2026-04-09 03:03:03,2026-04-08 11:32:52
3180000,3180000-S201000005,서울특별시 영등포구 신길동 4937 포레나 신길,"서울특별시 영등포구 신길로 119 (신길동, 포레나 신길)",7400.0,2010-12-10,,사용중,포레나신길아파트(지하 1층),공공용시설,지하,13003.0,13003,37.0,30.0,10.38,126.0,54.0,36.47,37.50288201824968,126.91013145435603,947863.238852,1945009.452709,I,2026-03-06 22:28:37,2026-03-05 13:50:35
3180000,3180000-S200300031,서울특별시 영등포구 여의도동 60 63한화생명빌딩 지하1층,"서울특별시 영등포구 63로 50, 63한화생명빌딩 지하1층 (여의도동)",7345.0,2003-05-19,,사용중,63한화생명빌딩 지하주차장2~3층,공공용시설,지하,10992.0,10992,37.0,31.0,10.48,126.0,56.0,23.44,37.520024278983655,126.94006969488528,950520.732967,1946895.122713,I,2026-04-24 22:28:41,2026-04-22 11:53:58
3180000,3180000-S201000002,서울특별시 영등포구 신길동 67-1 신길동경남아파트,"서울특별시 영등포구 영등포로 351 (신길동, 신길동경남아파트)",7318.0,2010-12-06,,사용중,신길1동 경남아파트 지하주차장 지하1층~지하2층,공공용시설,지하,12617.18,12617,37.0,30.0,54.06,126.0,55.0,6.3,37.51534339239699,126.918005031041,948567.718696,1946387.63833,I,2026-03-06 22:28:37,2026-03-05 10:25:32
3180000,3180000-S201100001,서울특별시 영등포구 대림동 1121 신대림자이,"서울특별시 영등포구 시흥대로173길 13(대림동, 신대림자이)",7445.0,2011-04-01,,사용중,신대림자이아파트 지하1~3층 주차장,공공용시설,지하,8292.0,8292,37.0,29.0,11.68,126.0,54.0,8.43,37.48670885457327,126.90249710531286,947177.064525,1943219.392127,I,2026-02-10 22:28:35,2026-02-09 15:04:11
3180000,3180000-S200900029,서울특별시 영등포구 도림동 165-1 동아에코빌,"서울특별시 영등포구 도림로 365(도림동, 동아에코빌)",7374.0,2009-12-11,,사용중,동아에코빌 지하1~3층,공공용시설,지하,13415.0,13415,37.0,30.0,34.31,126.0,53.0,56.25,37.50953001821859,126.89895695978252,946880.259369,1945753.260179,I,2026-02-10 22:28:35,2026-02-09 11:10:59
3180000,3180000-S200800005,서울특별시 영등포구 양평동3가 90-1 거성파스텔아파트,"서울특별시 영등포구 선유로43가길 24(양평동3가, 거성파스텔아파트)",7210.0,2008-12-09,,사용중,양평2동 거성아파트 지하1~2층,공공용시설,지하,20088.29,20088,37.0,31.0,54.4,126.0,53.0,33.43,37.53174141892229,126.89260054334731,946334.389649,1948221.103822,I,2026-02-11 22:28:35,2026-02-10 09:13:10
3180000,3180000-S200300023,서울특별시 영등포구 여의도동 17 여의도더샵아일랜드파크 앞 지하보도,"서울특별시 영등포구 의사당대로 38, 여의도더샵아일랜드파크 (여의도동)",7236.0,2003-05-16,,사용중,여의도국회앞지하보도 지하1층,공공용시설,지하,3666.0,3666,37.0,31.0,33.57,126.0,55.0,8.97,37.5259912449089,126.9191570459852,948676.819985,1947568.330035,I,2026-02-10 22:28:35,2026-02-09 14:38:54
3180000,3180000-S200300061,서울특별시 영등포구 신길동 4933 신길우성5차아파트,"서울특별시 영등포구 도신로 100(신길동, 신길우성5차아파트)",7382.0,2003-05-21,,사용중,우성5차아파트 지하주차장1층,공공용시설,지하,4850.0,4850,37.0,30.0,26.2,126.0,54.0,11.82,37.50727891712528,126.90328355751518,947261.060741,1945501.079437,I,2026-02-10 22:28:35,2026-02-09 17:03:20
3180000,3180000-S200900018,서울특별시 영등포구 신길동 4934 삼성래미안아파트,"서울특별시 영등포구 가마산로79길 7(신길동, 삼성래미안아파트)",7362.0,2009-03-04,,사용중,삼성래미안 106동 아파트 지하주차장 지하1층~지하3층,공공용시설,지하,7589.0,7589,37.0,30.0,18.54,126.0,54.0,57.7,37.50514886378429,126.91602629720067,948385.832193,1945257.696653,I,2026-02-07 22:28:35,2026-02-06 15:40:58
3180000,3180000-S202300002,서울특별시 영등포구 대림동 897-1 대림동2차한신아파트,"서울특별시 영등포구 디지털로69길 12(대림동, 대림동2차한신아파트)",7428.0,2023-03-15,,사용중,대림동2차한신아파트 지하1~2층 주차장,공공용시설,지하,9665.13,9665,37.0,29.0,40.76,126.0,54.0,14.45,37.49465468716773,126.90401455742312,947316.799101,1944100.084526,I,2026-02-07 22:28:35,2026-02-06 17:10:51
3180000,3180000-S200300071,서울특별시 영등포구 신길동 1300,서울특별시 영등포구 영등포로 422(신길동),7354.0,2003-05-26,2023-11-23,사용중지,정오빌딩 지하1층,공공용시설,지하,705.0,705,37.0,30.0,44.53,126.0,55.0,29.26,37.51255916272803,126.92474130522164,949161.135891,1946075.082488,I,2025-12-15 16:14:09,2023-11-23 22:14:54
3180000,3180000-S200300062,서울특별시 영등포구 신길동 365 신길우성아파트,"서울특별시 영등포구 도신로 68(신길동, 신길우성아파트)",7380.0,2003-05-21,,사용중,우성1차아파트 지하1층,공공용시설,지하,4132.25,4132,37.0,30.0,21.63,126.0,54.0,0.45,37.506007480227495,126.90012545821789,946981.040013,1945361.795375,I,2026-02-10 22:28:35,2026-02-09 17:04:11
3180000,3180000-S201300005,서울특별시 영등포구 당산동3가 552번지 1호,"서울특별시 영등포구 선유동1로 38 (당산동3가, 영등포세무서)",7261.0,2013-05-01,2023-06-16,사용중지,영등포세무서 지하1층 주차장,공공용시설,지하,1645.0,1645,37.0,31.0,31.04,126.0,53.0,34.02,37.52533460390888,126.89261081245,946330.706688,1947510.295131,I,2025-12-15 16:14:09,2023-06-16 17:52:48
3180000,3180000-S200300074,서울특별시 영등포구 신길동 897-2 삼환아파트,"서울특별시 영등포구 여의대방로43나길 25(신길동, 삼환아파트)",7360.0,2003-05-26,,사용중,삼환아파트 지하1층,공공용시설,지하,4657.0,4657,37.0,30.0,26.27,126.0,55.0,9.79,37.5072984324442,126.919385711412,948684.2261275264,1945494.341640769,I,2026-02-11 22:28:35,2026-02-10 09:17:02
3180000,3180000-S200300107,서울특별시 영등포구 영등포동 618-496 영등포 민자역사,"서울특별시 영등포구 경인로 846, 영등포 민자역사 (영등포동)",7306.0,2003-05-16,2023-11-09,사용중지,영등포역지하도 지하1층,공공용시설,지하,6669.48,6669,37.0,30.0,56.23,126.0,54.0,27.58,37.51611790119116,126.90694185417334,947590.572043,1946479.671285,I,2025-12-15 16:14:09,2023-11-09 10:14:57
3180000,3180000-S201000006,서울특별시 영등포구 신길동 389 신길동 대성 유니드 아파트,"서울특별시 영등포구 가마산로50길 27(신길동, 신길동 대성 유니드 아파트)",7405.0,2010-12-10,,사용중,대성유니드아파트(지하 1층),공공용시설,지하,3023.0,3023,37.0,30.0,5.98,126.0,54.0,10.71,37.50135507818129,126.90283902135428,947217.600967,1944844.112524,I,2026-03-06 22:28:37,2026-03-05 13:50:53
3180000,3180000-S200300076,서울특별시 영등포구 신길동 1351-3 천록빌딩,"서울특별시 영등포구 여의대방로61길 2, 천록빌딩 (신길동)",7319.0,2003-05-26,2023-11-23,사용중지,천록빌딩 지하1층,공공용시설,지하,297.0,297,37.0,30.0,51.71,126.0,55.0,33.84,37.51426620934715,126.9261696315348,949288.521331,1946263.698844,I,2025-12-15 16:14:09,2023-11-23 22:15:31
3180000,3180000-S200300054,서울특별시 영등포구 문래동5가 23-1 문래현대5차아파트,"서울특별시 영등포구 선유서로9길 5(문래동5가, 문래현대5차아파트)",7284.0,2003-05-20,,사용중,현대5차아파트 지하1층 주차장,공공용시설,지하,5130.0,5130,37.0,31.0,4.45,126.0,53.0,0.44,37.51793947284573,126.88365386950652,945533.881973,1946694.992757,I,2026-03-05 22:28:36,2026-03-04 11:16:38
3180000,3180000-S200300035,서울특별시 영등포구 당산동2가 30-2 영등포유통상가,"서울특별시 영등포구 영등포로 109, 영등포유통상가 (당산동2가)",7264.0,2003-05-19,,사용중,유통상가 지하2층 주차장,공공용시설,지하,13970.0,13970,37.0,31.0,20.74,126.0,53.0,38.16,37.52217759927412,126.89388816057595,946441.318188,1947159.314105,I,2026-02-10 22:28:35,2026-02-09 15:11:57
3180000,3180000-S202400003,서울특별시 영등포구 영등포동2가 466 영등포 공공복합시설,"서울특별시 영등포구 양산로 232, 영등포 공공복합시설 (영등포동2가)",7249.0,2024-12-31,,사용중,영등포동 공공복합센터 지하 1~3층 주차장,공공용시설,지하,4088.0,4088,37.0,31.0,20.11,126.0,54.0,32.08,37.5222528117285,126.908911086996,947768.874260564,1947159.2109373417,I,2026-03-06 22:28:37,2026-03-05 13:58:21
3180000,3180000-S202500002,서울특별시 영등포구 대림동 780 대림운동장,"서울특별시 영등포구 가마산로31길 16, 대림운동장 (대림동)",7378.0,2025-07-11,,사용중,대림운동장 지하주차장,공공용시설,지하,6373.0,6373,37.0,29.0,58.33,126.0,53.0,38.42,37.4995367790465,126.894005370745,946435.497869874,1944647.3736452973,I,2026-02-04 22:28:35,2026-02-03 15:59:45
3180000,3180000-S200300086,서울특별시 영등포구 대림동 777-1 신동아아파트,"서울특별시 영등포구 가마산로 312 (대림동, 신동아아파트)",7411.0,2003-05-27,,사용중,신동아아파트 지하1층,공공용시설,지하,3649.6,3649,37.0,29.0,52.66,126.0,53.0,39.76,37.4979607820577,126.894377138572,946467.23403969,1944472.314336162,I,2026-01-31 22:28:35,2026-01-30 13:37:37
3180000,3180000-S201800008,서울특별시 영등포구 대림동 1125 보라매 신동아파밀리에,"서울특별시 영등포구 디지털로 420(대림동, 보라매 신동아파밀리에)",7439.0,2018-12-28,,사용중,보라매신동아파밀리에아파트 지하1~3층주차장,공공용시설,지하,13556.0,13556,37.0,29.0,36.52,126.0,54.0,19.14,37.49350314954808,126.90526694728868,947426.700179,1943971.627988,I,2026-02-26 22:28:37,2026-02-25 17:48:05
3180000,3180000-S200900007,서울특별시 영등포구 신길동 465-1 신길종합사회복지관,"서울특별시 영등포구 영등포로84길 24-5, 신길종합사회복지관 (신길동)",7356.0,2009-03-02,,사용중,신길종합사회복지관 지하주차장 지하1층 ~지하2층,공공용시설,지하,3604.0,3604,37.0,30.0,40.21,126.0,55.0,17.19,37.51114937057756,126.921519389672,948875.43285,1945920.419815,I,2026-03-06 22:28:37,2026-03-05 10:25:20
3180000,3180000-S200300060,서울특별시 영등포구 신길동 364 건영아파트,"서울특별시 영등포구 도림로 313(신길동, 건영아파트)",7380.0,2003-05-21,2023-09-26,사용중지,건영아파트 지하1층,공공용시설,지하,660.81,660,37.0,30.0,19.57,126.0,54.0,7.11,37.50543573710176,126.90197336845992,947143.963071,1945297.324165,I,2025-12-15 16:14:09,2023-09-26 15:04:45
3180000,3180000-S200300024,서울특별시 영등포구 여의도동 84-4 여의나루역 지하1층,"서울특별시 영등포구 여의동로 지하343, 여의나루역 지하1층 (여의도동)",7336.0,2003-05-16,,사용중,지하철5호선여의나루역 지하1~2층,공공용시설,지하,5067.01,5067,37.0,31.0,37.52,126.0,55.0,58.28,37.5270053237956,126.93217790892484,949828.030233,1947673.81139,I,2026-02-10 22:28:35,2026-02-09 14:39:53
3180000,3180000-S201900001,서울특별시 영등포구 대림동 695 우성아파트,"서울특별시 영등포구 도림로47길 1(대림동, 우성아파트)",7410.0,2019-01-16,,사용중,우성2차아파트 지하1층,공공용시설,지하,1800.0,1800,37.0,29.0,43.63,126.0,54.0,1.12,37.49545185816703,126.90031100820156,946989.977588,1944190.605334,I,2026-01-31 22:28:35,2026-01-30 12:58:51
3180000,3180000-S200300087,서울특별시 영등포구 대림동 762-1 우성아파트,"서울특별시 영등포구 도림로 187(대림동, 우성아파트)",7410.0,2003-05-27,,사용중,"우성아파트 1동, 2동 지하1층",공공용시설,지하,1230.84,1230,37.0,29.0,46.19,126.0,54.0,6.04,37.49616489216933,126.90167872199268,947111.381833,1944268.942873,I,2026-01-31 22:28:35,2026-01-30 12:58:02
3180000,3180000-S201100002,서울특별시 영등포구 대림동 1123 新 대림 한솔 솔파크,"서울특별시 영등포구 도림천로 431(대림동, 新 대림 한솔 솔파크)",7448.0,2011-04-01,,사용중,한솔솔파크아파트 지하 1층 주차장,공공용시설,지하,7890.9,7890,37.0,29.0,13.31,126.0,53.0,56.44,37.48703058815014,126.89901020203835,946869.025715,1943257.048725,I,2026-02-03 22:28:35,2026-02-02 09:20:59
3180000,3180000-S200300075,서울특별시 영등포구 신길동 769-1 한성아파트,"서울특별시 영등포구 가마산로 575(신길동, 한성아파트)",7360.0,2003-05-26,,사용중,한성아파트 지하1층,공공용시설,지하,2281.0,2281,37.0,30.0,15.4,126.0,55.0,13.05,37.5042768779798,126.920291074268,948762.1793961504,1945158.6242489812,I,2026-02-11 22:28:35,2026-02-10 09:17:25
3180000,3180000-S200300008,서울특별시 영등포구 영등포동5가 62-1 영등포시장역,"서울특별시 영등포구 양산로 지하200, 영등포시장역 (영등포동5가)",7250.0,2003-05-16,,사용중,지하철 5호선 영등포시장역 지하 1~3층,공공용시설,지하,5448.0,5448,37.0,31.0,21.86,126.0,54.0,17.82,37.52267586365451,126.90519645122691,947440.92699,1947208.215336,I,2026-03-06 22:28:37,2026-03-05 13:54:21
3180000,3180000-S200300033,서울특별시 영등포구 당산동3가 270-1 영등포구청역,"서울특별시 영등포구 당산로 지하121, 영등포구청역 (당산동3가)",7260.0,2003-05-19,,사용중,지하철 2호선 영등포구청역 지하1~2층 역사,공공용시설,지하,7414.91,7414,37.0,31.0,32.56,126.0,53.0,47.86,37.52561276263321,126.89654572220272,946678.599154,1947538.917443,U,2026-04-09 03:03:03,2026-04-08 11:33:51
3180000,3180000-S202300006,서울특별시 영등포구 문래동6가 10 GS강서타워,"서울특별시 영등포구 선유로 75, GS강서타워 (문래동6가)",7280.0,2023-09-01,,사용중,지에스강서타워 지하 1~2층,공공용시설,지하,4217.0,4217,37.0,31.0,14.96,126.0,53.0,20.57,37.520823271564,126.889046394251,946012.49854838,1947011.8263923835,I,2026-03-05 22:28:36,2026-03-04 11:17:20
3180000,3180000-S202100001,서울특별시 영등포구 양평동4가 96 양평2동 주민센터,"서울특별시 영등포구 선유로47길 30, 양평2동 주민센터 (양평동4가)",7208.0,2021-07-16,,사용중,양평2동 주민센터 지하1~3층,공공용시설,지하,4508.74,4508,37.0,32.0,11.4,126.0,53.0,38.54,37.53638020706232,126.89395574231555,946457.443412,1948734.981249,I,2026-02-11 22:28:35,2026-02-10 09:15:12
3180000,3180000-S200300072,서울특별시 영등포구 신길동 1376-1 신양치안센터,"서울특별시 영등포구 영등포로 423, 신양치안센터 (신길동)",7318.0,2003-05-26,,사용중,대방지하차도 지하1층,공공용시설,지하,284.3,284,37.0,30.0,46.36,126.0,55.0,30.69,37.51285547156903,126.92520649094236,949202.448173,1946107.705022,I,2025-12-15 16:14:09,2025-09-12 09:12:55
3180000,3180000-S200900021,서울특별시 영등포구 여의도동 1-6 국회의사당역 지하층,"서울특별시 영등포구 국회대로 지하758, 국회의사당역 지하1층 (여의도동)",7236.0,2009-09-17,,사용중,9호선국회의사당역 지하1층,공공용시설,지하,11089.0,11089,37.0,31.0,41.06,126.0,55.0,4.37,37.52879430445102,126.91712977681236,948499.616407,1947880.422613,I,2026-02-10 22:28:35,2026-02-09 14:44:59
3180000,3180000-S200900028,서울특별시 영등포구 신길동 4780 보라매 경남아너스빌,"서울특별시 영등포구 여의대방로 25(신길동, 보라매 경남아너스빌)",7437.0,2009-12-09,,사용중,보라매 경남아너스빌 아파트 지하 1~2층 주차장,공공용시설,지하,8874.0,8874,37.0,29.0,39.93,126.0,54.0,38.31,37.4944260173237,126.910642081426,947902.4975483,1944071.0260844668,U,2026-04-09 03:03:03,2026-04-08 06:32:22
3180000,3180000-S200300056,서울특별시 영등포구 양평동5가 76 양평동한신아파트,"서울특별시 영등포구 양평로24길 9(양평동5가, 양평동한신아파트)",7204.0,2003-05-21,,사용중,양평2동 한신아파트 지하주차장(지하 1층~2층),공공용시설,지하,5940.0,5940,37.0,32.0,21.69,126.0,53.0,35.18,37.539357153986,126.89310656100474,946384.551151,1949065.742396,I,2026-03-20 22:28:36,2026-03-19 11:20:54
3180000,3180000-S201200002,서울특별시 영등포구 당산동4가 96 당산동 반도유보라팰리스,"서울특별시 영등포구 국회대로 597(당산동4가, 당산동 반도유보라팰리스)",7221.0,2012-06-07,,사용중,반도유보라팰리스아파트 지하주차장 지하1~2층,공공용시설,지하,19771.0,19771,37.0,31.0,37.08,126.0,54.0,2.51,37.52696624086835,126.90069826347973,947046.479206,1947686.732768,I,2026-02-05 22:28:35,2026-02-04 16:10:20
3180000,3180000-S201000008,서울특별시 영등포구 신길동 4934-1 삼성래미안아파트,"서울특별시 영등포구 신길로42길 35(신길동, 삼성래미안아파트)",7362.0,2010-12-09,,사용중,삼성래미안 2단지 아파트 지하주차장 지하1층~지하3층,공공용시설,지하,8341.72,8341,37.0,30.0,24.33,126.0,54.0,52.01,37.50672943297463,126.9144961652003,948251.682214,1945433.892095,I,2026-02-07 22:28:35,2026-02-06 15:41:38
3180000,3180000-S202300001,서울특별시 영등포구 영등포동7가 203 아크로타워 스퀘어,"서울특별시 영등포구 국회대로54길 10(영등포동7가, 아크로타워 스퀘어)",7246.0,2023-02-21,,사용중,아크로타워스퀘어 아파트 지하 1~3층 주차장,공공용시설,지하,51398.0,51398,37.0,31.0,27.38,126.0,54.0,27.45,37.52427307650355,126.90762422175575,947656.571832,1947384.063781,I,2026-03-06 22:28:37,2026-03-05 13:55:37
3180000,3180000-S202300007,서울특별시 영등포구 양평동1가 5-1 GS강서N타워,"서울특별시 영등포구 선유로 82, GS강서N타워 지하2층 (양평동1가)",7291.0,2023-09-04,,사용중,GS강서N타워(지하주차장 2층),공공용시설,지하,2532.0,2532,37.0,31.0,16.62,126.0,53.0,24.99,37.5212826876538,126.890273756788,946121.287051866,1947062.0924730797,I,2026-02-07 22:28:35,2026-02-06 16:07:28
3180000,3180000-S200900004,서울특별시 영등포구 당산동3가 250 당산1동주민자치센터,"서울특별시 영등포구 양산로23길 11, 당산1동주민자치센터 (당산동3가)",7259.0,2009-03-03,2023-06-16,사용중지,당산제1동주민센터 지하1층,공공용시설,지하,121.0,121,37.0,31.0,29.66,126.0,53.0,51.22,37.52490516450566,126.89756203284924,946767.89873,1947459.837518,I,2025-12-15 16:14:09,2023-06-16 17:51:47
3180000,3180000-S202100004,서울특별시 영등포구 신길동 4964 신길센트럴자이아파트,"서울특별시 영등포구 신길로29길 17(신길동, 신길센트럴자이아파트)",7397.0,2021-10-01,,사용중,신길 센트럴자이 아파트(지하1-3층),공공용시설,지하,46206.0,46206,37.0,30.0,14.81,126.0,54.0,28.94,37.504114908537794,126.90803839541924,947679.098151,1945147.396434,I,2026-03-06 22:28:37,2026-03-05 13:51:52
3180000,3180000-S200300025,서울특별시 영등포구 여의도동 3 여의도역 지하1층,"서울특별시 영등포구 여의나루로 지하40, 여의도역 지하1층 (여의도동)",7327.0,2003-05-16,,사용중,5호선여의도역 지하1~2층,공공용시설,지하,6823.0,6823,37.0,31.0,18.62,126.0,55.0,28.13,37.52197851151325,126.9246236237396,949157.126906,1947120.170331,I,2026-02-10 22:28:35,2026-02-09 14:40:42
3180000,3180000-S200300109,서울특별시 영등포구 영등포동 618-496 영등포 민자역사,"서울특별시 영등포구 경인로 846, 영등포 민자역사 (영등포동)",7306.0,2003-05-16,,사용중,영등포역지하도 지하1층,공공용시설,지하,6669.48,6669,37.0,30.0,56.23,126.0,54.0,27.58,37.5156181355458,126.907661172061,947653.7907315134,1946423.824564244,I,2026-03-25 22:28:35,2026-03-24 15:57:46
3180000,3180000-S202100003,서울특별시 영등포구 신길동 4969 힐스테이트 클래시안,"서울특별시 영등포구 신길로28길 9(신길동, 힐스테이트 클래시안)",7388.0,2021-08-10,,사용중,신길동 힐스테이트클래시안 아파트 지하주차장 B2~B4층,공공용시설,지하,68748.95,68748,37.0,30.0,10.44,126.0,54.0,40.52,37.50290099926422,126.91125440307944,947962.507104,1945010.937012,I,2026-02-07 22:28:35,2026-02-06 15:42:43
3180000,3180000-S200300012,서울특별시 영등포구 여의도동 16-2 중소기업중앙회,"서울특별시 영등포구 은행로 30, 중소기업중앙회 지하1층 (여의도동)",7242.0,2003-05-16,,사용중,중소기업중앙회 지하주차장2~3층,공공용시설,지하,8018.0,8018,37.0,31.0,41.5,126.0,55.0,21.58,37.5284800804607,126.9224276949775,948967.512081,1947842.673356,I,2026-02-05 22:28:35,2026-02-04 16:59:30
3180000,3180000-S200300052,서울특별시 영등포구 문래동6가 55-1 문래동현대6차아파트,"서울특별시 영등포구 선유서로 31(문래동6가, 문래동현대6차아파트)",7283.0,2003-05-20,,사용중,현대6차아파트 지하1층 주차장,공공용시설,지하,1477.69,1477,37.0,31.0,7.0,126.0,53.0,3.94,37.51861069550825,126.8844268165371,945602.674775,1946769.014099,I,2026-03-05 22:28:36,2026-03-04 11:16:25
3180000,3180000-S201000009,서울특별시 영등포구 영등포동 649 두산위브,"서울특별시 영등포구 신길로60나길 9(영등포동, 두산위브)",7311.0,2010-12-10,,사용중,두산위브아파트 지하1층 주차장,공공용시설,지하,11179.0,11179,37.0,30.0,52.32,126.0,54.0,46.54,37.51453324694024,126.91292622750431,948118.3278,1946300.545774,I,2026-02-07 22:28:35,2026-02-06 15:55:30
3180000,3180000-S200900011,서울특별시 영등포구 문래동3가 94 문래힐스테이트,"서울특별시 영등포구 문래로 82(문래동3가, 문래힐스테이트)",7295.0,2009-03-03,,사용중,문래힐스테이트 지하1층 주차장,공공용시설,지하,30100.0,30100,37.0,31.0,10.28,126.0,53.0,27.5,37.51952152881831,126.89097122084122,946181.654374,1946866.30206,I,2026-03-05 22:28:36,2026-03-04 11:16:54
3180000,3180000-S201000004,서울특별시 영등포구 신길동 4934-2 삼성아파트,"서울특별시 영등포구 신길로42길 25(신길동, 삼성아파트)",7362.0,2010-12-09,,사용중,삼성112동아파트 지하주차장 지하1층~지하2층,공공용시설,지하,2382.0,2382,37.0,30.0,26.35,126.0,54.0,49.45,37.50740555654508,126.9134993695033,948164.049602,1945509.45278,I,2026-02-07 22:28:35,2026-02-06 15:41:17
3180000,3180000-S201300008,서울특별시 영등포구 대림동 1050-17 대림역,"서울특별시 영등포구 도림로 지하137, 대림역 (대림동)",7415.0,2013-05-01,,사용중,대림역 7호선 지하1층,공공용시설,지하,3157.0,3157,37.0,29.0,33.88,126.0,53.0,47.81,37.49318496006119,126.8972519496125,946717.956394,1943940.833507,I,2026-02-10 22:28:35,2026-02-09 15:04:56
3180000,3180000-S200900022,서울특별시 영등포구 여의도동 3 여의도역 지하층,"서울특별시 영등포구 여의나루로 지하40, 여의도역 지하1층 (여의도동)",7327.0,2009-09-17,,사용중,9호선여의도역 지하1층,공공용시설,지하,9370.0,9370,37.0,31.0,18.62,126.0,55.0,28.13,37.52197851151325,126.9246236237396,949157.126906,1947120.170331,I,2026-02-05 22:28:35,2026-02-04 17:01:25
3180000,3180000-S200900032,서울특별시 영등포구 영등포동 647 영등포푸르지오,"서울특별시 영등포구 도신로29길 28(영등포동, 영등포푸르지오)",7365.0,2009-02-26,,사용중,영등포푸르지오아파트 지하1층 주차장,공공용시설,지하,60500.0,60500,37.0,30.0,38.96,126.0,54.0,14.84,37.51082184128932,126.90412315875466,947337.756165,1945893.676724,I,2026-02-07 22:28:35,2026-02-06 15:54:15
3180000,3180000-S200900035,서울특별시 영등포구 대림동 887-1 대림동1차한신아파트,"서울특별시 영등포구 디지털로69길 13(대림동, 대림동1차한신아파트)",7429.0,2009-02-18,,사용중,대림동1차한신아파트 지하1~2층 주차장,공공용시설,지하,7084.0,7084,37.0,29.0,40.18,126.0,54.0,12.57,37.49466041169649,126.90358015168478,947278.402689,1944100.962859,I,2026-02-07 22:28:35,2026-02-06 16:32:38
3180000,3180000-S201300002,서울특별시 영등포구 영등포동3가 31 영등포뉴타운지하쇼핑몰,"서울특별시 영등포구 영중로 지하40, 영등포뉴타운지하쇼핑몰 (영등포동3가)",7250.0,2013-04-16,,사용중,영등포뉴타운지하쇼핑센터 지하 1층,공공용시설,지하,7383.28,7383,37.0,31.0,11.52,126.0,54.0,17.53,37.52038282110825,126.90501418721678,947423.212227,1946953.916487,I,2026-03-06 22:28:37,2026-03-05 13:54:56
3180000,3180000-S201700001,서울특별시 영등포구 신길동 4950 래미안에스티움,"서울특별시 영등포구 신풍로 77(신길동, 래미안에스티움)",7390.0,2017-07-27,,사용중,래미안에스티움 지하1층,공공용시설,지하,87849.09,87849,37.0,30.0,1.02,126.0,54.0,50.44,37.500284525588896,126.91401170956335,948204.4121,1944719.13337,I,2026-02-11 22:28:35,2026-02-10 09:17:50
3180000,3180000-S200300055,서울특별시 영등포구 양평동2가 33-79 양평역,"서울특별시 영등포구 양산로 지하21, 양평역 (양평동2가)",7269.0,2003-05-21,,사용중,지하철5호선양평역,공공용시설,지하,2290.0,2290,37.0,31.0,31.84,126.0,53.0,12.73,37.52565673843576,126.88601297333852,945747.944951,1947549.81936,I,2026-02-07 22:28:35,2026-02-06 16:00:04
3180000,3180000-S200300105,서울특별시 영등포구 신길동 102-8 신길우성아파트,"서울특별시 영등포구 영등포로64길 11(신길동, 신길우성아파트)",7317.0,2003-05-21,,사용중,우성4차아파트 지하1층 주차장,공공용시설,지하,3053.0,3053,37.0,30.0,50.09,126.0,55.0,1.18,37.51391510833293,126.91699472079266,948477.452449,1946229.730981,U,2026-03-30 03:03:03,2026-03-29 10:51:20
3180000,3180000-S201800001,서울특별시 영등포구 영등포동7가 202 브라운스톤 영등포아파트,"서울특별시 영등포구 버드나루로12가길 13(영등포동7가, 브라운스톤 영등포아파트)",7248.0,2018-01-09,,사용중,브라운스톤 아파트 지하 1층 주차장,공공용시설,지하,2831.87,2831,37.0,31.0,26.93,126.0,54.0,39.73,37.52430519835945,126.91132122924644,947983.271615,1947385.576655,I,2026-03-06 22:28:37,2026-03-05 13:55:13
3180000,3180000-S201300006,서울특별시 영등포구 당산동3가 560 영등포구 별관청사,"서울특별시 영등포구 선유동1로 80, 영등포구 별관청사 (당산동3가)",7256.0,2013-05-01,,사용중,영등포구청별관 지하1층,공공용시설,지하,737.84,737,37.0,31.0,44.01,126.0,53.0,38.77,37.528891184927424,126.89410274384134,946465.077806,1947904.02896,U,2026-04-09 03:03:03,2026-04-08 11:35:12
3180000,3180000-S202500003,서울특별시 영등포구 여의도동 47 여의도자이,"서울특별시 영등포구 여의동로3길 10 (여의도동, 여의도자이)",7324.0,2025-12-19,,사용중,여의도 자이아파트 지하주차장,공공용시설,지하,11608.0,11608,37.0,31.0,6.42,126.0,55.0,31.12,37.5184490011623,126.92531103465,949215.4780228144,1946728.219321844,I,2026-02-05 22:28:35,2026-02-04 17:01:58
3180000,3180000-S200900025,서울특별시 영등포구 당산동6가 227-1 당산역,"서울특별시 영등포구 양평로 지하40, 당산역 (당산동6가)",7214.0,2009-09-17,,사용중,지하철9호선당산역,공공용시설,지하,13714.0,13714,37.0,32.0,1.47,126.0,54.0,7.83,37.533872000907095,126.90193755470192,947160.854383,1948452.193862,I,2026-03-04 22:28:36,2026-03-03 17:24:40
3180000,3180000-S201200001,서울특별시 영등포구 당산동5가 42 당산 삼성 래미안,"서울특별시 영등포구 당산로 214(당산동5가, 당산 삼성 래미안)",7214.0,2012-06-07,,사용중,삼성래미안4차아파트 지하주차장 지하1층~지하2층,공공용시설,지하,85144.0,85144,37.0,31.0,57.99,126.0,54.0,4.76,37.53277464997128,126.90132237878268,947105.727714,1948330.794257,I,2026-03-04 22:28:36,2026-03-03 17:25:08
3180000,3180000-S202300005,서울특별시 영등포구 문래동3가 54 문래자이,"서울특별시 영등포구 당산로4길 12 (문래동3가, 문래자이)",7298.0,2023-06-13,,사용중,문래자이아파트 지하1~2층 주차장,공공용시설,지하,40010.0,40010,37.0,31.0,1.09,126.0,53.0,45.51,37.51696813348728,126.89597393570264,946621.917161,1946580.166379,I,2026-03-05 22:28:36,2026-03-04 11:17:07
3180000,3180000-S200300034,서울특별시 영등포구 당산동3가 556-1 영등포구청역,"서울특별시 영등포구 양산로 지하116, 영등포구청역 (당산동3가)",7264.0,2003-05-19,,사용중,지하철 5호선 영등포구청역 지하3~4층 역사,공공용시설,지하,10738.0,10738,37.0,31.0,27.22,126.0,53.0,43.07,37.524110051083866,126.89591438073018,946621.742396,1947372.557624,I,2026-01-31 22:28:35,2026-01-30 15:17:12
3180000,3180000-S201800005,서울특별시 영등포구 신길동 4945 래미안프레비뉴,"서울특별시 영등포구 가마산로 442(신길동, 래미안프레비뉴)",7395.0,2018-07-26,,사용중,삼성래미안 프레비뉴 아파트 지하주차장1~2층,공공용시설,지하,46046.2,46046,37.0,30.0,17.88,126.0,54.0,21.51,37.50496753376139,126.90597557642312,947497.369989,1945243.139217,I,2026-02-10 22:28:35,2026-02-09 17:05:36
3180000,3180000-S201800004,서울특별시 영등포구 신길동 4938 신길자이,"서울특별시 영등포구 가마산로79길 19(신길동, 신길자이)",7361.0,2018-06-22,,사용중,신길1동 신길자이아파트 지하주차장 지하1층 ~ 지하2층,공공용시설,지하,5556.0,5556,37.0,30.0,22.02,126.0,55.0,0.7,37.50611775985684,126.91686104958042,948460.278066,1945364.73258,I,2026-03-06 22:28:37,2026-03-05 10:25:49
3180000,3180000-S201300012,서울특별시 영등포구 양평동3가 54 양평동 대우이안2,"서울특별시 영등포구 선유로33길 18(양평동3가, 양평동 대우이안2)",7268.0,2013-07-11,,사용중,대우이안아파트(지하주차장 1층),공공용시설,지하,2602.06,2602,37.0,31.0,36.92,126.0,53.0,20.35,37.52688577035675,126.88911576657148,946022.996874,1947684.388909,I,2026-02-07 22:28:35,2026-02-06 16:04:10
3180000,3180000-S200400001,서울특별시 영등포구 대림동 1061 대림동문영칸타빌레아파트,"서울특별시 영등포구 도림천로 391(대림동, 대림동문영칸타빌레아파트)",7420.0,2004-11-30,,사용중,문영칸타빌레아파트 지하1~2층 주차장,공공용시설,지하,7369.0,7369,37.0,29.0,23.77,126.0,53.0,48.08,37.48996751602558,126.8966762372938,946664.775951,1943584.203136,I,2026-02-03 22:28:35,2026-02-02 09:20:24
3180000,3180000-S200300085,서울특별시 영등포구 대림동 785-1 현대아파트,"서울특별시 영등포구 도신로4길 14(대림동, 현대아파트)",7377.0,2003-05-27,2023-09-01,사용중지,현대1차아파트 지하1층,공공용시설,지하,1583.48,1583,37.0,30.0,8.42,126.0,53.0,44.95,37.50234012319362,126.89582044560196,946597.93243,1944957.357148,I,2025-12-15 16:14:09,2023-09-01 17:46:43
3180000,3180000-S201300001,서울특별시 영등포구 당산동2가 160-2 당산주차빌딩,"서울특별시 영등포구 선유동1로 22, 당산주차빌딩 (당산동2가)",7263.0,2013-04-09,2024-08-06,사용중지,진덕빌딩 지하1층 주차장,공공용시설,지하,1007.0,1007,37.0,31.0,26.42,126.0,53.0,31.73,37.5240414187818,126.89201018880075,946276.707323,1947367.165927,I,2025-12-15 16:14:09,2024-08-06 14:01:37
3180000,3180000-S200900030,서울특별시 영등포구 도림동 231-1 한라아파트,"서울특별시 영등포구 도신로15라길 5-7(도림동, 한라아파트)",7374.0,2009-12-11,,사용중,한라아파트 지하1~2층,공공용시설,지하,5268.0,5268,37.0,30.0,27.5,126.0,53.0,51.68,37.50763999669388,126.89768826547316,946766.789819,1945544.289851,I,2026-02-10 22:28:35,2026-02-09 13:24:31
3180000,3180000-S201100007,서울특별시 동작구 대방동 466-51 7호선 보라매역,"서울특별시 동작구 상도로 지하2, 7호선 보라매역 (대방동)",7055.0,2011-10-13,,사용중,지하철 7호선 보라매역,공공용시설,지하,9266.0,9266,37.0,29.0,59.45,126.0,55.0,14.1,37.4998471556049,126.920584208986,948785.0627277666,1944667.0128412663,U,2026-04-09 03:03:03,2026-04-08 06:33:10
3180000,3180000-S202400002,서울특별시 영등포구 신길동 4939,"서울특별시 영등포구 가마산로 540, 바다마을아파트 (신길동)",7390.0,2024-07-03,,사용중,바다마을아파트 지하1층,공공용시설,지하,15908.0,15908,37.0,30.0,12.18,126.0,54.0,57.61,37.5033842670506,126.916003390192,948382.5926474058,1945061.9373872103,I,2026-02-03 22:28:35,2026-02-02 10:31:44
3180000,3180000-S201700003,서울특별시 영등포구 신길동 426-3 영등포제1스포츠센터,"서울특별시 영등포구 신풍로 1, 영등포제1스포츠센터 (신길동)",7398.0,2017-12-01,,사용중,영등포제1스포츠센터(지하 1층),공공용시설,지하,1702.0,1702,37.0,30.0,1.92,126.0,54.0,22.54,37.50037460618734,126.90626813638347,947520.013255,1944733.41713,I,2026-03-06 22:28:37,2026-03-05 13:51:11
3180000,3180000-S201800003,서울특별시 영등포구 신길동 425-8 신풍두산위브센티움,"서울특별시 영등포구 대방천로 155(신길동, 신풍두산위브센티움)",7426.0,2018-04-20,,사용중,신풍두산위브센티움(지하 1~3층),공공용시설,지하,2172.0,2172,37.0,29.0,58.58,126.0,54.0,29.81,37.4995106641416,126.90820797911692,947690.874945,1944636.487845,I,2026-03-06 22:28:37,2026-03-05 13:51:34
3180000,3180000-S200300037,서울특별시 영등포구 당산동4가 93-1 동양석판 사옥,"서울특별시 영등포구 국회대로 543, 동양석판 사옥 (당산동4가)",7219.0,2003-05-19,2025-03-04,사용중지,동양타워빌딩 지하주차장 지하2층~지하5층,공공용시설,지하,9700.0,9700,37.0,31.0,44.97,126.0,53.0,43.24,37.529083227217214,126.89529070218438,946570.179574,1947924.659526,I,2025-12-15 16:14:09,2025-03-20 10:42:06
3180000,3180000-S200300043,서울특별시 영등포구 문래동3가 73 시립문래청소년센터,"서울특별시 영등포구 문래로 110, 시립문래청소년센터 (문래동3가)",7296.0,2003-05-20,2023-08-28,사용중지,문래청소년회관 지하1층,공공용시설,지하,4310.76,4310,37.0,31.0,7.87,126.0,53.0,38.81,37.51894495852866,126.89403079519737,946451.611881,1946800.588716,I,2025-12-15 16:14:09,2023-08-28 17:36:39
3180000,3180000-S201300009,서울특별시 영등포구 영등포동 648 순영웰라이빌,"서울특별시 영등포구 영등포로62길 42(영등포동, 순영웰라이빌)",7309.0,2013-06-01,,사용중,순영웰라이빌 지하1층 주차장,공공용시설,지하,5404.0,5404,37.0,30.0,59.64,126.0,54.0,48.74,37.51635995692,126.9132818296522,948151.017692,1946503.013074,I,2026-02-07 22:28:35,2026-02-06 15:56:26
3180000,3180000-S201800002,서울특별시 영등포구 도림동 821 영등포아트자이아파트,"서울특별시 영등포구 도영로 66(도림동, 영등포아트자이아파트)",7364.0,2018-01-18,,사용중,영등포아트자이아파트 지하1~3층,공공용시설,지하,42778.83,42778,37.0,30.0,40.17,126.0,53.0,57.79,37.51115695889555,126.89938744544,946919.457902,1945933.517243,I,2026-02-06 22:28:35,2026-02-05 10:09:50
3180000,3180000-S201700002,서울특별시 영등포구 도림동 820 쌍용플래티넘시티1단지,"서울특별시 영등포구 도영로7길 15(도림동, 쌍용플래티넘시티1단지)",7372.0,2017-12-01,,사용중,쌍용플래티넘시티1단지 지하 1층,공공용시설,지하,9770.77,9770,37.0,30.0,35.59,126.0,53.0,43.06,37.50988704552692,126.89529475470869,946556.847815,1945794.944134,I,2026-02-10 22:28:35,2026-02-09 15:06:25
3180000,3180000-S200300091,서울특별시 영등포구 대림동 608-1 현대3차아파트,"서울특별시 영등포구 도신로 31(대림동, 현대3차아파트)",7376.0,2003-05-27,,사용중,현대3차아파트 지하1층,공공용시설,지하,10219.46,10219,37.0,30.0,17.16,126.0,53.0,47.9,37.50476764815688,126.89663864259768,946671.978436,1945226.213276,I,2026-01-31 22:28:35,2026-01-30 12:58:25
3180000,3180000-S200300051,서울특별시 영등포구 문래동6가 38-1 베어스타운아파트,"서울특별시 영등포구 선유서로 40(문래동6가, 베어스타운아파트)",7282.0,2003-05-20,,사용중,베어스타운아파트 지하1층 주차장,공공용시설,지하,6158.71,6158,37.0,31.0,9.42,126.0,53.0,5.3,37.51928210504878,126.88480597879716,945636.668258,1946843.284228,I,2026-03-05 22:28:36,2026-03-04 11:16:11
3180000,3180000-S200300007,서울특별시 영등포구 영등포동1가 35번지,"서울특별시 영등포구 경인로114가길 지하 9 (영등포동1가, 신길역)",7308.0,2003-05-16,,사용중,지하철 5호선 신길역 지하 1~2층,공공용시설,지하,7476.0,7476,37.0,31.0,3.6,126.0,54.0,51.61,37.51768823290946,126.91427854285033,948240.016696,1946649.829115,I,2026-03-06 22:28:37,2026-03-05 13:54:03
3180000,3180000-S200900023,서울특별시 영등포구 여의도동 5-6 샛강역 지하층,"서울특별시 영등포구 의사당대로 지하166, 샛강역 지하1층 (여의도동)",7324.0,2009-09-17,,사용중,9호선샛강역 지하1층,공공용시설,지하,10298.0,10298,37.0,30.0,59.83,126.0,55.0,44.72,37.51718690151483,126.9285135215699,949497.629523,1946586.47244,I,2026-02-05 22:28:35,2026-02-04 17:01:44
3180000,3180000-S200300046,서울특별시 영등포구 문래동6가 45 현대아파트,"서울특별시 영등포구 문래로4길 4, 현대아파트 (문래동6가)",7283.0,2003-05-20,,사용중,현대2차아파트 지하1층 주차장,공공용시설,지하,2115.71,2115,37.0,31.0,13.4,126.0,53.0,0.71,37.52039541485327,126.88359453456296,945530.423872,1946967.500805,I,2026-03-05 22:28:36,2026-03-04 11:15:19
3180000,3180000-S201000003,서울특별시 영등포구 신길동 41-1 신길역,"서울특별시 영등포구 영등포로 327, 신길역 (신길동)",7319.0,2010-12-06,,사용중,신길역 1호선 환승통로(지하1층),공공용시설,지하,2371.0,2371,37.0,31.0,1.28,126.0,55.0,2.04,37.517131083910485,126.91702231787774,948482.102207,1946586.510455,I,2026-01-31 22:28:35,2026-01-30 14:19:38
3180000,3180000-S200300082,서울특별시 영등포구 대림동 993-75,서울특별시 영등포구 시흥대로 613(대림동),7445.0,2003-05-27,,사용중,고려신용정보 지하1층 주차장,공공용시설,지하,667.0,667,37.0,29.0,14.63,126.0,54.0,16.6,37.48730646520028,126.90468149399643,947370.59902,1943284.470013,I,2026-02-10 22:28:35,2026-02-09 15:03:29
3180000,3180000-S200900008,서울특별시 영등포구 신길동 897-3 신길7동주민센터,"서울특별시 영등포구 여의대방로43길 10, 신길7동주민센터 (신길동)",7360.0,2009-03-03,2023-06-21,사용중지,신길7동주민센터 지하1층,공공용시설,지하,380.0,380,37.0,30.0,22.98,126.0,55.0,17.43,37.50637539244568,126.92149335914245,948869.876057,1945390.788374,I,2025-12-15 16:14:09,2023-06-21 17:49:45
3180000,3180000-S200300005,서울특별시 영등포구 영등포동3가 32 영등포로터리지하도상가,"서울특별시 영등포구 영중로 지하20, 영등포로터리지하도상가 (영등포동3가)",7302.0,2003-05-16,,사용중,영등포로터리 지하쇼핑센터 지하 1층,공공용시설,지하,1979.49,1979,37.0,31.0,4.46,126.0,54.0,21.03,37.51815559037548,126.90580161283496,947491.23414,1946706.377545,I,2026-03-06 22:28:37,2026-03-05 13:53:24
3180000,3180000-S201300003,서울특별시 영등포구 양평동1가 115번지,"서울특별시 영등포구 선유로 120 (양평동1가, 노동부 남부지청)",7262.0,2013-05-01,2025-10-01,사용중지,서울남부고용노동지청(지하주차장 1층),공공용시설,지하,1526.02,1526,37.0,31.0,28.68,126.0,53.0,26.79,37.52463385180665,126.8907754709538,946168.029618,1947433.599169,I,2025-12-15 16:14:09,2025-10-01 15:55:07
3180000,3180000-S201800006,서울특별시 영등포구 신길동 4497 보라매두산위브,"서울특별시 영등포구 여의대방로9길 5(신길동, 보라매두산위브)",7434.0,2018-10-01,,사용중,보라매 두산위브 아파트 지하 1층 주차장,공공용시설,지하,5779.0,5779,37.0,29.0,49.92,126.0,54.0,53.61,37.4971988534083,126.914891449468,948280.0449154332,1944376.3123419671,I,2026-03-02 22:28:35,2026-03-01 06:41:28
3180000,3180000-S200300050,서울특별시 영등포구 문래동6가 54 문래동미원아파트,"서울특별시 영등포구 문래로8길 5(문래동6가, 문래동미원아파트)",7282.0,2003-05-20,,사용중,미원아파트 지하1층 주차장,공공용시설,지하,1692.57,1692,37.0,31.0,11.4,126.0,53.0,9.72,37.51983399990064,126.88603355293512,945745.546962,1946903.805331,I,2026-03-05 22:28:36,2026-03-04 11:15:59
3180000,3180000-S200900026,서울특별시 영등포구 영등포동8가 91 당산 푸르지오,"서울특별시 영등포구 영중로 154(영등포동8가, 당산 푸르지오)",7226.0,2009-12-09,,사용중,당산푸르지오아파트 지하 1층 주차장,공공용시설,지하,15905.0,15905,37.0,31.0,48.07,126.0,54.0,21.74,37.530018111864216,126.90603960605073,947520.57592,1948022.328021,I,2026-03-06 22:28:37,2026-03-05 13:54:38
3180000,3180000-S200300058,서울특별시 영등포구 양평동4가 315-1 한강미디어고등학교,"서울특별시 영등포구 선유로55길 22, 한강미디어고등학교 (양평동4가)",7206.0,2003-05-21,,사용중,한강미디어고등학교 지하1층,공공용시설,지하,1487.61,1487,37.0,32.0,21.49,126.0,53.0,50.11,37.53906416392663,126.89733231063968,946757.666416,1949030.835508,I,2026-02-11 22:28:35,2026-02-10 09:14:02
3180000,3180000-S200400003,서울특별시 영등포구 대림동 607-1 대림동코오롱아파트,"서울특별시 영등포구 도영로 2-5(대림동, 대림동코오롱아파트)",7376.0,2004-12-01,,사용중,코오롱아파트 지하1층,공공용시설,지하,11867.39,11867,37.0,30.0,25.07,126.0,53.0,39.59,37.50696450222551,126.89433022391898,946469.515849,1945471.252537,I,2026-01-31 22:28:35,2026-01-30 13:40:55
3180000,3180000-S200900017,서울특별시 영등포구 신길동 4934 삼성래미안아파트,"서울특별시 영등포구 가마산로79길 7(신길동, 삼성래미안아파트)",7362.0,2009-03-04,,사용중,삼성래미안 102동 아파트 지하주차장 지하1층~지하3층,공공용시설,지하,9364.0,9364,37.0,30.0,18.54,126.0,54.0,57.7,37.50514886378429,126.91602629720067,948385.832193,1945257.696653,I,2026-02-07 22:28:35,2026-02-06 15:40:33
3180000,3180000-S200900036,서울특별시 영등포구 대림동 946-1 대림동현대아파트,"서울특별시 영등포구 시흥대로187길 12(대림동, 대림동현대아파트)",7441.0,2009-02-18,,사용중,대림동현대아파트 지하1층 주차장,공공용시설,지하,6183.0,6183,37.0,29.0,34.0,126.0,54.0,27.88,37.49277814140292,126.90774543086636,947645.289491,1943889.811219,I,2026-02-26 22:28:37,2026-02-25 17:49:20
3180000,3180000-S202500001,서울특별시 영등포구 양평동3가 101 양평동 6차 현대아파트,"서울특별시 영등포구 선유로 207 (양평동3가, 양평동 6차 현대아파트)",7211.0,2025-07-07,,사용중,양평동6차현대아파트 지하주차장(지하1층~2층),공공용시설,지하,26278.0,26278,37.0,31.0,54.83,126.0,53.0,39.67,37.5318973873336,126.894352069293,946489.255291352,1948237.4096758745,I,2026-02-10 22:28:35,2026-02-09 06:49:55
3180000,3180000-S202300004,서울특별시 영등포구 양평동1가 14-1 양평동한신아파트,"서울특별시 영등포구 영등포로12길 7, 지하1층 (양평동1가, 양평동한신아파트)",7279.0,2023-05-22,,사용중,양평동한신아파트(지하주차장 1~2층),공공용시설,지하,6191.0,6191,37.0,31.0,18.84,126.0,53.0,15.84,37.521901217793456,126.88773442081806,945897.341995,1947132.17258,I,2026-02-05 22:28:35,2026-02-04 15:54:29
3180000,3180000-S202400001,서울특별시 영등포구 신길동 4967 신길파크자이,"서울특별시 영등포구 신길로28길 25 (신길동, 신길파크자이)",7389.0,2024-02-16,,사용중,신길 파크자이 아파트 지하 주차장,공공용시설,지하,4687.0,4687,37.0,30.0,8.13,126.0,54.0,46.47,37.5022587946698,126.91290715613,948108.1459487,1944938.7755080664,U,2026-04-09 03:03:03,2026-04-08 06:34:54
3180000,3180000-S200300004,서울특별시 영등포구 영등포동3가 31 영등포시장지하도상가,"서울특별시 영등포구 영등포로 지하221, 영등포시장지하도상가 (영등포동3가)",7250.0,2003-05-16,,사용중,영등포시장 지하쇼핑센터 지하 1층,공공용시설,지하,1402.44,1402,37.0,31.0,11.0,126.0,54.0,21.79,37.5197217455087,126.906051677143,947514.429325042,1946879.9943741888,I,2026-03-06 22:28:37,2026-03-05 13:52:24
3180000,3180000-S200900019,서울특별시 영등포구 당산동3가 3 영등포구민회관,"서울특별시 영등포구 국회대로 596, 영등포구민회관 (당산동3가)",7258.0,2009-03-09,,사용중,영등포아트홀 지하1층 주차장,공공용시설,지하,2054.0,2054,37.0,31.0,33.63,126.0,54.0,0.39,37.52624448167184,126.90015120753353,946997.630921,1947606.965522,U,2026-04-09 03:03:03,2026-04-08 11:34:59
3180000,3180000-S200900020,서울특별시 영등포구 신길동 3599 신풍역,"서울특별시 영등포구 신풍로 지하27, 신풍역 (신길동)",7393.0,2009-08-10,,사용중,지하철 7호선 신풍역,공공용시설,지하,8662.0,8662,37.0,30.0,0.43,126.0,54.0,35.59,37.5001183627982,126.909884940773,947839.5274731668,1944702.9777343336,U,2026-04-09 03:03:03,2026-04-08 06:31:51
3180000,3180000-S202200002,서울특별시 영등포구 대림동 1127 e편한세상 영등포 아델포레지하주차장,"서울특별시 영등포구 신길로 29(대림동, e편한세상 영등포 아델포레)",7440.0,2022-05-23,,사용중,영등포아델포레아파트 지하1~3층 주차장,공공용시설,지하,44631.0,44631,37.0,29.0,42.43,126.0,54.0,28.22,37.495119233482576,126.90783947230476,947655.236701,1944149.489221,I,2026-02-26 22:28:37,2026-02-25 17:58:14
3180000,3180000-S200900027,서울특별시 영등포구 양평동3가 16 양평동우림 이 비지센타,"서울특별시 영등포구 양산로 43, 양평동우림 이 비지센타 (양평동3가)",7270.0,2009-12-11,,사용중,양평동우림이비지센터(지하주차장 1층),공공용시설,지하,4326.24,4326,37.0,31.0,32.74,126.0,53.0,16.47,37.52558370385433,126.88788824741182,945913.593576,1947540.636574,I,2026-02-07 22:28:35,2026-02-06 16:01:26
3180000,3180000-S200900001,서울특별시 영등포구 당산동3가 385번지,서울특별시 영등포구 당산로27길 12 (당산동3가),7260.0,2009-02-16,,사용중,당산근린공원 지하1~2층 주차장,공공용시설,지하,6183.66,6183,37.0,31.0,30.78,126.0,53.0,42.53,37.52520052733063,126.89514220539635,946554.288688,1947493.978674,U,2026-04-09 03:03:03,2026-04-08 11:34:45
3180000,3180000-S202200001,서울특별시 영등포구 신길동 4955 신길센트럴아이파크,"서울특별시 영등포구 가마산로 426(신길동, 신길센트럴아이파크)",7394.0,2022-02-11,,사용중,신길센트럴아이파크아파트 지하주차장1~2층,공공용시설,지하,23223.13,23223,37.0,30.0,15.94,126.0,54.0,14.6,37.504427762156425,126.9040553275362,947327.268667,1945184.327718,I,2026-02-10 22:28:35,2026-02-09 17:05:12
3180000,3180000-S200300089,서울특별시 영등포구 대림동 785 현대2차아파트,"서울특별시 영등포구 도신로4길 6(대림동, 현대2차아파트)",7377.0,2003-05-27,,사용중,현대2차아파트 지하1층,공공용시설,지하,4360.35,4360,37.0,30.0,11.03,126.0,53.0,43.74,37.50306360092407,126.89548243047088,946568.571338,1945037.814743,I,2026-01-31 22:28:35,2026-01-30 12:58:12
3180000,3180000-S200300108,서울특별시 영등포구 대림동 899-2 대림제1동사무소/대림1동복지관,"서울특별시 영등포구 디지털로 441, 대림제1동사무소/대림1동복지관 (대림동)",7428.0,2003-05-26,2023-09-21,사용중지,대림1동어린이집 지하1층,공공용시설,지하,240.8,240,37.0,29.0,42.91,126.0,54.0,22.33,37.495251686527055,126.90620142038392,947510.530422,1944165.096321,I,2025-12-15 16:14:09,2023-09-21 09:10:15
3180000,3180000-S202300003,서울특별시 영등포구 신길동 4974 더샵 파크프레스티지,"서울특별시 영등포구 가마산로79길 37 (신길동, 더샵 파크프레스티지)",7361.0,2023-05-17,,사용중,더샵파크프레스티지 아파트 지하주차장(지하1층~3층),공공용시설,지하,37120.35,37120,37.0,30.0,27.26,126.0,55.0,1.96,37.50757248677492,126.91721057314064,948492.169928,1945525.934818,I,2026-03-06 22:28:37,2026-03-05 10:26:01
3180000,3180000-S200300006,서울특별시 영등포구 영등포동3가 33 영등포역지하도상가,"서울특별시 영등포구 경인로 지하843, 영등포역지하도상가 (영등포동3가)",7305.0,2003-05-16,,사용중,영등포역 지하쇼핑센터 지하 1층,공공용시설,지하,1404.29,1404,37.0,30.0,59.27,126.0,54.0,23.97,37.51652536604029,126.90642129360066,947544.854121,1946525.167388,I,2026-03-06 22:28:37,2026-03-05 13:53:46
3180000,3180000-S200300042,서울특별시 영등포구 문래동3가 68-1 문래역,"서울특별시 영등포구 당산로 지하28, 문래역 (문래동3가)",7298.0,2003-05-20,,사용중,지하철2호선문래역 지하1층,공공용시설,지하,5800.0,5800,37.0,31.0,4.5,126.0,53.0,41.15,37.51725284222512,126.89464464087348,946504.648827,1946612.508318,I,2026-03-05 22:28:36,2026-03-04 11:15:34
3180000,3180000-S201100003,서울특별시 영등포구 여의도동 53-22 여의동주민센터 지하1층,"서울특별시 영등포구 국제금융로 124, 여의동주민센터 지하1층 (여의도동)",7343.0,2011-09-15,2023-06-21,사용중지,여의동주민센터 지하 1층,공공용시설,지하,391.0,391,37.0,31.0,3.69,126.0,56.0,4.6,37.51763782187905,126.93464764888492,950040.008785,1946633.224305,I,2025-12-15 16:14:09,2023-06-21 09:46:22
3180000,3180000-S201300013,서울특별시 영등포구 양평동2가 1-1 신동아하이팰리스,"서울특별시 영등포구 선유서로 67, 신동아하이팰리스 (양평동2가)",7278.0,2013-07-11,,사용중,신동아하이팰리스(지하주차장 1층),공공용시설,지하,7484.29,7484,37.0,31.0,18.52,126.0,53.0,6.76,37.521809840491,126.88521067076545,945674.263121,1947123.489275,I,2026-02-07 22:28:35,2026-02-06 16:05:12
3180000,3180000-S200900024,서울특별시 영등포구 양평동5가 66-1 선유도역,"서울특별시 영등포구 양평로 지하124, 선유도역 (양평동5가)",7205.0,2009-09-17,,사용중,지하철9호선선유도역,공공용시설,지하,8733.1,8733,37.0,32.0,17.28,126.0,53.0,36.28,37.53791997162957,126.89390444022229,946454.01201,1948905.839574,I,2026-02-11 22:28:35,2026-02-10 09:14:42
3180000,3180000-S200300079,서울특별시 영등포구 대림동 1100-1,서울특별시 영등포구 도림천로19길 12-2(대림동),7448.0,2003-05-27,2023-09-20,사용중지,현대건설기술교육원 지하1층,공공용시설,지하,1400.0,1400,37.0,29.0,13.72,126.0,54.0,4.14,37.4870593943912,126.90104667367564,947049.08364,1943259.097227,I,2025-12-15 16:14:09,2023-10-13 09:45:37
3190000,3190000-S200300102,서울특별시 동작구 사당동 228번지 11호,"서울특별시 동작구 사당로2가길 219 (사당동, 사당5동 주민센터)",7030.0,2003-02-19,2023-06-16,사용중지,사당제5동주민센터 지하1층 주민사랑방,공공용시설,지하,323.0,323,37.0,29.0,8.31,126.0,58.0,1.25,37.48566954029061,126.96687380114744,952867.753553,1943069.911522,I,2026-05-08 22:43:15,2023-06-16 17:40:19
3190000,3190000-S200300055,서울특별시 동작구 본동 148번지 2호,"서울특별시 동작구 매봉로 158 (본동, 극동아파트)",6906.0,2003-02-17,,사용중,극동아파트 지하주차장 1층,공공용시설,지하,1219.0,1219,37.0,30.0,41.21,126.0,57.0,5.62,37.511433327560425,126.95150644297748,951525.813674,1945936.051949,I,2026-05-08 22:43:33,2026-02-04 15:48:26
3190000,3190000-S200300118,서울특별시 동작구 신대방동 707번지,"서울특별시 동작구 여의대방로 28 (신대방동, 현대아파트)",7064.0,2003-02-19,,사용중,현대아파트 지하주차장 1~2층,공공용시설,지하,4899.0,4899,37.0,29.0,39.87,126.0,54.0,40.56,37.4944091600988,126.911266073744,947957.6454402668,1944068.8106878663,I,2026-05-08 22:43:24,2026-03-05 16:49:27
3190000,3190000-S200300103,서울특별시 동작구 사당동 1139번지,"서울특별시 동작구 사당로2가길 102 (사당동, 사당자이아파트)",7028.0,2003-02-19,,사용중,사당자이아파트 2주차장 지하2층,공공용시설,지하,13777.0,13777,37.0,29.0,17.72,126.0,57.0,46.4,37.489385445133934,126.96256561414256,952489.228928,1943484.333223,I,2026-05-08 22:43:23,2026-03-05 16:40:58
3190000,3190000-S200300084,서울특별시 동작구 사당동 105 극동아파트,"서울특별시 동작구 동작대로29길 119 (사당동, 극동아파트)",6992.0,2003-02-17,,사용중,사당극동아파트 지하주차장 1층,공공용시설,지하,10479.0,10479,37.0,29.0,26.75,126.0,58.0,32.83,37.4907652000965,126.975787371519,953658.9319992,1943630.81744743,I,2026-05-08 22:43:33,2026-03-23 13:39:39
3190000,3190000-S200900014,서울특별시 동작구 상도동 521번지,"서울특별시 동작구 장승배기로4길 9 (상도동, 상도더샵아파트)",6966.0,2009-12-17,,사용중,상도더샵아파트 109동 지하주차장1층,공공용시설,지하,53600.0,53600,37.0,30.0,6.33,126.0,56.0,34.02,37.50145450807821,126.94243400188878,950717.452803,1944833.673108,I,2026-05-08 22:43:19,2026-03-05 16:34:45
3190000,3190000-S200600001,서울특별시 동작구 사당동 1150번지,"서울특별시 동작구 남부순환로255길 21 (사당동, 사당삼익그린뷰아파트)",7021.0,2006-03-10,,사용중,사당삼익그린뷰아파트 지하주차장 1~2층,공공용시설,지하,6732.0,6732,37.0,28.0,37.79,126.0,58.0,12.07,37.47716486608664,126.97001995747142,953140.587861,1942124.80248,I,2026-05-08 22:43:26,2026-03-05 16:57:56
3190000,3190000-S200300072,서울특별시 동작구 동작동 327번지 1호,"서울특별시 동작구 현충로 257 (동작동, 4호선동작역Dongjaks.t)",6905.0,2003-02-17,,사용중,동작역(4호선) 지하1층,공공용시설,지하,1031.0,1031,37.0,30.0,10.57,126.0,58.0,48.92,37.50261864507535,126.98026456707042,954061.986299,1944943.688738,I,2026-05-08 22:43:10,2026-03-05 16:52:14
3190000,3190000-S200600010,서울특별시 동작구 신대방동 352번지 3호,"서울특별시 동작구 여의대방로22길 120 (신대방동, 은혜교회)",7060.0,2006-08-01,,사용중,은혜교회 지하1층,공공용시설,지하,572.0,572,37.0,29.0,52.85,126.0,55.0,35.83,37.49805899289733,126.92662924051062,949318.18309,1944465.354399,I,2026-05-08 22:43:26,2026-03-05 16:59:58
3190000,3190000-S200300034,서울특별시 동작구 상도동 315번지 37호,"서울특별시 동작구 성대로2길 11 (상도동, 상도3동 주민센터)",7042.0,2003-02-14,2023-06-16,사용중지,상도3동주민센터 지하주차장 2층,공공용시설,지하,1046.0,1046,37.0,29.0,56.91,126.0,55.0,53.14,37.4992494527302,126.93129827998035,949731.693925,1944594.924846,I,2026-05-08 22:43:33,2023-06-16 17:38:28
3190000,3190000-S200300019,서울특별시 동작구 노량진동 283번지 3호,"서울특별시 동작구 노량진로6길 45 (노량진동, (주)화동코웨이상가아파트)",6930.0,2003-02-14,2024-11-22,사용중지,화동코웨이상가 지하주차장 지하1~2층,공공용시설,지하,1120.0,1120,37.0,30.0,39.38,126.0,56.0,9.7,37.5110568848251,126.93589149227918,950145.550125,1945902.446927,I,2026-05-08 22:43:14,2024-11-22 17:36:33
3190000,3190000-S199900002,서울특별시 동작구 신대방동 395번지 68호,"서울특별시 동작구 보라매로5가길 24 (신대방동, 보라매나산스위트)",7071.0,1999-10-05,,사용중,나산스위트 지하주차장 4~5층,공공용시설,지하,3768.0,3768,37.0,29.0,26.34,126.0,55.0,27.2,37.4906501196021,126.924222210779,949100.3892594,1943644.6832191332,I,2026-05-08 22:43:32,2026-03-05 17:02:19
3190000,3190000-S200300124,서울특별시 동작구 신대방동 395번지 67호,"서울특별시 동작구 보라매로5길 51 (신대방동, 롯데타워)",7071.0,2003-02-19,,사용중,"롯데타워 지하주차장 2,3층",공공용시설,지하,15670.0,15670,37.0,29.0,25.88,126.0,55.0,22.49,37.49077256903519,126.92292452658307,948985.754317,1943658.970712,I,2026-05-08 22:43:26,2026-03-05 17:01:59
3190000,3190000-S200600005,서울특별시 동작구 본동 487번지,"서울특별시 동작구 매봉로 99 (본동, 한신휴플러스아파트)",6916.0,2006-03-31,,사용중,한신휴플러스아파트 지하주차장 1~3층,공공용시설,지하,10881.0,10881,37.0,30.0,33.03,126.0,56.0,59.48,37.50904007805715,126.95093571894468,951473.825055,1945670.829064,I,2026-05-08 22:43:18,2026-02-04 15:55:18
3190000,3190000-S200300060,서울특별시 동작구 흑석동 10번지,"서울특별시 동작구 현충로 119 (흑석동, 명수대현대아파트)",6904.0,2003-02-17,,사용중,명수대현대아파트 109동 지하주차장 1층,공공용시설,지하,6774.0,6774,37.0,30.0,25.84,126.0,58.0,0.96,37.50718172447864,126.96692341257224,952885.65656,1945456.530808,I,2026-05-08 22:43:31,2026-02-02 12:10:13
3190000,3190000-S200900003,서울특별시 동작구 동작동 326번지,"서울특별시 동작구 현충로 지하 220 (동작동, 9호선 동작역)",6984.0,2009-08-27,,사용중,동작역(9호선) 지하1~3층,공공용시설,지하,15955.0,15955,37.0,30.0,11.04,126.0,58.0,40.52,37.50293435219336,126.97636990331326,953717.939858,1944980.622754,I,2026-05-08 22:43:22,2026-03-05 16:54:12
3190000,3190000-S200700002,서울특별시 동작구 신대방동 712번지,"서울특별시 동작구 신대방길 85 (신대방동, 경남아파트)",7069.0,2007-02-20,,사용중,신대방경남아파트 지하주차장 1~2층,공공용시설,지하,6088.0,6088,37.0,29.0,22.14,126.0,54.0,33.88,37.4894836489263,126.909411176509,947790.2479665332,1943523.3818001,I,2026-05-08 22:43:20,2026-03-05 16:49:55
3190000,3190000-S200300016,서울특별시 동작구 노량진동 302번지 97호,"서울특별시 동작구 장승배기로19길 48 (노량진동, 노량진2동 주민센터)",6935.0,2003-02-14,2023-06-16,사용중지,노량진2동주민센터 지하1층,공공용시설,지하,349.0,349,37.0,30.0,30.55,126.0,56.0,14.52,37.50843125584129,126.9374084427036,950277.873733,1945610.345882,I,2026-05-08 22:43:33,2023-06-16 17:37:58
3190000,3190000-S200900013,서울특별시 동작구 상도동 459번지,"서울특별시 동작구 국사봉길 175 (상도동, 상도2차갑을명가아파트)",7050.0,2009-12-15,,사용중,상도2차갑을명가아파트 지하주차장 1층,공공용시설,지하,5515.0,5515,37.0,29.0,36.25,126.0,56.0,6.98,37.49369243061936,126.93456998963462,950017.183543,1943976.664227,I,2026-05-08 22:43:28,2026-02-06 13:34:26
3190000,3190000-S200600014,서울특별시 동작구 사당동 1149번지,"서울특별시 동작구 사당로27길 181 (사당동, 사당롯데캐슬)",6989.0,2006-03-31,,사용중,사당롯데캐슬아파트 지하주차장 1층,공공용시설,지하,6578.0,6578,37.0,29.0,24.06,126.0,58.0,18.66,37.49027014607864,126.97190517873352,953315.430535,1943577.812546,I,2026-05-08 22:43:18,2026-02-27 17:32:43
3190000,3190000-S200700005,서울특별시 동작구 사당동 1145 사당해그린 아파트,"서울특별시 동작구 사당로2길 40 (사당동, 사당해그린 아파트)",7029.0,2007-07-23,,사용중,사당해그린 아파트 지하주차장 1층,공공용시설,지하,2983.0,2983,37.0,29.0,30.96,126.0,57.0,48.29,37.49206690700819,126.96333859223466,952559.258954,1943781.434799,I,2026-05-08 22:43:22,2026-03-05 16:42:31
3190000,3190000-S201900001,서울특별시 동작구 사당동 1157번지,"서울특별시 동작구 사당로27길 130 (사당동, 이수역리가아파트)",7000.0,2019-07-02,,사용중,이수역리가아파트 지하주차장 1~3층,공공용시설,지하,23851.0,23851,37.0,29.0,21.91,126.0,58.0,25.85,37.488674838189525,126.97408973845587,953507.56236,1943399.742098,I,2026-05-08 22:43:29,2026-02-27 17:33:12
3190000,3190000-S200700004,서울특별시 동작구 흑석동 224번지 1호,"서울특별시 동작구 흑석로 102 (흑석동, 중앙대학교병원)",6973.0,2007-07-23,,사용중,중앙대학교병원중앙관 지하주차장 1~3층,공공용시설,지하,25870.0,25870,37.0,30.0,27.3,126.0,57.0,39.06,37.50758357928134,126.9608500981969,952349.136575,1945504.172353,I,2026-05-08 22:43:22,2026-02-02 12:06:36
3190000,3190000-S201100006,서울특별시 동작구 흑석동 221번지,"서울특별시 동작구 흑석로 84 (흑석동, 중앙대학교)",6974.0,2011-11-16,,사용중,중앙대학교 약대102관 지하주차장 2~4층,공공용시설,지하,15812.0,15812,37.0,30.0,25.09,126.0,57.0,32.23,37.5069684301909,126.95895327227844,952181.098604,1945436.887435,I,2026-05-08 22:43:34,2026-02-02 12:03:15
3190000,3190000-S200600013,서울특별시 동작구 사당동 1132번지,"서울특별시 동작구 사당로27길 190 (사당동, 롯데캐슬)",6989.0,2006-03-31,,사용중,롯데캐슬아파트 지하주차장 1~3층,공공용시설,지하,29117.0,29117,37.0,29.0,25.35,126.0,58.0,21.44,37.49078673759303,126.97163646586144,953291.99732,1943635.258415,I,2026-05-08 22:43:29,2026-02-27 17:32:14
3190000,3190000-S200100004,서울특별시 동작구 본동 482번지,"서울특별시 동작구 노량진로23가길 20 (본동, 유원강변아파트)",6902.0,2001-01-02,,사용중,유원강변아파트 지하주차장 1~2층,공공용시설,지하,2727.0,2727,37.0,30.0,52.62,126.0,57.0,4.54,37.514617972535405,126.95126177450096,951506.251066,1946289.495965,I,2026-05-08 22:43:32,2026-02-03 18:00:51
3190000,3190000-S201500001,서울특별시 동작구 상도동 531 힐스테이트 상도 센트럴파크,"서울특별시 동작구 상도로 346-1 (상도동, 힐스테이트 상도 센트럴파크)",7039.0,2015-06-22,,사용중,"힐스테이트 상도 센트럴파크 지하주차장 P1, P2",공공용시설,지하,7837.0,7837,37.0,29.0,47.91,126.0,57.0,1.51,37.49698187345724,126.95135755642208,951503.308168,1944332.825812,I,2026-05-08 22:43:29,2026-03-20 10:49:42
3190000,3190000-S201400001,서울특별시 동작구 사당동 1153번지,서울특별시 동작구 사당로20나길 57 (사당동),7011.0,2014-06-16,,사용중,KCC아파트 지하주차장 1층,공공용시설,지하,3961.0,3961,37.0,28.0,51.32,126.0,58.0,24.02,37.48092247760519,126.97333916564592,953436.397218,1942540.038381,I,2026-05-08 22:43:21,2026-03-05 16:57:27
3190000,3190000-S200900009,서울특별시 동작구 상도동 527번지,"서울특별시 동작구 상도로31길 19 (상도동, 브라운스톤상도아파트)",6921.0,2009-12-10,,사용중,브라운스톤상도아파트 103동 지하주차장 1층,공공용시설,지하,14400.0,14400,37.0,30.0,22.82,126.0,56.0,39.32,37.50608565928261,126.94465693961676,950916.969049,1945346.310151,I,2026-05-08 22:43:22,2026-03-05 16:33:47
3190000,3190000-S202200001,서울특별시 동작구 흑석동 336 흑석한강푸르지오,"서울특별시 동작구 흑석한강로 27(흑석동, 흑석한강푸르지오)",6981.0,2022-08-05,,사용중,흑석한강푸르지오 지하주차장 1~2층,공공용시설,지하,4364.0,4364,37.0,30.0,17.01,126.0,57.0,56.04,37.50472468257069,126.96556770149176,952764.287155,1945184.616361,I,2026-05-08 22:43:29,2026-02-02 12:12:25
3190000,3190000-S201100001,서울특별시 동작구 노량진동 323번지,"서울특별시 동작구 만양로8길 50 (노량진동, 우성아파트)",6917.0,2011-01-18,,사용중,노량진우성아파트 지하주차장 1~2층,공공용시설,지하,26208.0,26208,37.0,30.0,32.52,126.0,56.0,54.88,37.51007433727167,126.94666731825052,951097.256497,1945787.783917,I,2026-05-08 22:43:28,2026-02-04 16:05:25
3190000,3190000-S200300024,서울특별시 동작구 상도동 26번지 20호,"서울특별시 동작구 상도로 지하 188 (상도동, 장승배기역)",6963.0,2003-02-14,,사용중,장승배기역(7호선) 지하1~3층,공공용시설,지하,9100.0,9100,37.0,30.0,16.41,126.0,56.0,19.06,37.50487394312802,126.93956065048802,950465.738038,1945214.54775,I,2026-05-08 22:43:20,2026-03-05 16:32:54
3190000,3190000-S199900003,서울특별시 동작구 신대방동 395번지 62호,"서울특별시 동작구 보라매로5길 23 (신대방동, 삼성보라매옴니타워)",7071.0,1999-09-10,,사용중,삼성보라매옴니타워 지하주차장 2층,공공용시설,지하,2833.0,2833,37.0,29.0,33.28,126.0,55.0,25.0,37.49257852728,126.923610174609,949047.5938883332,1943858.959501367,I,2026-05-08 22:43:17,2026-03-05 17:01:39
3190000,3190000-S200300099,서울특별시 동작구 사당동 25번지 33호,"서울특별시 동작구 사당로 지하 218 (사당동, 남성역 7호선)",7010.0,2003-02-19,,사용중,남성역(7호선) 지하1~3층,공공용시설,지하,4879.0,4879,37.0,29.0,4.0,126.0,58.0,18.16,37.48419780754552,126.97215938137084,953334.125473,1942903.999203,I,2026-05-08 22:43:20,2026-03-05 16:56:54
3190000,3190000-S200300014,서울특별시 동작구 노량진동 42번지 11호,"서울특별시 동작구 노량진로 116 (노량진동, 백이빌딩)",6928.0,2003-02-14,2023-12-07,사용중지,백이빌딩 지하주차장 지하1~2층,공공용시설,지하,1157.0,1157,37.0,30.0,47.47,126.0,56.0,19.76,37.51323112895636,126.93878298656502,950402.533852,1946142.138693,I,2026-05-08 22:43:32,2023-12-07 11:22:04
3190000,3190000-S200300117,서울특별시 동작구 신대방동 565번지,"서울특별시 동작구 여의대방로 22 (신대방동, 우성아파트)",7065.0,2003-02-19,,사용중,우성1차아파트 21~23지하주차장 1층,공공용시설,지하,6088.0,6088,37.0,29.0,38.11,126.0,54.0,39.27,37.4939186613853,126.910908574733,947925.7027132334,1944014.5904867668,I,2026-05-08 22:43:24,2026-03-05 16:48:31
3190000,3190000-S200300078,서울특별시 동작구 사당동 1049번지 1호,"서울특별시 동작구 남부순환로 2017 (사당동, 한국엔지니어링협회 회관)",7023.0,2003-02-17,,사용중,한국엔지니어링진흥협회 지하주차장 1층,공공용시설,지하,803.0,803,37.0,28.0,34.3,126.0,58.0,22.06,37.47613362522266,126.97285578649016,953390.68564,1942008.985644,I,2026-05-08 22:43:32,2026-03-30 09:31:27
3190000,3190000-S200300076,서울특별시 동작구 사당동 1004번지 52호,"서울특별시 동작구 동작대로17길 28 (사당동, 사당1동 주민센터)",7013.0,2003-02-17,2023-06-16,사용중지,사당1동주민센터 지하주차장 1층,공공용시설,지하,591.0,591,37.0,28.0,59.13,126.0,58.0,43.58,37.48300560078357,126.97877043157818,953917.873982,1942768.475262,I,2026-05-08 22:43:33,2023-06-16 17:39:26
3190000,3190000-S200300083,서울특별시 동작구 사당동 105번지 12호,"서울특별시 동작구 동작대로29길 52 (사당동, 사당2동 주민센터)",6997.0,2003-02-17,2023-06-16,사용중지,사당2동주민센터 지하1층,공공용시설,지하,231.0,231,37.0,29.0,19.36,126.0,58.0,45.32,37.48858964322545,126.9792390257511,953962.729664,1943387.759645,I,2026-05-08 22:43:12,2023-06-16 17:39:55
3190000,3190000-S200300011,서울특별시 동작구 노량진동 56번지 1호,"서울특별시 동작구 노량진로 138 (노량진동, 산본빌딩)",6922.0,2003-02-11,2023-06-16,사용중지,산본빌딩 지하주차장 2~3층,공공용시설,지하,6102.0,6102,37.0,30.0,47.37,126.0,56.0,28.32,37.51337675290146,126.94118051231912,950614.512532,1946157.033685,I,2026-05-08 22:43:32,2023-06-16 17:37:05
3190000,3190000-S200300079,서울특별시 동작구 사당동 588번지 44호,"서울특별시 동작구 동작대로 지하 3 (사당동, 사당역(4호선))",7025.0,2003-02-17,,사용중,"사당역(2,4호선) 지하 1~3층",공공용시설,지하,28490.0,28490,37.0,28.0,36.52,126.0,58.0,53.67,37.476873961260665,126.98152136405668,954157.341003,1942086.86711,I,2026-05-08 22:43:12,2026-03-30 09:50:40
3190000,3190000-S200300110,서울특별시 동작구 대방동 49번지 6호,"서울특별시 동작구 노량진로 74 (대방동, 유한양행)",6927.0,2003-02-19,,사용중,유한양행 지하1층,공공용시설,지하,13859.0,13859,37.0,30.0,45.89,126.0,56.0,2.41,37.5128718227564,126.9340152608246,949980.943474,1946104.79969,I,2026-05-08 22:43:24,2026-03-11 16:35:21
3190000,3190000-S200300107,서울특별시 동작구 대방동 339번지 1호,"서울특별시 동작구 노량진로 26 (대방동, 솔표빌딩)",6938.0,2003-02-19,,사용중,솔표빌딩 지하2층,공공용시설,지하,1262.92,1262,37.0,30.0,46.6,126.0,55.0,44.12,37.51299979799713,126.92865748828012,949507.530996,1946121.859623,I,2026-05-08 22:43:23,2026-03-05 16:45:26
3190000,3190000-S200600008,서울특별시 동작구 상도동 408번지,"서울특별시 동작구 상도로 407 (상도동, 삼호아파트)",7026.0,2006-11-03,,사용중,상도동 삼호아파트 지하주차장 1~3층,공공용시설,지하,498.0,498,37.0,29.0,37.9,126.0,57.0,26.17,37.49306566665592,126.956774749594,951979.651752,1943895.569277,I,2026-05-08 22:43:32,2026-03-17 13:17:47
3190000,3190000-S200700003,서울특별시 동작구 신대방동 719번지,"서울특별시 동작구 신대방1가길 38 (신대방동, 동작상떼빌아파트)",7072.0,2007-02-20,,사용중,성원상떼빌 지하주차장 1~4층,공공용시설,지하,2368.0,2368,37.0,29.0,13.49,126.0,54.0,24.89,37.48727831433034,126.90790844281848,947655.86191,1943279.547722,I,2026-05-08 22:43:27,2026-03-05 16:50:20
3190000,3190000-S200300023,서울특별시 동작구 상도동 414번지,"서울특별시 동작구 만양로 26 (상도동, 건영아파트)",6918.0,2003-02-14,,사용중,상도건영아파트 101동 지하주차장 1층,공공용시설,지하,10801.0,10801,37.0,30.0,24.57,126.0,56.0,54.57,37.50681537593382,126.94801140967184,951213.925344,1945425.523525,I,2026-05-08 22:43:33,2026-03-05 16:32:15
3190000,3190000-S200300085,서울특별시 동작구 사당동 105번지,"서울특별시 동작구 동작대로29길 91 (사당동, 사당우성아파트)",6999.0,2003-02-17,,사용중,사당우성아파트2단지 지하주차장 1층,공공용시설,지하,6497.0,6497,37.0,29.0,15.82,126.0,58.0,38.64,37.48843674782172,126.97637565491318,953709.500494,1943372.201,I,2026-05-08 22:43:12,2026-03-05 17:06:56
3190000,3190000-S201100005,서울특별시 동작구 흑석동 221번지,"서울특별시 동작구 흑석로 84 (흑석동, 중앙대학교)",6974.0,2011-11-16,,사용중,중앙대학교교수연구동 305관 지하주차장 1~2층,공공용시설,지하,12292.0,12292,37.0,30.0,25.09,126.0,57.0,32.23,37.5069684301909,126.95895327227844,952181.098604,1945436.887435,I,2026-05-08 22:43:20,2026-02-02 12:03:58
3190000,3190000-S202500001,서울특별시 동작구 신대방동 722,"서울특별시 동작구 여의대방로20길 지하11, 보라매공원역 (신대방동)",7062.0,2025-03-26,,사용중,보라매공원역 지하1~2층,공공용시설,지하,954.0,954,37.0,29.0,43.53,126.0,55.0,5.83,37.4954238138617,126.918285769957,948578.8673340188,1944177.5224373029,I,2026-05-08 22:43:23,2025-07-15 09:25:47
3190000,3190000-S200300081,서울특별시 동작구 사당동 144번지 4호,"서울특별시 동작구 사당로 지하 310 (사당동, 이수역(7호선))",7013.0,2003-02-17,,사용중,이수역(7호선) 지하1~3층,공공용시설,지하,18757.0,18757,37.0,29.0,6.07,126.0,58.0,51.76,37.485154908220125,126.98164954538665,954173.732287,1943005.521743,I,2026-05-08 22:43:30,2026-03-05 16:55:08
3190000,3190000-S200300008,서울특별시 동작구 상도동 414번지,"서울특별시 동작구 만양로 26 (상도동, 건영아파트)",6918.0,2003-02-11,,사용중,상도건영아파트 지하주차장 1~3층,공공용시설,지하,8034.0,8034,37.0,30.0,27.55,126.0,56.0,58.24,37.50681537593382,126.94801140967184,951213.925344,1945425.523525,I,2026-05-08 22:43:13,2026-02-04 15:40:42
3190000,3190000-S200000001,서울특별시 동작구 신대방동 395번지 70호,"서울특별시 동작구 보라매로5길 15 (신대방동, 전문건설회관빌딩)",7071.0,2000-04-05,,사용중,전문건설회관빌딩 지하주차장 2층,공공용시설,지하,21651.0,21651,37.0,29.0,33.42,126.0,55.0,28.91,37.49263304343758,126.92448431353988,949124.90474,1943864.534939,I,2026-05-08 22:43:28,2026-03-05 17:00:40
3190000,3190000-S200300025,서울특별시 동작구 상도동 176번지 3호,"서울특별시 동작구 장승배기로10길 42 (상도동, 동작문화복지센타)",6963.0,2003-02-14,2025-07-30,사용중지,동작문화복지센터 지하주차장 1층,공공용시설,지하,3400.0,3400,37.0,30.0,16.17,126.0,56.0,27.92,37.504556726040406,126.94121001459575,950611.308819,1945178.487475,I,2026-05-08 22:43:15,2025-07-31 10:46:20
3190000,3190000-S200900011,서울특별시 동작구 상도동 413번지,"서울특별시 동작구 양녕로26나길 8 (상도동, 삼익아파트)",7037.0,2009-12-14,,사용중,삼익아파트 지하1층,공공용시설,지하,1971.0,1971,37.0,29.0,50.52,126.0,56.0,40.39,37.49738616039503,126.94450182093328,950897.562173,1944381.233539,I,2026-05-08 22:43:28,2026-02-27 13:02:37
3190000,3190000-S200300067,서울특별시 동작구 흑석동 327 청호아파트,"서울특별시 동작구 서달로2길 29, 101동 (흑석동, 청호아파트)",6986.0,2003-02-17,,사용중,청호아파트 101동 지하주차장 1층,공공용시설,지하,723.0,723,37.0,30.0,3.0,126.0,57.0,49.12,37.5008016378864,126.9636614307082,952593.319984,1944750.336784,I,2026-05-08 22:43:33,2026-02-02 12:08:26
3190000,3190000-S201100003,서울특별시 동작구 상도동 530번지,"서울특별시 동작구 양녕로 170 (상도동, 상도동 롯데캐슬비엔)",7037.0,2011-03-21,,사용중,롯데캐슬비엔아파트 지하주차장 1~2층,공공용시설,지하,3854.0,3854,37.0,29.0,47.7,126.0,56.0,36.3,37.496353816022605,126.94341548021242,950800.858629,1944267.26847,I,2026-05-08 22:43:19,2026-02-27 13:03:03
3190000,3190000-S200300057,서울특별시 동작구 흑석동 221번지,"서울특별시 동작구 흑석로 84 (흑석동, 중앙대학교)",6974.0,2003-02-17,,사용중,중앙대학교법학관 303관 지하주차장 2~3층,공공용시설,지하,10138.0,10138,37.0,30.0,25.09,126.0,57.0,32.23,37.5069684302529,126.958953272281,952181.0986043,1945436.8874346332,I,2026-05-08 22:43:10,2026-02-02 12:11:09
3190000,3190000-S202300003,서울특별시 동작구 흑석동 339 흑석한강센트레빌2차,"서울특별시 동작구 서달로 91(흑석동, 흑석한강센트레빌2차)",6975.0,2023-03-30,,사용중,흑석한강센트레빌2차 지하주차장 1~4층,공공용시설,지하,2640.0,2640,37.0,30.0,6.5,126.0,57.0,36.12,37.50180529940262,126.960034502162,952273.374094,1944863.520091,I,2026-05-08 22:43:29,2026-02-02 12:16:54
3190000,3190000-S202200002,서울특별시 동작구 흑석동 341 아크로리버하임,"서울특별시 동작구 현충로 52(흑석동, 아크로리버하임)",6909.0,2022-08-05,,사용중,아크로리버하임 지하주차장 1~2층,공공용시설,지하,43495.0,43495,37.0,30.0,39.29,126.0,57.0,40.28,37.51091440193724,126.96118807834264,952381.124018,1945873.536369,I,2026-05-08 22:43:29,2026-02-02 12:37:36
3190000,3190000-S200900010,서울특별시 동작구 상도동 244번지 50호,"서울특별시 동작구 성대로17길 지하 52 (상도동, 도화공영주차장)",6960.0,2009-12-14,,사용중,도화공영주차장 지하1층,공공용시설,지하,2115.0,2115,37.0,29.0,59.48,126.0,56.0,6.99,37.49961862626402,126.93497031223323,950056.518419,1944633.927519,I,2026-05-08 22:43:22,2026-03-03 15:04:10
3190000,3190000-S200900005,서울특별시 동작구 사당동 1154번지,"서울특별시 동작구 사당로16길 96 (사당동, 사당휴먼시아아파트)",7020.0,2009-12-10,,사용중,사당휴먼시아아파트 지하주차장 1~3층,공공용시설,지하,12613.0,12613,37.0,28.0,47.01,126.0,58.0,15.65,37.47972548596511,126.971012290587,953229.923884,1942408.393192,I,2026-05-08 22:43:27,2026-03-05 16:58:45
3190000,3190000-S200800001,서울특별시 동작구 사당동 1037번지 9호,"서울특별시 동작구 사당로26길 130-6 (사당동, 삼성아파트)",7016.0,2008-12-05,,사용중,삼성아파트 지하주차장 1층,공공용시설,지하,5235.0,5235,37.0,28.0,41.33,126.0,58.0,39.33,37.47789953653443,126.9778683730411,953834.980713,1942202.432608,I,2026-05-08 22:43:22,2026-03-30 09:37:48
3190000,3190000-S200300053,서울특별시 동작구 본동 481번지,"서울특별시 동작구 매봉로 134 (본동, 신동아아파트)",6906.0,2003-02-14,,사용중,본동 신동아아파트 지하주차장 1층,공공용시설,지하,4912.0,4912,37.0,30.0,36.74,126.0,57.0,5.24,37.510457447091206,126.951347559289,951511.140594,1945827.865561,I,2026-05-08 22:43:33,2026-02-04 15:46:32
3190000,3190000-S200300031,서울특별시 동작구 상도동 175번지 1호,"서울특별시 동작구 장승배기로10가길 35 (상도동, 서울특별시동작관악교육지원청)",6963.0,2003-02-14,2023-12-07,사용중지,동작관악교육지원청 지하1층,공공용시설,지하,470.0,470,37.0,30.0,10.91,126.0,56.0,25.83,37.50281053815591,126.9403514837944,950534.274798,1944985.209166,I,2026-05-08 22:43:32,2023-12-07 11:22:57
3190000,3190000-S200300022,서울특별시 동작구 상도1동 702번지 1호,"서울특별시 동작구 상도로 지하 272 (상도1동, 상도역(중대입구역)7호선)",7032.0,2003-02-14,,사용중,상도역(7호선) 지하2~4층,공공용시설,지하,9240.0,9240,37.0,30.0,11.42,126.0,56.0,51.9,37.50308278934887,126.94770231926526,951184.176592,1945011.575425,I,2026-05-08 22:43:29,2026-03-02 08:16:34
3190000,3190000-S200100001,서울특별시 동작구 신대방동 395번지 65호,"서울특별시 동작구 보라매로5길 35 (신대방동, 한국컴퓨터빌딩,보라매현대APT)",7071.0,2001-04-09,,사용중,보라매현대아파트 지하주차장 1층,공공용시설,지하,14455.0,14455,37.0,29.0,31.17,126.0,55.0,24.77,37.49216382911691,126.9233045219028,949020.292323,1943813.116741,I,2026-05-08 22:43:29,2026-03-05 17:00:16
3190000,3190000-S200700007,서울특별시 동작구 노량진동 27번지 2호,"서울특별시 동작구 노량진로 100 (노량진동, 기독교TV멀티미디어센터)",6928.0,2007-07-23,,사용중,기독교방송국 지하1~3층,공공용시설,지하,2221.0,2221,37.0,30.0,46.9,126.0,56.0,13.24,37.513133700041806,126.9370247627063,950247.085112,1946132.257807,I,2026-05-08 22:43:27,2026-02-05 13:49:44
3190000,3190000-S200300062,서울특별시 동작구 흑석동 38번지 58호,"서울특별시 동작구 현충로10길 42 (흑석동, 명수대 한양아파트(흑석동))",6981.0,2003-02-17,2023-08-01,사용중지,명수대한양아파트 지하주차장 1층,공공용시설,지하,486.0,486,37.0,30.0,17.81,126.0,58.0,1.08,37.504948215833714,126.96696591303268,952888.009261,1945208.715123,I,2026-05-08 22:43:32,2023-08-01 13:22:01
3190000,3190000-S200900007,서울특별시 동작구 노량진동 311번지 8호,"서울특별시 동작구 장승배기로 108 (노량진동, 청화병원)",6925.0,2009-12-10,2023-12-07,사용중지,청화병원 지하1층,공공용시설,지하,583.0,583,37.0,30.0,25.77,126.0,56.0,24.67,37.50707203884341,126.94006840304986,950512.067021,1945458.146438,I,2026-05-08 22:43:22,2023-12-07 11:22:28
3190000,3190000-S201100002,서울특별시 동작구 노량진동 332번지,"서울특별시 동작구 장승배기로16길 134 (노량진동, 쌍용예가아파트)",6926.0,2011-01-18,,사용중,노량진쌍용예가아파트 지하주차장 1~2층,공공용시설,지하,17738.0,17738,37.0,30.0,35.11,126.0,56.0,35.66,37.51040778069939,126.94308333930796,950780.725972,1945826.646252,I,2026-05-08 22:43:19,2026-02-04 16:07:55
3190000,3190000-S200300044,서울특별시 동작구 상도동 511번지,서울특별시 동작구 상도로 369-0 (상도동),6978.0,2003-02-14,,사용중,숭실대학교 한국기독교박물관 지하주차장 1~2층,공공용시설,지하,4752.44,4752,37.0,29.0,44.25,126.0,57.0,25.11,37.495938823298296,126.95437558237698,951769.414805,1944215.554988,I,2026-05-08 22:43:17,2026-03-17 13:10:27
3190000,3190000-S200300112,서울특별시 동작구 대방동 500번지,"서울특별시 동작구 여의대방로44길 9 (대방동, 성원아파트)",6941.0,2003-02-19,,사용중,성원아파트 지하1층,공공용시설,지하,26297.0,26297,37.0,30.0,32.12,126.0,55.0,31.0,37.5089215193169,126.925278211507,949206.1206882916,1945671.2166996568,I,2026-05-08 22:43:26,2026-03-05 16:45:54
3190000,3190000-S202500003,서울특별시 동작구 상도동 176-3 동작구청,"서울특별시 동작구 장승배기로 70, 동작구청 (상도동)",6963.0,2025-07-28,,사용중,동작구청(신청사) 지하주차장 1~3층,공공용시설,지하,7449.0,7449,37.0,30.0,15.31,126.0,56.0,25.05,37.5042528278923,126.940290470682,950529.8336632112,1945145.254755401,I,2026-05-08 22:43:34,2026-03-05 16:36:22
3190000,3190000-S199900004,서울특별시 동작구 신대방동 370번지 1호,"서울특별시 동작구 여의대방로 112 (신대방동, 농심신대방사옥)",7057.0,1999-11-02,,사용중,농심 지하주차장 1층,공공용시설,지하,7440.0,7440,37.0,29.0,47.83,126.0,55.0,7.55,37.497243912322894,126.9190075207707,948643.914138,1944379.057511,I,2026-05-08 22:43:16,2026-03-05 17:03:15
3190000,3190000-S202300002,서울특별시 동작구 상도동 904 상도역 롯데캐슬 파크엘,"서울특별시 동작구 양녕로 220(상도동, 상도역 롯데캐슬 파크엘)",7032.0,2023-01-10,,사용중,상도역롯데캐슬파크엘 지하주차장5층,공공용시설,지하,9542.0,9542,37.0,30.0,2.27,126.0,56.0,43.14,37.50062923932691,126.9453162209834,950971.670931,1944740.609073,I,2026-05-08 22:43:29,2026-03-05 16:35:44
3190000,3190000-S199900005,서울특별시 동작구 신대방동 425번지,"서울특별시 동작구 보라매로5길 20 (신대방동, 서울특별시보라매병원)",7061.0,1999-09-02,,사용중,시립보라매병원 사랑관 지하주차장 1층,공공용시설,지하,5620.0,5620,37.0,29.0,36.92,126.0,55.0,26.53,37.49302711560642,126.92417006127378,949097.392313,1943908.424763,I,2026-05-08 22:43:18,2026-03-05 17:01:06
3190000,3190000-S200600003,서울특별시 동작구 본동 484번지,"서울특별시 동작구 노량진로32길 156 (본동, 경동윈츠리버아파트)",6907.0,2006-03-31,,사용중,경동윈츠리버아파트 지하주차장 1~2층,공공용시설,지하,8754.0,8754,37.0,30.0,33.74,126.0,57.0,13.79,37.50937273615687,126.95383012024598,951729.847825,1945706.246787,I,2026-05-08 22:43:15,2026-02-04 15:50:17
3190000,3190000-S200300002,서울특별시 동작구 노량진동 128번지 2호,서울특별시 동작구 노량진로 186 (노량진동),6913.0,2003-02-11,,사용중,고려직업전문학교 지하주차장 1층,공공용시설,지하,1322.0,1322,37.0,30.0,47.78,126.0,56.0,47.84,37.51280998358177,126.94633366806208,951069.554663,1946091.461494,I,2026-05-08 22:43:32,2026-02-04 15:37:23
3190000,3190000-S202300001,서울특별시 동작구 상도동 903 e편한세상 상도 노빌리티,"서울특별시 동작구 만양로 6(상도동, e편한세상 상도 노빌리티)",6919.0,2023-01-10,,사용중,e편한세상 상도노빌리티 지하주차장2~3층,공공용시설,지하,41090.57,41090,37.0,30.0,19.25,126.0,56.0,48.61,37.505347659161146,126.94683635586786,951109.11324,1945263.29885,I,2026-05-08 22:43:29,2026-03-05 16:35:14
3190000,3190000-S200300089,서울특별시 동작구 사당동 169번지 8호,"서울특별시 동작구 사당로17길 52 (사당동, 대림아파트)",7005.0,2003-02-19,2023-04-24,사용중지,대림아파트 주차장,공공용시설,지상,360.0,360,37.0,29.0,11.87,126.0,58.0,21.61,37.48548781871218,126.97335720475331,953440.825222,1943046.524627,I,2026-05-08 22:43:23,2023-04-24 09:38:15
3190000,3190000-S202200005,서울특별시 동작구 흑석동 335 흑석한강센트레빌,"서울특별시 동작구 흑석한강로 12(흑석동, 흑석한강센트레빌)",6981.0,2022-08-05,,사용중,흑석한강센트레빌 지하주차장 1~3층,공공용시설,지하,39278.0,39278,37.0,30.0,20.9,126.0,57.0,58.05,37.5058046194861,126.966125896276,952814.3032048668,1945304.1488365664,I,2026-05-08 22:43:34,2026-02-02 12:39:09
3190000,3190000-S200700006,서울특별시 동작구 노량진동 325번지,"서울특별시 동작구 만양로 19 (노량진동, 신동아리버파크아파트)",6920.0,2007-07-23,,사용중,신동아리버파크 지하주차장 1~2층,공공용시설,지하,36975.0,36975,37.0,30.0,28.27,126.0,56.0,36.77,37.506411647993,126.94732760955924,951153.225896,1945381.08702,I,2026-05-08 22:43:27,2026-02-04 15:57:06
3190000,3190000-S200300090,서울특별시 동작구 사당동 169번지 32호,"서울특별시 동작구 사당로13길 86 (사당동, 현대아파트)",7003.0,2003-02-19,,사용중,현대아파트 지하주차장 1층,공공용시설,지하,963.0,963,37.0,29.0,15.76,126.0,58.0,14.48,37.48751566875029,126.97056153735352,953194.930603,1943272.887909,I,2026-05-08 22:43:25,2026-02-27 17:29:58
3190000,3190000-S201400002,서울특별시 동작구 상도동 409번지,서울특별시 동작구 양녕로23길 43 (상도동),7049.0,2014-07-18,,사용중,동아아파트 지하주차장 1층,공공용시설,지하,1374.0,1374,37.0,29.0,46.22,126.0,56.0,24.11,37.496311945461066,126.94032481517236,950527.630222,1944264.243201,I,2026-05-08 22:43:21,2026-02-27 13:03:18
3190000,3190000-S200700008,서울특별시 동작구 노량진동 45번지 3호,"서울특별시 동작구 장승배기로 171 (노량진동, 노량진아이비빌딩)",6928.0,2007-07-23,,사용중,아이비빌딩 지하2~7층,공공용시설,지하,3877.0,3877,37.0,30.0,46.9,126.0,56.0,23.74,37.5130288235864,126.939929145687,950503.6927236002,1946119.0904856003,I,2026-05-08 22:43:27,2026-02-05 13:57:38
3190000,3190000-S200300104,서울특별시 동작구 사당동 1138번지,"서울특별시 동작구 사당로2가길 188 (사당동, 삼호그린아파트)",7031.0,2003-02-19,,사용중,삼호그린아파트 상가주차장 지하1층,공공용시설,지하,7647.0,7647,37.0,29.0,9.75,126.0,57.0,55.4,37.48642845135179,126.96548247348125,952745.22713,1943154.80533,I,2026-05-08 22:43:22,2026-03-05 16:44:36
3190000,3190000-S200300048,서울특별시 동작구 상도동 514번지,"서울특별시 동작구 상도로 지하 378 (상도동, 7호선 숭실대입구역)",7040.0,2003-02-14,,사용중,숭실대입구역(7호선) 지하1~6층,공공용시설,지하,9355.0,9355,37.0,29.0,44.95,126.0,57.0,14.88,37.49515536598162,126.95438220797332,951769.496631,1944128.631803,I,2026-05-08 22:43:17,2026-03-17 13:21:20
3190000,3190000-S200600006,서울특별시 동작구 사당동 1142번지,"서울특별시 동작구 사당로16아길 43 (사당동, 진흥아파트)",7020.0,2006-11-03,,사용중,진흥아파트 지하주차장 1~2층,공공용시설,지하,3743.0,3743,37.0,28.0,49.85,126.0,58.0,10.01,37.48051341248355,126.9694473432462,953092.051688,1942496.587013,I,2026-05-08 22:43:18,2026-03-05 16:58:21
3190000,3190000-S200900004,서울특별시 동작구 흑석동 4번지,"서울특별시 동작구 현충로 지하 90 (흑석동, 9호선 흑석역)",6979.0,2009-08-27,,사용중,흑석역 9호선,공공용시설,지하,7231.0,7231,37.0,30.0,32.96,126.0,57.0,48.62,37.50844424897311,126.96381019040292,952611.299986,1945598.163694,I,2026-05-08 22:43:31,2026-02-02 12:38:16
3190000,3190000-S200300080,서울특별시 동작구 사당동 1008번지 22호,서울특별시 동작구 동작대로 59 (사당동),7014.0,2003-02-17,,사용중,현진빌딩(구 아르테스웨딩홀) 지하주차장 3~5층,공공용시설,지하,12226.0,12226,37.0,28.0,55.21,126.0,58.0,53.3,37.4819484953996,126.9816129600272,954168.539213,1942649.80882,I,2026-05-08 22:43:32,2026-03-30 09:51:48
3190000,3190000-S202300004,서울특별시 동작구 흑석동 340 롯데캐슬 에듀포레,"서울특별시 동작구 서달로 123 (흑석동, 롯데캐슬 에듀포레)",6973.0,2023-08-03,,사용중,롯데캐슬 에듀포레 지하주차장 1~4층,공공용시설,지하,29145.55,29145,37.0,30.0,15.74,126.0,57.0,38.3,37.5043724113515,126.960639172581,952328.4525747668,1945148.0192380669,I,2026-05-08 22:43:13,2026-02-02 12:18:48
3190000,3190000-S200300074,서울특별시 동작구 사당동 1140번지,"서울특별시 동작구 동작대로35아길 14 (사당동, 사당동삼성아파트)",6992.0,2003-02-17,,사용중,사당동삼성아파트 지하주차장 1층,공공용시설,지하,2174.0,2174,37.0,29.0,36.84,126.0,58.0,45.13,37.49331311526007,126.97898264261322,953942.964682,1943911.924389,I,2026-05-08 22:43:29,2026-03-05 17:07:48
3190000,3190000-S201500002,서울특별시 동작구 상도동 533 힐스테이트 상도 프레스티지,"서울특별시 동작구 상도로 346-2 (상도동, 힐스테이트 상도 프레스티지)",7034.0,2015-06-22,,사용중,힐스테이트 상도 프레스티지 지하주차장 1~3층,공공용시설,지하,46484.0,46484,37.0,29.0,43.04,126.0,56.0,53.96,37.49720925581815,126.95000037548635,951383.487986,1944358.752665,I,2026-05-08 22:43:29,2026-03-20 10:43:59
3190000,3190000-S200300013,서울특별시 동작구 노량진동 47번지 2호,"서울특별시 동작구 장승배기로 161 (노량진동, 동작구청)",6928.0,2003-02-14,2025-07-30,사용중지,동작구청(구청사) 지하1층,공공용시설,지하,1286.0,1286,37.0,30.0,44.76,126.0,56.0,21.85,37.51236699144267,126.9398719985887,950498.205179,1946045.694077,I,2026-05-08 22:43:14,2025-07-31 10:45:46
3190000,3190000-S202200006,서울특별시 동작구 사당동 1160 사당 롯데캐슬 골든포레 108동,"서울특별시 동작구 사당로 90, 108동 (사당동, 사당 롯데캐슬 골든포레)",7075.0,2022-12-23,,사용중,사당롯데캐슬골든포레 108동 지하3층주차장,공공용시설,지하,2383.29,2383,37.0,29.0,32.16,126.0,57.0,46.71,37.492265384608096,126.96297446195364,952527.1953,1943803.638229,I,2026-05-08 22:43:29,2026-03-05 16:43:40
3190000,3190000-S200700001,서울특별시 동작구 상도동 418번지,"서울특별시 동작구 상도로 107 (상도동, 쌍용스윗닷홈)",6952.0,2007-02-20,,사용중,쌍용스윗닷홈아파트 지하주차장 1층,공공용시설,지하,12447.0,12447,37.0,30.0,6.46,126.0,55.0,51.88,37.500857986019625,126.93219620116228,949812.139703,1944772.902863,I,2026-05-08 22:43:19,2026-02-06 13:32:17
3190000,3190000-S200600002,서울특별시 동작구 대방동 509번지,"서울특별시 동작구 여의대방로24다길 40 (대방동, 보라매코오롱하늘채아파트)",7055.0,2006-04-03,,사용중,보라매코오롱하늘채아파트 지하1층,공공용시설,지하,5616.0,5616,37.0,29.0,54.03,126.0,55.0,23.72,37.49882348152875,126.92327394246236,949022.116183,1944551.981963,I,2026-05-08 22:43:18,2026-03-05 16:46:12
3190000,3190000-S200300010,서울특별시 동작구 노량진동 330번지,"서울특별시 동작구 만양로 84 (노량진동, 삼익주상복합아파트)",6914.0,2003-02-11,,사용중,삼익주상복합아파트 지하주차장 1층,공공용시설,지하,5246.0,5246,37.0,30.0,40.93,126.0,56.0,42.5,37.51098338640421,126.94468867767364,950922.980883,1945889.667836,I,2026-05-08 22:43:14,2026-02-04 15:44:11
3190000,3190000-S200900002,서울특별시 동작구 본동 475번지 1호,"서울특별시 동작구 노량진로 지하 238 (본동, 9호선 노들역)",6906.0,2009-08-27,,사용중,노들역(9호선) 지하1~2층,공공용시설,지하,9020.0,9020,37.0,30.0,46.21,126.0,57.0,13.31,37.512666975057385,126.95240294835408,951605.841264,1946072.456483,I,2026-05-08 22:43:24,2026-02-04 16:02:40
3190000,3190000-S200300056,서울특별시 동작구 흑석동 335번지 2호,"서울특별시 동작구 흑석한강로 11 (흑석동, 흑석동 주민센터)",6982.0,2003-02-17,2023-06-16,사용중지,흑석동주민센터 지하주차장 1층,공공용시설,지하,291.0,291,37.0,30.0,20.81,126.0,57.0,59.74,37.50583309961159,126.96653133944903,952850.155901,1945307.10532,I,2026-05-08 22:43:09,2023-06-16 17:38:59
3190000,3190000-S200300068,서울특별시 동작구 흑석동 97번지 1호,"서울특별시 동작구 서달로 166 (흑석동, 우리은행흑석동지점)",6979.0,2003-02-17,,사용중,덕봉빌딩 지하주차장 1~2층,공공용시설,지하,1457.0,1457,37.0,30.0,27.93,126.0,57.0,46.31,37.50783121975293,126.96281943795962,952523.347903,1945530.651157,I,2026-05-08 22:43:29,2026-02-02 12:07:14
3190000,3190000-S200800002,서울특별시 동작구 사당동 1141번지,"서울특별시 동작구 사당로20길 119 (사당동, 르메이에르)",7024.0,2008-12-24,,사용중,르메이에르아파트 지하주차장 1층,공공용시설,지하,4824.0,4824,37.0,28.0,42.41,126.0,58.0,25.15,37.47871950156472,126.97383684298056,953479.032886,1942295.386531,I,2026-05-08 22:43:22,2026-03-04 17:20:22
3190000,3190000-S202500002,서울특별시 동작구 신대방동 395-61,"서울특별시 동작구 보라매로5길 지하24, 보라매병원역 (신대방동)",7061.0,2025-03-26,,사용중,보라매병원역 지하1~2층,공공용시설,지하,1520.0,1520,37.0,29.0,34.78,126.0,55.0,25.91,37.4929954616148,126.923865182729,949070.4197193666,1943905.0778492463,I,2026-05-08 22:43:23,2025-07-15 09:26:44
3190000,3190000-S199800001,서울특별시 동작구 신대방동 361번지 2호,"서울특별시 동작구 여의대방로22길 77 (신대방동, 서울동작우체국)",7056.0,1998-02-11,2023-12-07,사용중지,동작우체국 지하1층,공공용시설,지하,320.0,320,37.0,29.0,53.09,126.0,55.0,29.25,37.49792564410782,126.92420193148038,949103.534183,1944451.869985,I,2026-05-08 22:43:25,2023-12-07 11:23:37
3190000,3190000-S200300134,서울특별시 동작구 사당동 1143번지,"서울특별시 동작구 사당로2가길 173 (사당동, 남해오네뜨아파트)",7030.0,2003-09-15,,사용중,남해오네뜨아파트 지하주차장 1층,공공용시설,지하,4944.0,4944,37.0,29.0,14.35,126.0,57.0,54.79,37.48719552819708,126.96524886554788,952725.057928,1943240.024925,I,2026-05-08 22:43:26,2026-03-05 16:42:55
3190000,3190000-S200600004,서울특별시 동작구 본동 492번지,"서울특별시 동작구 매봉로 123 (본동, 본동삼성래미안아파트)",6916.0,2006-03-31,,사용중,삼성래미안아파트 지하주차장 1~3층,공공용시설,지하,20921.0,20921,37.0,30.0,36.77,126.0,56.0,59.17,37.510079732356665,126.95098452294071,951478.811368,1945786.147461,I,2026-05-08 22:43:18,2026-02-04 15:52:34
3190000,3190000-S200700011,서울특별시 동작구 노량진동 327번지,"서울특별시 동작구 만양로3길 78 (노량진동, 신동아리버파크아파트)",6925.0,2007-07-23,,사용중,신동아리버파크 101동 지하주차장 1~2층,공공용시설,지하,6363.0,6363,37.0,30.0,22.9,126.0,56.0,29.72,37.50602463484888,126.94126829008658,950617.42648,1945341.312743,I,2026-05-08 22:43:32,2026-02-04 15:58:52
3190000,3190000-S200900001,서울특별시 동작구 노량진동 60번지 11호,"서울특별시 동작구 노량진로 지하 130 (노량진동, 9호선 노량진역)",6922.0,2009-08-27,,사용중,노량진역(9호선) 지하1~2층,공공용시설,지하,8912.0,8912,37.0,30.0,48.95,126.0,56.0,27.49,37.51336704969423,126.94042663877734,950547.882252,1946156.353142,I,2026-05-08 22:43:22,2026-02-04 16:00:50
3190000,3190000-S200300109,서울특별시 동작구 대방동 350번지 8호,"서울특별시 동작구 여의대방로44길 20 (대방동, 대방동 주민센터)",6944.0,2003-02-19,2023-06-16,사용중지,대방동주민센터 지하1층,공공용시설,지하,231.0,231,37.0,30.0,29.19,126.0,55.0,34.3,37.50812813885933,126.92622012198692,949288.830682,1945582.687665,I,2026-05-08 22:43:25,2023-06-16 17:40:44
3190000,3190000-S200300092,서울특별시 동작구 사당동 1134번지,"서울특별시 동작구 사당로9가길 82 (사당동, 경남아너스빌 아파트)",6988.0,2003-02-19,,사용중,경남아너스빌 지하주차장 1~2층,공공용시설,지하,7550.0,7550,37.0,29.0,18.24,126.0,58.0,2.03,37.48828658208227,126.96726119586089,952903.645325,1943360.061827,I,2026-05-08 22:43:23,2026-02-27 17:30:33
3190000,3190000-S200600009,서울특별시 동작구 상도동 190번지 8호,"서울특별시 동작구 성대로1길 26 (상도동, 동광교회)",6959.0,2006-03-23,,사용중,동광교회 지하주차장 1~3층,공공용시설,지하,2598.0,2598,37.0,30.0,6.84,126.0,56.0,5.85,37.50173911042016,126.93457574351784,950023.05522,1944869.392111,I,2026-05-08 22:43:26,2026-03-03 15:04:59
3190000,3190000-S200300033,서울특별시 동작구 대방동 406번지 10호,"서울특별시 동작구 상도로 지하 76 (대방동, 7호선 신대방삼거리역)",7041.0,2003-02-14,,사용중,신대방삼거리역(7호선) 지하1~3층,공공용시설,지하,8727.0,8727,37.0,29.0,58.84,126.0,55.0,41.3,37.49961044603885,126.92891321976248,949521.116457,1944636.251466,I,2026-05-08 22:43:17,2026-02-06 13:30:01
3190000,3190000-S200600012,서울특별시 동작구 사당동 1133번지,"서울특별시 동작구 사당로23바길 9 (사당동, 동작삼성래미안아파트)",7002.0,2006-03-31,,사용중,삼성래미안아파트 지하주차장 1~3층,공공용시설,지하,44480.0,44480,37.0,29.0,21.54,126.0,58.0,11.26,37.489791122021536,126.97054844708306,953195.193129,1943525.341551,I,2026-05-08 22:43:29,2026-02-27 17:31:07
3190000,3190000-S200300073,서울특별시 동작구 사당동 1137번지,"서울특별시 동작구 동작대로29길 118 (사당동, 신동아아파트)",6998.0,2003-02-17,,사용중,사당신동아아파트5단지 지하주차장 1층,공공용시설,지하,10024.0,10024,37.0,29.0,26.73,126.0,58.0,36.02,37.49036053148637,126.97656103592554,953727.075784,1943585.541451,I,2026-05-08 22:43:11,2026-03-05 17:06:07
3190000,3190000-S200300061,서울특별시 동작구 흑석동 28번지,"서울특별시 동작구 현충로 151 (흑석동, 한강현대아파트)",6904.0,2003-02-17,,사용중,한강현대아파트 지하주차장 1층,공공용시설,지하,4040.0,4040,37.0,30.0,21.52,126.0,58.0,12.76,37.50600567771163,126.9702275887282,953176.953695,1945324.406246,I,2026-05-08 22:43:10,2026-02-02 12:34:29
3190000,3190000-S200600007,서울특별시 동작구 상도동 431번지,"서울특별시 동작구 상도로53길 8 (상도동, 래미안상도3차아파트)",6977.0,2006-11-03,,사용중,"래미안상도3차아파트 지하주차장 P11,P12",공공용시설,지하,16142.3,16142,37.0,29.0,52.63,126.0,57.0,14.31,37.498055419730576,126.95351080940432,951694.335835,1944450.821938,I,2026-05-08 22:43:32,2026-03-17 13:15:59
3190000,3190000-S200300087,서울특별시 동작구 사당동 736번지 1호,"서울특별시 동작구 동작대로 지하 117 (사당동, 총신대입구(이수)역4호선)",7008.0,2003-02-17,,사용중,총신대입구(이수)역(4호선) 지하1~2층,공공용시설,지하,2640.0,2640,37.0,29.0,15.13,126.0,58.0,55.98,37.48708147545163,126.98209511664804,954214.300387,1943219.045196,I,2026-05-08 22:43:22,2026-03-05 16:54:43
3190000,3190000-S201400003,서울특별시 동작구 상도동 445번지,서울특별시 동작구 양녕로23길 9 (상도동),7049.0,2014-07-18,,사용중,경향렉스빌아파트 지하주차장 1~3층,공공용시설,지하,10060.0,10060,37.0,29.0,43.19,126.0,56.0,30.29,37.49551780473779,126.94200044376542,950675.225969,1944175.258681,I,2026-05-08 22:43:21,2026-02-27 13:03:35
3190000,3190000-S200900006,서울특별시 동작구 노량진동 312번지 6호,"서울특별시 동작구 장승배기로 113 (노량진동, 장성빌딩)",6936.0,2009-12-10,,사용중,장성그랜드사우나 지하1~2층,공공용시설,지하,3537.0,3537,37.0,30.0,28.03,126.0,56.0,23.27,37.5077847662847,126.939796010638,950488.4629513,1945537.3626716668,I,2026-05-08 22:43:28,2026-02-05 14:03:20
3200000,3200000-S202400001,서울특별시 관악구 신림동 808-407,서울특별시 관악구 신림로 258 (신림동),8781.0,2024-08-27,,사용중,서원역(신림선) 지하1~2층,공공용시설,지하,766.0,766,37.0,28.0,41.52,126.0,55.0,59.35,37.4781986866061,126.93315395314,949881.6582249332,1942258.482256967,I,2026-03-21 22:28:37,2026-03-20 15:32:06
3200000,3200000-S200500052,서울특별시 관악구 신림동 1695번지,"서울특별시 관악구 신원로 26 (신림동, 신림동부아파트)",8775.0,2005-06-22,,사용중,신림동부아파트 상가101동 지하1층 주차장,공공용시설,지하,4360.0,4360,37.0,28.0,52.92,126.0,55.0,42.67,37.48120745089615,126.92831100683811,949455.486575,1942594.874449,I,2026-02-04 22:28:35,2026-02-03 17:35:10
3200000,3200000-S199200003,서울특별시 관악구 신림동 1563번지 82호,"서울특별시 관악구 미성5길 33 (신림동, 한양아파트)",8865.0,1992-02-01,,사용중,한양아파트 지하1층,공공용시설,지하,873.0,873,37.0,28.0,22.82,126.0,54.0,54.32,37.473323930882216,126.91486961171678,948261.652218,1941727.547809,I,2026-02-04 22:28:35,2026-02-03 19:35:48
3200000,3200000-S200500064,서울특별시 관악구 봉천동 729번지 21호,서울특별시 관악구 보라매로3길 23 (봉천동),8708.0,1999-04-09,,사용중,(주)대교 지하 1~5층 주차장,공공용시설,지하,13389.0,13389,37.0,29.0,27.75,126.0,55.0,31.93,37.491042920195,126.925536457293,949216.8375632002,1943687.552244,I,2026-01-30 22:28:35,2026-01-29 11:14:28
3200000,3200000-S200400012,서울특별시 관악구 봉천동 1712번지,서울특별시 관악구 성현로 80 (봉천동),8725.0,2004-01-01,,사용중,관악드림타운(아) 지하주차장4 (지하1~3층),공공용시설,지하,11002.63,11002,37.0,29.0,20.65,126.0,57.0,7.44,37.49131310855758,126.95116477979182,951482.600713,1943704.010479,I,2026-02-07 22:28:35,2026-02-06 16:51:03
3200000,3200000-S199900005,서울특별시 관악구 봉천동 979번지 7호,"서울특별시 관악구 남부순환로 지하 1721 (봉천동, 2호선 봉천역사)",8757.0,1999-01-01,,사용중,봉천역 지하도(지하1층),공공용시설,지하,9920.0,9920,37.0,28.0,57.2,126.0,56.0,29.3,37.482572550923535,126.941473236417,950620.101763,1942739.339232,I,2026-02-05 22:28:35,2026-02-04 16:00:19
3200000,3200000-S200400009,서울특별시 관악구 봉천동 1712번지,"서울특별시 관악구 성현로 80 (봉천동, 관악드림타운아파트)",8725.0,2004-01-01,,사용중,관악드림타운(아) 지하주차장1 (지하1~5층 ),공공용시설,지하,5982.06,5982,37.0,29.0,16.19,126.0,56.0,59.5,37.49131310855758,126.95116477979182,951482.600713,1943704.010479,I,2026-02-04 22:28:35,2026-02-03 15:28:34
3200000,3200000-S201000010,서울특별시 관악구 봉천동 1717번지,서울특별시 관악구 관악로30길 27 (봉천동),8734.0,2010-06-22,,사용중,관악푸르지오아파트 지하주차장-6 (지하1층),공공용시설,지하,16147.32,16147,37.0,29.0,16.09,126.0,57.0,38.77,37.48597666892366,126.96013875643928,952272.517255,1943107.378564,I,2026-02-04 22:28:35,2026-02-03 16:41:04
3200000,3200000-S200500045,서울특별시 관악구 신림동 646번지 87호,서울특별시 관악구 난곡로26길 43 (신림동),8855.0,2005-01-03,2023-11-06,사용중지,천주교난곡성당 지하1층,공공용시설,지하,367.0,367,37.0,28.0,13.33,126.0,55.0,20.14,37.47026015323495,126.92215772788263,948904.001562,1941383.662125,I,2025-12-15 16:14:09,2023-11-06 14:44:11
3200000,3200000-S200400006,서울특별시 관악구 봉천동 1708번지,"서울특별시 관악구 봉천로 387 (봉천동, 두산아파트)",8750.0,2004-07-01,,사용중,두산아파트 108동 지하1~3층 주차장,공공용시설,지하,9625.0,9625,37.0,29.0,0.79,126.0,56.0,34.53,37.4835535064395,126.942925797393,950749.1690894336,1942847.4092234336,I,2026-02-04 22:28:35,2026-02-03 14:01:00
3200000,3200000-S200500037,서울특별시 관악구 신림동 1694번지,"서울특별시 관악구 신림로29길 8 (신림동, 신림현대아파트)",8845.0,2005-05-02,2023-11-06,사용중지,신림현대아파트 110동 지하1층 주차장,공공용시설,지하,1326.0,1326,37.0,28.0,31.2,126.0,56.0,2.29,37.474882519313965,126.93401175493598,949955.291072,1941890.118433,I,2025-12-15 16:14:09,2023-11-06 14:40:43
3200000,3200000-S199600004,서울특별시 관악구 봉천동 869번지 10호,"서울특별시 관악구 남부순환로 1808 (봉천동, 관악센츄리타워)",8787.0,1996-01-01,,사용중,"관악센추리타워(지하2,3,4층)",공공용시설,지하,2530.74,2530,37.0,28.0,51.89,126.0,57.0,3.32,37.48126091506802,126.95089469677544,951452.220388,1942588.921994,I,2026-02-05 22:28:35,2026-02-04 15:52:38
3200000,3200000-S200700008,서울특별시 관악구 봉천동 1720번지,"서울특별시 관악구 은천로15길 24 (봉천동, 봉천벽산블루밍3차아파트)",8715.0,2007-08-03,,사용중,봉천벽산블루밍3차아파트 601동 지하1~2층 주차장,공공용시설,지하,7917.0,7917,37.0,29.0,15.94,126.0,56.0,39.07,37.48776147421945,126.94418633131936,950863.369724,1943313.59826,I,2026-02-04 22:28:35,2026-02-03 14:04:34
3200000,3200000-S200500023,서울특별시 관악구 남현동 1085-32,"서울특별시 관악구 남현1가길 28, 남성교회 지하1층 (남현동)",8807.0,2005-06-20,,사용중,남성교회 지하1층,공공용시설,지하,1267.2,1267,37.0,28.0,28.68,126.0,58.0,39.28,37.47463430890471,126.9775779574363,953807.293279,1941840.319559,I,2026-02-04 22:28:35,2026-02-03 15:49:02
3200000,3200000-S199200013,서울특별시 관악구 봉천동 1000번지,"서울특별시 관악구 관악로 304 (봉천동, 현대아파트)",8730.0,1992-01-01,,사용중,관악현대아파트 110동 지하1층주차장,공공용시설,지하,1976.87,1976,37.0,29.0,32.19,126.0,57.0,31.3,37.49128776704704,126.95747704592584,952040.597434,1943697.9643,I,2026-02-04 22:28:35,2026-02-03 16:43:26
3200000,3200000-S199400004,서울특별시 관악구 신림동 28번지 9호,"서울특별시 관악구 신림로11길 151 (신림동, 신동아아파트)",8817.0,1994-01-01,2023-11-06,사용중지,신동아아파트 정문 지하1층~지하2층 주차장,공공용시설,지하,2693.16,2693,37.0,27.0,51.98,126.0,56.0,26.4,37.46416232406671,126.94053093572565,950524.657108,1940697.338333,I,2025-12-15 16:14:09,2023-11-06 14:42:29
3200000,3200000-S200300001,서울특별시 관악구 봉천동 1713번지,"서울특별시 관악구 솔밭로7길 16 (봉천동, 낙성대현대홈타운아파트)",8741.0,2003-01-02,,사용중,"낙성대현대홈타운 301,302동 지하1층주차장",공공용시설,지하,12571.96,12571,37.0,28.0,51.55,126.0,57.0,47.6,37.48052756300173,126.96338853842936,952556.377201,1942501.192588,I,2026-02-05 22:28:35,2026-02-04 14:55:27
3200000,3200000-S200400017,서울특별시 관악구 봉천동 1712번지,서울특별시 관악구 성현로 80 (봉천동),8725.0,2004-01-01,,사용중,관악드림타운(아) 지하주차장9 (지하1~3층),공공용시설,지하,19911.18,19911,37.0,29.0,26.36,126.0,57.0,6.14,37.49131310855758,126.95116477979182,951482.600713,1943704.010479,I,2026-02-07 22:28:35,2026-02-06 16:52:19
3200000,3200000-S201000014,서울특별시 관악구 신림동 1456번지 3호,"서울특별시 관악구 관천로 98 (신림동, 신림동공영주차장)",8706.0,2010-12-21,,사용중,신림동공영주차장 지하1층,공공용시설,지하,1260.0,1260,37.0,29.0,14.66,126.0,55.0,24.74,37.4873797308304,126.92324338657194,949011.636051,1943282.38323,I,2026-02-05 22:28:35,2026-02-04 11:32:48
3200000,3200000-S200700012,서울특별시 관악구 봉천동 1718번지 1호,"서울특별시 관악구 양녕로 117 (봉천동, 벽산블루밍아파트)",8715.0,2007-08-03,,사용중,벽산블루밍아파트 301동 지하1~2층 주차장,공공용시설,지하,11249.0,11249,37.0,29.0,30.78,126.0,56.0,35.91,37.49169874810702,126.94307405422988,950767.622453,1943750.995599,I,2026-02-04 22:28:35,2026-02-03 14:05:10
3200000,3200000-S201000003,서울특별시 관악구 신림동 1522번지,"서울특별시 관악구 신림로23길 17 (신림동, 관악청소년회관)",8813.0,2010-06-22,,사용중,관악청소년회관 지하1~2층주차장,공공용시설,지하,905.69,905,37.0,28.0,12.82,126.0,56.0,6.84,37.47016312401843,126.9350042200861,950039.9044,1941366.005041,I,2026-02-04 22:28:35,2026-02-03 16:32:52
3200000,3200000-S201600014,서울특별시 관악구 신림동 507-21 지하 1층,"서울특별시 관악구 남부순환로 1521, 지하 1층 (신림동)",8762.0,2016-01-04,2023-11-06,사용중지,공장(남부순환로 1521) 지하1층,공공용시설,지하,173.0,173,37.0,28.0,58.96,126.0,55.0,10.67,37.48298555289991,126.91963160433684,948689.327137,1942796.838511,I,2025-12-15 16:14:09,2023-11-06 14:35:56
3200000,3200000-S200500036,서울특별시 관악구 신림동 1694번지,"서울특별시 관악구 신림로29길 8 (신림동, 신림현대아파트)",8845.0,2005-05-02,2023-11-06,사용중지,신림현대아파트 108동 지하1층 주차장,공공용시설,지하,2187.0,2187,37.0,28.0,28.81,126.0,55.0,57.48,37.474882519313965,126.93401175493598,949955.291072,1941890.118433,I,2025-12-15 16:14:09,2023-11-06 14:40:26
3200000,3200000-S200500081,서울특별시 관악구 봉천동 1707 은천아파트,"서울특별시 관악구 인헌12길 46-2, 지하1층 (봉천동, 은천아파트)",8797.0,2005-06-20,2023-11-06,사용중지,은천1단지아파트 지하1층주차장,공공용시설,지하,1215.0,1215,37.0,28.0,18.02,126.0,57.0,55.01,37.47094466856969,126.96496648456268,952689.849232,1941437.239257,I,2025-12-15 16:14:09,2023-11-06 14:34:24
3200000,3200000-S201400001,서울특별시 관악구 봉천동 1647 서울인헌중학교,"서울특별시 관악구 인헌9길 35, 서울인헌중학교 지하1층 (봉천동)",8795.0,2014-07-10,2023-06-15,사용중지,인헌중학교,공공용시설,지하,643.0,643,37.0,28.0,23.84,126.0,58.0,10.35,37.47276131430511,126.96882092280242,953031.815919,1941636.854737,I,2025-12-15 16:14:09,2023-06-16 10:11:04
3200000,3200000-S201100006,서울특별시 관악구 신림동 112번지 42호,서울특별시 관악구 신림로 158 (신림동),8838.0,2011-05-06,2025-09-04,사용중지,영광빌딩 지하1~2층 주차장,공공용시설,지하,515.41,515,37.0,28.0,22.54,126.0,56.0,1.94,37.47297244857777,126.93371533572412,949927.807159,1941678.365931,I,2025-12-15 16:14:09,2025-09-04 14:20:58
3200000,3200000-S201100016,서울특별시 관악구 신림동 98번지 401호,"서울특별시 관악구 복은길 129-13 (신림동, 바라본아파트)",8835.0,2011-12-29,2023-11-06,사용중지,바라본아파트 지하1층 주차장,공공용시설,지하,480.0,480,37.0,28.0,31.91,126.0,56.0,32.5,37.47554882372002,126.94250377211664,950706.599552,1941959.561492,I,2025-12-15 16:14:09,2023-11-06 14:41:15
3200000,3200000-S200200004,서울특별시 관악구 봉천동 1706번지,"서울특별시 관악구 관악로30길 12 (봉천동, 봉천우성아파트)",8735.0,2002-01-02,,사용중,봉천우성아파트 104동 지하1층주차장,공공용시설,지하,11305.84,11305,37.0,29.0,7.25,126.0,57.0,35.94,37.48627979337305,126.95825415256895,952106.097405,1943141.965386,I,2026-02-05 22:28:35,2026-02-04 14:53:59
3200000,3200000-S201400002,서울특별시 관악구 봉천동 1655-40 시냇가푸른나무교회,"서울특별시 관악구 인헌1길 29, 시냇가푸른나무교회 지하1층 (봉천동)",8794.0,2014-07-10,,사용중,시냇가푸른나무교회 지하1층,공공용시설,지하,789.37,789,37.0,28.0,29.11,126.0,58.0,7.45,37.4747526361346,126.968735612409,953025.5188286668,1941857.8212929664,I,2026-02-05 22:28:35,2026-02-04 14:09:48
3200000,3200000-S200500039,서울특별시 관악구 신림동 617번지 3호,서울특별시 관악구 난우길 2 (신림동),8854.0,2005-01-03,2023-11-06,사용중지,프린스빌딩 지하1층,공공용시설,지하,267.0,267,37.0,28.0,23.62,126.0,55.0,8.97,37.473179911037406,126.91903205627862,948629.608275,1941709.290991,I,2025-12-15 16:14:09,2023-11-06 14:43:36
3200000,3200000-S199200008,서울특별시 관악구 봉천동 1000번지,서울특별시 관악구 관악로 304 (봉천동),8730.0,1992-04-27,,사용중,관악현대아파트 114동 지하1층주차장,공공용시설,지하,505.0,505,37.0,29.0,34.67,126.0,57.0,34.79,37.49128776704704,126.95747704592584,952040.597434,1943697.9643,I,2026-02-04 22:28:35,2026-02-03 16:38:51
3200000,3200000-S201100002,서울특별시 관악구 봉천동 1670번지 7호,서울특별시 관악구 행운1길 43 (봉천동),8739.0,2011-01-03,2023-06-29,사용중지,"행운동주민센터 지하1,2,3층",공공용시설,지하,430.0,430,37.0,28.0,50.44,126.0,57.0,25.19,37.48065318528264,126.95708962711848,951999.545299,1942518.322091,I,2025-12-15 16:14:09,2023-06-29 15:38:14
3200000,3200000-S200200007,서울특별시 관악구 봉천동 1706번지,"서울특별시 관악구 관악로30길 12 (봉천동, 봉천우성아파트)",8735.0,2002-01-02,,사용중,봉천우성아파트 108동 지하1층주차장,공공용시설,지하,3834.73,3834,37.0,29.0,2.65,126.0,57.0,38.3,37.48627979337305,126.95825415256895,952106.097405,1943141.965386,I,2026-02-05 22:28:35,2026-02-04 14:54:53
3200000,3200000-S200500076,서울특별시 관악구 신림동 1412번지 2호,"서울특별시 관악구 남부순환로 1643-0 (신림동, 서울관악우체국)",8755.0,1996-07-01,,사용중,관악우체국 지하1~2층,공공용시설,지하,3901.0,3901,37.0,29.0,6.03,126.0,55.0,59.58,37.48489088628354,126.93318997067853,949889.312352,1943000.920604,I,2026-02-05 22:28:35,2026-02-04 11:31:55
3200000,3200000-S200500082,서울특별시 관악구 봉천동 1707-1 은천아파트,"서울특별시 관악구 인헌12길 46-1, 지하1층 (봉천동, 은천아파트)",8797.0,2005-06-20,2023-11-06,사용중지,은천2단지아파트 지하1층주차장,공공용시설,지하,1283.0,1283,37.0,28.0,10.82,126.0,57.0,51.25,37.47067495681763,126.96485693369152,952679.992133,1941407.371567,I,2025-12-15 16:14:09,2023-11-06 14:34:45
3200000,3200000-S200800013,서울특별시 관악구 신림동 1735번지,서울특별시 관악구 난곡로 55 (신림동),8862.0,2008-01-31,,사용중,관악산휴먼시아A(220-4동) 지하1~3층 주차장,공공용시설,지하,5247.0,5247,37.0,27.0,30.5,126.0,55.0,13.82,37.46042939361695,126.91918557432813,948634.459528,1940294.620052,I,2026-02-07 22:28:35,2026-02-06 11:59:26
3200000,3200000-S201000001,서울특별시 관악구 봉천동 272 서울시 관악복합평생교육센터,"서울특별시 관악구 낙성대로 70, 서울시 관악복합평생교육센터 (봉천동)",8790.0,2010-06-08,,사용중,서울시민대학 다시가는캠퍼스 지하1층,공공용시설,지하,2917.18,2917,37.0,28.0,19.67,126.0,57.0,29.99,37.47236742885252,126.9584657580829,952115.927956,1941598.370623,I,2026-02-04 22:28:35,2026-02-03 16:43:13
3200000,3200000-S199100001,서울특별시 관악구 봉천동 853번지 1호,"서울특별시 관악구 남부순환로 1836 (봉천동, 호산빌딩)",8788.0,1991-10-19,,사용중,호산빌딩 주차장 지하2~3층,공공용시설,지하,1383.85,1383,37.0,28.0,50.05,126.0,57.0,13.54,37.48064358401488,126.95379406094312,951708.165193,1942518.942053,I,2026-02-04 22:28:35,2026-02-03 16:44:00
3200000,3200000-S200500003,서울특별시 관악구 신림동 1467번지 10호,서울특별시 관악구 남부순환로 지하 1614 (신림동),8768.0,2005-06-20,,사용중,신림역(지하철) 지하1~2층,공공용시설,지하,3036.0,3036,37.0,29.0,3.18,126.0,55.0,47.29,37.4842175935473,126.929803358346,949589.4528763,1942928.0308908,I,2026-03-21 22:28:37,2026-03-20 17:14:59
3200000,3200000-S201400004,서울특별시 관악구 봉천동 1656-15 정호진 아트힐,"서울특별시 관악구 남부순환로 1962, 정호진 아트힐 지하2층 (봉천동)",8793.0,2014-07-10,,사용중,정호진아트힐 지하1층 주차장,공공용시설,지하,378.1,378,37.0,28.0,32.2,126.0,57.0,59.51,37.4756101901598,126.966529323606,952830.9759192334,1941954.0641323335,I,2026-02-05 22:28:35,2026-02-04 14:46:54
3200000,3200000-S200500030,서울특별시 관악구 신림동 1694번지,"서울특별시 관악구 신림로29길 8 (신림동, 신림현대아파트)",8845.0,2005-05-02,2023-11-06,사용중지,신림현대아파트 101동 지하1~2층 주차장,공공용시설,지하,1564.0,1564,37.0,28.0,29.5,126.0,55.0,48.23,37.474882519313965,126.93401175493598,949955.291072,1941890.118433,I,2025-12-15 16:14:09,2023-11-06 14:37:19
3200000,3200000-S202500003,서울특별시 관악구 신림동 404-6,,,2025-01-22,2025-01-23,사용중지,양산교,공공용시설,지상,157.0,157,,,,,,,,,,,I,2025-12-15 16:14:09,2025-01-23 09:53:12
3200000,3200000-S199200011,서울특별시 관악구 봉천동 1000번지,"서울특별시 관악구 관악로 304-0 (봉천동, 현대아파트)",8730.0,1992-04-27,,사용중,관악현대아파트 118동 지하1층주차장,공공용시설,지하,525.0,525,37.0,29.0,34.37,126.0,57.0,37.82,37.49128776704704,126.95747704592584,952040.597434,1943697.9643,I,2026-02-04 22:28:35,2026-02-03 16:39:30
3200000,3200000-S200500015,서울특별시 관악구 봉천동 1705번지,"서울특별시 관악구 양녕로6나길 18 (봉천동, 신봉아파트)",8746.0,2004-06-17,,사용중,신봉아파트101동 지하1층,공공용시설,지하,174.0,174,37.0,29.0,6.5,126.0,56.0,57.92,37.4851389748887,126.949422008296,951324.5312338334,1943019.928525867,I,2026-02-05 22:28:35,2026-02-04 14:53:21
3200000,3200000-S199800001,서울특별시 관악구 신림동 1706번지,"서울특별시 관악구 신림로3가길 7 (신림동, 신림2차금호타운아파트)",8816.0,1998-06-01,,사용중,금호2차아파트 201동 지하1~2층 주차장,공공용시설,지하,4203.97,4203,37.0,28.0,5.55,126.0,56.0,39.57,37.46860180135765,126.9444103069872,950870.628415,1941187.83832,I,2026-02-05 22:28:35,2026-02-04 10:32:00
3200000,3200000-S199900003,서울특별시 관악구 봉천동 875번지 1호,서울특별시 관악구 남부순환로 1802 (봉천동),8786.0,1999-01-01,,사용중,관악캠퍼스타워(지하2~3층),공공용시설,지하,1716.08,1716,37.0,28.0,52.48,126.0,57.0,1.28,37.48131786873738,126.95024999852058,951395.25743,1942595.573252,I,2026-02-05 22:28:35,2026-02-04 15:57:29
3200000,3200000-S200100003,서울특별시 관악구 신림동 763번지,"서울특별시 관악구 난곡로 251 (신림동, 한라타운아파트)",8864.0,2001-06-29,,사용중,한라타운아파트 지하1층,공공용시설,지하,1652.9,1652,37.0,28.0,35.33,126.0,54.0,56.0,37.47646788395476,126.91559153522132,948327.651301,1942075.953159,I,2026-02-04 22:28:35,2026-02-03 19:40:14
3200000,3200000-S200200014,서울특별시 관악구 봉천동 1539번지 1호,"서울특별시 관악구 쑥고개로 44 (봉천동, 청룡동주민센터)",8830.0,2003-11-14,2023-06-29,사용중지,청룡동 주민센터(지하1층),공공용시설,지하,255.0,255,37.0,28.0,45.07,126.0,56.0,30.08,37.47918183790831,126.94159573349285,950628.70098,1942363.096871,I,2025-12-15 16:14:09,2023-06-29 15:35:31
3200000,3200000-S201100004,서울특별시 관악구 봉천동 859번지 17호,"서울특별시 관악구 관악로 195 (봉천동, 관악위버폴리스)",8745.0,2011-05-03,,사용중,관악 위버폴리스 (지하2~6층),공공용시설,지하,9062.0,9062,37.0,28.0,57.52,126.0,57.0,11.72,37.4826444535823,126.953255436201,951661.8322845668,1942741.2021499,I,2026-02-05 22:28:35,2026-02-04 15:01:48
3200000,3200000-S200400023,서울특별시 관악구 봉천동 1712번지,서울특별시 관악구 성현로 80 (봉천동),8725.0,2004-01-01,,사용중,관악드림타운(아) 지하주차장15 (지하1~2층),공공용시설,지하,2489.88,2489,37.0,29.0,26.84,126.0,56.0,54.29,37.49131310855758,126.95116477979182,951482.600713,1943704.010479,I,2026-02-07 22:28:35,2026-02-06 16:53:25
3200000,3200000-S200400021,서울특별시 관악구 봉천동 1712번지,서울특별시 관악구 성현로 80 (봉천동),8725.0,2004-01-01,,사용중,관악드림타운(아) 지하주차장13 (지하1~4층),공공용시설,지하,16579.55,16579,37.0,29.0,29.18,126.0,57.0,1.16,37.49131310855758,126.95116477979182,951482.600713,1943704.010479,I,2026-02-07 22:28:35,2026-02-06 16:53:04
3200000,3200000-S200700004,서울특별시 관악구 신림동 1726번지,"서울특별시 관악구 양지길 52-1 (신림동, 관악우정하이비젼아파트2단지)",8846.0,2007-12-12,,사용중,관악우정하이비젼아파트2단지 지하1층,공공용시설,지하,3481.0,3481,37.0,28.0,14.34,126.0,55.0,38.77,37.47084078990704,126.9275016993,949376.940702,1941445.194074,I,2026-02-05 22:28:35,2026-02-04 15:21:37
3200000,3200000-S200400019,서울특별시 관악구 봉천동 1712번지,서울특별시 관악구 성현로 80 (봉천동),8725.0,2004-01-01,,사용중,관악드림타운(아) 지하주차장11 (지하1~3층),공공용시설,지하,4916.96,4916,37.0,29.0,23.13,126.0,56.0,58.13,37.49131310855758,126.95116477979182,951482.600713,1943704.010479,I,2026-02-07 22:28:35,2026-02-06 16:52:41
3200000,3200000-S198800001,서울특별시 관악구 신림동 721번지 2호,서울특별시 관악구 난곡로35길 28-5 (신림동),8858.0,1988-01-05,,사용중,"건영아파트 나동, 다동 (지하1층)",공공용시설,지하,1200.01,1200,37.0,28.0,18.47,126.0,55.0,3.72,37.47186625386843,126.91770709388588,948511.550149,1941564.272684,U,2026-04-10 03:03:03,2026-04-09 09:04:14
3200000,3200000-S200800020,서울특별시 관악구 신림동 209-1 관악문화관도서관,"서울특별시 관악구 신림로3길 35, 관악문화관도서관 (신림동)",8825.0,2008-07-16,,사용중,관악문화재단 지하 2층,공공용시설,지하,1547.26,1547,37.0,28.0,3.05,126.0,56.0,41.67,37.46776224901819,126.94471260375678,950896.810813,1941094.537872,I,2026-02-05 22:28:35,2026-02-04 10:32:18
3200000,3200000-S200500077,서울특별시 관악구 신림동 1421번지 29호,"서울특별시 관악구 신림로 344 (신림동, SK허브그린)",8754.0,2005-07-01,,사용중,sk허브그린 지하2~4층,공공용시설,지하,2470.0,2470,37.0,29.0,6.44,126.0,55.0,48.12,37.4850650170252,126.92986436657318,949595.415939,1943022.014608,I,2026-02-05 22:28:35,2026-02-04 11:32:07
3200000,3200000-S200400018,서울특별시 관악구 봉천동 1712번지,서울특별시 관악구 성현로 80 (봉천동),8725.0,2004-01-01,,사용중,관악드림타운(아) 지하주차장10 (지하1~3층),공공용시설,지하,2821.86,2821,37.0,29.0,21.56,126.0,56.0,56.24,37.49131310855758,126.95116477979182,951482.600713,1943704.010479,I,2026-02-07 22:28:35,2026-02-06 16:52:29
3200000,3200000-S200500066,서울특별시 관악구 봉천동 1696번지,서울특별시 관악구 보라매로5길 5 (봉천동),8708.0,1999-04-09,,사용중,보라매우성아파트 지하 1~3층 주차장,공공용시설,지하,10239.0,10239,37.0,29.0,32.76,126.0,55.0,31.59,37.49250328063532,126.92547060629964,949212.005075,1943849.60593,I,2026-01-30 22:28:35,2026-01-29 11:14:43
3200000,3200000-S202300002,서울특별시 관악구 봉천동 985 신림선 당곡역 역사,"서울특별시 관악구 보라매로 4, 인접 경전철 역사(당곡역) (봉천동)",8722.0,2023-06-14,,사용중,당곡역(신림선 지하1~2층),공공용시설,지하,2172.0,2172,37.0,29.0,23.86,126.0,55.0,40.72,37.4899597225784,126.927978659466,949432.0023600666,1943566.0633495003,I,2026-02-07 22:28:35,2026-02-06 17:04:44
3200000,3200000-S200500091,서울특별시 관악구 봉천동 1703번지 1호,서울특별시 관악구 관악로37길 20 (봉천동),8726.0,2005-07-05,,사용중,봉천동아아파트 201-4동 지하주차장 (지하1층),공공용시설,지하,13169.3,13169,37.0,29.0,16.44,126.0,57.0,22.63,37.48863646948768,126.9566820119282,951968.617658,1943404.224735,I,2026-02-07 22:28:35,2026-02-06 16:54:39
3200000,3200000-S199300002,서울특별시 관악구 신림동 1693번지,"서울특별시 관악구 호암로 417 (신림동, 국제산장아파트)",8848.0,1993-08-24,,사용중,국제산장아파트 지하1층,공공용시설,지하,6704.16,6704,37.0,27.0,39.14,126.0,55.0,37.93,37.46034221899137,126.92755585263504,949374.650373,1940280.417305,I,2026-02-05 22:28:35,2026-02-04 15:05:22
3200000,3200000-S200800021,서울특별시 관악구 신림동 1732번지,"서울특별시 관악구 신림로7길 34 (신림동, 서초그린아파트)",8814.0,2008-12-03,,사용중,서초그린아파트 101동 지하1층 주차장,공공용시설,지하,782.0,782,37.0,28.0,8.63,126.0,56.0,28.91,37.46905967362586,126.94146972543724,950610.899421,1941240.174235,I,2026-02-04 22:28:35,2026-02-03 17:26:46
3200000,3200000-S200800010,서울특별시 관악구 신림동 1735번지,서울특별시 관악구 난곡로 55 (신림동),8862.0,2008-01-31,,사용중,관악산휴먼시아A(228동-231동) 지하1~2층주차장,공공용시설,지하,5656.0,5656,37.0,27.0,29.62,126.0,55.0,4.88,37.46042939361695,126.91918557432813,948634.459528,1940294.620052,I,2026-02-07 22:28:35,2026-02-06 11:56:34
3200000,3200000-S200500047,서울특별시 관악구 신림동 86번지 3호,"서울특별시 관악구 신림로 318 (신림동, 청암두산위브센티움)",8777.0,2005-06-21,,사용중,청암두산위브센티움 지하2~6층 주차장,공공용시설,지하,10459.0,10459,37.0,28.0,57.27,126.0,55.0,48.91,37.4825754463728,126.930252882863,949628.0927748,1942745.6043007667,I,2026-03-21 22:28:37,2026-03-20 16:41:05
3200000,3200000-S201600012,서울특별시 관악구 신림동 527-13 삼남빌딩 지하주차장 1~2층,"서울특별시 관악구 남부순환로 1485, 삼남빌딩 지하주차장 1~2층 (신림동)",8761.0,2016-01-04,,사용중,삼남빌딩 지하주차장(지하1~2층),공공용시설,지하,1468.0,1468,37.0,28.0,56.16,126.0,54.0,56.39,37.4822679186497,126.915664150733,948338.0651916,1942719.3909993332,I,2026-01-31 22:28:35,2026-01-30 12:56:20
3200000,3200000-S199200006,서울특별시 관악구 봉천동 1000번지,서울특별시 관악구 관악로 304 (봉천동),8730.0,1992-04-27,,사용중,관악현대아파트 103동 지하1층주차장,공공용시설,지하,916.0,916,37.0,29.0,29.16,126.0,57.0,27.53,37.49128776704704,126.95747704592584,952040.597434,1943697.9643,I,2026-02-04 22:28:35,2026-02-03 16:38:25
3200000,3200000-S200400015,서울특별시 관악구 봉천동 1712번지,서울특별시 관악구 성현로 80 (봉천동),8725.0,2004-01-01,,사용중,관악드림타운(아) 지하주차장7 (지하1~3층),공공용시설,지하,4922.73,4922,37.0,29.0,23.37,126.0,57.0,3.48,37.49131310855758,126.95116477979182,951482.600713,1943704.010479,I,2026-02-07 22:28:35,2026-02-06 16:51:48
3200000,3200000-S200400008,서울특별시 관악구 봉천동 1708번지 1호,"서울특별시 관악구 은천로 86 (봉천동, 두산아파트)",8751.0,2004-07-01,,사용중,두산아파트 210동 지하1~3층 주차장,공공용시설,지하,34227.0,34227,37.0,29.0,12.3,126.0,56.0,41.71,37.4867499588804,126.944919156316,950927.4938736334,1943200.9946883332,I,2026-02-04 22:28:35,2026-02-03 14:04:23
3200000,3200000-S199900004,서울특별시 관악구 봉천동 1700번지,"서울특별시 관악구 관악로5길 42 (봉천동, 갑을아파트)",8833.0,1999-01-01,,사용중,갑을아파트(지하1층),공공용시설,지하,2262.22,2262,37.0,28.0,31.26,126.0,57.0,7.18,37.47481987736819,126.95205362251887,951550.526435,1941873.73342,I,2026-02-05 22:28:35,2026-02-04 15:58:54
3200000,3200000-S200400013,서울특별시 관악구 봉천동 1712번지,서울특별시 관악구 성현로 80 (봉천동),8725.0,2004-01-01,,사용중,관악드림타운(아) 지하주차장5 (지하1~3층),공공용시설,지하,6377.8,6377,37.0,29.0,22.36,126.0,57.0,9.72,37.49131310855758,126.95116477979182,951482.600713,1943704.010479,I,2026-02-07 22:28:35,2026-02-06 16:51:23
3200000,3200000-S200400027,서울특별시 관악구 봉천동 1712번지 1호,"서울특별시 관악구 구암길 106 (봉천동, 관악드림타운아파트)",8725.0,2004-01-02,2023-11-06,사용중지,관악드림타운임대(아) 지하주차장16 (지하1~4층),공공용시설,지하,6161.0,6161,37.0,29.0,28.47,126.0,56.0,54.94,37.49191466757973,126.9470259868528,951117.117746,1943772.890965,I,2025-12-15 16:14:09,2023-11-06 14:44:35
3200000,3200000-S200800007,서울특별시 관악구 신림동 1735번지 2호,"서울특별시 관악구 난곡로 63 (신림동, 관악산휴먼시아아파트)",8862.0,2008-01-31,,사용중,관악산휴먼시아A(임대) 지하1~2층 주차장,공공용시설,지하,6778.0,6778,37.0,27.0,38.75,126.0,55.0,5.47,37.46127940391286,126.91890691587234,948610.397295,1940389.075073,U,2026-04-10 03:03:03,2026-04-09 09:04:39
3200000,3200000-S201600020,서울특별시 관악구 신림동 458-1 은천성결교회 지하 1층,"서울특별시 관악구 관천로 119, 은천성결교회 지하 1층 (신림동)",8703.0,2016-01-04,2023-11-06,사용중지,은천성결교회 지하1층,공공용시설,지하,451.0,451,37.0,29.0,18.12,126.0,55.0,15.6,37.48843129527876,126.92105392014908,948818.791267,1943400.235984,I,2025-12-15 16:14:09,2023-11-06 14:36:50
3200000,3200000-S200500087,서울특별시 관악구 봉천동 1703번지,서울특별시 관악구 관악로 285 (봉천동),8726.0,2005-07-05,,사용중,성현동아아파트 103-5동 지하주차장 (지하1층),공공용시설,지하,6332.5,6332,37.0,29.0,24.73,126.0,57.0,21.67,37.48919238205994,126.95686360474978,951985.027115,1943465.807118,I,2026-02-07 22:28:35,2026-02-06 16:54:05
3200000,3200000-S201400005,서울특별시 관악구 봉천동 1659-5 경동제약빌딩,"서울특별시 관악구 남부순환로 1926, 경동제약빌딩 지하3층 (봉천동)",8793.0,2014-07-10,,사용중,경동제약 지하1~3층 주차장,공공용시설,지하,1570.0,1570,37.0,28.0,36.61,126.0,57.0,47.35,37.47692327957955,126.96310174719602,952528.740803,1942101.46525,I,2026-02-05 22:28:35,2026-02-04 15:11:24
3200000,3200000-S201600017,서울특별시 관악구 신림동 508-10 지하 1층,"서울특별시 관악구 관천로11길 124, 지하 1층 (신림동)",8762.0,2016-01-04,2023-11-06,사용중지,신사베드로성당 지하1층,공공용시설,지하,1111.0,1111,37.0,29.0,0.4,126.0,55.0,5.23,37.4832788680917,126.91806516305508,948551.037133,1942830.234856,I,2025-12-15 16:14:09,2023-11-06 14:36:14
3200000,3200000-S200600028,서울특별시 관악구 봉천동 296번지,"서울특별시 관악구 낙성대로 37 (봉천동, 낙성대현대아파트)",8792.0,2006-10-30,,사용중,낙성대현대아파트 주차장 지하1~2층,공공용시설,지하,5478.69,5478,37.0,28.0,31.06,126.0,57.0,33.83,37.47514328749487,126.95930215832728,952191.653737,1941905.908991,I,2026-02-04 22:28:35,2026-02-03 16:42:33
3200000,3200000-S200500048,서울특별시 관악구 신림동 1638-1 삼모 더 프라임 타워,"서울특별시 관악구 신원로 35, 삼모 더 프라임 타워 (신림동)",8776.0,2011-11-23,,사용중,삼모더프라임타워 지하2~8층 주차장,공공용시설,지하,13422.0,13422,37.0,28.0,56.32,126.0,55.0,44.48,37.4823122223543,126.92902340526,949519.2154022,1942717.059727767,I,2026-03-21 22:28:37,2026-03-20 16:47:40
3200000,3200000-S200200001,서울특별시 관악구 봉천동 1706번지,"서울특별시 관악구 관악로30길 12 (봉천동, 봉천우성아파트)",8735.0,2002-01-02,,사용중,봉천우성아파트 101동 지하1층주차장,공공용시설,지하,2737.2,2737,37.0,29.0,10.61,126.0,57.0,29.71,37.4862797934431,126.958254152564,952106.0974045668,1943141.9653862,I,2026-02-05 22:28:35,2026-02-04 14:48:27
3200000,3200000-S200500035,서울특별시 관악구 신림동 1694번지,"서울특별시 관악구 신림로29길 8 (신림동, 신림현대아파트)",8845.0,2005-05-02,2023-11-06,사용중지,신림현대아파트 106동 지하1층 주차장,공공용시설,지하,1435.0,1435,37.0,28.0,31.35,126.0,55.0,58.1,37.474882519313965,126.93401175493598,949955.291072,1941890.118433,I,2025-12-15 16:14:09,2023-11-06 14:39:47
3200000,3200000-S201600002,서울특별시 관악구 신림동 1720번지,"서울특별시 관악구 남부순환로166길 90 (신림동, 에셀비전21아파트)",8773.0,2016-06-16,,사용중,에셀비전21 아파트 지하1~2층 주차장,공공용시설,지하,36296.0,36296,37.0,28.0,46.34,126.0,55.0,24.79,37.479598396618165,126.92354205064476,949032.754103,1942418.930706,I,2026-02-04 22:28:35,2026-02-03 17:35:39
3200000,3200000-S200500059,서울특별시 관악구 신림동 668번지 11호,"서울특별시 관악구 난곡로 84 (신림동, 유신교회)",8860.0,2005-06-22,,사용중,유신감리교회 지하식당,공공용시설,지하,665.18,665,37.0,27.0,46.47,126.0,55.0,9.76,37.46287558285203,126.91931850875064,948647.888945,1940565.936166,I,2026-02-07 22:28:35,2026-02-06 11:05:01
3200000,3200000-S200800011,서울특별시 관악구 신림동 1735번지,서울특별시 관악구 난곡로 55 (신림동),8862.0,2008-01-31,,사용중,"관악산휴먼시아A(225-7동,232동)지하1~2층주차장",공공용시설,지하,5202.0,5202,37.0,27.0,28.84,126.0,55.0,9.4,37.46042939361695,126.91918557432813,948634.459528,1940294.620052,I,2026-02-07 22:28:35,2026-02-06 12:01:15
3200000,3200000-S200400007,서울특별시 관악구 봉천동 1708번지,"서울특별시 관악구 봉천로 387 (봉천동, 두산아파트)",8750.0,2004-07-01,,사용중,두산아파트 114동 지하1~3층 주차장,공공용시설,지하,31614.0,31614,37.0,29.0,0.79,126.0,56.0,34.53,37.4835535064395,126.942925797393,950749.1690894336,1942847.4092234336,I,2026-02-04 22:28:35,2026-02-03 14:04:12
3200000,3200000-S202500004,서울특별시 관악구 신림동 808-133,,,2025-01-22,2025-01-23,사용중지,충무교,공공용시설,지하,369.0,369,,,,,,,,,,,I,2025-12-15 16:14:09,2025-01-23 09:53:33
3200000,3200000-S200600001,서울특별시 관악구 남현동 1084-1 예성그린캐슬아파트,"서울특별시 관악구 남현7길 20, 지하1층 (남현동, 예성그린캐슬아파트)",8807.0,2006-01-11,,사용중,예성그린캐슬1차아파트 주차장 지하1층,공공용시설,지하,1311.0,1311,37.0,28.0,23.74,126.0,58.0,36.54,37.47324395047461,126.97673259545724,953731.688487,1941686.483524,I,2026-02-04 22:28:35,2026-02-03 15:49:12
3200000,3200000-S200600030,서울특별시 관악구 신림동 1698번지,"서울특별시 관악구 호암로 541 (신림동, 신림태흥아파트)",8848.0,2006-11-01,,사용중,신림태흥아파트 지하1층,공공용시설,지하,1517.0,1517,37.0,27.0,57.6,126.0,55.0,51.78,37.4659979711506,126.93112578565122,949694.157447,1940905.973003,I,2026-02-05 22:28:35,2026-02-04 15:16:40
3200000,3200000-S200500089,서울특별시 관악구 봉천동 1703번지,서울특별시 관악구 관악로 285 (봉천동),8726.0,2005-07-05,,사용중,성현동아아파트109동 지하주차장 (지하1층),공공용시설,지하,5805.0,5805,37.0,29.0,21.51,126.0,57.0,19.55,37.48919238205994,126.95686360474978,951985.027115,1943465.807118,I,2026-02-07 22:28:35,2026-02-06 16:54:29
3200000,3200000-S200300004,서울특별시 관악구 신림동 1722번지,서울특별시 관악구 조원로16길 7 (신림동),8767.0,2003-01-02,,사용중,신도브래뉴아파트 지하 1~2층 주차장,공공용시설,지하,10871.0,10871,37.0,29.0,1.94,126.0,54.0,39.45,37.4838718212793,126.910958384557,947923.1313848,1942899.9266236671,I,2026-02-05 22:28:35,2026-02-04 12:24:02
3200000,3200000-S197500001,서울특별시 관악구 신림동 56번지 1호,"서울특별시 관악구 관악로 1 (신림동, 서울대학교)",8826.0,1975-12-31,,사용중,서울대학교 농업생명과학대학 지하1~2층 주차장,공공용시설,지하,6773.44,6773,37.0,27.0,28.58,126.0,56.0,54.3,37.46629813475918,126.94837058947726,951219.332017,1940930.203276,I,2026-02-04 22:28:35,2026-02-03 17:25:47
3200000,3200000-S200500053,서울특별시 관악구 신림동 1695번지,"서울특별시 관악구 신원로 26 (신림동, 신림동부아파트)",8775.0,2005-06-22,,사용중,신림동부아파트 지하1층 주차장,공공용시설,지하,6890.0,6890,37.0,28.0,50.2,126.0,55.0,46.04,37.48120745089615,126.92831100683811,949455.486575,1942594.874449,I,2026-02-04 22:28:35,2026-02-03 17:35:25
3200000,3200000-S202500001,서울특별시 관악구 신림동 112-42,서울특별시 관악구 신림로 158 (신림동),8838.0,2025-01-21,2025-04-04,사용중지,영광빌딩 지하1~2층 주차장,공공용시설,지하,515.41,515,37.0,28.0,22.55,126.0,56.0,1.95,37.4729297395953,126.933875645225,949941.9537307464,1941673.5424113704,I,2025-12-15 16:14:09,2025-04-04 09:34:15
3200000,3200000-S202500002,서울특별시 관악구 신림동 1694-7 서림동주민센터,"서울특별시 관악구 신림로29길 6, 서림동주민센터 (신림동)",8845.0,2025-01-21,2025-04-04,사용중지,서림동주민센터 지하,공공용시설,지하,165.0,165,37.0,28.0,29.99,126.0,56.0,6.0,37.4749958489488,126.93499959113,950042.7117782095,1941902.1671059737,I,2025-12-15 16:14:09,2025-04-04 09:20:17
3200000,3200000-S200800015,서울특별시 관악구 신림동 1735번지,서울특별시 관악구 난곡로 55 (신림동),8862.0,2008-01-31,,사용중,"관악산휴먼시아A(210-1동,217동)지하1~3층주차장",공공용시설,지하,3373.0,3373,37.0,27.0,33.41,126.0,55.0,16.05,37.46042939361695,126.91918557432813,948634.459528,1940294.620052,I,2026-02-07 22:28:35,2026-02-06 12:10:42
3200000,3200000-S199700004,서울특별시 관악구 봉천동 1697번지,"서울특별시 관악구 청룡7길 55 (봉천동, 선경아파트)",8786.0,1997-01-01,,사용중,선경아파트 (지하1층),공공용시설,지하,1088.05,1088,37.0,28.0,47.43,126.0,56.0,56.76,37.47970540445108,126.949109642848,951293.388328,1942417.269914,I,2026-02-05 22:28:35,2026-02-04 15:55:44
3200000,3200000-S199800002,서울특별시 관악구 신림동 1686번지,"서울특별시 관악구 미성길 122 (신림동, 신림동쌍용아파트)",8866.0,1998-06-27,,사용중,쌍용아파트 지하1층,공공용시설,지하,3596.71,3596,37.0,28.0,20.43,126.0,54.0,42.06,37.47177733648802,126.91200509063756,948007.292135,1941557.540604,I,2026-02-04 22:28:35,2026-02-03 19:37:33
3200000,3200000-S200700006,서울특별시 관악구 신림동 366번지,"서울특별시 관악구 양지길 63 (신림동, 원신공영주차장)",8846.0,2007-12-12,,사용중,원신공영주차장 지하1층,공공용시설,지하,5233.8,5233,37.0,28.0,12.14,126.0,55.0,45.05,37.47005211969085,126.92893289711064,949502.964656,1941356.927864,I,2026-02-05 22:28:35,2026-02-04 15:11:45
3200000,3200000-S200200005,서울특별시 관악구 봉천동 1706번지,"서울특별시 관악구 관악로30길 12 (봉천동, 봉천우성아파트)",8735.0,2002-01-02,,사용중,봉천우성아파트 105동 지하층1주차장,공공용시설,지하,7679.37,7679,37.0,29.0,4.88,126.0,57.0,36.14,37.48627979337305,126.95825415256895,952106.097405,1943141.965386,I,2026-02-05 22:28:35,2026-02-04 14:54:16
3200000,3200000-S200200002,서울특별시 관악구 봉천동 1706번지,"서울특별시 관악구 관악로30길 12 (봉천동, 봉천우성아파트)",8735.0,2002-01-02,,사용중,봉천우성아파트 102동 지하1층주차장,공공용시설,지하,8889.3,8889,37.0,29.0,6.81,126.0,57.0,31.98,37.48627979337305,126.95825415256895,952106.097405,1943141.965386,I,2026-02-05 22:28:35,2026-02-04 14:49:34
3200000,3200000-S201200002,서울특별시 관악구 신림동 1641번지 2호,"서울특별시 관악구 신림로 330 (신림동, 포도몰)",8777.0,2012-05-01,,사용중,타임스트림(구 포도몰) 지하3~7층,공공용시설,지하,11372.0,11372,37.0,29.0,1.86,126.0,55.0,48.84,37.4838513411379,126.930234564982,949627.3298762334,1942887.166667967,I,2026-03-21 22:28:37,2026-03-20 16:57:36
3200000,3200000-S201600007,서울특별시 관악구 신림동 1426번지 7호,"서울특별시 관악구 봉천로12길 39 (신림동, 가야위드안)",8753.0,2016-08-30,2023-11-06,사용중지,가야위드안 지하1층,공공용시설,지하,8210.0,8210,37.0,29.0,13.45,126.0,55.0,48.22,37.48703446281382,126.92990932449024,949600.713714,1943240.488374,I,2025-12-15 16:14:09,2023-11-06 14:35:33
3200000,3200000-S199000002,서울특별시 관악구 신림동 763번지 9호,"서울특별시 관악구 난곡로 249 (신림동, 미성동주민센터)",8864.0,1990-05-17,2023-06-29,사용중지,미성동주민센터 지하 1층,공공용시설,지하,99.17,99,37.0,28.0,34.34,126.0,54.0,55.99,37.4762359735997,126.91560196415752,948328.413742,1942050.218441,I,2025-12-15 16:14:09,2023-06-29 15:34:04
3200000,3200000-S200200003,서울특별시 관악구 봉천동 1706번지,"서울특별시 관악구 관악로30길 12 (봉천동, 봉천우성아파트)",8735.0,2002-01-02,,사용중,봉천우성아파트 103동 지하1층주차장,공공용시설,지하,15775.28,15775,37.0,29.0,8.66,126.0,57.0,33.67,37.48627979337305,126.95825415256895,952106.097405,1943141.965386,I,2026-02-05 22:28:35,2026-02-04 14:53:03
3200000,3200000-S200500016,서울특별시 관악구 남현동 1057-22 태림빌딩,"서울특별시 관악구 남부순환로 2056, 태림빌딩 지하2층 (남현동)",8805.0,2005-06-20,,사용중,태림빌딩 지하2층,공공용시설,지하,372.6,372,37.0,28.0,34.76,126.0,58.0,37.89,37.47640184900629,126.97721722904332,953776.485985,1942036.593462,I,2026-02-04 22:28:35,2026-02-03 15:48:52
3200000,3200000-S200800018,서울특별시 관악구 신림동 1736번지,서울특별시 관악구 난곡로 66 (신림동),8861.0,2008-01-31,,사용중,"신림2차푸르지오A(106동-108동)지하1,2층주차장",공공용시설,지하,6244.0,6244,37.0,27.0,43.62,126.0,55.0,10.4,37.46136628134225,126.91932252350333,948647.211757,1940398.486897,I,2026-02-07 22:28:35,2026-02-06 12:07:06
3200000,3200000-S200700003,서울특별시 관악구 신림동 1721번지,"서울특별시 관악구 양지길 50-5 (신림동, 관악우정하이비젼아파트1단지)",8846.0,2007-12-12,,사용중,관악우정하이비젼아파트1단지 지하1층,공공용시설,지하,2315.0,2315,37.0,28.0,17.75,126.0,55.0,45.74,37.471145191868594,126.92920745855338,949527.978151,1941478.049974,I,2026-02-05 22:28:35,2026-02-04 15:19:30
3200000,3200000-S199700002,서울특별시 관악구 봉천동 1624번지 24호,"서울특별시 관악구 낙성대로4가길 5, 1층 (봉천동, 낙성대동주민센터)",8790.0,1997-05-12,2023-06-29,사용중지,낙성대동주민센터 지하1층 지하주차장,공공용시설,지하,1066.0,1066,37.0,28.0,34.73,126.0,57.0,30.18,37.47644332936108,126.95841986533576,952114.470545,1942050.588465,I,2025-12-15 16:14:09,2023-06-29 15:34:24
3200000,3200000-S201600001,서울특별시 관악구 신림동 1731번지,"서울특별시 관악구 관천로18길 27 (신림동, 웰피아)",8706.0,2016-03-29,,사용중,웰피아아파트 지하1층,공공용시설,지하,889.0,889,37.0,29.0,16.44,126.0,55.0,27.93,37.48784355423534,126.92451463879225,949124.337088,1943333.153827,I,2026-02-05 22:28:35,2026-02-04 11:32:59
3200000,3200000-S199900006,서울특별시 관악구 봉천동 661번지,서울특별시 관악구 봉천로 279-8 (봉천동),8720.0,2005-04-09,2023-06-29,사용중지,보라매동주민센터 지하 1층 지하 공간,공공용시설,지하,96.0,96,37.0,29.0,17.43,126.0,55.0,58.0,37.48813657688888,126.93273609982606,949851.355783,1943361.251567,I,2025-12-15 16:14:09,2023-06-29 15:34:42
3200000,3200000-S200500062,서울특별시 관악구 봉천동 729번지 32호,서울특별시 관악구 보라매로3길 29 (봉천동),8708.0,1999-04-12,,사용중,해태보라매타워 지하 2~5층 주차장,공공용시설,지하,11260.0,11260,37.0,29.0,28.36,126.0,55.0,29.97,37.4912113004856,126.924990326589,949168.6727379336,1943706.5277823,I,2026-01-29 22:28:35,2026-01-28 17:50:46
3200000,3200000-S199600003,서울특별시 관악구 신림동 551-9 현대아파트,"서울특별시 관악구 조원로13길 15 (신림동, 현대아파트)",8701.0,1996-01-01,,사용중,현대아파트 지하1~2층 주차장,공공용시설,지하,2657.0,2657,37.0,29.0,3.82,126.0,54.0,33.4,37.4843951720813,126.909278420728,947774.9695657666,1942958.9197649336,I,2026-02-05 22:28:35,2026-02-04 12:23:42
3200000,3200000-S202500005,서울특별시 관악구 신림동 1746,"서울특별시 관악구 조원로 25, 힐스테이트 뉴포레 아파트 (신림동)",8700.0,2025-01-24,,사용중,힐스테이트 뉴포레 아파트 지하1~3층,공공용시설,지하,45796.0,45796,37.0,29.0,0.8,126.0,54.0,19.22,37.4835559745281,126.905338586015,947426.0618872426,1942868.0086778773,I,2026-02-05 22:28:35,2026-02-04 12:24:54
3200000,3200000-S200500005,서울특별시 관악구 신림동 10번지 622호,"서울특별시 관악구 남부순환로198길 7 (신림동, 성우아파트)",8780.0,2005-06-20,,사용중,성우아파트 지하1~2층,공공용시설,지하,4847.0,4847,37.0,29.0,2.15,126.0,56.0,12.94,37.4839312428703,126.936929015607,950219.2408626332,1942892.4705773669,I,2026-03-21 22:28:37,2026-03-20 15:31:00
3200000,3200000-S200500057,서울특별시 관악구 봉천동 32번지 8호,"서울특별시 관악구 관악로 217 (봉천동, 동진빌딩)",8744.0,2005-06-22,,사용중,동진빌딩 지하2~3층,공공용시설,지하,1847.0,1847,37.0,29.0,3.76,126.0,57.0,16.84,37.4843787196977,126.954677314838,951788.6572353,1942932.8789097,I,2026-02-05 22:28:35,2026-02-04 14:59:03
3200000,3200000-S200400016,서울특별시 관악구 봉천동 1712번지,서울특별시 관악구 성현로 80 (봉천동),8725.0,2004-01-01,,사용중,관악드림타운(아) 지하주차장8 (지하1~3층),공공용시설,지하,12283.0,12283,37.0,29.0,24.66,126.0,57.0,4.41,37.49131310855758,126.95116477979182,951482.600713,1943704.010479,I,2026-02-07 22:28:35,2026-02-06 16:52:02
3200000,3200000-S200500099,서울특별시 관악구 봉천동 1703 성현동아아파트,"서울특별시 관악구 관악로 285 (봉천동, 성현동아아파트)",8726.0,2005-07-05,,사용중,성현동아아파트110동 지하주차장 (지하1층),공공용시설,지하,7057.5,7057,37.0,29.0,21.09,126.0,57.0,24.71,37.48919238205994,126.95686360474978,951985.027115,1943465.807118,I,2026-02-07 22:28:35,2026-02-06 16:54:54
3200000,3200000-S202400002,서울특별시 관악구 신림동 211,"서울특별시 관악구 신림로 23, 관악산역 (신림동)",8825.0,2024-10-22,,사용중,관악산역(신림선) 지하1~2층,공공용시설,지하,4720.91,4720,37.0,28.0,7.28,126.0,56.0,43.81,37.468688469341,126.945503253183,950967.3322460832,1941196.8839882752,I,2026-02-05 22:28:35,2026-02-04 10:23:36
3200000,3200000-S200500061,서울특별시 관악구 봉천동 1698번지 1호,서울특별시 관악구 보라매로 62 (봉천동),8709.0,1998-02-11,2023-11-13,사용중지,보라매삼성아파트 지하 1~3층 주차장,공공용시설,지하,18903.0,18903,37.0,29.0,38.36,126.0,55.0,42.9,37.49488139094043,126.92763406878642,949404.85961,1944112.277839,I,2025-12-15 16:14:09,2023-11-16 14:50:17
3200000,3200000-S200800016,서울특별시 관악구 신림동 1735번지,서울특별시 관악구 난곡로 55 (신림동),8862.0,2008-01-31,,사용중,관악산휴먼시아A(212~6동) 지하1~3층주차장,공공용시설,지하,3565.0,3565,37.0,27.0,35.27,126.0,55.0,14.62,37.46042939361695,126.91918557432813,948634.459528,1940294.620052,I,2026-02-07 22:28:35,2026-02-06 12:09:18
3200000,3200000-S201600015,서울특별시 관악구 신림동 481-2 올네이션스 교회 지하주차장 1층,"서울특별시 관악구 조원로 148, 올네이션스 교회 지하주차장 1층 (신림동)",8763.0,2016-01-04,,사용중,올네이션스 목자의기도원 지하주차장 (지하1층),공공용시설,지하,805.0,805,37.0,29.0,7.89,126.0,55.0,8.01,37.4855263883816,126.918892327415,948625.7065755,1943079.1316999,I,2026-01-31 22:28:35,2026-01-30 13:27:26
3200000,3200000-S202300001,서울특별시 관악구 신림동 110-99,서울특별시 관악구 신림로 144 (신림동),8838.0,2023-01-05,,사용중,서울대벤처타운역 (지하1~2층),공공용시설,지하,761.96,761,37.0,28.0,19.37,126.0,56.0,2.12,37.4720485905055,126.933923590342,949945.6055712,1941575.7591234003,I,2026-02-07 22:28:35,2026-02-06 16:49:56
3200000,3200000-S200000003,서울특별시 관악구 봉천동 1558번지 1호,"서울특별시 관악구 청룡16길 25 (봉천동, 서울영락고등학교,영락유헬스고등학교)",8831.0,2000-01-01,2023-06-14,사용중지,영락고등학교(지하공간),공공용시설,지하,1952.0,1952,37.0,28.0,34.36,126.0,56.0,38.45,37.4768353047734,126.94408241580064,950847.025794,1942101.463087,I,2025-12-15 16:14:09,2023-06-14 08:55:25
3200000,3200000-S200200006,서울특별시 관악구 봉천동 1706번지,"서울특별시 관악구 관악로30길 12 (봉천동, 봉천우성아파트)",8735.0,2002-01-02,,사용중,"봉천우성아파트 106, 107동 지하1층주차장",공공용시설,지하,10267.81,10267,37.0,29.0,1.54,126.0,57.0,37.41,37.48627979337305,126.95825415256895,952106.097405,1943141.965386,I,2026-02-05 22:28:35,2026-02-04 14:54:35
3200000,3200000-S200500093,서울특별시 관악구 봉천동 882번지 5호,"서울특별시 관악구 청룡1길 34 (봉천동, KT관악지사)",8786.0,2005-01-03,2025-09-04,사용중지,KT관악빌딩 지하1층,공공용시설,지하,1850.0,1850,37.0,28.0,51.14,126.0,56.0,52.59,37.48103198705292,126.94816738937048,951210.941484,1942564.933621,I,2025-12-15 16:14:09,2025-09-04 14:06:41
3200000,3200000-S199700003,서울특별시 관악구 신림동 1563번지 85호,"서울특별시 관악구 미성길 15 (신림동, 미래아파트)",8865.0,1997-12-11,,사용중,미래아파트 지하1층,공공용시설,지하,991.74,991,37.0,28.0,27.72,126.0,54.0,57.54,37.47439571659355,126.91606737237302,948368.298786,1941845.798258,I,2026-02-04 22:28:35,2026-02-03 19:28:57
3200000,3200000-S200500086,서울특별시 관악구 봉천동 1703번지,서울특별시 관악구 관악로 285 (봉천동),8726.0,2005-07-05,,사용중,성현동아아파트 101-2동 지하주차장 (지하1층),공공용시설,지하,5712.5,5712,37.0,29.0,22.57,126.0,57.0,23.62,37.48919238205994,126.95686360474978,951985.027115,1943465.807118,I,2026-02-07 22:28:35,2026-02-06 16:53:51
3200000,3200000-S200800017,서울특별시 관악구 신림동 1735번지 1호,서울특별시 관악구 난곡로 30 (신림동),8861.0,2008-01-31,,사용중,관악산휴먼시아A(1단지) 지하1~3층주차장,공공용시설,지하,9400.0,9400,37.0,27.0,40.87,126.0,55.0,15.5,37.46122440526759,126.92191982203772,948876.811885,1940381.333902,I,2026-02-07 22:28:35,2026-02-06 12:08:15
3200000,3200000-S201600005,서울특별시 관악구 신림동 646번지 446호,"서울특별시 관악구 난곡로30길 61 (신림동, 강원학사)",8854.0,2016-08-24,,사용중,강원학사 지하1층,공공용시설,지하,198.0,198,37.0,28.0,14.35,126.0,55.0,22.36,37.4706527970753,126.922879045101,948968.0519133,1941426.8323207332,I,2026-01-31 22:28:35,2026-01-30 15:12:07
3200000,3200000-S200700011,서울특별시 관악구 봉천동 1718번지,"서울특별시 관악구 은천로 93 (봉천동, 벽산블루밍아파트)",8715.0,2007-08-03,,사용중,벽산블루밍아파트 208동 지하1~2층 주차장,공공용시설,지하,33703.0,33703,37.0,29.0,13.97,126.0,56.0,43.84,37.4872130311342,126.945511851122,950980.1946995002,1943252.0608847667,I,2026-02-04 22:28:35,2026-02-03 14:04:58
3200000,3200000-S197200001,서울특별시 관악구 남현동 1080-1 서울사당초등학교,"서울특별시 관악구 남현4길 51, 서울사당초등학교 (남현동)",8804.0,1972-01-11,2023-03-27,사용중지,사당초등학교,공공용시설,지상,1002.0,1002,37.0,28.0,28.72,126.0,58.0,27.11,37.474644288780524,126.97419655747768,953508.312913,1941843.090795,I,2025-12-15 16:14:09,2023-03-27 11:15:38
3200000,3200000-S199600001,서울특별시 관악구 봉천동 14번지 52호,서울특별시 관악구 관악로 268 (봉천동),8733.0,1996-08-28,,사용중,관악로 지하1층보도,공공용시설,지하,661.16,661,37.0,29.0,16.31,126.0,57.0,29.5,37.487916248347744,126.95821453883624,952103.640089,1943323.539906,I,2026-02-04 22:28:35,2026-02-03 16:43:41
3200000,3200000-S200400024,서울특별시 관악구 봉천동 1705번지,"서울특별시 관악구 양녕로6나길 18, 102동 (봉천동, 신봉아파트)",8746.0,2004-06-17,,사용중,신봉아파트102동 지하1~2층,공공용시설,지하,2100.0,2100,37.0,29.0,6.5,126.0,56.0,57.92,37.4851389748887,126.949422008296,951324.5312338334,1943019.928525867,I,2026-02-05 22:28:35,2026-02-04 14:52:19
3200000,3200000-S199200007,서울특별시 관악구 봉천동 1000번지,서울특별시 관악구 관악로 304 (봉천동),8730.0,1992-04-27,,사용중,관악현대아파트 112동 지하1층주차장,공공용시설,지하,505.0,505,37.0,29.0,32.83,126.0,57.0,33.85,37.49128776704704,126.95747704592584,952040.597434,1943697.9643,I,2026-02-04 22:28:35,2026-02-03 16:38:39
3200000,3200000-S200300002,서울특별시 관악구 봉천동 1713번지,"서울특별시 관악구 솔밭로7길 16 (봉천동, 낙성대현대홈타운아파트)",8741.0,2003-01-02,,사용중,낙성대현대홈타운 지하1층,공공용시설,지하,2429.76,2429,37.0,28.0,49.65,126.0,57.0,48.91,37.48052756300173,126.96338853842936,952556.377201,1942501.192588,I,2026-02-05 22:28:35,2026-02-04 14:55:51
3200000,3200000-S201400003,서울특별시 관악구 봉천동 1638-22,"서울특별시 관악구 인헌6길 16, 지하1층 (봉천동)",8793.0,2014-07-10,,사용중,농협 지하1층,공공용시설,지하,213.84,213,37.0,28.0,26.77,126.0,57.0,57.58,37.47405505079795,126.9658764347384,952772.269011,1941781.858877,I,2026-02-05 22:28:35,2026-02-04 14:31:42
3200000,3200000-S200500068,서울특별시 관악구 신림동 1485번지 1호,"서울특별시 관악구 남부순환로 1440 (신림동, 제이타워웨딩홀)",8770.0,2005-06-23,2023-06-13,사용중지,J타워웨딩홀(구 관악웨딩문화원),공공용시설,지하,1388.44,1388,37.0,28.0,50.86,126.0,54.0,38.43,37.48084750304932,126.91073899157674,947901.634858,1942564.518507,I,2025-12-15 16:14:09,2023-06-13 08:19:32
3200000,3200000-S200400029,서울특별시 관악구 봉천동 1712번지 1호,"서울특별시 관악구 구암길 106 (봉천동, 관악드림타운아파트)",8725.0,2004-01-02,2023-11-06,사용중지,관악드림타운임대(아) 지하주차장17 (지하1~3층),공공용시설,지하,1998.0,1998,37.0,29.0,30.6,126.0,56.0,55.96,37.49191466757973,126.9470259868528,951117.117746,1943772.890965,I,2025-12-15 16:14:09,2023-11-06 14:45:06
3200000,3200000-S200000002,서울특별시 관악구 신림동 1714번지,"서울특별시 관악구 호암로 399 (신림동, 삼성산주공아파트)",8847.0,2000-06-01,,사용중,삼성산주공아파트 지하1층,공공용시설,지하,74373.89,74373,37.0,27.0,42.04,126.0,55.0,33.74,37.46138858855628,126.92586278207315,949225.626207,1940397.416316,I,2026-02-05 22:28:35,2026-02-04 15:10:17
3200000,3200000-S200800014,서울특별시 관악구 신림동 1735번지,서울특별시 관악구 난곡로 55 (신림동),8862.0,2008-01-31,,사용중,관악산휴먼시아A(218동-219동) 지하1층주차장,공공용시설,지하,3704.0,3704,37.0,27.0,33.13,126.0,55.0,18.3,37.46042939361695,126.91918557432813,948634.459528,1940294.620052,I,2026-02-07 22:28:35,2026-02-06 12:13:28
3200000,3200000-S199500001,서울특별시 관악구 신림동 1704번지 1호,"서울특별시 관악구 광신길 160 (신림동, 신림1단지주공아파트)",8848.0,1995-02-03,,사용중,신림1단주공아파트 지하1층,공공용시설,지하,4816.55,4816,37.0,27.0,57.71,126.0,55.0,40.0,37.465704337808894,126.9270165215476,949330.57174,1940875.599003,I,2026-02-05 22:28:35,2026-02-04 15:13:21
3200000,3200000-S200500088,서울특별시 관악구 봉천동 1703번지,서울특별시 관악구 관악로 285 (봉천동),8726.0,2005-07-05,,사용중,성현동아아파트106-8동 지하주차장 (지하1층),공공용시설,지하,13988.75,13988,37.0,29.0,23.13,126.0,57.0,16.78,37.48919238205994,126.95686360474978,951985.027115,1943465.807118,I,2026-02-07 22:28:35,2026-02-06 16:54:16
3200000,3200000-S200500024,"서울특별시 관악구 남현동 1086-1 남현동주민센터, 남현파출소","서울특별시 관악구 남현1가길 29, 남현동주민센터, 남현파출소 지하1층 (남현동)",8807.0,2005-06-20,2023-06-29,사용중지,남현동주민센터 지하1층,공공용시설,지하,312.52,312,37.0,28.0,28.45,126.0,58.0,40.01,37.4745690903127,126.97778136715849,953825.238831,1941832.98423,I,2025-12-15 16:14:09,2023-06-29 15:33:34
3200000,3200000-S201000005,서울특별시 관악구 봉천동 1717번지,서울특별시 관악구 관악로30길 27 (봉천동),8734.0,2010-06-22,,사용중,관악푸르지오아파트 지하주차장-1 (지하1층),공공용시설,지하,9892.11,9892,37.0,29.0,20.24,126.0,57.0,38.14,37.48597666892366,126.96013875643928,952272.517255,1943107.378564,I,2026-02-04 22:28:35,2026-02-03 16:39:58
3200000,3200000-S200500080,서울특별시 관악구 봉천동 1635-40 인헌동 주민센터,"서울특별시 관악구 남부순환로246가길 20, 인헌동 주민센터 지하1층 (봉천동)",8793.0,2005-06-20,2023-06-29,사용중지,인헌동주민센터 지하주차장,공공용시설,지하,165.0,165,37.0,28.0,30.42,126.0,57.0,55.06,37.47515983873913,126.96528372489298,952720.556594,1941904.725258,I,2025-12-15 16:14:09,2023-06-29 15:37:03
3200000,3200000-S200500034,서울특별시 관악구 신림동 1694번지,"서울특별시 관악구 신림로29길 8 (신림동, 신림현대아파트)",8845.0,2005-05-02,2023-11-06,사용중지,신림현대아파트 105동 지하1층 주차장,공공용시설,지하,1577.0,1577,37.0,28.0,29.24,126.0,55.0,54.45,37.474882519313965,126.93401175493598,949955.291072,1941890.118433,I,2025-12-15 16:14:09,2023-11-06 14:39:25
3200000,3200000-S200800019,서울특별시 관악구 신림동 1736번지,서울특별시 관악구 난곡로 66 (신림동),8861.0,2008-01-31,,사용중,신림2차대우푸르지오A(101~5동)지하1~2층주차장,공공용시설,지하,10507.0,10507,37.0,27.0,39.77,126.0,55.0,11.6,37.46136628134225,126.91932252350333,948647.211757,1940398.486897,I,2026-02-07 22:28:35,2026-02-06 12:05:58
3200000,3200000-S200400030,서울특별시 관악구 봉천동 1716번지,서울특별시 관악구 구암5가길 49 (봉천동),8724.0,2004-01-02,2023-11-06,사용중지,봉천벽산타워2차(아) 지하 1~2층 주차장,공공용시설,지하,10190.0,10190,37.0,29.0,32.66,126.0,56.0,46.42,37.49226686304609,126.94607816502707,951033.559579,1943812.457512,I,2025-12-15 16:14:09,2023-11-06 14:45:33
3200000,3200000-S198400003,서울특별시 관악구 봉천동 1693-39,"서울특별시 관악구 남부순환로 지하1928, 지하1층 (봉천동)",8793.0,1984-02-01,,사용중,낙성대역 지하1층,공공용시설,지하,5267.0,5267,37.0,28.0,37.37,126.0,57.0,48.48,37.47708441991138,126.96342364297102,952557.304146,1942119.180491,I,2026-02-05 22:28:35,2026-02-04 16:07:57
3200000,3200000-S200800005,서울특별시 관악구 봉천동 1570번지 1호,"서울특별시 관악구 관악로 145 (봉천동, 관악구청)",8832.0,2008-01-02,,사용중,관악구청 청사 (지하1~2층),공공용시설,지하,4432.26,4432,37.0,28.0,41.61,126.0,57.0,5.28,37.478166304075565,126.95162849247411,951515.098133,1942245.216631,I,2026-02-05 22:28:35,2026-02-04 16:01:31
3200000,3200000-S201000002,서울특별시 관악구 신림동 1516번지,"서울특별시 관악구 신림로 111 (신림동, 대학동주민센터)",8813.0,2010-06-22,2023-06-29,사용중지,대학동주민센터 지하주차장 지하1층,공공용시설,지하,351.99,351,37.0,28.0,14.13,126.0,56.0,13.02,37.470640537535566,126.93690248021724,950208.077312,1941417.965662,I,2025-12-15 16:14:09,2023-06-29 15:37:42
3200000,3200000-S200500085,서울특별시 관악구 봉천동 1703번지 6호,서울특별시 관악구 관악로 255-7 (봉천동),8727.0,2005-07-05,2023-11-06,사용중지,성현동자치회관 지하주차장 (지하1층),공공용시설,지하,450.0,450,37.0,29.0,13.79,126.0,57.0,24.11,37.48725194721911,126.95678116737096,951976.497115,1943250.570097,I,2025-12-15 16:14:09,2023-11-06 14:45:54
3200000,3200000-S200500004,서울특별시 관악구 신림동 1702번지 1호,"서울특별시 관악구 신림로48길 17-20 (신림동, 신림건영4차아파트)",8778.0,2005-06-20,,사용중,건영4차아파트 지하1~2층,공공용시설,지하,2716.0,2716,37.0,28.0,47.7,126.0,55.0,59.44,37.4799174966475,126.933178484996,949884.9751675334,1942449.1602958,I,2026-03-21 22:28:37,2026-03-20 17:08:53
3200000,3200000-S199200005,서울특별시 관악구 봉천동 1000번지,"서울특별시 관악구 관악로 304 (봉천동, 현대아파트)",8730.0,1992-04-27,,사용중,관악현대아파트 102동 지하1층주차장,공공용시설,지하,1315.0,1315,37.0,29.0,28.42,126.0,57.0,26.11,37.49128776704704,126.95747704592584,952040.597434,1943697.9643,I,2026-02-04 22:28:35,2026-02-03 16:38:13
3200000,3200000-S199200009,서울특별시 관악구 봉천동 1000번지,"서울특별시 관악구 관악로 304 (봉천동, 현대아파트)",8730.0,1992-04-27,,사용중,관악현대아파트 120동 지하1층주차장,공공용시설,지하,796.0,796,37.0,29.0,32.21,126.0,57.0,37.53,37.49128776704704,126.95747704592584,952040.597434,1943697.9643,I,2026-02-04 22:28:35,2026-02-03 16:39:02
3200000,3200000-S200400011,서울특별시 관악구 봉천동 1712번지,서울특별시 관악구 성현로 80 (봉천동),8725.0,2004-01-01,,사용중,관악드림타운(아) 지하주차장3 (지하1~3층),공공용시설,지하,9108.24,9108,37.0,29.0,18.82,126.0,57.0,5.33,37.49131310855758,126.95116477979182,951482.600713,1943704.010479,I,2026-02-07 22:28:35,2026-02-06 16:50:47
3200000,3200000-S200800009,서울특별시 관악구 신림동 1735번지,"서울특별시 관악구 난곡로 55, 207동 (신림동)",8862.0,2008-01-31,,사용중,"관악산휴먼시아A(205동,207-9동)지하1~3층주차장",공공용시설,지하,7091.0,7091,37.0,27.0,34.02,126.0,55.0,12.84,37.46042939361695,126.91918557432813,948634.459528,1940294.620052,I,2026-02-07 22:28:35,2026-02-06 11:54:57
3200000,3200000-S201000011,서울특별시 관악구 봉천동 1717번지 1호,서울특별시 관악구 청림5길 28 (봉천동),8734.0,2010-06-22,,사용중,관악푸르지오2단지아파트 지하1층주차장,공공용시설,지하,1619.47,1619,37.0,29.0,23.97,126.0,57.0,36.35,37.48959135804934,126.95996004510638,952259.018278,1943508.496173,I,2026-02-04 22:28:35,2026-02-03 16:41:16
3200000,3200000-S200500014,서울특별시 관악구 남현동 1056-17,"서울특별시 관악구 남부순환로 2040, 행운빌딩 지하1~2층 (남현동)",8805.0,2005-06-20,2023-11-06,사용중지,행운빌딩 지하2층 주차장,공공용시설,지하,261.99,261,37.0,28.0,34.22,126.0,58.0,32.18,37.47620435396237,126.97554486845088,953628.495752,1942015.504918,I,2025-12-15 16:14:09,2023-11-06 14:33:03
3200000,3200000-S200200008,서울특별시 관악구 봉천동 1706번지 1호,"서울특별시 관악구 관악로30길 40 (봉천동, 봉천우성아파트)",8735.0,2002-01-02,2023-11-06,사용중지,"봉천우성아파트 109, 110동 지하1층주차장",공공용시설,지하,4271.09,4271,37.0,29.0,4.92,126.0,57.0,38.96,37.48526061187101,126.96103582500965,952351.370175,1943027.482179,I,2025-12-15 16:14:09,2023-11-06 14:33:59
3200000,3200000-S201100017,서울특별시 관악구 신림동 96번지 3호,"서울특별시 관악구 신림로 206 (신림동, 태영빌딩)",8836.0,2011-12-29,2023-11-06,사용중지,태영빌딩 지하1층,공공용시설,지하,286.87,286,37.0,28.0,32.24,126.0,56.0,14.85,37.475679547385454,126.9373470383512,950250.727829,1941976.776308,I,2025-12-15 16:14:09,2023-11-06 14:41:34
3200000,3200000-S200500007,서울특별시 관악구 신림동 1725번지,"서울특별시 관악구 남부순환로194길 7 (신림동, 로마아파트)",8780.0,2005-06-20,,사용중,로마아파트 지하1층,공공용시설,지하,1622.0,1622,37.0,29.0,3.78,126.0,56.0,6.96,37.4843831251462,126.935266353972,950072.5454397,1942943.4845137,I,2026-03-21 22:28:37,2026-03-20 15:31:12
3200000,3200000-S200500073,서울특별시 관악구 신림동 1439번지 3호,"서울특별시 관악구 신림동길 14-0 (신림동, 신림동주민센터)",8707.0,1993-07-01,2023-06-29,사용중지,신림동주민센터 지하1층 지하공간,공공용시설,지하,99.0,99,37.0,29.0,14.58,126.0,55.0,37.51,37.48734810797748,126.9271097102252,949353.421348,1943276.787835,I,2025-12-15 16:14:09,2023-06-29 15:36:12
3200000,3200000-S202200001,서울특별시 관악구 신림동 492-4 신사동복합청사 지하주차장 1층,"서울특별시 관악구 조원로 142, 신사동복합청사 지하주차장 1층 (신림동)",8762.0,2022-11-17,,사용중,신사동복합청사 지하주차장 (지하1층),공공용시설,지하,542.58,542,37.0,29.0,7.44,126.0,55.0,4.88,37.4854643988049,126.91807209297424,948553.148513,1943072.702254,I,2026-02-07 22:28:35,2026-02-06 16:56:20
3200000,3200000-S200800006,서울특별시 관악구 봉천동 1560번지 62호,서울특별시 관악구 청룡길 77 (봉천동),8831.0,2008-01-02,,사용중,풍림아이원아파트(지하1층),공공용시설,지하,5547.56,5547,37.0,28.0,41.61,126.0,56.0,45.89,37.4784499599259,126.9458167639656,951001.42846,1942279.694812,I,2026-02-05 22:28:35,2026-02-04 16:02:04
3200000,3200000-S200600005,서울특별시 관악구 신림동 1730번지,"서울특별시 관악구 남부순환로 1430 (신림동, 신림푸르지오아파트)",8770.0,2006-01-13,,사용중,대우푸르지오 아파트 지하1층주차장,공공용시설,지하,75696.21,75696,37.0,28.0,45.68,126.0,54.0,37.09,37.4802057928026,126.90993461936692,947830.071037,1942493.770104,I,2026-02-04 22:28:35,2026-02-03 19:42:57
3200000,3200000-S200500051,서울특별시 관악구 신림동 1577-5 수도국제대학원대학교,"서울특별시 관악구 남부순환로 1548, 수도국제대학원대학교 (신림동)",8773.0,2005-06-22,,사용중,수도국제대학원대학교 지하1층 주차장,공공용시설,지하,419.9,419,37.0,28.0,58.8,126.0,55.0,21.59,37.48307076093155,126.9226116638596,948952.856071,1942804.671902,I,2026-02-07 22:28:35,2026-02-06 16:55:35
3200000,3200000-S200500092,서울특별시 관악구 신림동 1694번지 7호,"서울특별시 관악구 신림로29길 6 (신림동, 서림동주민센터)",8845.0,2005-05-30,2023-06-29,사용중지,서림동주민센터 지하1층 공간,공공용시설,지하,165.0,165,37.0,28.0,29.93,126.0,56.0,6.02,37.47500166754521,126.93490170279422,950034.0603,1941902.864585,I,2025-12-15 16:14:09,2023-06-29 15:37:21
3200000,3200000-S199200004,서울특별시 관악구 봉천동 1000번지,서울특별시 관악구 관악로 304 (봉천동),8730.0,1992-04-27,2024-05-27,사용중지,관악현대아파트 A상가 지하1층,공공용시설,지하,986.0,986,37.0,29.0,28.29,126.0,57.0,26.04,37.49128776704704,126.95747704592584,952040.597434,1943697.9643,I,2025-12-15 16:14:09,2024-05-27 09:59:24
3200000,3200000-S201100003,서울특별시 관악구 신림동 633번지 56호,서울특별시 관악구 난곡로30길 40 (신림동),8855.0,2011-03-02,2023-06-29,사용중지,난곡동복합청사 지하주차장,공공용시설,지하,499.62,499,37.0,28.0,15.66,126.0,55.0,17.87,37.47099905726888,126.92168827338226,948862.992824,1941465.893582,I,2025-12-15 16:14:09,2023-07-07 18:18:33
3200000,3200000-S200500044,서울특별시 관악구 신림동 635번지 21호,서울특별시 관악구 난곡로 180 (신림동),8855.0,2005-01-03,2023-11-06,사용중지,해성빌딩 지하1층,공공용시설,지하,144.0,144,37.0,28.0,16.04,126.0,55.0,12.1,37.47108530583404,126.92000739347256,948714.419219,1941476.376335,I,2025-12-15 16:14:09,2023-11-06 14:43:55
3200000,3200000-S197700001,서울특별시 관악구 신림동 1660번지,서울특별시 관악구 조원중앙로1길 26 (신림동),8768.0,1977-01-01,2025-06-24,사용중지,KT 구로지사 지하1층주차장,공공용시설,지하,1208.0,1208,37.0,28.0,51.34,126.0,54.0,10.71,37.480582373007934,126.90308480701738,947224.712175,1942539.366704,I,2025-12-15 16:14:09,2025-07-01 09:22:29
3200000,3200000-S199300003,서울특별시 관악구 신림동 1643번지,"서울특별시 관악구 시흥대로 578 (신림동, 광안프라자)",8700.0,1993-01-01,2023-08-01,사용중지,광안빌딩 지하1~4층,공공용시설,지하,4524.0,4524,37.0,29.0,3.54,126.0,54.0,11.5,37.48434402134412,126.90311980650556,947230.452298,1942956.678984,I,2025-12-15 16:14:09,2023-08-01 10:42:23
3200000,3200000-S200600003,서울특별시 관악구 남현동 1133 예성그린캐슬3차아파트,"서울특별시 관악구 남현길 141, 지하1층 (남현동, 예성그린캐슬3차아파트)",8803.0,2006-01-11,2023-11-06,사용중지,예성그린캐슬3차아파트 주차장 지하1층,공공용시설,지하,1381.0,1381,37.0,28.0,16.24,126.0,58.0,25.9,37.47111250270688,126.97370059117996,953462.269347,1941451.507558,I,2025-12-15 16:14:09,2023-11-06 14:33:32
3200000,3200000-S201000006,서울특별시 관악구 봉천동 1717번지,서울특별시 관악구 관악로30길 27 (봉천동),8734.0,2010-06-22,,사용중,관악푸르지오아파트 주차장-2 (지하1층),공공용시설,지하,10932.48,10932,37.0,29.0,19.3,126.0,57.0,39.79,37.48597666892366,126.96013875643928,952272.517255,1943107.378564,I,2026-02-04 22:28:35,2026-02-03 16:40:24
3200000,3200000-S200500031,서울특별시 관악구 신림동 1694번지,"서울특별시 관악구 신림로29길 8 (신림동, 신림현대아파트)",8845.0,2005-05-02,2023-11-06,사용중지,신림현대아파트 103동 지하1층 주차장,공공용시설,지하,1527.0,1527,37.0,28.0,29.62,126.0,55.0,51.17,37.474882519313965,126.93401175493598,949955.291072,1941890.118433,I,2025-12-15 16:14:09,2023-11-06 14:38:49
3200000,3200000-S201100009,서울특별시 관악구 봉천동 1630-7 동원낙성대아파트,"서울특별시 관악구 낙성대역길 19, 지하1층 (봉천동, 동원낙성대아파트)",8793.0,2011-01-03,,사용중,낙성대동원아파트 지하주차장,공공용시설,지하,1701.0,1701,37.0,28.0,35.44,126.0,57.0,43.4,37.47655634949197,126.96191023949774,952423.157111,1942061.358089,I,2026-02-05 22:28:35,2026-02-04 15:14:04
3200000,3200000-S200500070,서울특별시 관악구 신림동 1700 라이프아파트,"서울특별시 관악구 문성로 86, 지하1층 (신림동, 라이프아파트)",8863.0,2005-06-23,,사용중,라이프아파트 지하1층 주차장,공공용시설,지하,330.0,330,37.0,28.0,37.5,126.0,54.0,47.38,37.47733211383187,126.91320175720364,948116.946972,1942173.148104,I,2026-02-04 22:28:35,2026-02-03 19:41:17
3200000,3200000-S201000007,서울특별시 관악구 봉천동 1717번지,서울특별시 관악구 관악로30길 27 (봉천동),8734.0,2010-06-22,,사용중,관악푸르지오아파트 지하주차장-3 (지하1층),공공용시설,지하,15104.15,15104,37.0,29.0,18.54,126.0,57.0,40.59,37.48597666892366,126.96013875643928,952272.517255,1943107.378564,I,2026-02-04 22:28:35,2026-02-03 16:40:10
3200000,3200000-S200500012,서울특별시 관악구 남현동 1055-2,"서울특별시 관악구 남부순환로 2028, 동방빌딩 지하1층 (남현동)",8804.0,2005-06-20,,사용중,동방빌딩 주차장 지하1층,공공용시설,지하,447.8,447,37.0,28.0,33.11,126.0,58.0,26.0,37.4759478093639,126.97398305848364,953490.242948,1941987.813231,I,2026-02-04 22:28:35,2026-02-03 15:46:44
3200000,3200000-S200500009,서울특별시 관악구 신림동 675번지 343호,"서울특별시 관악구 난향7길 68 (신림동, 서울숲요양원)",8859.0,2005-06-20,2025-07-17,사용중지,서울숲요양원 지하1층,공공용시설,지하,320.0,320,37.0,27.0,34.67,126.0,54.0,54.3,37.4596050124256,126.91517322209867,948279.047718,1940205.355829,I,2025-12-15 16:14:09,2025-07-17 17:05:22
3200000,3200000-S200600004,서울특별시 관악구 봉천동 1719번지,서울특별시 관악구 은천로33길 5 (봉천동),8729.0,2006-01-10,,사용중,관악동부센트레빌 지하주차장 (지하1~3층),공공용시설,지하,11159.94,11159,37.0,29.0,13.67,126.0,57.0,4.57,37.486806450983735,126.95211748402886,951563.911198,1943203.534317,I,2026-02-07 22:28:35,2026-02-06 16:55:07
3200000,3200000-S201000009,서울특별시 관악구 봉천동 1717번지,서울특별시 관악구 관악로30길 27 (봉천동),8734.0,2010-06-22,,사용중,관악푸르지오아파트 지하주차장-5 (지하1층),공공용시설,지하,6778.9,6778,37.0,29.0,17.25,126.0,57.0,39.74,37.48597666892366,126.96013875643928,952272.517255,1943107.378564,I,2026-02-04 22:28:35,2026-02-03 16:40:52
3200000,3200000-S201600006,서울특별시 관악구 봉천동 56번지 3호,"서울특별시 관악구 남부순환로234길 73 (봉천동, 싱글벙글교육센터)",8790.0,2016-08-24,2023-08-16,사용중지,싱글벙글교육센터 지하1층,공공용시설,지하,677.42,677,37.0,28.0,33.93,126.0,57.0,22.56,37.47618999539662,126.95617409947783,951915.740141,1942023.627103,I,2025-12-15 16:14:09,2023-08-16 08:31:29
3200000,3200000-S198500001,서울특별시 동작구 사당동 1129 사당역(2호선),"서울특별시 동작구 남부순환로 지하2089, 사당전철역(2호선) 지하1층 (사당동)",7025.0,1985-01-11,2024-06-03,사용중지,사당역 2호선,공공용시설,지하,6458.0,6458,37.0,28.0,35.48,126.0,58.0,53.07,37.476608560546346,126.98093589711522,954105.41272,1942057.707839,I,2025-12-15 16:14:09,2025-01-21 10:52:47
3200000,3200000-S200400010,서울특별시 관악구 봉천동 1712번지,서울특별시 관악구 성현로 80 (봉천동),8725.0,2004-01-01,,사용중,관악드림타운(아) 지하주차장2 (지하1~3층),공공용시설,지하,6397.46,6397,37.0,29.0,18.29,126.0,57.0,2.76,37.49131310855758,126.95116477979182,951482.600713,1943704.010479,I,2026-02-07 22:28:35,2026-02-06 16:50:36
3200000,3200000-S200400020,서울특별시 관악구 봉천동 1712번지,서울특별시 관악구 성현로 80 (봉천동),8725.0,2004-01-01,,사용중,관악드림타운(아) 지하주차장12 (지하1~4층),공공용시설,지하,19656.29,19656,37.0,29.0,25.76,126.0,56.0,58.9,37.49131310855758,126.95116477979182,951482.600713,1943704.010479,I,2026-02-07 22:28:35,2026-02-06 16:52:52
3200000,3200000-S201600021,서울특별시 관악구 신림동 467 서울남부초등학교 공영주차장 지하1~2층,"서울특별시 관악구 남부순환로163길 14, 서울남부초등학교 공영주차장지하1~2층 (신림동)",8763.0,2016-01-04,,사용중,서울남부초 공영주차장 지하주차장 (지하1~2층),공공용시설,지하,4484.0,4484,37.0,29.0,3.79,126.0,55.0,17.77,37.48438662500187,126.92160190872048,948864.479253,1942951.206837,I,2026-01-31 22:28:35,2026-01-30 13:31:10
3200000,3200000-S200700010,서울특별시 관악구 봉천동 1718번지,서울특별시 관악구 은천로 93 (봉천동),8715.0,2007-08-03,,사용중,벽산블루밍아파트 101동 지하1~3층 주차장,공공용시설,지하,24200.0,24200,37.0,29.0,13.97,126.0,56.0,43.84,37.4872130311342,126.945511851122,950980.1946995002,1943252.0608847667,I,2026-02-04 22:28:35,2026-02-03 14:04:45
3200000,3200000-S198800003,서울특별시 관악구 봉천동 863번지 1호,"서울특별시 관악구 관악로 165 (봉천동, 홍빌딩)",8787.0,1988-01-01,,사용중,홍 빌딩 (지하2~3층),공공용시설,지하,724.37,724,37.0,28.0,48.36,126.0,57.0,7.71,37.48006606777045,126.95221108707398,951567.835479,1942455.683388,I,2026-02-05 22:28:35,2026-02-04 15:47:27
3200000,3200000-S201000013,서울특별시 관악구 신림동 1718번지,"서울특별시 관악구 관천로24길 3-0 (신림동, 보라매갑을아파트)",8706.0,2010-12-21,,사용중,보라매파크뷰 지하1~2층 주차장,공공용시설,지하,3928.0,3928,37.0,29.0,20.52,126.0,55.0,18.73,37.48883794059056,126.92210604086372,948912.080827,1943444.779311,I,2026-02-05 22:28:35,2026-02-04 11:32:36
3200000,3200000-S201100015,서울특별시 관악구 신림동 1696번지,"서울특별시 관악구 신림로31가길 19 (신림동, 동문아파트)",8845.0,2011-12-29,2023-11-06,사용중지,동문아파트 지하1층 주차장,공공용시설,지하,449.52,449,37.0,28.0,34.76,126.0,56.0,8.91,37.47635846774447,126.93593046844232,950125.926109,1942052.847507,I,2025-12-15 16:14:09,2023-11-06 14:40:59
3200000,3200000-S199200001,서울특별시 관악구 신림동 255번지 189호,"서울특별시 관악구 대학20길 27 (신림동, 현대아파트)",8824.0,1992-03-02,,사용중,현대아파트 102동 옆 지하1층주차장,공공용시설,지하,1695.13,1695,37.0,27.0,52.88,126.0,56.0,14.86,37.4647634953827,126.93732653810524,950241.679708,1940765.722281,I,2026-02-04 22:28:35,2026-02-03 16:29:48
3200000,3200000-S199700001,서울특별시 관악구 신림동 1705번지 1호,"서울특별시 관악구 대학18길 6 (신림동, 금호타운1차아파트)",8824.0,1997-05-01,2023-11-06,사용중지,금호타운아파트 101동 지하1층~지하2층 주차장,공공용시설,지하,4324.47,4324,37.0,27.0,55.73,126.0,56.0,14.43,37.46542237550416,126.93739804716418,950248.440067,1940838.782901,I,2025-12-15 16:14:09,2023-11-06 14:43:13
3200000,3200000-S200400014,서울특별시 관악구 봉천동 1712번지,서울특별시 관악구 성현로 80 (봉천동),8725.0,2004-01-01,,사용중,관악드림타운(아) 지하주차장6 (지하1~3층),공공용시설,지하,10911.76,10911,37.0,29.0,20.38,126.0,57.0,0.35,37.49131310855758,126.95116477979182,951482.600713,1943704.010479,I,2026-02-07 22:28:35,2026-02-06 16:51:34
3200000,3200000-S199200010,서울특별시 관악구 봉천동 1000번지,서울특별시 관악구 관악로 304 (봉천동),8730.0,1992-04-27,,사용중,관악현대아파트 123동 지하1층주차장,공공용시설,지하,434.0,434,37.0,29.0,30.85,126.0,57.0,36.17,37.49128776704704,126.95747704592584,952040.597434,1943697.9643,I,2026-02-04 22:28:35,2026-02-03 16:39:15
3200000,3200000-S201700003,서울특별시 관악구 봉천동 979번지 2호,"서울특별시 관악구 남부순환로 지하 1822 (봉천동, 서울대입구역사)",8787.0,2017-01-02,,사용중,서울대입구전철역 (지하1~2층),공공용시설,지하,8035.0,8035,37.0,28.0,51.89,126.0,57.0,10.09,37.48119351524738,126.95261606337124,951604.368478,1942580.558243,I,2026-02-05 22:28:35,2026-02-04 14:56:21
3200000,3200000-S201600019,서울특별시 관악구 신림동 1715 우방아파트 지하주차장 1~2층,"서울특별시 관악구 관천로27길 2, 지하주차장 1~2층 (신림동, 우방아파트)",8703.0,2016-01-04,,사용중,우방아파트 지하주차장(지하1~2층),공공용시설,지하,5691.0,5691,37.0,29.0,20.68,126.0,55.0,9.71,37.48895410502982,126.91924643289292,948659.358369,1943459.222768,I,2026-01-31 22:28:35,2026-01-30 13:28:18
3200000,3200000-S199200012,서울특별시 관악구 봉천동 37번지,서울특별시 관악구 관악로 254 (봉천동),8733.0,1992-01-01,2024-05-27,사용중지,YWCA(봉천종합사회복지관) 지하1층,공공용시설,지하,132.23,132,37.0,29.0,12.07,126.0,57.0,27.25,37.48665836511039,126.95754160221418,952043.344769,1943184.328264,I,2025-12-15 16:14:09,2024-05-27 09:59:55
3200000,3200000-S200100001,서울특별시 관악구 신림동 1716번지,"서울특별시 관악구 신림로3가길 45-24 (신림동, 청광아파트)",8816.0,2001-01-15,,사용중,청광아파트 101동 옆 지하1층주차장,공공용시설,지하,2145.51,2145,37.0,28.0,3.31,126.0,56.0,31.22,37.46768505927313,126.94210887632124,950666.514668,1941087.334825,I,2026-02-04 22:28:35,2026-02-03 16:31:05
3200000,3200000-S200100005,서울특별시 관악구 봉천동 1591번지 2호,"서울특별시 관악구 관악로 125 (봉천동, 서울대입구삼성아파트)",8833.0,2001-01-02,,사용중,삼성아파트(지하1층),공공용시설,지하,323.23,323,37.0,28.0,35.12,126.0,57.0,6.76,37.476441671742606,126.9523223042106,951575.32994,1942053.522783,I,2026-02-05 22:28:35,2026-02-04 16:00:48
3200000,3200000-S199400005,서울특별시 관악구 신림동 233번지 11호,"서울특별시 관악구 신림로3가길 45-10 (신림동, 건영신림5차아파트)",8816.0,1994-10-01,,사용중,건영신림5차아파트 정문 지하1층주차장,공공용시설,지하,1893.76,1893,37.0,28.0,5.35,126.0,56.0,30.58,37.4684505040716,126.94204967013114,950661.782185,1941172.286904,I,2026-02-04 22:28:35,2026-02-03 16:30:21
3200000,3200000-S200600008,서울특별시 관악구 신림동 1727번지,서울특별시 관악구 난곡로 167 (신림동),8858.0,2006-01-23,,사용중,임광관악파크아파트 지하1층 주차장,공공용시설,지하,11666.17,11666,37.0,28.0,11.68,126.0,55.0,10.92,37.47006520528908,126.91981492941052,948696.703315,1941363.307555,I,2026-01-31 22:28:35,2026-01-30 15:07:55
3200000,3200000-S202300003,서울특별시 관악구 봉천동 1707 은천아파트,"서울특별시 관악구 인헌12길 46-2 (봉천동, 은천아파트)",8797.0,2023-11-07,,사용중,은천1단지아파트 지하3층 주차장,공공용시설,지하,400.0,400,37.0,28.0,15.57,126.0,57.0,53.83,37.4709928451316,126.964952203505,952688.6167903204,1941442.5912933028,I,2026-02-05 22:28:35,2026-02-04 15:38:14
3200000,3200000-S200500002,서울특별시 관악구 신림동 1641번지 65호,"서울특별시 관악구 신림로 282 (신림동, 서원동주민센터)",8778.0,2005-06-20,2023-06-29,사용중지,서원동주민센터 지하1층 지하공간,공공용시설,지하,180.0,180,37.0,28.0,47.17,126.0,55.0,52.95,37.47980506427201,126.93124884639468,949714.291059,1942437.71543,I,2025-12-15 16:14:09,2023-06-29 15:35:57
3200000,3200000-S200800008,서울특별시 관악구 신림동 1735번지,"서울특별시 관악구 난곡로 55 (신림동, 관악산휴먼시아아파트)",8862.0,2008-01-31,,사용중,"관악산휴먼시아A(201-3동,206동)지하1,2층주차장",공공용시설,지하,9461.0,9461,37.0,27.0,35.82,126.0,55.0,7.59,37.46042939361695,126.91918557432813,948634.459528,1940294.620052,I,2026-02-07 22:28:35,2026-02-06 11:22:59
3200000,3200000-S200500006,서울특별시 관악구 신림동 664번지,"서울특별시 관악구 난곡로 110 (신림동, 신림종합사회복지관)",8860.0,2005-06-20,,사용중,신림사회복지관 지하1~2층 주차장,공공용시설,지하,367.0,367,37.0,27.0,53.43,126.0,55.0,11.41,37.464929729130574,126.91983419071744,948694.896963,1940793.549243,I,2026-02-07 22:28:35,2026-02-06 11:16:22
3200000,3200000-S201100010,서울특별시 관악구 신림동 568번지 27호,"서울특별시 관악구 조원로12길 25 (신림동, 조원동주민센터)",8766.0,2011-10-11,2023-06-29,사용중지,"조원동 주민센터 지하1,2층",공공용시설,지하,1080.0,1080,37.0,28.0,57.35,126.0,54.0,27.98,37.482623063703976,126.90771981689636,947635.937074,1942763.180904,I,2025-12-15 16:14:09,2023-06-29 15:38:27
3200000,3200000-S201000008,서울특별시 관악구 봉천동 1717번지,서울특별시 관악구 관악로30길 27 (봉천동),8734.0,2010-06-22,,사용중,관악푸르지오아파트 지하주차장-4 (지하1층),공공용시설,지하,4909.32,4909,37.0,29.0,17.64,126.0,57.0,37.25,37.48597666892366,126.96013875643928,952272.517255,1943107.378564,I,2026-02-04 22:28:35,2026-02-03 16:40:39
3200000,3200000-S200400026,서울특별시 관악구 봉천동 1712번지 1호,서울특별시 관악구 구암길 106 (봉천동),8725.0,2004-01-02,,사용중,관악드림타운임대(아) 지하주차장18 (지하1~5층),공공용시설,지하,18407.0,18407,37.0,29.0,30.96,126.0,56.0,50.56,37.49191466757973,126.9470259868528,951117.117746,1943772.890965,I,2026-02-07 22:28:35,2026-02-06 16:53:35
3200000,3200000-S200400022,서울특별시 관악구 봉천동 1712번지,서울특별시 관악구 성현로 80 (봉천동),8725.0,2004-01-01,,사용중,관악드림타운(아) 지하주차장14 (지하1~3층),공공용시설,지하,4897.84,4897,37.0,29.0,25.12,126.0,56.0,54.63,37.49131310855758,126.95116477979182,951482.600713,1943704.010479,I,2026-02-07 22:28:35,2026-02-06 16:53:15
3200000,3200000-S200600029,서울특별시 관악구 신림동 1733번지,"서울특별시 관악구 호암로 519 (신림동, 벽산블루밍아파트)",8848.0,2006-11-01,,사용중,벽산블루밍아파트 지하1층,공공용시설,지하,4940.0,4940,37.0,27.0,50.16,126.0,55.0,51.9,37.463999272844426,126.93148314047386,949724.420395,1940684.039778,I,2026-02-05 22:28:35,2026-02-04 15:08:23
3200000,3200000-S200000001,서울특별시 관악구 신림동 1713번지,"서울특별시 관악구 광신길 86 (신림동, 신림2단지주공아파트)",8848.0,2000-05-04,,사용중,신림2단지주공아파트 지하1~5층,공공용시설,지하,2135.55,2135,37.0,27.0,50.45,126.0,55.0,36.14,37.46328644028896,126.92706203498165,949332.964887,1940607.324674,I,2026-02-05 22:28:35,2026-02-04 15:14:37
3200000,3200000-S200500019,서울특별시 관악구 남현동 1060번지 3호,서울특별시 관악구 남부순환로 2082-33 (남현동),8806.0,2005-06-20,2023-06-15,사용중지,성광빌딩,공공용시설,지하,810.44,810,37.0,28.0,34.17,126.0,58.0,49.38,37.47621158000492,126.98038178684536,954056.176041,1942013.935678,I,2025-12-15 16:14:09,2023-06-16 10:15:12
3200000,3200000-S201100001,서울특별시 관악구 봉천동 905번지 29호,"서울특별시 관악구 봉천로33나길 30 (봉천동, 은천동주민센터)",8750.0,2011-03-25,2023-06-29,사용중지,은천동 주민센터 지하1~2층,공공용시설,지하,557.0,557,37.0,29.0,7.1,126.0,56.0,32.67,37.48531568060333,126.942556389757,950717.667099,1943043.104701,I,2025-12-15 16:14:09,2023-06-29 15:37:57
3200000,3200000-S200100002,서울특별시 관악구 신림동 737번지,"서울특별시 관악구 문성로16다길 135 (신림동, 민방위교육장)",8866.0,2001-03-12,,사용중,민방위교육장 지하1층,공공용시설,지하,1431.41,1431,37.0,28.0,9.45,126.0,54.0,40.07,37.46946663383921,126.91127249641224,947940.910272,1941301.587581,I,2026-02-04 22:28:35,2026-02-03 19:39:00
3200000,3200000-S200500063,서울특별시 관악구 봉천동 729번지 22호,서울특별시 관악구 봉천로 209 (봉천동),8708.0,1999-04-12,,사용중,롯데백화점 관악점 지하 2~7층 주차장,공공용시설,지하,38164.0,38164,37.0,29.0,25.76,126.0,55.0,30.05,37.49029654920813,126.92492261371102,949162.066827,1943605.078254,I,2026-01-30 22:28:35,2026-01-29 11:14:18
3200000,3200000-S202200002,서울특별시 관악구 신림동 526-12 관악가족행복센터 지하주차장 1~2층,"서울특별시 관악구 남부순환로 1491, 관악가족행복센터 지하주차장 1~2층 (신림동)",8761.0,2022-11-18,,사용중,관악가족행복센터 지하주차장 (지하1~2층),공공용시설,지하,1517.57,1517,37.0,28.0,56.87,126.0,54.0,59.06,37.4824643277672,126.916405848326,948403.7753534332,1942740.7746616667,I,2026-02-07 22:28:35,2026-02-06 16:56:31
3200000,3200000-S200600002,서울특별시 관악구 남현동 1134 예성그린캐슬2차아파트,"서울특별시 관악구 남현7길 3, 지하1~2층 (남현동, 예성그린캐슬2차아파트)",8807.0,2006-01-11,,사용중,"예성그린캐슬2차아파트 주차장 지하1,2층",공공용시설,지하,4015.0,4015,37.0,28.0,24.68,126.0,58.0,34.37,37.47342428650493,126.97618169506654,953683.087743,1941706.761416,I,2026-02-04 22:28:35,2026-02-03 15:49:35
3200000,3200000-S202200003,서울특별시 관악구 신림동 1601-3 신원동 복합청사,"서울특별시 관악구 신원로3길 13, 신원동 복합청사 (신림동)",8774.0,2022-11-25,2023-06-29,사용중지,신원동복합청사 지하1층 주차장,공공용시설,지하,371.88,371,37.0,28.0,53.8,126.0,55.0,38.57,37.48168016070083,126.92748196711386,949382.507265,1942647.764015,I,2025-12-15 16:14:09,2023-07-07 18:37:15
3200000,3200000-S200500032,서울특별시 관악구 신림동 1694번지,"서울특별시 관악구 신림로29길 8 (신림동, 신림현대아파트)",8845.0,2005-05-02,2023-11-06,사용중지,신림현대아파트 104동 지하1~2층 주차장(A/B),공공용시설,지하,1386.0,1386,37.0,28.0,31.2,126.0,55.0,55.3,37.474882519313965,126.93401175493598,949955.291072,1941890.118433,I,2025-12-15 16:14:09,2023-11-06 14:39:08
3210000,3210000-S201600005,서울특별시 서초구 잠원동 70번지 1호,"서울특별시 서초구 잠원로 69 (잠원동, 킴스클럽)",6511.0,2016-12-30,,사용중,킴스클럽 지하3층 주차장,공공용시설,지하,2239.0,2239,37.0,30.0,38.03,127.0,0.0,24.96,37.5105652506742,127.006934091698,956423.8687502334,1945812.6314359333,I,2026-02-25 22:28:36,2026-02-24 15:46:48
3210000,3210000-S201600001,서울특별시 서초구 우면동 689번지,"서울특별시 서초구 성촌길 33 (우면동, (주)삼성전자서울R&D캠퍼스)",6765.0,2016-01-21,,사용중,삼성전자R&D캠퍼스 1  지하1~3층 주차장,공공용시설,지하,49803.0,49803,37.0,27.0,56.01,127.0,1.0,25.54,37.4655587115311,127.023761548234,957885.7940589668,1940811.7919258005,I,2026-02-25 22:28:36,2026-02-24 10:23:10
3210000,3210000-S201300003,서울특별시 서초구 양재동 233번지 2호,"서울특별시 서초구 매헌로 지하 116 (양재동, 양재시민의숲역(매헌역))",6774.0,2013-01-02,,사용중,양재시민의숲역 지하 1~2층,공공용시설,지하,6000.0,6000,37.0,28.0,12.02,127.0,2.0,18.0,37.4694902766629,127.03846724728174,959188.377482,1941241.497761,I,2026-02-21 22:28:35,2026-02-20 13:30:45
3210000,3210000-S200800153,서울특별시 서초구 방배동 774번지 19호,"서울특별시 서초구 방배로 239 (방배동, 현대멤피스아파트)",6557.0,2008-09-01,,사용중,현대멤피스아파트 지하 1~2층 주차장,공공용시설,지하,3015.0,3015,37.0,29.0,39.59,126.0,59.0,21.43,37.49433000322984,126.98928558963526,954854.345905,1944019.750362,I,2026-02-25 22:28:36,2026-02-24 10:23:00
3210000,3210000-S200800157,서울특별시 서초구 방배동 2001번지,"서울특별시 서초구 서초대로1길 34 (방배동, 방배2차현대홈타운)",6566.0,2008-09-01,,사용중,방배2차현대홈타운아파트 지하1~2층 주차장,공공용시설,지하,6862.0,6862,37.0,29.0,22.62,126.0,59.0,0.0,37.48961730220277,126.98333545950466,954325.498455,1943499.776446,I,2026-02-25 22:28:36,2026-02-24 10:35:56
3210000,3210000-S200800009,서울특별시 서초구 서초동 1376번지 2호,서울특별시 서초구 남부순환로 2572 (서초동),6750.0,2008-09-01,2023-06-20,사용중지,외교안보연구소 지하1층 주차장,공공용시설,지하,1117.0,1117,37.0,29.0,1.04,127.0,1.0,52.55,37.48362258269104,127.03126410344127,958559.231084,1942812.526349,I,2025-12-15 16:14:09,2023-06-20 17:57:33
3210000,3210000-S200800001,서울특별시 서초구 서초동 1642번지 14호,"서울특별시 서초구 사임당로17길 90 (서초동, 서초롯데캐슬84)",6635.0,2008-09-01,,사용중,서초롯데캐슬84아파트 지하 1~2층 주차장,공공용시설,지하,6842.0,6842,37.0,29.0,33.36,127.0,1.0,4.36,37.4925991246112,127.017876789208,957380.7565056336,1943814.3914469327,I,2026-02-25 22:28:36,2026-02-24 10:57:43
3210000,3210000-S200800005,서울특별시 서초구 서초동 1424-2 GS건설 서초타워,"서울특별시 서초구 남부순환로 2477, GS건설 서초타워 (서초동)",6725.0,2008-09-01,,사용중,GS건설서초타워 지하 3~5층 주차장,공공용시설,지하,495.0,495,37.0,28.0,59.5,127.0,1.0,16.43,37.483193119995,127.021230103436,957671.8811818332,1942769.3440735,I,2026-02-25 22:28:36,2026-02-24 11:00:30
3210000,3210000-S200800137,서울특별시 서초구 방배동 797번지 30호,"서울특별시 서초구 동광로 89-5 (방배동, 방배3차이편한세상)",6584.0,2008-09-01,,사용중,방배3차 이편한세상아파트 지하 1~2층 주차장,공공용시설,지하,5100.0,5100,37.0,29.0,37.93,126.0,59.0,31.44,37.49386925293559,126.99206693321813,955099.934363,1943967.302672,I,2026-02-25 22:28:36,2026-02-24 10:21:01
3210000,3210000-S200800125,서울특별시 서초구 반포동 505번지,"서울특별시 서초구 반포대로 222 (반포동, 가톨릭대서울성모병원,가톨릭대성의교정)",6591.0,2008-09-01,,사용중,카톨릭의과대학 지하 1~3층,공공용시설,지하,6850.0,6850,37.0,29.0,58.7,127.0,0.0,15.46,37.49963800264637,127.00429455332964,956184.204448,1944601.546461,I,2025-12-15 16:14:09,2025-07-18 11:02:14
3210000,3210000-S200800121,서울특별시 서초구 반포동 산 60번지 1호 국립중앙도서관,"서울특별시 서초구 반포대로 201, 국립중앙도서관 (반포동)",6579.0,2008-09-01,,사용중,국립중앙도서관 지하 1~5층 주차장,공공용시설,지하,870.0,870,37.0,29.0,51.46,127.0,0.0,16.32,37.497628949318994,127.00453210467468,956204.028575,1944378.544084,I,2025-12-15 16:14:09,2025-07-18 10:57:09
3210000,3210000-S201700002,서울특별시 서초구 반포동 70번지 1호,"서울특별시 서초구 사평대로28길 31 (반포동, 한신서래아파트)",6578.0,2017-04-03,,사용중,한신서래아파트 지하1층 주차장,공공용시설,지하,1196.0,1196,37.0,29.0,57.09,127.0,0.0,0.81,37.49919181758159,127.00022530981504,955824.255569,1944553.947232,I,2025-12-15 16:14:09,2025-09-26 10:06:24
3210000,3210000-S202500001,서울특별시 서초구 방배동 752-36 아크로리버,"서울특별시 서초구 방배중앙로 207-10 (방배동, 아크로리버)",6551.0,2025-04-08,,사용중,방배아크로리버 지하 1~4충 주차장,공공용시설,지하,17058.0,17058,37.0,29.0,51.05,126.0,59.0,4.56,37.4975135211622,126.984600917131,954442.1656734928,1944375.198916044,I,2026-02-25 22:28:37,2026-02-24 10:23:19
3210000,3210000-S200800169,서울특별시 서초구 양재동 214번지,"서울특별시 서초구 매헌로 24 (양재동, 농협전산정보)",6771.0,2008-09-01,,사용중,농협전산정보 지하 1층 주차장,공공용시설,지하,2000.0,2000,37.0,27.0,48.08,127.0,2.0,8.02,37.46335553645849,127.0355598902862,958927.933211,1940562.155294,I,2026-02-21 22:28:35,2026-02-20 13:23:27
3210000,3210000-S200800165,서울특별시 서초구 우면동 70번지,"서울특별시 서초구 바우뫼로 53 (우면동, 코오롱아파트)",6762.0,2008-09-01,,사용중,우면코오롱아파트 지하1층 주차장,공공용시설,지하,4740.0,4740,37.0,28.0,20.27,127.0,1.0,40.39,37.4722962022003,127.027887260509,958254.3836751,1941557.4329584332,I,2026-02-25 22:28:36,2026-02-24 13:42:42
3210000,3210000-S200800161,서울특별시 서초구 서초동 1366번지 9호,"서울특별시 서초구 남부순환로 지하 2585 (서초동, 양재역)",6735.0,2008-09-01,,사용중,"양재역 3호선, 신분당선 지하1~2층",공공용시설,지하,7450.0,7450,37.0,29.0,1.95,127.0,2.0,4.11,37.4838749776594,127.034475984712,958843.3324249666,1942839.1189985336,I,2026-02-25 22:28:36,2026-02-24 13:09:08
3210000,3210000-S200900002,서울특별시 서초구 반포동 817번지,"서울특별시 서초구 신반포로 지하 17 (반포동, 구반포역)",6501.0,2009-08-27,,사용중,구반포역 9호선 지하1~3층,공공용시설,지하,5500.0,5500,37.0,30.0,4.82,126.0,59.0,15.06,37.5013380926672,126.987515834459,954702.1371370336,1944798.1044447331,I,2026-02-25 22:28:36,2026-02-24 10:19:58
3210000,3210000-S200800002,서울특별시 서초구 서초동 1436번지 14호,"서울특별시 서초구 효령로68길 33 (서초동, 서초동 아이파크)",6723.0,2008-09-01,,사용중,서초아이파크아파트 지하1층 주차장,공공용시설,지하,6929.0,6929,37.0,29.0,9.3,127.0,1.0,22.17,37.4859155525175,127.02282637533,957814.5394717334,1943070.6634384,I,2026-02-25 22:28:36,2026-02-24 10:58:25
3210000,3210000-S200800006,"서울특별시 서초구 서초동 1376-3 서초구청, 서초구의회","서울특별시 서초구 남부순환로 2584, 서초구청, 서초구의회 (서초동)",6750.0,2008-09-01,,사용중,서초구청 지하1층,공공용시설,지하,2203.51,2203,37.0,29.0,3.18,127.0,2.0,0.09,37.4842174908458,127.033357498673,958744.6355869332,1942877.6080625667,I,2026-02-24 22:28:36,2026-02-23 13:21:52
3210000,3210000-S202500004,서울특별시 서초구 염곡동 180-2 내곡동종합시설,"서울특별시 서초구 염곡말길 9, 내곡동종합시설 (염곡동)",6793.0,2025-07-01,,사용중,서초 내곡종합시설 지하1층 주차장,공공용시설,지하,5918.96,5918,37.0,27.0,42.25,127.0,3.0,4.16,37.4617358027133,127.051154836118,960306.2002183016,1940375.7716737208,I,2026-02-25 22:28:37,2026-02-24 14:15:37
3210000,3210000-S200800033,서울특별시 서초구 서초동 1312번지 3호,"서울특별시 서초구 서운로 200 (서초동, 롯데캐슬클래식아파트)",6610.0,2008-09-01,,사용중,롯데캐슬클래식아파트 지하1~2층 주차장,공공용시설,지하,2450.0,2450,37.0,30.0,3.6,127.0,1.0,20.83,37.501001076157,127.022453211703,957790.0398106002,1944744.4719158,I,2026-02-21 22:28:35,2026-02-20 12:00:45
3210000,3210000-S200800037,서울특별시 서초구 서초동 1685번지 3호,"서울특별시 서초구 서초중앙로 188 (서초동, 아크로비스타)",6600.0,2008-09-01,,사용중,아크로비스타 지하 1~4층,공공용시설,지하,6585.0,6585,37.0,29.0,54.54,127.0,0.0,46.01,37.4984822916027,127.012781505315,956933.7138545,1944469.4103590003,I,2026-02-26 22:28:38,2026-02-25 14:09:25
3210000,3210000-S200800032,서울특별시 서초구 서초동 1684번지,"서울특별시 서초구 고무래로 94 (서초동, 서초4차현대아파트)",6602.0,2008-09-01,,사용중,현대아파트서초4차 지하1~2층 주차장,공공용시설,지하,2440.0,2440,37.0,30.0,1.81,127.0,1.0,5.48,37.5005018897847,127.018189497906,957412.8878911,1944691.0111532,I,2026-02-21 22:28:35,2026-02-20 12:18:08
3210000,3210000-S200800036,서울특별시 서초구 서초동 1687번지,"서울특별시 서초구 서초중앙로24길 43 (서초동, 유원서초아파트)",6603.0,2008-09-01,,사용중,서초유원아파트 지하1층,공공용시설,지하,2870.0,2870,37.0,29.0,44.31,127.0,1.0,5.85,37.4956404538593,127.018291326852,957419.1282129334,1944151.6197261664,I,2026-02-21 22:28:35,2026-02-20 12:17:31
3210000,3210000-S200800042,서울특별시 서초구 잠원동 51번지,"서울특별시 서초구 잠원로 202-11 (잠원동, 한신잠원훼미리)",6516.0,2008-09-01,,사용중,잠원 훼미리아파트 지하1층,공공용시설,지하,2146.0,2146,37.0,31.0,9.49,127.0,0.0,51.7,37.5193032429553,127.014362101483,957085.3487383669,1946778.6448027005,I,2026-02-25 22:28:36,2026-02-24 11:46:07
3210000,3210000-S200800046,서울특별시 서초구 잠원동 58번지,"서울특별시 서초구 나루터로 46 (잠원동, 금호베스트빌아파트)",6523.0,2008-09-01,,사용중,금호베스트빌 지하1~2층,공공용시설,지하,5863.0,5863,37.0,30.0,53.59,127.0,0.0,53.1,37.51488746316202,127.0147493838029,957117.045298,1946288.563929,I,2026-02-25 22:28:37,2026-02-24 11:47:55
3210000,3210000-S200900007,서울특별시 서초구 반포동 18번지 1호,"서울특별시 서초구 반포대로 275 (반포동, 래미안퍼스티지아파트)",6547.0,2009-12-01,,사용중,래미안퍼스티지아파트 지하1~2층 주차장,공공용시설,지하,55000.0,55000,37.0,30.0,13.75,127.0,0.0,5.44,37.50382028110737,127.00151035647347,955940.563148,1945066.84403,I,2026-02-21 22:28:35,2026-02-20 10:47:31
3210000,3210000-S200800031,서울특별시 서초구 서초동 1303번지 22호,"서울특별시 서초구 강남대로 465 (서초동, 교보타워)",6611.0,2008-09-01,2023-08-14,사용중지,교보타워빌딩 지하2~6층,공공용시설,지하,14430.0,14430,37.0,30.0,13.52,127.0,1.0,26.79,37.50380139814767,127.02439083129148,957962.875482,1945054.282709,I,2025-12-15 16:14:09,2023-08-14 09:10:53
3210000,3210000-S200800035,서울특별시 서초구 서초동 1682번지,"서울특별시 서초구 서초대로65길 13-10 (서초동, 서초래미안아파트)",6602.0,2008-09-01,,사용중,서초래미안 지하2~3층 주차장,공공용시설,지하,4930.0,4930,37.0,29.0,51.25,127.0,1.0,9.69,37.4975682467628,127.019358744318,957514.5758338,1944365.0136599,I,2026-02-21 22:28:35,2026-02-20 12:17:42
3210000,3210000-S200800039,서울특별시 강남구 신사동 667번지,"서울특별시 강남구 도산대로 지하 102 (신사동, 신사역)",6038.0,2008-09-01,2024-12-06,사용중지,신사역 3호선 지하1~2층,공공용시설,지하,7160.0,7160,37.0,30.0,59.15,127.0,1.0,13.16,37.51613954982109,127.01970244084212,957555.472644,1946425.229315,I,2025-12-15 16:14:09,2024-12-06 10:56:27
3210000,3210000-S202300001,서울특별시 서초구 서초동 1681-8 서초롯데캐슬프레지던트,"서울특별시 서초구 서초중앙로24길 57 (서초동, 서초롯데캐슬프레지던트)",6603.0,2023-07-04,,사용중,서초롯데캐슬프레지던트 지하1~2층주차장,공공용시설,지하,56021.0,56021,37.0,29.0,46.4,127.0,1.0,10.95,37.4962210011431,127.019708758024,957544.7521518,1944215.3874409003,I,2026-02-21 22:28:35,2026-02-20 12:01:14
3210000,3210000-S202500003,서울특별시 서초구 방배동 485-3 방배래미안타워,"서울특별시 서초구 남부순환로 2183 (방배동, 방배래미안타워)",6701.0,2025-04-16,,사용중,방배래미안타워아파트 지하 1~2층 주차장,공공용시설,지하,17288.0,17288,37.0,28.0,28.47,126.0,59.0,28.49,37.4745739110683,126.991248510253,955016.0197219668,1941827.000789967,I,2026-02-25 22:28:37,2026-02-24 13:53:24
3210000,3210000-S201300004,서울특별시 서초구 신원동 270번지 25호,"서울특별시 서초구 청계산로 지하 179 (신원동, 청계산입구역)",6802.0,2013-01-02,,사용중,청계산입구역 신분당선 지하1~2층,공공용시설,지하,12792.0,12792,37.0,26.0,54.12,127.0,3.0,16.68,37.449111176270485,127.0539476773085,960546.556296,1938973.988499,I,2026-02-25 22:28:36,2026-02-24 14:13:52
3210000,3210000-S201300002,서울특별시 서초구 양재동 25번지 3호,"서울특별시 서초구 강남대로 193 (양재동, 서울가정행정법원청사)",6749.0,2013-01-02,2023-06-16,사용중지,서울가정행정법원 지하3~5층 주차장,공공용시설,지하,990.0,990,37.0,28.0,52.48,127.0,2.0,10.28,37.4812920538504,127.03637307911428,959009.643184,1942551.733403,I,2025-12-15 16:14:09,2023-06-22 09:52:59
3210000,3210000-S201900004,서울특별시 서초구 신원동 374번지,"서울특별시 서초구 청계산로7길 43 (신원동, 서초포레스타5단지)",6798.0,2019-12-02,,사용중,서초포레스타 5단지아파트 지하1~2층 주차장,공공용시설,지하,28716.0,28716,37.0,27.0,3.53,127.0,3.0,24.93,37.45098045350257,127.05692536576734,960810.910187,1939180.12829,I,2026-02-25 22:28:37,2026-02-24 14:14:37
3210000,3210000-S201600002,서울특별시 서초구 우면동 678번지,"서울특별시 서초구 성촌길 56 (우면동, (주)삼성전자서울R&D캠퍼스)",6765.0,2016-01-21,,사용중,삼성전자R&D캠퍼스 2   지하1~3층 주차장,공공용시설,지하,84737.0,84737,37.0,27.0,59.47,127.0,1.0,23.26,37.4665205098014,127.023126853139,957830.2072843668,1940918.7806974668,I,2026-02-25 22:28:36,2026-02-24 10:23:22
3210000,3210000-S200800120,서울특별시 서초구 반포동 19번지 3호,"서울특별시 서초구 신반포로 176 (반포동, 센트럴시티빌딩)",6546.0,2008-09-01,,사용중,고속버스터미널 지하1~4층,공공용시설,지하,3560.0,3560,37.0,30.0,19.99,127.0,0.0,12.84,37.5055521077086,127.0035662237178,956123.2875,1945258.01895,I,2025-12-15 16:14:09,2025-07-18 10:55:34
3210000,3210000-S200800139,서울특별시 서초구 방배동 752번지 36호,"서울특별시 서초구 방배중앙로 207-10 (방배동, 아크로리버)",6551.0,2008-09-01,2023-12-12,사용중지,방배 아크로리버아파트 지하 1~4층 주차장,공공용시설,지하,5150.0,5150,37.0,29.0,51.05,126.0,59.0,4.56,37.49751352109143,126.98460063939176,954442.141123,1944375.19905,I,2025-12-15 16:14:09,2023-12-13 14:47:57
3210000,3210000-S200800131,서울특별시 서초구 방배동 912번지 14호,"서울특별시 서초구 방배로 지하 80 (방배동, 방배역)",6665.0,2008-09-01,,사용중,방배역 2호선 지하1~2층,공공용시설,지하,14728.0,14728,37.0,28.0,53.0,126.0,59.0,51.77,37.4813893519105,126.997713274183,955591.673562,1942580.0600698332,I,2026-02-25 22:28:37,2026-02-24 13:48:45
3210000,3210000-S200800145,서울특별시 서초구 방배동 1011번지 1호,"서울특별시 서초구 방배로2길 24-6 (방배동, 임광아파트)",6715.0,2008-09-01,,사용중,임광3차아파트 지하1층 주차장,공공용시설,지하,3498.0,3498,37.0,28.0,33.8,127.0,0.0,9.79,37.4760565362314,127.002720649698,956031.2655729336,1941986.0697511327,I,2026-02-25 22:28:36,2026-02-24 13:51:19
3210000,3210000-S200800141,서울특별시 서초구 방배동 3277번지,"서울특별시 서초구 동광로3길 18 (방배동, 방배아이파크)",6560.0,2008-09-01,,사용중,방배아이파크아파트 지하 1~2층 주차장,공공용시설,지하,2240.0,2240,37.0,29.0,30.32,126.0,59.0,3.92,37.49175527005364,126.98442100459708,954422.763271,1943736.444246,I,2026-02-25 22:28:36,2026-02-24 10:21:41
3210000,3210000-S200800172,서울특별시 서초구 양재동 202번지,"서울특별시 서초구 바우뫼로12길 70 (양재동, 교육문화회관)",6769.0,2008-09-01,2025-04-09,사용중지,더케이호텔 지하 1~2층 주차장,공공용시설,지하,3000.0,3000,37.0,28.0,4.64,127.0,2.0,2.84,37.46795574731232,127.0341229943082,958803.387043,1941073.143802,I,2025-12-15 16:14:09,2025-04-09 10:43:14
3210000,3210000-S200800176,서울특별시 서초구 염곡동 300번지 6호,"서울특별시 서초구 헌릉로 7 (염곡동, 외국기업창업지원연구센터)",6792.0,2010-01-01,,사용중,코리아프라자 지하1~2층 지하주차장,공공용시설,지하,5560.0,5560,37.0,27.0,55.68,127.0,2.0,38.57,37.46533676160952,127.04407306781695,959681.851475,1940778.280128,I,2026-02-25 22:28:36,2026-02-24 14:09:32
3210000,3210000-S200800147,서울특별시 서초구 방배동 1008번지 2호,"서울특별시 서초구 남부순환로 2311-12 (방배동, 래미안방배아트힐)",6714.0,2008-09-01,,사용중,래미안방배아트힐아파트 지하1~2층 주차장,공공용시설,지하,12500.0,12500,37.0,28.0,37.35,127.0,0.0,15.47,37.4770405302611,127.00429821600464,956171.32733,1942094.501859,I,2026-02-25 22:28:36,2026-02-24 13:52:07
3210000,3210000-S200800143,서울특별시 서초구 방배동 3275번지,"서울특별시 서초구 방배로 278 (방배동, 동부센트레빌아파트)",6574.0,2008-09-01,,사용중,동부센트레빌아파트 지하 1~2층 주차장,공공용시설,지하,6083.0,6083,37.0,29.0,51.41,126.0,59.0,15.41,37.4976125914744,126.987613108737,954708.4849770336,1944384.7363996,I,2026-02-25 22:28:36,2026-02-24 10:22:09
3210000,3210000-S200800119,서울특별시 서초구 반포동 19번지 11호,"서울특별시 서초구 신반포로 지하 188 (반포동, 강남고속터미널역)",6545.0,2008-09-01,,사용중,"고속터미널역 3,7호선 지하1~3층",공공용시설,지하,12650.0,12650,37.0,30.0,16.73,127.0,0.0,15.99,37.50593889248436,127.00460611074192,956215.423184,1945300.445987,I,2025-12-15 16:14:09,2025-07-18 10:56:22
3210000,3210000-S200800160,서울특별시 서초구 양재동 25번지,"서울특별시 서초구 강남대로 201 (양재동, 서초구민회관)",6749.0,2008-09-01,,사용중,서초문화예술회관 지하1층,공공용시설,지하,1375.0,1375,37.0,28.0,55.29,127.0,2.0,10.35,37.4820263273387,127.036207344548,958995.3913824332,1942633.2682466,I,2026-02-25 22:28:36,2026-02-24 13:08:17
3210000,3210000-S200800164,서울특별시 서초구 우면동 57번지,"서울특별시 서초구 바우뫼로7길 51 (우면동, 대림아파트)",6762.0,2008-09-01,,사용중,우면대림아파트 지하1층 주차장,공공용시설,지하,3281.0,3281,37.0,28.0,20.06,127.0,1.0,24.14,37.4722395043966,127.023372193922,957855.1137827002,1941553.1537175667,I,2026-02-25 22:28:36,2026-02-24 13:39:27
3210000,3210000-S200800168,서울특별시 서초구 양재동 370번지 5호,"서울특별시 서초구 강남대로8길 77 (양재동, 동산마을구립주차장)",6785.0,2011-01-01,,사용중,동산구립주차장 지하 1~2층 주차장,공공용시설,지하,2500.0,2500,37.0,28.0,12.17,127.0,2.0,39.66,37.47000255062856,127.04443416227863,959716.2874,1941295.76204,I,2026-02-21 22:28:35,2026-02-20 13:23:05
3210000,3210000-S201500001,서울특별시 서초구 서초동 1649번지 5호,"서울특별시 서초구 사임당로 89 (서초동, 서초1동주민센터)",6637.0,2015-11-25,,사용중,서초1동주민센터 지하1층 주차장,공공용시설,지하,619.0,619,37.0,29.0,24.69,127.0,1.0,10.08,37.49014527625231,127.01949936618962,957522.802073,1943541.419522,I,2026-02-25 22:28:36,2026-02-24 11:01:16
3210000,3210000-S200800017,서울특별시 서초구 서초동 1730번지 1호,"서울특별시 서초구 반포대로 157 (서초동, 대검찰청)",6590.0,2008-09-01,2023-06-16,사용중지,대검찰청 지하1~2층 주차장,공공용시설,지하,2500.0,2500,37.0,29.0,38.92,127.0,0.0,22.53,37.49414515862366,127.00625894459334,956354.642955,1943991.237528,I,2025-12-15 16:14:09,2023-06-22 09:50:43
3210000,3210000-S200800013,서울특별시 서초구 서초동 1338-1 풍림아이원플러스,"서울특별시 서초구 효령로77길 14 (서초동, 풍림아이원플러스)",6628.0,2008-09-01,,사용중,풍림아이원플러스 지하1~3층,공공용시설,지하,6710.0,6710,37.0,29.0,25.22,127.0,1.0,47.16,37.4903376269353,127.029767365511,958430.6253320002,1943558.175860267,I,2026-02-24 22:28:36,2026-02-23 13:24:09
3210000,3210000-S200800170,서울특별시 서초구 양재동 309번지,"서울특별시 서초구 동산로13길 35 (양재동, 언남고등학교,언남교육문화회관)",6780.0,2011-01-01,,사용중,언남문화체육센터 지하 1~2층 주차장,공공용시설,지하,5000.0,5000,37.0,28.0,23.12,127.0,2.0,38.74,37.47308812239874,127.04409480367832,959687.936377,1941638.229923,I,2026-02-21 22:28:35,2026-02-20 13:23:44
3210000,3210000-S200800174,서울특별시 서초구 신원동 340번지 3호,"서울특별시 서초구 청계산로15길 77 (신원동, 내곡열린문화센터)",6802.0,2008-09-01,,사용중,내곡열린문화센터 지하1층 주차장,공공용시설,지하,990.0,990,37.0,26.0,57.69,127.0,3.0,29.93,37.44934998495159,127.05840914526924,960941.300527,1938998.623808,I,2026-02-25 22:28:36,2026-02-24 14:09:18
3210000,3210000-S200800022,서울특별시 서초구 서초동 1467번지 37호,"서울특별시 서초구 남부순환로 2343-10 (서초동, 서초3차대림이편한세상)",6713.0,2008-09-01,,사용중,서초3차 이편한세상아파트 지하1~2층 주차장,공공용시설,지하,1800.0,1800,37.0,28.0,42.66,127.0,0.0,26.89,37.47851614650862,127.00746899183709,956452.53726,1942256.740487,I,2026-02-25 22:28:36,2026-02-24 10:24:22
3210000,3210000-S200800026,서울특별시 서초구 서초동 1456번지 2호,"서울특별시 서초구 반포대로10길 42 (서초동, 경남아너스빌)",6717.0,2008-09-01,,사용중,경남아너스빌아파트 지하1~2층 주차장,공공용시설,지하,1800.0,1800,37.0,29.0,1.74,127.0,0.0,51.04,37.4838169036565,127.014178468984,957048.7983241332,1942841.7423117,I,2026-02-25 22:28:36,2026-02-24 10:26:39
3210000,3210000-S200800092,서울특별시 서초구 방배동 462번지 13호,"서울특별시 서초구 청두곶길 36 (방배동, 방배2동주민센터)",6690.0,2008-09-01,,사용중,방배2동 주민센터 지하2층,공공용시설,지하,620.0,620,37.0,28.0,47.21,126.0,59.0,7.48,37.47978122381082,126.98541065170872,954502.987745,1942407.522388,I,2026-02-24 22:28:36,2026-02-23 09:42:26
3210000,3210000-S200800136,서울특별시 서초구 방배동 2233번지,"서울특별시 서초구 방배중앙로21길 55 (방배동, 방배3차현대홈타운)",6560.0,2008-09-01,,사용중,방배3차현대홈타운 지하 1~2층 주차장,공공용시설,지하,4659.0,4659,37.0,29.0,30.17,126.0,58.0,59.81,37.49171522121034,126.98328011999114,954321.883849,1943732.554084,I,2026-02-25 22:28:36,2026-02-24 10:21:14
3210000,3210000-S200800020,서울특별시 서초구 서초동 1477번지 1호,"서울특별시 서초구 반포대로5길 65 (서초동, 아이파크빌)",6709.0,2008-09-01,,사용중,현대아이파크빌아파트 지하 1~2층 주차장,공공용시설,지하,3000.0,3000,37.0,28.0,53.39,127.0,0.0,29.12,37.4814974387184,127.008088604498,956509.0490329666,1942587.2086116336,I,2026-02-25 22:28:36,2026-02-24 10:23:05
3210000,3210000-S200800024,서울특별시 서초구 서초동 1446번지 11호,"서울특별시 서초구 서초중앙로 15 (서초동, 현대슈퍼빌)",6718.0,2008-09-01,,사용중,서초현대슈퍼빌아파트 지하1~2층 주차장,공공용시설,지하,9000.0,9000,37.0,29.0,0.22,127.0,1.0,1.14,37.48339393803143,127.01698271446014,957296.480858,1942793.541491,I,2026-02-25 22:28:36,2026-02-24 10:25:31
3210000,3210000-S200800028,서울특별시 강남구 역삼동 858 강남역,"서울특별시 강남구 강남대로 지하396, 강남역 1층 (역삼동)",6232.0,2008-09-01,2024-12-06,사용중지,강남지하상가 지하1층,공공용시설,지하,8090.0,8090,37.0,29.0,53.39,127.0,1.0,41.91,37.49813240882048,127.02839523743718,958313.65886,1944423.563179,I,2025-12-15 16:14:09,2024-12-06 10:55:22
3210000,3210000-S201900006,서울특별시 서초구 신원동 266번지,"서울특별시 서초구 청계산로11길 7-12 (신원동, 서초포레스타7단지)",6802.0,2019-12-02,,사용중,서초포레스타 7단지아파트 지하1~2층 주차장,공공용시설,지하,14079.0,14079,37.0,26.0,53.71,127.0,3.0,22.3,37.448252059886784,127.05619389155297,960744.786657,1938877.737782,I,2026-02-25 22:28:37,2026-02-24 14:15:08
3210000,3210000-S201900002,서울특별시 서초구 내곡동 77번지,"서울특별시 서초구 헌릉로8길 58 (내곡동, 서초더샵포레)",6800.0,2019-12-02,,사용중,서초더샵포레아파트 지하1~2층 주차장,공공용시설,지하,64966.0,64966,37.0,27.0,15.4,127.0,3.0,47.96,37.45427815619758,127.06332133154582,961378.319477,1939543.342948,I,2026-02-25 22:28:37,2026-02-24 14:14:06
3210000,3210000-S200800134,서울특별시 서초구 방배동 774번지 9호,"서울특별시 서초구 동광로19길 38 (방배동, 방배본동주민센터)",6557.0,2008-09-01,,사용중,방배본동 주민자치센터 지하 1층 주차장,공공용시설,지하,334.0,334,37.0,29.0,38.94,126.0,59.0,19.85,37.4941486529208,126.988846931336,954815.460273,1943999.8411628,I,2026-02-25 22:28:36,2026-02-24 10:18:40
3210000,3210000-S200800027,서울특별시 서초구 서초동 1458번지 6호,"서울특별시 서초구 반포대로10길 35 (서초동, 서초지웰)",6716.0,2008-09-01,,사용중,서초지웰아파트 지하1~2층 주차장,공공용시설,지하,2400.0,2400,37.0,29.0,3.27,127.0,0.0,49.29,37.484242410489,127.013690478783,957005.8989563,1942889.1722132664,I,2026-02-25 22:28:36,2026-02-24 10:27:14
3210000,3210000-S200800023,서울특별시 서초구 서초동 1467번지 62호,"서울특별시 서초구 명달로4길 30 (서초동, 서초5차대림이편한세상)",6713.0,2008-09-01,,사용중,서초5차 이편한세상아파트 지하1~2층 주차장,공공용시설,지하,1900.0,1900,37.0,28.0,49.18,127.0,0.0,26.85,37.4803282151055,127.007459531965,956452.7524514336,1942457.7817773332,I,2026-02-25 22:28:36,2026-02-24 10:24:57
3210000,3210000-S200800173,서울특별시 서초구 양재동 231번지,"서울특별시 서초구 헌릉로 12 (양재동, 현대기아자동차빌딩)",6797.0,2008-09-01,,일시중지,현대기아자동차 지하 2~3층 주차장,공공용시설,지하,7000.0,7000,37.0,27.0,52.22,127.0,2.0,37.41,37.46450567392097,127.04372555603862,959650.673792,1940686.225654,I,2026-02-21 22:28:35,2026-02-20 13:24:30
3210000,3210000-S200800177,서울특별시 서초구 염곡동 300번지 9호,"서울특별시 서초구 헌릉로 13 (염곡동, 대한무역투자진흥공사(코트라))",6792.0,2008-09-01,,사용중,코트라 지하 1~3층 주차장,공공용시설,지하,7121.0,7121,37.0,27.0,53.39,127.0,2.0,39.75,37.46483038713959,127.04437550173954,959708.324458,1940721.972059,I,2026-02-25 22:28:36,2026-02-24 14:09:47
3210000,3210000-S200900009,서울특별시 서초구 양재동 232번지,"서울특별시 서초구 강남대로 27 (양재동, 농수산물유통공사,화훼공판장)",6774.0,2009-09-01,,사용중,AT센터 지하 1~3층 주차장,공공용시설,지하,13000.0,13000,37.0,28.0,2.43,127.0,2.0,26.65,37.46734028489764,127.04073557297414,959387.795095,1941001.990743,I,2026-02-21 22:28:35,2026-02-20 13:30:31
3210000,3210000-S200900005,서울특별시 서초구 반포동 20번지 43호,"서울특별시 서초구 신반포로 270 (반포동, 반포자이아파트)",6544.0,2009-12-01,,사용중,반포자이아파트 지하1층 주차장,공공용시설,지하,55000.0,55000,37.0,30.0,30.24,127.0,0.0,50.04,37.508400701486,127.013900193298,957038.2815094,1945569.284654867,I,2026-02-25 22:28:36,2026-02-24 10:52:47
3210000,3210000-S200800180,서울특별시 서초구 반포동 128-1 신반포역,"서울특별시 서초구 신반포로 지하105, 신반포역 (반포동)",6504.0,2008-09-01,,사용중,신반포역 9호선 지하1~2층,공공용시설,지하,5500.0,5500,37.0,30.0,12.26,126.0,59.0,44.95,37.5035653618724,126.99586959693222,955441.844907,1945041.21816,I,2026-02-21 22:28:35,2026-02-20 10:44:51
3210000,3210000-S200800045,서울특별시 서초구 잠원동 50번지,"서울특별시 서초구 잠원로14길 3 (잠원동, 롯데캐슬갤럭시)",6515.0,2008-09-01,,사용중,롯데캐슬갤럭시아파트 지하1~2층,공공용시설,지하,12673.0,12673,37.0,31.0,13.09,127.0,0.0,56.64,37.5203034072349,127.015734676916,957207.2118787668,1946888.9818237,I,2026-02-25 22:28:36,2026-02-24 11:47:28
3210000,3210000-S200800041,서울특별시 서초구 잠원동 71번지 11호,"서울특별시 서초구 잠원로3길 8 (잠원동, 반포한신타워아파트)",6510.0,2008-09-01,,사용중,한신타워아파트 지하 1~2층 주차장,공공용시설,지하,2000.0,2000,37.0,30.0,37.9,127.0,0.0,22.4,37.5105284664277,127.006222265331,956360.9372059336,1945808.8803447336,I,2026-02-25 22:28:37,2026-02-24 15:46:00
3210000,3210000-S202400001,서울특별시 서초구 잠원동 50-1 롯데캐슬갤럭시,"서울특별시 서초구 잠원로14길 23 (잠원동, 롯데캐슬갤럭시)",6515.0,2024-10-21,,사용중,롯데캐슬갤럭시2차아파트 지하1~2층 주차장,공공용시설,지하,28612.37,28612,37.0,31.0,6.79,127.0,0.0,54.32,37.518551920453,127.015088346495,957149.096010631,1946694.9590039807,I,2026-02-25 22:28:37,2026-02-24 17:31:00
3210000,3210000-S200800007,서울특별시 서초구 서초동 1332-6 서초2동주민센터,"서울특별시 서초구 서초대로70길 51, 서초2동주민센터 (서초동)",6624.0,2008-09-01,,사용중,서초2동주민센터 지하1층,공공용시설,지하,669.81,669,37.0,29.0,31.45,127.0,1.0,29.82,37.4920684478566,127.024948964367,958005.6368709,1943752.3377857332,I,2026-02-24 22:28:36,2026-02-23 13:22:22
3210000,3210000-S200800003,서울특별시 서초구 서초동 1642번지 34호,"서울특별시 서초구 사임당로17길 80 (서초동, 래미안서초7차)",6635.0,2008-09-01,,사용중,래미안서초7차아파트 지하 1~2층 주차장,공공용시설,지하,5728.0,5728,37.0,29.0,32.35,127.0,1.0,2.45,37.492318958615,127.017348239555,957333.8735468,1943783.5482806663,I,2026-02-25 22:28:36,2026-02-24 10:59:11
3210000,3210000-S200800019,서울특별시 서초구 서초동 700번지,"서울특별시 서초구 남부순환로 2406 (서초동, 예술의전당)",6757.0,2008-09-01,,사용중,예술의전당 지하1~2층 음악당 주차장,공공용시설,지하,5500.0,5500,37.0,28.0,49.55,127.0,0.0,48.44,37.4804303673605,127.013456318354,956983.0115018667,1942466.3583058,I,2026-02-25 22:28:36,2026-02-24 10:22:18
3210000,3210000-S200800011,서울특별시 서초구 서초동 1347-20 서초벽산블루밍아파트,"서울특별시 서초구 효령로74길 56 (서초동, 서초벽산블루밍아파트)",6726.0,2008-09-01,,사용중,서초벽산블루밍아파트 지하1~2층,공공용시설,지하,3526.0,3526,37.0,29.0,8.22,127.0,1.0,34.07,37.4856162828266,127.026129678976,958106.4090771336,1943035.986412167,I,2026-02-24 22:28:36,2026-02-23 13:23:20
3210000,3210000-S200800015,서울특별시 서초구 서초동 1321-15 삼성생명서초타워,"서울특별시 서초구 서초대로74길 4, 삼성생명서초타워 (서초동)",6620.0,2008-09-01,,사용중,삼성생명서초타워 지하2~6층,공공용시설,지하,28803.0,28803,37.0,29.0,48.29,127.0,1.0,32.57,37.496747042716,127.025712849437,958075.7798759668,1944271.0571118668,I,2026-02-24 22:28:36,2026-02-23 13:24:58
3210000,3210000-S201600010,서울특별시 서초구 잠원동 71번지 12호,"서울특별시 서초구 잠원로3길 6 (잠원동, 킴스빌리지)",6510.0,2016-12-30,,사용중,킴스빌리지 지하1~3층 주차장,공공용시설,지하,2239.0,2239,37.0,30.0,38.81,127.0,0.0,23.42,37.51065600641613,127.00634826577654,956372.147174,1945822.971708,I,2026-02-25 22:28:36,2026-02-24 15:47:12
3210000,3210000-S201600014,서울특별시 서초구 잠원동 67번지 2호,"서울특별시 서초구 잠원로 46-38 (잠원동, 브라운스톤잠원)",6521.0,2016-12-30,,사용중,잠원브라운스톤 지하1~2층 주차장,공공용시설,지하,1836.0,1836,37.0,30.0,29.6,127.0,0.0,32.44,37.508169925102855,127.00916272639404,956619.44585,1945545.85494,I,2026-02-25 22:28:37,2026-02-24 15:45:28
3210000,3210000-S201600018,서울특별시 강남구 논현동 279번지 67호,"서울특별시 강남구 학동로 지하 102 (논현동, 논현역)",6110.0,2016-12-30,2024-12-06,사용중지,논현역 지하1~3층,공공용시설,지하,4500.0,4500,37.0,30.0,40.32,127.0,1.0,17.95,37.511130469490624,127.02158470345434,957718.985915,1945868.654853,I,2025-12-15 16:14:09,2024-12-06 10:56:51
3210000,3210000-S200800122,서울특별시 서초구 반포동 520번지 3호,"서울특별시 서초구 반포대로 217 (반포동, 조달청빌딩)",6578.0,2008-09-01,,사용중,조달청 지하 1층,공공용시설,지하,1300.0,1300,37.0,29.0,56.3,127.0,0.0,14.16,37.49897222647537,127.00393402943152,956151.947935,1944527.850681,I,2025-12-15 16:14:09,2025-09-26 10:01:48
3210000,3210000-S200800126,서울특별시 서초구 반포동 505번지,"서울특별시 서초구 반포대로 222 (반포동, 가톨릭대서울성모병원,가톨릭대성의교정)",6591.0,2008-09-01,,사용중,서울성모병원 지하 1~5층 주차장,공공용시설,지하,5800.0,5800,37.0,29.0,58.7,127.0,0.0,15.46,37.49963800264637,127.00429455332964,956184.204448,1944601.546461,I,2025-12-15 16:14:09,2025-07-18 11:02:30
3210000,3210000-S201700003,서울특별시 서초구 반포동 90번지 7호,"서울특별시 서초구 서래로4길 5 (반포동, 서래마을 구립주차장)",6577.0,2017-04-03,,사용중,서초구립서래마을공영주차장 지하 1~3층,공공용시설,지하,1182.0,1182,37.0,29.0,49.82,126.0,59.0,55.21,37.497100589404816,126.99866273518946,955684.900806,1944322.673174,I,2025-12-15 16:14:09,2025-07-18 11:08:26
3210000,3210000-S200800086,서울특별시 서초구 잠원동 68-17 강남터미널지하쇼핑몰,"서울특별시 서초구 신반포로 지하200, 강남터미널지하쇼핑몰 (잠원동)",6545.0,2008-09-01,,사용중,반포지하상가 지하1층,공공용시설,지하,9500.0,9500,37.0,30.0,22.39,127.0,0.0,18.19,37.5062202829506,127.00505172282,956254.9723311334,1945331.4572751336,I,2026-02-25 22:28:36,2026-02-24 10:50:42
3210000,3210000-S200800082,서울특별시 서초구 방배동 888번지 40호,"서울특별시 서초구 방배로18길 81 (방배동, 롯데캐슬파크)",6663.0,2008-09-01,,사용중,롯데캐슬파크아파트 지하1~2층,공공용시설,지하,5722.0,5722,37.0,29.0,9.39,126.0,59.0,58.7,37.4859418128302,126.99963781176,955764.5116469,1943084.2197904664,I,2026-02-25 22:28:36,2026-02-24 11:37:07
3210000,3210000-S202400002,서울특별시 서초구 서초동 1311-10 서초 푸르지오 써밋,"서울특별시 서초구 서운로 201 (서초동, 서초 푸르지오 써밋)",6608.0,2024-11-26,,사용중,서초푸르지오써밋 아파트 지하1~2층 주차장,공공용시설,지하,28655.0,28655,37.0,30.0,3.59,127.0,1.0,17.62,37.5009985448894,127.021561578247,957711.2271710334,1944744.5913582668,I,2026-02-26 22:28:38,2026-02-25 14:08:55
3210000,3210000-S200800021,서울특별시 서초구 서초동 1487번지 63호,"서울특별시 서초구 명달로6길 31 (서초동, 서초1차이편한세상)",6708.0,2008-09-01,,사용중,서초1차 이편한세상아파트 지하1~2층 주차장,공공용시설,지하,2400.0,2400,37.0,28.0,51.29,127.0,0.0,26.41,37.4809138092484,127.007337349251,956442.2897065666,1942522.8060701,I,2026-02-25 22:28:36,2026-02-24 10:23:49
3210000,3210000-S200800025,서울특별시 서초구 서초동 1454번지 32호,"서울특별시 서초구 남부순환로323길 38-16 (서초동, 서초동한신아파트)",6717.0,2008-09-01,,사용중,서초한신플러스타운아파트 지하1~2층 주차장,공공용시설,지하,2700.0,2700,37.0,28.0,57.45,127.0,0.0,52.39,37.4826246137949,127.014553425501,957081.2662069,1942709.2946686663,I,2026-02-25 22:28:36,2026-02-24 10:26:09
3210000,3210000-S200800029,서울특별시 강남구 역삼동 858번지,서울특별시 강남구 강남대로 지하 396 (역삼동),6232.0,2008-09-01,2024-12-06,사용중지,강남역 2호선 지하1~3층,공공용시설,지하,6390.0,6390,37.0,29.0,53.39,127.0,1.0,41.91,37.49813240882048,127.02839523743718,958313.65886,1944423.563179,I,2025-12-15 16:14:09,2024-12-06 10:55:44
3210000,3210000-S201600017,서울특별시 서초구 방배동 874번지 16호,"서울특별시 서초구 서초대로 지하 103 (방배동, 내방역)",6573.0,2016-12-30,,사용중,내방역 지하1~3층,공공용시설,지하,4500.0,4500,37.0,29.0,15.13,126.0,59.0,35.41,37.4875360092146,126.993170195413,955193.6777775334,1943264.144093067,I,2026-02-25 22:28:37,2026-02-24 11:41:17
3210000,3210000-S200800043,서울특별시 서초구 잠원동 53번지,"서울특별시 서초구 잠원로12길 4 (잠원동, 잠원현대아파트)",6517.0,2008-09-01,,사용중,잠원 현대아파트 지하1층,공공용시설,지하,2978.0,2978,37.0,31.0,7.82,127.0,0.0,46.59,37.5188399347109,127.012941288505,956959.5280097,1946727.8926024004,I,2026-02-25 22:28:36,2026-02-24 11:46:31
3210000,3210000-S200800047,서울특별시 서초구 잠원동 65번지 32호,"서울특별시 서초구 잠원로 94 (잠원동, 한신빌딩)",6520.0,2008-09-01,,사용중,한신공영상가 지하1층,공공용시설,지하,4490.0,4490,37.0,30.0,45.83,127.0,0.0,24.63,37.5127314692834,127.006840577135,956416.8637074667,1946053.0035631333,I,2026-02-25 22:28:36,2026-02-24 15:46:28
3210000,3210000-S200300004,서울특별시 서초구 서초동 1748번지 4호,"서울특별시 서초구 서초대로 지하 294 (서초동, 교대역)",6634.0,2003-04-30,,사용중,교대역 3호선 지하 1~2층,공공용시설,지하,2500.0,2500,37.0,29.0,35.53,127.0,0.0,51.73,37.4932033849889,127.014368263982,957070.9500596336,1943883.024546967,I,2026-02-25 22:28:36,2026-02-24 10:56:37
3210000,3210000-S201600011,서울특별시 서초구 잠원동 157번지,"서울특별시 서초구 신반포로33길 15 (잠원동, 동아아파트)",6521.0,2016-12-30,,사용중,동아아파트 지하1~3층 주차장,공공용시설,지하,2771.0,2771,37.0,30.0,33.54,127.0,0.0,39.35,37.50931637984272,127.0109292821744,956776.237402,1945672.234116,I,2026-02-25 22:28:36,2026-02-24 15:47:26
3210000,3210000-S201900005,서울특별시 서초구 신원동 285번지,"서울특별시 서초구 청계산로9길 1-12 (신원동, 서초포레스타6단지)",6802.0,2019-12-02,,사용중,서초포레스타 6단지아파트 지하1층 주차장,공공용시설,지하,23172.0,23172,37.0,26.0,58.21,127.0,3.0,17.99,37.44950260876367,127.05499607824116,960639.493215,1939016.976561,I,2026-02-25 22:28:37,2026-02-24 14:14:53
3210000,3210000-S201900001,서울특별시 서초구 반포동 16번지 6호,"서울특별시 서초구 신반포로16길 15-20 (반포동, 반포힐스테이트)",6549.0,2019-02-28,,사용중,반포힐스테이트아파트 지하1~2층 주차장,공공용시설,지하,21105.0,21105,37.0,30.0,5.93,126.0,59.0,49.59,37.50164742502788,126.99710938845038,955550.289035,1944827.848649,I,2026-02-21 22:28:35,2026-02-20 10:49:24
3210000,3210000-S201600015,서울특별시 서초구 서초동 1748번지 5호,"서울특별시 서초구 서초대로 지하 233 (서초동, 서초역)",6590.0,2016-12-30,,사용중,서초역 지하1~2층,공공용시설,지하,4500.0,4500,37.0,29.0,30.56,127.0,0.0,27.34,37.4918235233289,127.007593466257,956471.2644089336,1943733.0490299,I,2026-02-25 22:28:37,2026-02-24 10:27:52
3210000,3210000-S201600019,서울특별시 동작구 사당동 144번지 4호,"서울특별시 동작구 사당로 지하 310 (사당동, 이수역(7호선))",7013.0,2016-12-30,2024-12-06,사용중지,이수역 지하1~4층 역사,공공용시설,지하,4500.0,4500,37.0,29.0,6.94,126.0,58.0,51.51,37.485154908220125,126.98164954538665,954173.732287,1943005.521743,I,2025-12-15 16:14:09,2024-12-06 10:57:11
3210000,3210000-S200800085,서울특별시 서초구 방배동 923번지 6호,"서울특별시 서초구 방배로13길 18 (방배동, 방배아크로타워)",6683.0,2008-09-01,,사용중,방배아크로타워아파트 지하1~4층,공공용시설,지하,7282.0,7282,37.0,28.0,59.29,126.0,59.0,43.04,37.4831369002366,126.995289467378,955378.4170526334,1942775.0850309003,I,2026-02-25 22:28:36,2026-02-24 11:40:01
3210000,3210000-S200800089,서울특별시 서초구 방배동 940번지 8호,"서울특별시 서초구 서초대로18길 6 (방배동, 방배금강아파트)",6673.0,2008-09-01,,사용중,방배 금강아파트 지하1층,공공용시설,지하,4027.0,4027,37.0,29.0,11.68,126.0,59.0,28.03,37.4865770989904,126.991119168362,955011.7803018668,1943158.7373416333,I,2026-02-25 22:28:36,2026-02-24 11:40:50
3210000,3210000-S200800040,서울특별시 서초구 잠원동 103번지,"서울특별시 서초구 신반포로 지하 241 (잠원동, 반포역)",6521.0,2008-09-01,,사용중,반포역 7호선 지하1~3층,공공용시설,지하,5330.0,5330,37.0,30.0,29.26,127.0,0.0,41.51,37.5081275994988,127.011529767745,956828.6236321668,1945540.0705604332,I,2026-02-25 22:28:36,2026-02-24 11:45:11
3210000,3210000-S200800014,서울특별시 서초구 서초동 1338 현대ESA아파트,"서울특별시 서초구 효령로77길 20 (서초동, 현대ESA아파트)",6628.0,2008-09-01,,사용중,현대ESA아파트 지하1~3층,공공용시설,지하,7141.2,7141,37.0,29.0,27.17,127.0,1.0,46.16,37.4908801106653,127.0294879688,958406.2268520336,1943618.4842881327,I,2026-02-24 22:28:36,2026-02-23 13:24:32
3210000,3210000-S200800018,서울특별시 서초구 서초동 1701번지 1호,"서울특별시 서초구 서초중앙로 157 (서초동, 서울고등법원.서울중앙지방법원.회생법원)",6594.0,2008-09-01,2023-06-16,사용중지,서울고등법원 지하1~2층 주차장,공공용시설,지하,2000.0,2000,37.0,29.0,44.33,127.0,0.0,46.51,37.49564736538409,127.01291907860238,956944.246715,1944154.830405,I,2025-12-15 16:14:09,2023-06-22 09:50:54
3210000,3210000-S200800010,서울특별시 서초구 서초동 1350-13 동원베네스트아파트,"서울특별시 서초구 효령로74길 57 (서초동, 동원베네스트아파트)",6726.0,2008-09-01,,사용중,동원베네스트아파트 지하1~2층,공공용시설,지하,4907.38,4907,37.0,29.0,7.18,127.0,1.0,35.23,37.4853282200156,127.02645155842,958134.7049889,1943003.8845738336,I,2026-02-24 22:28:36,2026-02-23 13:22:56
3210000,3210000-S201700015,서울특별시 서초구 방배동 2909번지,"서울특별시 서초구 과천대로 지하 816 (방배동, 남태령역)",6761.0,2017-01-02,,사용중,남태령역 4호선  지하1~지하3층,공공용시설,지하,7160.0,7160,37.0,27.0,53.42,126.0,59.0,19.19,37.46486881540128,126.98856174428713,954772.60634,1940751.572945,I,2026-02-25 22:28:37,2026-02-24 10:45:20
3210000,3210000-S200800140,서울특별시 서초구 방배동 754번지 1호,"서울특별시 서초구 동광로1길 112 (방배동, 롯데캐슬헤론)",6551.0,2008-01-01,,사용중,롯데캐슬헤론아파트 지하 1~3층 주차장,공공용시설,지하,5946.0,5946,37.0,29.0,49.19,126.0,59.0,5.01,37.49668378177536,126.98396609009568,954385.546113,1944283.451981,I,2026-02-25 22:28:36,2026-02-24 10:20:47
3210000,3210000-S201000001,서울특별시 서초구 서초동 1344-13 서초트라팰리스,"서울특별시 서초구 효령로72길 57 (서초동, 서초트라팰리스)",6732.0,2010-12-31,,사용중,서초트라팰리스 지하1~3층,공공용시설,지하,18322.0,18322,37.0,29.0,11.7,127.0,1.0,41.89,37.4865821245709,127.028302877926,958299.0737147668,1943142.1753284,I,2026-02-24 22:28:36,2026-02-23 13:25:20
3210000,3210000-S200800004,서울특별시 서초구 서초동 1641번지 1호,"서울특별시 서초구 사임당로17길 116 (서초동, 서초삼성래미안아파트)",6635.0,2008-09-01,,사용중,서초삼성래미안아파트 지하 1~2층 주차장,공공용시설,지하,6124.0,6124,37.0,29.0,35.81,127.0,1.0,8.5,37.4932813137952,127.019028043954,957482.9136964668,1943889.555302267,I,2026-02-25 22:28:36,2026-02-24 10:59:52
3210000,3210000-S200800008,서울특별시 서초구 서초동 393번지 1호,"서울특별시 서초구 남부순환로340길 49 (서초동, 서울특별시데이터센터)",6756.0,2008-09-01,2023-06-16,사용중지,서울시데이터센터 지하 1~2층,공공용시설,지하,242.0,242,37.0,28.0,46.48,127.0,1.0,18.8,37.47964250834046,127.0219711916351,957735.401395,1942375.094577,I,2025-12-15 16:14:09,2023-06-22 09:50:00
3210000,3210000-S200800144,서울특별시 서초구 방배동 776번지 3호,"서울특별시 서초구 방배로37길 26-9 (방배동, 쌍용예가클래식)",6557.0,2008-09-01,,사용중,쌍용예가클래식 지하 1~2층 주차장,공공용시설,지하,4171.0,4171,37.0,29.0,37.4,126.0,59.0,16.97,37.49372169388954,126.98804831927336,954744.607021,1943952.856421,I,2026-02-25 22:28:36,2026-02-24 10:22:30
3210000,3210000-S200800112,서울특별시 서초구 방배동 3250번지,"서울특별시 서초구 방배천로 91 (방배동, 구산타워)",6675.0,2008-09-01,,사용중,구산타워 지하1~2층,공공용시설,지하,1408.35,1408,37.0,29.0,5.25,126.0,58.0,57.36,37.4848336567068,126.982793420742,954274.664815,1942969.324793,I,2026-02-25 22:28:36,2026-02-24 10:45:34
3210000,3210000-S200800048,서울특별시 서초구 반포동 1141번지,"서울특별시 서초구 신반포로 23 (반포동, 엘루체)",6502.0,2008-09-01,,사용중,엘루체컨벤션 지하2~4층 주차장,공공용시설,지하,1600.0,1600,37.0,30.0,6.3,126.0,59.0,14.03,37.5017512165006,126.987229975879,954677.1199849334,1944844.0756126663,I,2026-02-25 22:28:36,2026-02-24 10:14:54
3210000,3210000-S200800044,서울특별시 서초구 잠원동 63번지 34호,"서울특별시 서초구 신반포로33길 64 (잠원동, 잠원한신로얄아파트)",6519.0,2008-09-01,,사용중,잠원 한신로얄아파트 지하1층,공공용시설,지하,2146.0,2146,37.0,30.0,47.68,127.0,0.0,31.39,37.5132450895878,127.008719547612,956583.2169796,1946109.1179205,I,2026-02-25 22:28:36,2026-02-24 11:47:05
3210000,3210000-S200800104,서울특별시 서초구 반포동 10번지,"서울특별시 서초구 신반포로15길 4 (반포동, 반포푸르지오아파트)",6504.0,2008-09-01,,사용중,반포 푸르지오아파트 지하1~2층 주차장,공공용시설,지하,9875.0,9875,37.0,30.0,12.94,126.0,59.0,42.29,37.50359359482709,126.99508014127976,955372.08428,1945044.724516,I,2026-02-21 22:28:35,2026-02-20 10:41:28
3210000,3210000-S200800070,서울특별시 서초구 방배동 169번지 24호,"서울특별시 서초구 효령로33길 66-31 (방배동, 방배한화아파트)",6666.0,2008-09-01,,사용중,방배 한화아파트 지하1~2층,공공용시설,지하,2446.0,2446,37.0,29.0,5.53,126.0,59.0,56.16,37.4848684961775,126.998932680255,955701.5389656668,1942965.4738555,I,2026-02-25 22:28:37,2026-02-24 11:33:23
3210000,3210000-S200800107,서울특별시 서초구 방배동 446번지 2호,서울특별시 서초구 방배천로2길 12 (방배동),6693.0,2008-09-01,,사용중,사조빌딩 지하2층 주차장,공공용시설,지하,2600.0,2600,37.0,28.0,36.11,126.0,59.0,0.83,37.47670572539837,126.98347828738568,954330.266403,1942067.251555,I,2026-02-25 22:28:36,2026-02-24 10:45:57
3210000,3210000-S201900003,서울특별시 서초구 내곡동 143번지,"서울특별시 서초구 헌릉로8길 45 (내곡동, 서초포레스타2단지)",6800.0,2019-12-02,,사용중,서초포레스타 2단지아파트 지하1~2층 주차장,공공용시설,지하,13352.0,13352,37.0,27.0,16.36,127.0,3.0,43.01,37.45454435801226,127.06194600425256,961256.816495,1939573.440761,I,2026-02-25 22:28:37,2026-02-24 14:14:22
3210000,3210000-S200800087,서울특별시 서초구 반포동 745번지 5호,"서울특별시 서초구 사평대로 343 (반포동, 제일약품 사옥)",6543.0,2008-09-01,,사용중,제일약품 지하2~4층 주차장,공공용시설,지하,3700.0,3700,37.0,30.0,13.14,127.0,1.0,13.45,37.5036491174766,127.020403828947,957610.3926180332,1945039.1765418337,I,2026-02-25 22:28:37,2026-02-24 10:51:38
3210000,3210000-S200800030,서울특별시 서초구 서초동 1316번지 15호,"서울특별시 서초구 강남대로61길 23 (서초동, 현대성우주상복합아파트)",6616.0,2008-09-01,,사용중,현대성우주상복합아파트 지하2~8층,공공용시설,지하,3800.0,3800,37.0,29.0,53.55,127.0,1.0,27.64,37.4982079020643,127.024344841243,957955.6742521668,1944433.7403163,I,2026-02-04 22:28:35,2026-02-03 09:26:39
3210000,3210000-S200800034,서울특별시 서초구 서초동 1685번지,"서울특별시 서초구 서초중앙로 200 (서초동, 삼풍아파트)",6601.0,2008-09-01,2023-06-16,사용중지,삼풍아파트,공공용시설,지하,17700.0,17700,37.0,29.0,58.21,127.0,0.0,48.7,37.499502338009975,127.01352743333533,957000.233377,1944582.237002,I,2025-12-15 16:14:09,2023-06-22 09:52:08
3210000,3210000-S200800038,서울특별시 서초구 잠원동 100번지 1호,"서울특별시 서초구 잠원로4길 지하 46 (잠원동, 잠원역)",6522.0,2008-09-01,,사용중,잠원역 3호선 지하1~2층,공공용시설,지하,6810.0,6810,37.0,30.0,46.08,127.0,0.0,40.48,37.51285208208091,127.01155813565695,956833.851705,1946064.210039,I,2026-02-25 22:28:36,2026-02-24 11:44:32
3210000,3210000-S202300002,서울특별시 서초구 우면동 753 서초호반써밋,"서울특별시 서초구 양재대로2길 109 (우면동, 서초호반써밋)",6767.0,2023-12-15,,사용중,서초호반써밋아파트 지하 1층~2층,공공용시설,지하,34649.0,34649,37.0,27.0,22.2,127.0,0.0,54.22,37.4561654782232,127.015061432897,957111.0652948334,1939773.6044589337,I,2026-02-25 22:28:36,2026-02-24 13:44:44
3210000,3210000-S200800061,서울특별시 서초구 방배동 899번지 16호,"서울특별시 서초구 서초대로26길 19 (방배동, 브라운스톤방배)",6664.0,2008-09-01,,사용중,브라운스톤방배아파트 지하1~2층,공공용시설,지하,5462.0,5462,37.0,29.0,12.71,126.0,59.0,41.09,37.4868643763212,126.994746740721,955332.6534159,1943188.8815897664,I,2026-02-25 22:28:37,2026-02-24 11:30:59
3210000,3210000-S200800079,서울특별시 서초구 방배동 888번지 53호,"서울특별시 서초구 방배로18길 67 (방배동, 방배자이아파트)",6663.0,2008-09-01,,사용중,방배 자이아파트 지하1~2층,공공용시설,지하,11287.0,11287,37.0,29.0,9.12,126.0,59.0,57.65,37.4858675208191,126.999347396146,955738.7928904002,1943076.114070667,I,2026-02-25 22:28:37,2026-02-24 11:36:08
3210000,3210000-S201700014,서울특별시 서초구 반포동 20번지 48호,"서울특별시 서초구 사평대로 273 (반포동, 반포1동 주민센터)",6544.0,2017-05-02,,사용중,반포1동 주민센터 지하1~2층 주차장,공공용시설,지하,1320.0,1320,37.0,30.0,18.34,127.0,0.0,48.16,37.5050940831832,127.013379071321,956990.3271731334,1945202.6738613,I,2026-02-25 22:28:37,2026-02-24 10:53:23
3210000,3210000-S201700001,서울특별시 서초구 반포동 74번지 7호,"서울특별시 서초구 사평대로28길 70-0 (반포동, 반포4동주민센터)",6577.0,2017-04-03,,사용중,반포4동주민센터 지하 1~3층 주차장,공공용시설,지하,1274.0,1274,37.0,29.0,50.92,127.0,0.0,1.12,37.49747893276618,127.00045406915548,955843.467428,1944363.806082,I,2025-12-15 16:14:09,2025-07-18 11:02:49
3210000,3210000-S200800179,서울특별시 서초구 내곡동 1번지 1328호,"서울특별시 서초구 헌릉로468길 21-16 (내곡동, 다니엘복지원,다니엘학교)",6796.0,2008-09-01,,사용중,다니엘학교 지하1층 강당,공공용시설,지하,500.0,500,37.0,27.0,38.56,127.0,5.0,28.87,37.46071208876662,127.09135175968966,963860.554996,1940246.018226,I,2026-02-25 22:28:36,2026-02-24 14:13:39
3210000,3210000-S200800171,서울특별시 서초구 양재동 311번지 1호,"서울특별시 서초구 언남길 8 (양재동, 매헌초등학교)",6780.0,2012-01-01,,사용중,매헌초등학교 지하 1층 주차장,공공용시설,지하,700.0,700,37.0,28.0,15.19,127.0,2.0,30.75,37.470886345715584,127.04187422488492,959490.398924,1941394.91097,I,2026-02-21 22:28:35,2026-02-20 13:24:03
3210000,3210000-S200800084,서울특별시 서초구 반포동 730번지,"서울특별시 서초구 주흥3길 34 (반포동, 방음언덕형 구립공영주차장)",6539.0,2008-09-01,,사용중,방음언덕형 구립 공영주차장 지하 1층,공공용시설,지하,5560.0,5560,37.0,30.0,14.79,127.0,1.0,7.22,37.5041094903203,127.01867211198,957457.593302,1945091.0334615333,I,2026-02-25 22:28:36,2026-02-24 10:16:26
3210000,3210000-S200800080,서울특별시 서초구 방배동 915-16 방배 서리풀 힐스,"서울특별시 서초구 방배로11길 35(방배동, 방배 서리풀 힐스)",6687.0,2008-09-01,,사용중,방배서리풀힐스아파트 지하1층,공공용시설,지하,2690.0,2690,37.0,28.0,52.39,126.0,59.0,40.59,37.4812185596654,126.994609558688,955317.1633598668,1942562.5801819332,I,2026-02-25 22:28:37,2026-02-24 11:36:35
3210000,3210000-S200800166,서울특별시 서초구 우면동 67번지,"서울특별시 서초구 바우뫼로 33 (우면동, 한라아파트)",6762.0,2008-09-01,,사용중,우면한라아파트 지하1층 주차장,공공용시설,지하,4939.0,4939,37.0,28.0,16.08,127.0,1.0,34.2,37.4711334235635,127.02616734407,958101.6535777,1941429.1944721336,I,2026-02-25 22:28:36,2026-02-24 13:43:27
3210000,3210000-S200800162,서울특별시 서초구 우면동 142번지,"서울특별시 서초구 태봉로 114 (우면동, 한국교원단체총연합회)",6764.0,2008-09-01,,사용중,교총회관 지하1층 주차장,공공용시설,지하,1553.0,1553,37.0,27.0,59.96,127.0,1.0,43.89,37.4666567635483,127.028857619581,958337.0563953668,1940931.3467283335,I,2026-02-25 22:28:36,2026-02-24 13:38:45
3210000,3210000-S200800012,서울특별시 서초구 서초동 1359-50 롯데캐슬주피터,"서울특별시 서초구 서운로6길 15-20 (서초동, 롯데캐슬주피터)",6731.0,2008-09-01,,사용중,롯데캐슬주피터 지하1~2층,공공용시설,지하,5306.0,5306,37.0,29.0,12.25,127.0,1.0,48.9,37.4867348189077,127.030251275813,958471.4096090666,1943158.2545011668,I,2026-02-24 22:28:36,2026-02-23 13:23:45
3210000,3210000-S202500002,서울특별시 서초구 방배동 752-36 아크로리버,"서울특별시 서초구 방배중앙로 207-10 (방배동, 아크로리버)",6551.0,2025-04-08,2025-04-09,사용중지,방배아크로리버아파트 지하1~4층 주차장,공공용시설,지하,17058.0,17058,37.0,29.0,51.05,126.0,59.0,4.56,37.4975135211622,126.984600917131,954442.1656734928,1944375.198916044,I,2025-12-15 16:14:09,2025-04-09 17:43:20
3210000,3210000-S200800106,서울특별시 서초구 방배동 957번지 7호,"서울특별시 서초구 도구로 73 (방배동, 대성아파트)",6678.0,2008-09-01,,사용중,방배대성유니드아파트 지하1층 주차장,공공용시설,지하,2480.0,2480,37.0,28.0,58.8,126.0,59.0,12.51,37.48308866046492,126.98696923053662,954642.788585,1942773.708891,I,2026-02-24 22:28:36,2026-02-23 09:46:29
3210000,3210000-S200900004,서울특별시 서초구 반포동 128번지 7호,"서울특별시 서초구 사평대로 지하 285 (반포동, 사평역)",6544.0,2009-12-01,,사용중,사평역 지하1~3층,공공용시설,지하,15000.0,15000,37.0,30.0,14.95,127.0,0.0,55.59,37.5041531976438,127.015440532168,957171.9916943,1945097.3483020668,I,2026-02-25 22:28:36,2026-02-24 10:52:16
3210000,3210000-S200800076,서울특별시 서초구 방배동 884번지 21호,"서울특별시 서초구 서초대로34길 34 (방배동, 방배이편한세상)",6661.0,2008-09-01,,사용중,방배 이편한세상아파트 지하1~2층,공공용시설,지하,16572.0,16572,37.0,29.0,18.25,126.0,59.0,56.26,37.4884022443952,126.998960228499,955706.0609481336,1943357.507294267,I,2026-02-25 22:28:36,2026-02-24 11:34:31
3210000,3210000-S200800113,서울특별시 서초구 반포동 19번지 11호,서울특별시 서초구 신반포로 지하 188 (반포동),6545.0,2008-09-01,,사용중,고속터미널역 9호선 지하1~2층,공공용시설,지하,18710.17,18710,37.0,30.0,16.73,127.0,0.0,15.99,37.5046471629894,127.004442100442,956200.1726385334,1945157.2128915,I,2026-02-25 22:28:36,2026-02-24 15:45:41
3210000,3210000-S200800066,서울특별시 서초구 방배동 930번지 1호,"서울특별시 서초구 방배로19길 67 (방배동, 방배브라운가아파트)",6681.0,2008-09-01,,사용중,방배 브라운가아파트 지하1층,공공용시설,지하,4800.0,4800,37.0,29.0,2.55,126.0,59.0,29.63,37.4840428107403,126.991564693886,955049.6493967334,1942877.361700667,I,2026-02-25 22:28:37,2026-02-24 11:32:52
3210000,3210000-S200800152,서울특별시 서초구 방배동 866번지 20호,"서울특별시 서초구 서초대로 17 (방배동, 방배대우디오빌)",6569.0,2008-09-01,,사용중,대우디오빌아파트 지하1~3층 주차장,공공용시설,지하,5395.0,5395,37.0,29.0,9.81,126.0,59.0,3.74,37.48590185063218,126.98437378717873,954415.032307,1943087.067639,I,2026-02-25 22:28:36,2026-02-24 10:34:00
3210000,3210000-S200800156,서울특별시 서초구 방배동 1344번지,"서울특별시 서초구 서초대로1길 30 (방배동, 방배1차현대아파트)",6567.0,2008-09-01,,사용중,방배1차현대아파트 지하1~2층 주차장,공공용시설,지하,5353.0,5353,37.0,29.0,20.38,126.0,59.0,0.11,37.48899390407444,126.98336468813416,954327.702799,1943430.600219,I,2026-02-21 22:28:35,2026-02-20 10:49:13
3210000,3210000-S201600003,서울특별시 서초구 반포동 2번지 1호,"서울특별시 서초구 신반포로15길 19 (반포동, 아크로리버파크)",6503.0,2016-12-30,,사용중,아크로리버파크아파트 지하1~2층 주차장,공공용시설,지하,37847.0,37847,37.0,30.0,23.36,126.0,59.0,34.47,37.506488265289946,126.9929095327824,955181.961782,1945366.902027,I,2026-02-21 22:28:35,2026-02-20 10:47:10
3210000,3210000-S201600007,서울특별시 서초구 잠원동 71번지 1호,"서울특별시 서초구 잠원로 85 (잠원동, 블루힐하우스)",6510.0,2016-12-30,,사용중,블루힐하우스 지하1~2층 주차장,공공용시설,지하,2492.0,2492,37.0,30.0,42.58,127.0,0.0,22.1,37.511912426524,127.00617950111588,956357.963596,1945962.442157,I,2026-02-25 22:28:36,2026-02-24 15:46:59
3210000,3210000-S200800151,서울특별시 서초구 방배동 816번지 1호,"서울특별시 서초구 방배로33길 29 (방배동, 방배한신트리플)",6562.0,2008-09-01,,사용중,방배한신트리플 지하2~4층 주차장,공공용시설,지하,5769.0,5769,37.0,29.0,28.51,126.0,59.0,21.37,37.49146604576956,126.9892535925168,954849.793422,1943702.027781,I,2026-02-25 22:28:36,2026-02-24 10:33:23
3210000,3210000-S200800155,서울특별시 서초구 방배동 1669번지,"서울특별시 서초구 동작대로 120 (방배동, 성산빌딩)",6568.0,2008-09-01,2023-12-01,사용중지,성산빌딩 지하1~2층,공공용시설,지하,829.0,829,37.0,29.0,14.1,126.0,58.0,57.75,37.48728402297069,126.982608896957,954259.845272,1943241.266795,I,2025-12-15 16:14:09,2023-12-01 10:34:11
3210000,3210000-S200800159,서울특별시 서초구 우면동 68번지 2호,"서울특별시 서초구 바우뫼로 41 (우면동, 양재1동우면주민센터)",6762.0,2008-09-30,,사용중,양재1동 주민자치센터 지하1층 주차장,공공용시설,지하,530.0,530,37.0,28.0,18.02,127.0,1.0,36.01,37.4716710480876,127.026668801287,958146.2946486,1941488.6172286668,I,2026-02-25 22:28:36,2026-02-24 13:07:40
3210000,3210000-S200800123,서울특별시 서초구 반포동 19번지 4호,"서울특별시 서초구 신반포로 194 (반포동, 강남고속버스터미널)",6545.0,2008-09-01,,사용중,터미널지하상가 지하 1층,공공용시설,지하,11560.0,11560,37.0,30.0,22.15,127.0,0.0,20.05,37.50615408471629,127.00556968051578,956300.71271,1945323.872341,I,2025-12-15 16:14:09,2025-09-26 09:53:59
3210000,3210000-S200800154,서울특별시 서초구 방배동 3276번지,"서울특별시 서초구 서초대로1길 2 (방배동, 방배한진로즈힐아파트)",6568.0,2008-09-01,,사용중,방배한진로즈힐아파트 지하1~2층 주차장,공공용시설,지하,6772.0,6772,37.0,29.0,11.64,126.0,58.0,59.33,37.4865660102485,126.9831469784358,954306.977576,1943161.346598,I,2026-02-25 22:28:36,2026-02-24 10:34:25
3210000,3210000-S200800150,서울특별시 서초구 방배동 852번지 14호,"서울특별시 서초구 방배로 173 (방배동, 방배열린문화센터(방배4동주민센터))",6572.0,2008-09-01,,사용중,방배열린문화센터 지하2~5층 주차장,공공용시설,지하,7524.0,7524,37.0,29.0,20.43,126.0,59.0,32.07,37.48910780330987,126.9924554085918,955131.426709,1943438.864974,I,2026-02-25 22:28:36,2026-02-24 10:32:06
3210000,3210000-S201500006,서울특별시 서초구 양재동 323번지 1호,"서울특별시 서초구 강남대로12길 44 (양재동, 양재2동 주민센터)",6779.0,2015-11-25,,사용중,양재2동주민센터 지하 1층,공공용시설,지하,300.0,300,37.0,28.0,14.32,127.0,2.0,28.62,37.47068148268888,127.04123508342998,959433.772049,1941372.457956,I,2026-02-21 22:28:35,2026-02-20 13:30:59
3210000,3210000-S201500002,서울특별시 서초구 서초동 1748번지 30호,"서울특별시 서초구 서초중앙로 지하 31 (서초동, 남부터미널역)",6718.0,2015-11-25,,사용중,남부터미널역 3호선 지하1~2층,공공용시설,지하,3500.0,3500,37.0,29.0,6.47,127.0,0.0,58.32,37.4851291796385,127.016200715349,957228.3331994,1942986.4100282667,I,2026-02-06 22:28:35,2026-02-05 10:06:59
3210000,3210000-S200800158,서울특별시 서초구 방배동 3001번지 2호,"서울특별시 서초구 서초대로 3-4 (방배동, 방배디오슈페리움1)",6568.0,2008-09-30,,사용중,방배디오슈페리움1차아파트 지하2~7층 주차장,공공용시설,지하,8027.0,8027,37.0,29.0,9.77,126.0,58.0,59.08,37.4857920279112,126.98283047776788,954278.525049,1943075.631899,I,2026-02-25 22:28:37,2026-02-24 10:36:50
3210000,3210000-S201700013,서울특별시 서초구 잠원동 76번지,"서울특별시 서초구 반포대로 316 (잠원동, 씨티21)",6509.0,2017-05-02,,사용중,씨티21 지하1~2층 주차장,공공용시설,지하,2970.0,2970,37.0,30.0,26.01,127.0,0.0,1.94,37.50718489910451,127.00037146644962,955841.88258,1945440.661514,I,2026-02-25 22:28:37,2026-02-24 15:47:55
3210000,3210000-S200800101,서울특별시 동작구 사당동 1129번지,"서울특별시 동작구 남부순환로 지하 2089 (사당동, 사당역(2호선))",7025.0,2008-09-01,2024-04-30,사용중지,사당역 2호선 지하1~2층,공공용시설,지하,6458.0,6458,37.0,28.0,35.48,126.0,58.0,53.07,37.476608560546346,126.98093589711522,954105.41272,1942057.707839,I,2025-12-15 16:14:09,2024-04-30 13:05:23
3210000,3210000-S200800109,서울특별시 서초구 방배동 444번지 3호,"서울특별시 서초구 방배천로 11 (방배동, SK리더스뷰)",6693.0,2008-09-01,,사용중,방배SK리더스뷰파스텔 지하3~4층 주차장,공공용시설,지하,5358.0,5358,37.0,28.0,39.68,126.0,58.0,56.05,37.47770232612211,126.98234725951122,954230.870466,1942178.366972,I,2026-02-25 22:28:36,2026-02-24 10:45:46
3210000,3210000-S201600012,서울특별시 서초구 잠원동 70번지 2호,"서울특별시 서초구 잠원로 51 (잠원동, 뉴코아백화점)",6511.0,2016-12-30,,사용중,뉴코아아울렛 지하2~3층 주차장,공공용시설,지하,5435.0,5435,37.0,30.0,33.27,127.0,0.0,26.81,37.50896502161637,127.00756886911846,956479.040308,1945634.80201,I,2026-02-25 22:28:36,2026-02-24 15:44:11
3210000,3210000-S201600016,서울특별시 강남구 역삼동 800번지,서울특별시 강남구 봉은사로 지하 102 (역삼동),6123.0,2016-12-30,2024-12-06,사용중지,신논현역 지하 1~3층,공공용시설,지하,4500.0,4500,37.0,30.0,16.68,127.0,1.0,30.11,37.504787894751466,127.02542330219696,958054.683782,1945163.267614,I,2025-12-15 16:14:09,2024-12-06 10:56:03
3220000,3220000-S200500032,서울특별시 강남구 대치동 946번지 1호,"서울특별시 강남구 테헤란로 534 (대치동, 글라스타워빌딩)",6181.0,2005-06-30,,사용중,글라스타워 지하 2~7층,공공용시설,지하,17340.0,17340,37.0,30.0,28.95,127.0,3.0,46.07,37.5080405917455,127.062797787768,961359.7103038664,1945508.1307718,I,2026-01-30 22:28:35,2026-01-29 11:58:01
3220000,3220000-S200600018,서울특별시 강남구 도곡동 527번지,"서울특별시 강남구 선릉로 221 (도곡동, 도곡렉슬아파트)",6276.0,2006-11-23,,사용중,도곡렉슬아파트 지하1층~지하3층,공공용시설,지하,168300.0,168300,37.0,29.0,34.24,127.0,2.0,59.66,37.49514305842435,127.05312340392354,960497.881543,1944081.249181,I,2026-02-04 22:28:35,2026-02-03 10:20:45
3220000,3220000-S200000012,서울특별시 강남구 역삼동 837번지 11호,"서울특별시 강남구 강남대로 310 (역삼동, 유니온센터오피스텔)",6253.0,2000-01-01,,사용중,유니온센터오피스텔 지하3~8층,공공용시설,지하,12002.0,12002,37.0,29.0,27.51,127.0,1.0,53.21,37.49095741629368,127.03132280316072,958568.471846,1943626.251707,I,2026-02-06 22:28:35,2026-02-05 09:22:29
3220000,3220000-S199600002,서울특별시 강남구 도곡동 892번지 6호,"서울특별시 강남구 도곡로18길 57 (도곡동, 도곡정보문화도서관)",6269.0,2012-12-14,,사용중,도곡정보문화도서관 (지하2층~지하3층),공공용시설,지하,1233.0,1233,37.0,29.0,17.98,127.0,2.0,19.99,37.48831878298342,127.03905930013542,959250.956366,1943330.135852,I,2026-02-04 22:28:35,2026-02-03 15:39:55
3220000,3220000-S199600022,서울특별시 강남구 도곡동 963번지,"서울특별시 강남구 논현로 213 (도곡동, 역삼럭키아파트)",6262.0,1996-01-01,,사용중,역삼럭키아파트 110동 (지하1층),공공용시설,지하,776.0,776,37.0,29.0,27.6,127.0,2.0,21.44,37.49068820266486,127.04134431066711,959454.242516,1943592.020651,I,2026-02-04 22:28:35,2026-02-03 15:44:24
3220000,3220000-S201500002,서울특별시 강남구 삼성동 111번지 114호,"서울특별시 강남구 선릉로 지하 580 (삼성동, 선정릉역)",6153.0,2015-03-28,,사용중,선정릉역 지하1~5층,공공용시설,지하,9192.0,9192,37.0,30.0,39.16,127.0,2.0,36.99,37.51025742869585,127.0439156152692,959692.071494,1945761.996052,I,2026-02-05 22:28:35,2026-02-04 15:06:13
3220000,3220000-S200000008,서울특별시 강남구 역삼동 858번지,"서울특별시 강남구 강남대로 지하 396 (역삼동, 강남역)",6232.0,2000-01-01,,사용중,강남역 지하1~2층,공공용시설,지하,9679.0,9679,37.0,29.0,53.09,127.0,1.0,40.76,37.49813240882048,127.02839523743718,958313.65886,1944423.563179,I,2026-02-06 22:28:35,2026-02-05 09:21:01
3220000,3220000-S200600012,서울특별시 강남구 도곡동 467번지 19호,"서울특별시 강남구 언주로30길 10 (도곡동, 현대비전21)",6295.0,2006-11-23,,사용중,도곡현대비젼21 지하1층~지하5층,공공용시설,지하,2237.0,2237,37.0,29.0,14.36,127.0,3.0,4.82,37.48740989085056,127.05142947486304,960344.055891,1943224.017766,I,2026-02-04 22:28:35,2026-02-03 10:19:11
3220000,3220000-S199300010,서울특별시 강남구 수서동 746 까치마을아파트,"서울특별시 강남구 광평로19길 10 (수서동, 까치마을아파트)",6355.0,1993-08-01,,사용중,까치마을아파트 지하주차장 1층~2층,공공용시설,지하,3135.0,3135,37.0,29.0,3.56,127.0,5.0,11.77,37.4843229837583,127.086604144443,963452.1887557,1942867.31093213,U,2026-03-24 03:03:03,2026-03-23 13:50:02
3220000,3220000-S199500008,서울특별시 강남구 청담동 41번지 2호,"서울특별시 강남구 학동로 401 (청담동, 금하빌딩)",6069.0,1995-10-09,,사용중,금하빌딩 지하2층~6층,공공용시설,지하,10172.18,10172,37.0,31.0,3.64,127.0,2.0,29.91,37.5176790182466,127.041640850937,959495.0419742,1946586.3525166,I,2026-02-04 22:28:35,2026-02-03 10:15:48
3220000,3220000-S201700003,서울특별시 강남구 논현동 201번지 4호,"서울특별시 강남구 봉은사로 113 (논현동, 호텔더디자이너스리즈강남프리미어)",6120.0,2017-01-04,2023-12-07,사용중지,"호텔더 디자이너스리즈 강남프리미어 지하1,2층",공공용시설,지하,921.0,921,37.0,30.0,18.81,127.0,1.0,33.18,37.5051715234556,127.02602330443692,958107.929478,1945205.561545,I,2025-12-15 16:14:09,2023-12-07 16:00:36
3220000,3220000-S201600010,서울특별시 강남구 신사동 506번지 9호,"서울특별시 강남구 압구정로2길 20 (신사동, 래미안 신사)",6027.0,2017-01-09,,사용중,래미안 신사 지하1층,공공용시설,지하,2814.0,2814,37.0,31.0,12.25,127.0,1.0,10.71,37.52024702942887,127.01975299515752,957562.266483,1946880.906731,I,2026-01-30 22:28:35,2026-01-29 16:02:13
3220000,3220000-S199300004,서울특별시 강남구 수서동 712번지,"서울특별시 강남구 광평로51길 22 (수서동, 한아름아파트)",6348.0,1993-10-30,,사용중,한아름아파트 지하주차장 1층,공공용시설,지하,8451.0,8451,37.0,29.0,21.13,127.0,6.0,7.24,37.4892025825566,127.102010177362,964816.5112666334,1943402.7997451,I,2026-01-31 22:28:35,2026-01-30 10:52:54
3220000,3220000-S198400003,서울특별시 강남구 도곡동 91번지,"서울특별시 강남구 남부순환로 2807 (도곡동, 숙명여자고등학교)",6277.0,1984-04-01,,사용중,숙명여고 지하1층,공공용시설,지하,924.0,924,37.0,29.0,27.28,127.0,3.0,11.12,37.49016751513232,127.05317986132974,960500.251974,1943529.221866,I,2026-02-04 22:28:35,2026-02-03 10:16:59
3220000,3220000-S200400001,서울특별시 강남구 청담동 35번지 10호,"서울특별시 강남구 학동로67길 11 (청담동, 청담2문화센터)",6066.0,2004-08-19,,사용중,청담평생학습관 지하2층,공공용시설,지하,767.29,767,37.0,31.0,8.63,127.0,2.0,47.33,37.51901081708733,127.04644972728563,959920.714519,1946732.047895,I,2026-02-04 22:28:35,2026-02-03 10:17:27
3220000,3220000-S200500022,서울특별시 강남구 일원동 711번지,"서울특별시 강남구 양재대로55길 10 (일원동, 수서1단지 에스에이치빌)",6341.0,2005-07-01,,사용중,수서1단지에스에이치빌 101동(지하1층),공공용시설,지하,2350.0,2350,37.0,29.0,29.81,127.0,5.0,22.35,37.49172379112315,127.08855363507702,963628.130013,1943687.624955,I,2026-02-04 22:28:35,2026-02-03 15:35:13
3220000,3220000-S200700004,서울특별시 강남구 삼성동 4번지 6호,"서울특별시 강남구 학동로64길 7 (삼성동, 한솔아파트)",6089.0,2007-06-13,,사용중,한솔아파트 지하주차장(지하1~2층),공공용시설,지하,12111.0,12111,37.0,31.0,2.93,127.0,2.0,44.13,37.51730920187311,127.04528990923322,959817.310815,1946543.758828,I,2026-02-04 22:28:35,2026-02-03 12:06:14
3220000,3220000-S199100002,서울특별시 강남구 논현동 203번지 1호,"서울특별시 강남구 봉은사로 129 (논현동, 거평타운)",6121.0,1991-12-31,,사용중,"거평타운 지하1,2,3층",공공용시설,지하,4308.0,4308,37.0,30.0,21.34,127.0,1.0,42.32,37.50587939949753,127.02837526710957,958316.200735,1945283.051541,I,2026-01-31 22:28:35,2026-01-30 11:52:32
3220000,3220000-S199300008,서울특별시 강남구 일원동 717번지,"서울특별시 강남구 일원로 지하 121 (일원동, 일원역)",6355.0,1993-10-30,,사용중,일원역 지하 1층~2층,공공용시설,지하,1188.0,1188,37.0,29.0,2.43,127.0,5.0,4.18,37.4843649237601,127.08395563894584,963218.057179,1942872.995302,I,2026-02-05 22:28:35,2026-02-04 15:11:58
3220000,3220000-S201700013,서울특별시 강남구 개포동 654번지,"서울특별시 강남구 언주로 107 (개포동, 현대2차아파트)",6305.0,2017-08-29,,사용중,현대2차아파트 204동 지하1층,공공용시설,지하,3897.0,3897,37.0,28.0,57.19,127.0,3.0,8.0,37.48302651467327,127.05239539672556,960427.136793,1942737.305327,I,2026-02-04 22:28:35,2026-02-03 17:31:36
3220000,3220000-S199300007,서울특별시 강남구 수서동 738번지,"서울특별시 강남구 광평로39길 3 (수서동, 동익아파트)",6352.0,1993-11-20,,사용중,동익아파트 지하주차장 1층,공공용시설,지하,4104.0,4104,37.0,29.0,9.21,127.0,5.0,51.44,37.485890407512,127.097623099775,964427.1082846,1943036.9853469331,I,2026-01-31 22:28:35,2026-01-30 11:07:09
3220000,3220000-S199000001,서울특별시 강남구 대치동 994번지 3호,"서울특별시 강남구 영동대로 229 (대치동, 메디다스벤처타운)",6283.0,1990-04-01,2023-11-08,사용중지,메디다스벤쳐타운 (지하2~3층),공공용시설,지하,1320.0,1320,37.0,29.0,58.46,127.0,4.0,2.64,37.49957145600911,127.0675709122648,961777.24762,1944566.585577,I,2025-12-15 16:14:09,2023-11-08 14:19:27
3220000,3220000-S198200002,서울특별시 강남구 개포동 649 경남아파트,"서울특별시 강남구 언주로 110 (개포동, 경남아파트)",6317.0,1982-01-01,2023-06-27,사용중지,경남아파트 관리소 지하 1층,공공용시설,지하,264.0,264,37.0,29.0,2.59,127.0,3.0,16.64,37.48334270927838,127.05283593263968,960466.251524,1942772.199903,I,2025-12-15 16:14:09,2023-06-27 15:06:47
3220000,3220000-S200600002,서울특별시 강남구 삼성동 38번지 34호,"서울특별시 강남구 봉은사로 419 (삼성동, 삼성2동주민센터)",6097.0,2006-12-04,,사용중,삼성2문화센터 지하1층,공공용시설,지하,531.0,531,37.0,30.0,40.32,127.0,2.0,45.62,37.51112207200483,127.04591098881409,959868.882968,1945857.06992,I,2026-02-04 22:28:35,2026-02-03 12:13:38
3220000,3220000-S200500013,서울특별시 강남구 압구정동 494번지,"서울특별시 강남구 압구정로 343 (압구정동, 갤러리아백화점)",6008.0,2005-06-23,,사용중,갤러리아백화점 서관 지하1층,공공용시설,지하,1544.0,1544,37.0,31.0,42.68,127.0,2.0,24.47,37.52839395813705,127.04004998636992,959360.269854,1947775.797025,I,2026-02-04 22:28:35,2026-02-03 13:47:16
3220000,3220000-S200000011,서울특별시 강남구 역삼동 735번지,"서울특별시 강남구 테헤란로 132 (역삼동, 한독약품빌딩)",6235.0,2000-01-01,2023-06-29,사용중지,한독약품빌딩 지하 2~4층,공공용시설,지하,2624.0,2624,37.0,29.0,57.6,127.0,1.0,59.67,37.4993815286307,127.03318711211872,958737.91462,1944560.033434,I,2025-12-15 16:14:09,2023-06-29 12:13:58
3220000,3220000-S200300006,서울특별시 강남구 일원동 692번지,"서울특별시 강남구 일원로8길 37 (일원동, 중동중학교)",6344.0,2003-01-01,,사용중,중동중학교(지하1층),공공용시설,지하,799.0,799,37.0,29.0,18.41,127.0,4.0,43.35,37.48888932177509,127.07837617538168,962727.029669,1943377.140759,I,2026-02-06 22:28:35,2026-02-05 10:30:11
3220000,3220000-S200500020,서울특별시 강남구 일원동 618번지,"서울특별시 강남구 일원로 7 (일원동, 중동고등학교)",6338.0,2005-07-01,,사용중,중동고등학교(지하1층),공공용시설,지하,191.0,191,37.0,29.0,37.22,127.0,4.0,52.2,37.49306438864436,127.07998487973994,962871.311913,1943839.700537,I,2026-02-04 22:28:35,2026-02-03 15:35:02
3220000,3220000-S199900004,서울특별시 강남구 청담동 133번지 3호,"서울특별시 강남구 영동대로 702 (청담동, 화천회관빌딩)",6075.0,1999-01-01,,사용중,화천회관 지하2층~3층,공공용시설,지하,1756.89,1756,37.0,31.0,13.72,127.0,3.0,27.23,37.52040516923,127.0574452268339,960893.096565,1946882.115062,I,2026-02-04 22:28:35,2026-02-03 10:16:44
3220000,3220000-S199500003,서울특별시 강남구 대치동 892번지,"서울특별시 강남구 테헤란로 440 (대치동, 포스코센터)",6194.0,1995-08-01,,사용중,포스코센터(지하1~6층),공공용시설,지하,44738.0,44738,37.0,30.0,20.49,127.0,3.0,22.12,37.50610525116861,127.05567129365508,960728.847809,1945296.367271,I,2026-02-04 22:28:35,2026-02-03 16:12:47
3220000,3220000-S199300013,서울특별시 강남구 일원동 731번지,"서울특별시 강남구 광평로10길 6 (일원동, 한솔마을아파트)",6359.0,1993-07-01,,사용중,한솔마을아파트 지하주차장 1층~2층,공공용시설,지하,1650.0,1650,37.0,28.0,54.19,127.0,4.0,46.6,37.48234096948009,127.07987370728566,962856.175248,1942650.054047,I,2026-02-04 22:28:35,2026-02-03 13:53:57
3220000,3220000-S199800002,서울특별시 강남구 논현동 114번지 24호,"서울특별시 강남구 학동로43길 17 (논현동, 논현2동주민센터)",6058.0,1998-01-01,,사용중,논현2문화센터 지하주차장 1층~2층,공공용시설,지하,1504.0,1504,37.0,31.0,2.24,127.0,2.0,13.95,37.517295167801066,127.03732358557431,959113.315906,1946545.634186,I,2026-02-03 22:28:35,2026-02-02 14:42:36
3220000,3220000-S199300014,서울특별시 강남구 대치동 317-3 대치역,"서울특별시 강남구 남부순환로 지하2952, 대치역 (대치동)",6291.0,1993-10-31,2024-01-24,사용중지,대치역(3호선) (지하1~3층),공공용시설,지하,5171.0,5171,37.0,29.0,39.92,127.0,3.0,47.35,37.49442240882516,127.06315179124634,961383.984694,1943997.136484,I,2025-12-15 16:14:09,2024-01-24 10:00:48
3220000,3220000-S198800009,서울특별시 강남구 청담동 23번지,서울특별시 강남구 선릉로 748 (현대아파트),6065.0,1988-05-30,2023-06-19,사용중지,현대아파트 201동 지하1층,공공용시설,지하,828.0,828,37.0,31.0,18.36,127.0,2.0,26.29,37.5212258323649,127.03999324638283,959351.367328,1946980.560703,I,2025-12-15 16:14:09,2023-06-19 10:34:13
3220000,3220000-S200300009,서울특별시 강남구 율현동 278-1 세곡동주민센터,"서울특별시 강남구 밤고개로 286, 세곡동주민센터 (율현동)",6377.0,2003-05-20,,사용중,세곡동 주민센터 지하 1층,공공용시설,지하,399.0,399,37.0,28.0,8.58,127.0,6.0,24.89,37.4690492975293,127.1069125357,965240.5623463334,1941165.114278,I,2026-02-03 22:28:35,2026-02-02 14:07:59
3220000,3220000-S198500009,서울특별시 강남구 개포동 649번지,"서울특별시 강남구 언주로 110 (개포동, 경남아파트)",6317.0,1985-01-01,2023-06-27,사용중지,경남아파트 경남2차상가 지하 1층,공공용시설,지하,378.4,378,37.0,28.0,59.29,127.0,3.0,10.85,37.48334270927838,127.05283593263968,960466.251524,1942772.199903,I,2025-12-15 16:14:09,2023-06-27 15:07:24
3220000,3220000-S200500007,서울특별시 강남구 역삼동 707번지 38호,"서울특별시 강남구 테헤란로52길 6 (역삼동, 테헤란로오피스빌딩)",6211.0,2005-06-23,,사용중,"테헤란오피스빌딩(지하2,3,4,5층)",공공용시설,지하,4334.0,4334,37.0,30.0,11.5,127.0,2.0,49.54,37.503257007364525,127.04723020286244,959981.273621,1944983.92885,I,2026-02-04 22:28:35,2026-02-03 13:12:37
3220000,3220000-S199100009,서울특별시 강남구 일원동 734번지,"서울특별시 강남구 광평로10길 15 (일원동, 상록수아파트)",6360.0,1991-05-01,,사용중,상록수마을아파트 지하주차장 1층~2층,공공용시설,지하,2970.0,2970,37.0,28.0,55.49,127.0,4.0,53.98,37.481693264298414,127.08031006110276,962894.433644,1942578.023585,I,2026-02-04 22:28:35,2026-02-03 13:52:37
3220000,3220000-S200500004,서울특별시 강남구 역삼동 707번지 1호,"서울특별시 강남구 테헤란로 310 (역삼동, 두꺼비빌딩)",6211.0,2005-06-23,,사용중,"두꺼비빌딩(지하2,3층)",공공용시설,지하,1844.0,1844,37.0,30.0,10.25,127.0,2.0,41.14,37.5028464847037,127.044759995479,959762.7191853336,1944939.4372648,I,2026-02-04 22:28:35,2026-02-03 13:12:15
3220000,3220000-S199100001,서울특별시 강남구 논현동 175번지 10호,"서울특별시 강남구 논현로 627 (논현동, 유현빌딩)",6117.0,1991-01-01,,사용중,유현빌딩 지하4층,공공용시설,지하,522.0,522,37.0,30.0,34.38,127.0,1.0,56.55,37.50959673044338,127.03246816640085,958679.996279,1945693.661071,I,2026-01-31 22:28:35,2026-01-30 11:51:24
3220000,3220000-S201300001,서울특별시 강남구 도곡동 538번지,"서울특별시 강남구 도곡로 320 (도곡동, 래미안도곡카운티)",6275.0,2013-04-18,,사용중,래미안 도곡 카운티 지하1층~지하2층,공공용시설,지하,18208.0,18208,37.0,29.0,41.62,127.0,2.0,59.09,37.49540551510541,127.05096171226756,960306.934463,1944111.276421,I,2026-02-04 22:28:35,2026-02-03 10:21:00
3220000,3220000-S201600006,서울특별시 강남구 세곡동 522번지,"서울특별시 강남구 헌릉로590길 88 (세곡동, 세곡리엔파크4단지)",6366.0,2016-01-01,,사용중,세곡리엔파크4단지아파트 지하주차장 1층,공공용시설,지하,17198.0,17198,37.0,27.0,45.96,127.0,6.0,6.56,37.46222946009031,127.10143161900668,964752.699184,1940410.54001,I,2026-02-03 22:28:35,2026-02-02 14:44:35
3220000,3220000-S200900003,서울특별시 강남구 대치동 1011번지 28호,"서울특별시 강남구 선릉로 지하 228 (대치동, 한티역)",6218.0,2009-06-19,,사용중,한티역(지하1층),공공용시설,지하,13055.0,13055,37.0,29.0,46.44,127.0,3.0,10.38,37.4962325074537,127.052883432239,960477.2430283668,1944202.2171375,I,2026-01-30 22:28:35,2026-01-29 17:30:39
3220000,3220000-S200800004,서울특별시 강남구 신사동 632번지,"서울특별시 강남구 압구정로42길 78 (신사동, 압구정하이츠파크)",6020.0,2008-11-14,,사용중,압구정하이츠파크 지하1~2층,공공용시설,지하,7933.0,7933,37.0,31.0,26.42,127.0,2.0,0.96,37.52388706728557,127.03403118454624,958825.98748,1947278.40176,I,2026-02-04 22:28:35,2026-02-03 13:47:45
3220000,3220000-S201600007,서울특별시 강남구 자곡동 687 래미안포레,"서울특별시 강남구 밤고개로21길 25 (자곡동, 래미안포레)",6370.0,2016-01-01,,사용중,래미안포레아파트 지하주차장 1층,공공용시설,지하,40804.0,40804,37.0,28.0,27.26,127.0,6.0,34.69,37.47423911509864,127.10963749313956,965483.908943,1941739.884901,I,2026-02-03 22:28:35,2026-02-02 14:45:19
3220000,3220000-S200500009,서울특별시 강남구 역삼동 788번지 10호,서울특별시 강남구 도곡로 205 (역삼동),6231.0,2005-06-23,,사용중,"YK빌딩 지하 2,3,4층",공공용시설,지하,2384.0,2384,37.0,29.0,34.33,127.0,2.0,28.52,37.49282232595824,127.04142487016016,959462.51753,1943828.752886,I,2026-02-04 22:28:35,2026-02-03 13:12:47
3220000,3220000-S198500016,서울특별시 강남구 압구정동 429번지,서울특별시 강남구 압구정로 165 (현대백화점본점),6001.0,1985-12-02,,사용중,현대백화점본점 지하4층,공공용시설,지하,8844.0,8844,37.0,31.0,37.26,127.0,1.0,39.41,37.52719060811638,127.02776092176576,958273.77031,1947647.673223,I,2026-01-30 22:28:35,2026-01-29 14:38:28
3220000,3220000-S200800001,서울특별시 강남구 대치동 646번지 2호,"서울특별시 강남구 남부순환로391길 19 (대치동, 대치1문화센터)",6280.0,2008-02-01,,사용중,대치1문화센터(지하3층),공공용시설,지하,200.0,200,37.0,29.0,35.68,127.0,3.0,24.39,37.4932435483141,127.056775090956,960819.6855827668,1943868.9848190336,I,2026-01-30 22:28:35,2026-01-29 17:20:45
3220000,3220000-S200700003,서울특별시 강남구 삼성동 7번지 3호,"서울특별시 강남구 선릉로130길 20 (삼성동, 래미안삼성2차아파트)",6088.0,2007-06-13,,사용중,래미안삼성2차아파트 지하주차장(지하1~2층),공공용시설,지하,22532.0,22532,37.0,30.0,57.32,127.0,2.0,37.33,37.51675479187906,127.04333919239536,959644.626637,1946483.085401,I,2026-02-04 22:28:35,2026-02-03 12:05:33
3220000,3220000-S200600011,서울특별시 강남구 도곡동 467번지 24호,"서울특별시 강남구 언주로 118 (도곡동, 우성캐릭터199)",6295.0,2006-11-23,,사용중,우성캐릭터199  지하1층~지하2층,공공용시설,지하,2742.0,2742,37.0,29.0,12.93,127.0,3.0,6.85,37.4864995635954,127.05117574314274,960321.143099,1943123.129977,I,2026-02-04 22:28:35,2026-02-03 10:18:55
3220000,3220000-S201600001,서울특별시 강남구 세곡동 102번지 30호,서울특별시 강남구 헌릉로637길 12 (세곡동),6378.0,2016-01-01,2023-06-14,사용중지,강남제일교회 지하1층,공공용시설,지하,1000.0,1000,37.0,27.0,57.51,127.0,6.0,32.6,37.46570909756231,127.10899525209446,965423.192517,1940793.776846,I,2025-12-15 16:14:09,2023-06-14 17:42:43
3220000,3220000-S198500010,서울특별시 강남구 개포동 653번지,"서울특별시 강남구 개포로 303 (개포동, 현대1차아파트)",6320.0,1985-01-01,2023-06-27,사용중지,현대1차아파트 현대상가지하 지하 1층,공공용시설,지하,523.5,523,37.0,28.0,55.28,127.0,3.0,17.37,37.48199655024068,127.05479271095912,960638.544903,1942622.03288,I,2025-12-15 16:14:09,2023-06-27 15:08:27
3220000,3220000-S198800003,서울특별시 강남구 논현동 50번지 1호,"서울특별시 강남구 강남대로 556 (논현동, 논현빌딩)",6044.0,1988-10-21,,사용중,이투데이빌딩(논현빌딩) 지하2층,공공용시설,지하,1012.0,1012,37.0,30.0,42.32,127.0,1.0,17.22,37.51154980192255,127.02148180996572,957710.129015,1945915.223455,I,2026-01-31 22:28:35,2026-01-30 11:48:27
3220000,3220000-S200500025,서울특별시 강남구 대치동 514번지 3호,"서울특별시 강남구 남부순환로 지하 3104 (대치동, 학여울역)",6287.0,2005-06-30,,사용중,학여울역 지하 1~5층,공공용시설,지하,4784.0,4784,37.0,29.0,48.18,127.0,4.0,18.18,37.4967168916086,127.071718050013,962142.3771598332,1944248.2142867332,I,2026-01-30 22:28:35,2026-01-29 11:54:03
3220000,3220000-S200700005,서울특별시 강남구 청담동 47번지 4호,"서울특별시 강남구 학동로 445 (청담동, 우리들병원)",6068.0,2007-06-18,,사용중,우리들병원 지하2층,공공용시설,지하,570.18,570,37.0,31.0,8.66,127.0,2.0,58.88,37.518985509954696,127.04976982953563,960214.093129,1946727.830926,I,2026-02-04 22:28:35,2026-02-03 10:17:51
3220000,3220000-S199100007,서울특별시 강남구 청담동 88번지 37호,"서울특별시 강남구 선릉로152길 17 (청담동, 인성빌딩)",6014.0,1991-11-29,2023-06-19,사용중지,인성빌딩 지하1층,공공용시설,지하,574.0,574,37.0,31.0,27.78,127.0,2.0,27.71,37.52432318078186,127.04095794131749,959438.290249,1947323.776508,I,2025-12-15 16:14:09,2023-06-19 10:34:39
3220000,3220000-S200300008,서울특별시 강남구 개포동 14번지 5호,"서울특별시 강남구 개포로 621 (개포동, SH공사)",6336.0,2003-01-01,2023-07-10,사용중지,서울주택도시공사(지하1층),공공용시설,지하,10230.0,10230,37.0,29.0,38.99,127.0,4.0,43.88,37.493719345036375,127.07897177587952,962782.079681,1943912.763647,I,2025-12-15 16:14:09,2023-07-10 15:56:14
3220000,3220000-S199200003,서울특별시 강남구 일원동 735번지,"서울특별시 강남구 일원로 127 (일원동, 가람아파트)",6361.0,1992-04-19,,사용중,가람아파트 지하주차장 1층~2층,공공용시설,지하,2310.0,2310,37.0,28.0,58.56,127.0,5.0,8.92,37.48278750142323,127.08409854767643,963229.918561,1942697.935359,I,2026-02-04 22:28:35,2026-02-03 13:52:52
3220000,3220000-S200800005,서울특별시 강남구 신사동 635번지 14호,"서울특별시 강남구 압구정로42길 36 (신사동, 금광아크존1)",6017.0,2008-11-14,,사용중,금광아크존 지하 1~2층,공공용시설,지하,1897.0,1897,37.0,31.0,35.68,127.0,2.0,4.25,37.52662050810808,127.03469273895378,958885.944352,1947581.371443,I,2026-02-04 22:28:35,2026-02-03 13:47:53
3220000,3220000-S200500011,서울특별시 강남구 역삼동 726번지,"서울특별시 강남구 논현로 430 (역삼동, 아세아타워빌딩)",6223.0,2005-06-23,,사용중,"아세아타워(지하1,2,3,4)",공공용시설,지하,13862.0,13862,37.0,29.0,56.44,127.0,2.0,18.02,37.49904318857631,127.03813355287046,959174.954041,1944520.339695,I,2026-02-04 22:28:35,2026-02-03 13:12:57
3220000,3220000-S199300003,서울특별시 강남구 도곡동 339번지 2호,"서울특별시 강남구 남부순환로 지하 2814 (도곡동, 도곡역)",6293.0,1993-10-30,,사용중,도곡역 지하1층 ~ 지하6층,공공용시설,지하,15454.0,15454,37.0,29.0,27.12,127.0,3.0,19.23,37.49077625396926,127.0552292409316,960681.74106,1943595.899442,I,2026-02-04 22:28:35,2026-02-03 10:18:35
3220000,3220000-S201100001,서울특별시 강남구 일원동 617번지,서울특별시 강남구 일원로 21 (일원동),6338.0,2011-05-31,,사용중,영희초등학교 영희문화관(지하1층),공공용시설,지하,2099.0,2099,37.0,29.0,32.15,127.0,4.0,51.98,37.491952493942726,127.0804957045933,962915.91851,1943716.141928,I,2026-02-04 22:28:35,2026-02-03 15:46:08
3220000,3220000-S201700008,서울특별시 강남구 수서동 214번지 2호,"서울특별시 강남구 밤고개로 99 (수서동, 수서역사)",6369.0,2017-01-31,,사용중,SRT수서역사 지하1층~2층,공공용시설,지하,9465.0,9465,37.0,29.0,7.51,127.0,6.0,16.42,37.4854186842739,127.104560302384,965040.1875742334,1942982.0523366667,I,2026-01-31 22:28:35,2026-01-30 11:04:26
3220000,3220000-S201600003,서울특별시 강남구 자곡동 621번지,"서울특별시 강남구 자곡로3길 22 (자곡동, 엘에이치강남3단지)",6374.0,2016-01-01,,사용중,강남에버시움 지하주차장 1층,공공용시설,지하,8565.0,8565,37.0,28.0,17.32,127.0,5.0,26.59,37.4705542639846,127.0899354242554,963740.05233,1941338.480433,I,2026-02-03 22:28:35,2026-02-02 14:43:28
3220000,3220000-S200500030,서울특별시 강남구 대치동 968번지 4호,"서울특별시 강남구 영동대로 333 (대치동, 동원빌딩)",6188.0,2005-06-30,,사용중,동원빌딩 지하 2층,공공용시설,지하,1937.0,1937,37.0,30.0,14.95,127.0,3.0,53.53,37.5041516514665,127.064870166762,961540.8747672334,1945075.8287933003,I,2026-01-30 22:28:35,2026-01-29 11:54:24
3220000,3220000-S197500002,서울특별시 강남구 삼성동 16번지 1호,"서울특별시 강남구 학동로 426 (삼성동, 강남구청)",6090.0,1975-11-15,,사용중,강남구청 지하1층,공공용시설,지하,1422.0,1422,37.0,31.0,2.29,127.0,2.0,50.45,37.51814713184892,127.04729610209849,959995.046196,1946635.867043,I,2026-02-05 22:28:35,2026-02-04 14:35:56
3220000,3220000-S198900007,서울특별시 강남구 개포동 1204 개포4복합문화센터,"서울특별시 강남구 개포로24길 33, 개포4복합문화센터 (개포동)",6308.0,1989-08-01,,사용중,개포4복합문화센터 지하1~3층,공공용시설,지하,1253.0,1253,37.0,28.0,37.7,127.0,2.0,59.65,37.4771382011388,127.049903385352,960203.6933762666,1942085.0875058668,I,2026-02-04 22:28:35,2026-02-03 17:35:02
3220000,3220000-S198300005,서울특별시 강남구 삼성동 172번지 66호,"서울특별시 강남구 테헤란로 지하 340 (삼성동, 선릉역)",6212.0,1983-12-23,,사용중,선릉역 지하 1~3층,공공용시설,지하,5970.0,5970,37.0,30.0,16.29,127.0,2.0,56.37,37.50442616022544,127.0489226754024,960131.487834,1945112.920535,I,2026-02-05 22:28:35,2026-02-04 15:05:57
3220000,3220000-S199300002,서울특별시 강남구 도곡동 179번지 2호,"서울특별시 강남구 남부순환로 지하 2744 (도곡동, 매봉역)",6297.0,1993-10-30,,사용중,매봉역(지하1층 ~ 지하3층),공공용시설,지하,7306.0,7306,37.0,29.0,13.13,127.0,2.0,48.04,37.48664092540681,127.0462727092225,959887.757617,1943140.890868,I,2026-02-04 22:28:35,2026-02-03 10:17:56
3220000,3220000-S200700007,서울특별시 강남구 역삼동 829번지 20호,"서울특별시 강남구 역삼로7길 16 (역삼동, 역삼1문화센터)",6244.0,2007-10-09,,사용중,역삼1문화센터 지하 1~2층,공공용시설,지하,5342.0,5342,37.0,29.0,43.41,127.0,1.0,59.83,37.4953597873603,127.03327469182396,958743.443415,1944113.808767,I,2026-02-06 22:28:35,2026-02-05 09:24:45
3220000,3220000-S199500002,서울특별시 강남구 대치동 891번지,"서울특별시 강남구 테헤란로 424 (대치동, 삼성생명 대치타워)",6194.0,1995-11-01,,사용중,삼성생명대치타워(지하2~5층),공공용시설,지하,12180.0,12180,37.0,30.0,19.59,127.0,3.0,12.33,37.50558411014349,127.05341172318396,960528.864511,1945239.495355,I,2026-02-04 22:28:35,2026-02-03 16:11:21
3220000,3220000-S199300006,서울특별시 강남구 수서동 711번지,"서울특별시 강남구 광평로51길 36 (수서동, 세종고등학교)",6348.0,1989-02-01,,사용중,세종고등학교 지하1층,공공용시설,지하,2940.0,2940,37.0,29.0,25.4,127.0,6.0,10.07,37.4903894323289,127.102796974712,964886.6223647,1943534.1788305668,I,2026-01-31 22:28:35,2026-01-30 11:13:59
3220000,3220000-S200500006,서울특별시 강남구 역삼동 772번지,"서울특별시 강남구 언주로 337 (역삼동, 동영문화센터)",6226.0,2005-06-23,,사용중,"동영문화센터(지하2,3,4)",공공용시설,지하,2856.0,2856,37.0,29.0,52.55,127.0,2.0,39.72,37.49797893386169,127.0444597909014,959733.57104,1944399.542218,I,2026-02-04 22:28:35,2026-02-03 13:12:25
3220000,3220000-S201700005,서울특별시 강남구 도곡동 966번지,"서울특별시 강남구 언주로 203 (도곡동, 매봉삼성아파트)",6274.0,2017-01-06,,사용중,매봉삼성아파트 지하1층~지하3층,공공용시설,지하,5084.0,5084,37.0,29.0,21.13,127.0,2.0,55.62,37.48912826503033,127.04910491304894,960139.464636,1943415.641617,I,2026-02-04 22:28:35,2026-02-03 15:45:25
3220000,3220000-S201700004,서울특별시 강남구 도곡동 967번지,"서울특별시 강남구 논현로 209 (도곡동, 경남아파트)",6270.0,2017-01-06,,사용중,경남아파트 (지하1층~지하3층),공공용시설,지하,10847.0,10847,37.0,29.0,20.86,127.0,2.0,28.35,37.48890301862235,127.04128512002434,959448.044884,1943393.991794,I,2026-02-04 22:28:35,2026-02-03 15:45:13
3220000,3220000-S199600001,서울특별시 강남구 대치동 509번지 2호,"서울특별시 강남구 삼성로 154 (대치동, 강남구의회, 강남구민회관)",6288.0,1996-08-30,,사용중,강남구민회관 지하 1~3층,공공용시설,지하,5319.0,5319,37.0,29.0,38.0,127.0,3.0,51.38,37.4938878562392,127.064272862412,961482.8098543332,1943937.372082267,I,2026-01-30 22:28:35,2026-01-29 11:52:44
3220000,3220000-S299200001,서울특별시 강남구 개포동 12번지 6호,"서울특별시 강남구 개포로 607 (개포동, 일원2동주민센터)",6335.0,1992-10-31,2023-06-28,사용중지,개포3동주민센터(지하1층),공공용시설,지하,380.0,380,37.0,29.0,31.76,127.0,4.0,25.28,37.49210023240515,127.073719576386,962316.981717,1943735.223544,I,2025-12-15 16:14:09,2023-06-28 18:19:07
3220000,3220000-S199500001,서울특별시 강남구 대치동 928번지 22호,"서울특별시 강남구 도곡로77길 23 (대치동, 대치4동주민센터)",6204.0,1995-01-02,,사용중,대치4동주민센터(지하2층),공공용시설,지하,427.0,427,37.0,29.0,58.91,127.0,3.0,27.94,37.49984649647244,127.05788146405524,960920.928499,1944601.078681,I,2026-02-04 22:28:35,2026-02-03 16:08:14
3220000,3220000-S201600004,서울특별시 강남구 자곡동 619 강남자곡힐스테이트,"서울특별시 강남구 자곡로3길 21 (자곡동, 강남자곡힐스테이트)",6374.0,2016-01-01,,사용중,강남자곡힐스테이트아파트 지하주차장 1층,공공용시설,지하,4787.0,4787,37.0,28.0,17.18,127.0,5.0,20.7,37.47053107787086,127.08969723837818,963718.97945,1941335.99983,I,2026-02-03 22:28:35,2026-02-02 15:18:58
3220000,3220000-S199000003,서울특별시 강남구 대치동 937번지,"서울특별시 강남구 도곡로 401 (대치동, 롯데백화점)",6206.0,1990-01-05,,사용중,롯데백화점(지하2층),공공용시설,지하,6309.0,6309,37.0,29.0,49.01,127.0,3.0,11.36,37.496734202607655,127.05343894735084,960526.611979,1944257.643824,I,2026-02-04 22:28:35,2026-02-03 16:05:08
3220000,3220000-S200100002,서울특별시 강남구 신사동 548번지 1호,"서울특별시 강남구 압구정로 128 (신사동, 신사동주민센터)",6029.0,2001-11-22,,사용중,신사동주민센터 지하1층,공공용시설,지하,66.0,66,37.0,31.0,26.25,127.0,1.0,22.14,37.52399674715362,127.02276951247954,957830.937582,1947295.559117,I,2026-01-30 22:28:35,2026-01-29 10:53:21
3220000,3220000-S199600013,서울특별시 강남구 도곡동 963번지,"서울특별시 강남구 논현로 213 (도곡동, 역삼럭키아파트)",6262.0,1996-01-01,,사용중,역삼럭키아파트 101동 (지하1층),공공용시설,지하,2432.0,2432,37.0,29.0,28.66,127.0,2.0,24.59,37.49068820266486,127.04134431066711,959454.242516,1943592.020651,I,2026-02-04 22:28:35,2026-02-03 15:49:53
3220000,3220000-S200500018,서울특별시 강남구 일원동 712번지 3호,"서울특별시 강남구 양재대로55길 14 (일원동, 일원1동주민센터)",6341.0,2005-07-01,2023-06-28,사용중지,일원1동주민센터(지하1층),공공용시설,지하,366.0,366,37.0,29.0,30.7,127.0,5.0,16.92,37.491801226462925,127.08793397667267,963573.389552,1943696.455488,I,2025-12-15 16:14:09,2023-06-28 08:31:37
3220000,3220000-S200500016,서울특별시 강남구 신사동 666번지 11호,서울특별시 강남구 선릉로 801 (신사동),6019.0,2005-06-23,,사용중,배강빌딩 지하 3층~5층,공공용시설,지하,9629.0,9629,37.0,31.0,24.74,127.0,2.0,20.14,37.52357363322883,127.03896728361718,959261.983907,1947241.478943,I,2026-02-04 22:28:35,2026-02-03 13:48:43
3220000,3220000-S198600003,서울특별시 강남구 개포동 654번지,"서울특별시 강남구 언주로 107 (개포동, 현대2차아파트)",6305.0,1986-01-01,,사용중,현대2차아파트 210동 지하1층,공공용시설,지하,700.0,700,37.0,29.0,0.71,127.0,3.0,6.99,37.48302651467327,127.05239539672556,960427.136793,1942737.305327,I,2026-02-04 22:28:35,2026-02-03 17:31:18
3220000,3220000-S200500019,서울특별시 강남구 일원동 711번지 1호,"서울특별시 강남구 양재대로55길 6 (일원동, 수서1단지아파트 상가)",6341.0,2005-07-01,,사용중,수서1단지아파트 상가 앞 지하보도(지하1층),공공용시설,지하,241.0,241,37.0,29.0,27.84,127.0,5.0,17.74,37.49135974740603,127.088177496633,963594.702524,1943647.382168,I,2026-02-04 22:28:35,2026-02-03 15:34:52
3220000,3220000-S200300010,서울특별시 강남구 개포동 182번지,"서울특별시 강남구 개포로 511 (개포동, 개포2동주민센터)",6328.0,2003-05-01,,사용중,개포2동주민센터(지하1층),공공용시설,지하,1470.0,1470,37.0,29.0,23.28,127.0,4.0,8.6,37.48971617074589,127.06911641318064,961908.851283,1943472.580562,I,2026-02-03 22:28:35,2026-02-02 15:11:15
3220000,3220000-S200000001,서울특별시 강남구 신사동 667번지,"서울특별시 강남구 도산대로 지하 102 (신사동, 신사역)",6038.0,2000-01-01,,사용중,신사역 지하1층,공공용시설,지하,3729.0,3729,37.0,30.0,58.37,127.0,1.0,11.49,37.51613954982109,127.01970244084212,957555.472644,1946425.229315,I,2026-01-31 22:28:35,2026-01-30 12:07:20
3220000,3220000-S200500001,서울특별시 강남구 역삼동 761번지 26호,"서울특별시 강남구 도곡로43길 25 (역삼동, 역삼2문화센터)",6219.0,2005-06-22,,사용중,역삼2문화센터 지하1층,공공용시설,지하,295.0,295,37.0,29.0,45.5,127.0,2.0,48.53,37.4959715677294,127.046814038362,959940.598186,1944175.8334133667,I,2026-02-04 22:28:35,2026-02-03 13:12:04
3220000,3220000-S201600005,서울특별시 강남구 세곡동 533번지,"서울특별시 강남구 자곡로 21 (세곡동, 세곡푸르지오)",6375.0,2016-01-01,,사용중,세곡푸르지오아파트 지하주차장 1층,공공용시설,지하,34060.0,34060,37.0,27.0,56.44,127.0,5.0,38.83,37.466916191300704,127.09401222939694,964098.805465,1940933.300718,I,2026-02-03 22:28:35,2026-02-02 14:44:02
3220000,3220000-S201700006,서울특별시 강남구 수서동 537번지,"서울특별시 강남구 광평로34길 35 (수서동, 강남더샵포레스트아파트)",6362.0,2017-01-31,,사용중,강남더샵포레스트아파트 지하주차장 2층~3층,공공용시설,지하,29365.0,29365,37.0,28.0,55.67,127.0,5.0,41.08,37.481653544149786,127.09428548407206,964130.013242,1942568.201077,I,2026-01-31 22:28:35,2026-01-30 11:02:52
3220000,3220000-S198900005,서울특별시 강남구 삼성동 159번지 8호,"서울특별시 강남구 테헤란로 521 (삼성동, 그랜드인터콘티넨탈호텔)",6164.0,1989-11-03,,사용중,그랜드인터컨티넨탈 서울 파르나스(지하1~7층),공공용시설,지하,28875.0,28875,37.0,30.0,33.06,127.0,3.0,38.58,37.50884302066407,127.06103062040738,961203.941106,1945597.882299,I,2026-01-30 22:28:35,2026-01-29 14:09:44
3220000,3220000-S199600021,서울특별시 강남구 도곡동 963번지,"서울특별시 강남구 논현로 213 (도곡동, 역삼럭키아파트)",6262.0,1996-01-01,,사용중,역삼럭키아파트 109동 (지하1층),공공용시설,지하,1030.0,1030,37.0,29.0,25.87,127.0,2.0,22.74,37.49068820266486,127.04134431066711,959454.242516,1943592.020651,I,2026-02-04 22:28:35,2026-02-03 15:44:01
3220000,3220000-S201700001,서울특별시 강남구 개포동 1229번지 14호,"서울특별시 강남구 논현로 66 (개포동, 데님관광호텔)",6307.0,2017-01-02,,사용중,데님관광호텔 지하1~4층,공공용시설,지하,2289.0,2289,37.0,28.0,34.05,127.0,2.0,47.88,37.47606740291795,127.04665633337127,959916.024468,1941967.667054,I,2026-02-04 22:28:35,2026-02-03 17:35:34
3220000,3220000-S198400007,서울특별시 강남구 삼성동 172번지 66호,"서울특별시 강남구 테헤란로 지하 538 (삼성동, 삼성역)",6181.0,1984-06-01,,사용중,삼성역(지하1층),공공용시설,지하,6447.0,6447,37.0,30.0,31.9,127.0,3.0,47.09,37.5088618543291,127.063081075686,961385.1707087,1945599.1283451668,I,2026-02-05 22:28:35,2026-02-04 14:50:27
3220000,3220000-S198900003,서울특별시 강남구 삼성동 159번지,"서울특별시 강남구 영동대로 513 (삼성동, 코엑스)",6164.0,1989-11-03,,사용중,COEX(지하1~4층),공공용시설,지하,27783.0,27783,37.0,30.0,43.54,127.0,3.0,33.87,37.51148310928532,127.06033711445694,961144.017416,1945891.069619,I,2026-01-30 22:28:35,2026-01-29 14:09:17
3220000,3220000-S200500026,서울특별시 강남구 대치동 63번지,"서울특별시 강남구 영동대로 230 (대치동, 우성1차아파트)",6285.0,2005-06-30,2023-11-08,사용중지,우성1차아파트 (지하1층),공공용시설,지하,495.0,495,37.0,30.0,3.0,127.0,4.0,9.45,37.50000821688594,127.06848000990718,961857.82605,1944614.672527,I,2025-12-15 16:14:09,2023-11-08 14:18:30
3220000,3220000-S198800004,서울특별시 강남구 논현동 151번지 25호,"서울특별시 강남구 논현로 651 (논현동, 법무사회관)",6116.0,1988-12-24,2023-07-12,사용중지,"법무사회관 지하1,2층",공공용시설,지하,812.04,812,37.0,30.0,42.42,127.0,1.0,52.69,37.5118077273539,127.0314025075407,958587.035455,1945939.425992,I,2025-12-15 16:14:09,2023-07-12 09:25:34
3220000,3220000-S199800001,서울특별시 강남구 대치동 994번지 17호,"서울특별시 강남구 영동대로57길 7 (대치동, 대치평생학습관)",6283.0,1998-08-30,,사용중,대치평생학습관 지하 1층,공공용시설,지하,775.0,775,37.0,29.0,59.84,127.0,4.0,1.12,37.4999549468457,127.066976828739,961724.9315899332,1944609.3728062,I,2026-01-30 22:28:35,2026-01-29 11:53:28
3220000,3220000-S200800003,서울특별시 강남구 신사동 651번지 16호,"서울특별시 강남구 도산대로45길 6 (신사동, 호림아트센터 2빌딩)",6021.0,2008-11-14,,사용중,호림아트센터 2빌딩 지하 2~4층,공공용시설,지하,6547.0,6547,37.0,31.0,22.43,127.0,2.0,11.21,37.52282072743537,127.0361710678672,959014.489938,1947159.163203,I,2026-02-04 22:28:35,2026-02-03 13:47:35
3220000,3220000-S198500017,서울특별시 강남구 청담동 91-8,서울특별시 강남구 도산대로 429 (청담동),6016.0,1985-09-10,2023-05-17,사용중지,태성빌딩지하1층,공공용시설,지하,197.2,197,,,,,,,37.52391693936922,127.04277998679096,959599.070999,1947277.922322,I,2025-12-15 16:14:09,2023-05-17 10:29:40
3220000,3220000-S202300001,서울특별시 강남구 압구정동 495 압구정로데오역 지2호,"서울특별시 강남구 압구정로 지하402, 압구정로데오역 지2층 (압구정동)",6014.0,2023-06-30,,사용중,압구정로데오역 지하2층~5층,공공용시설,지하,11954.88,11954,37.0,31.0,38.3,127.0,2.0,25.85,37.5273045098889,127.04051302393,959400.5921554,1947654.729197133,I,2026-02-05 22:28:35,2026-02-04 14:48:46
3220000,3220000-S200700002,서울특별시 강남구 삼성동 14번지 1호,"서울특별시 강남구 학동로68길 30 (삼성동, 삼성동중앙하이츠빌리지)",6092.0,2007-06-13,,사용중,중앙하이츠빌리지 지하주차장(지하1~3층),공공용시설,지하,19203.0,19203,37.0,30.0,58.43,127.0,2.0,45.48,37.51604698411121,127.04682787625198,959952.547034,1946403.067736,I,2026-02-04 22:28:35,2026-02-03 12:08:21
3220000,3220000-S198500014,서울특별시 강남구 신사동 668번지,"서울특별시 강남구 압구정로 지하 172 (신사동, 압구정역)",6022.0,1985-08-05,,사용중,압구정역 지하1~2층,공공용시설,지하,8550.0,8550,37.0,31.0,35.55,127.0,1.0,42.66,37.5268971262843,127.02849225062592,958338.226425,1947614.788953,I,2026-02-05 22:28:35,2026-02-04 14:48:33
3220000,3220000-S200600010,서울특별시 강남구 역삼동 823번지 풍림빌딩,"서울특별시 강남구 테헤란로 124, 삼원타워 (역삼동)",6234.0,2006-11-21,2023-11-06,사용중지,삼원타워 지하 2~4층,공공용시설,지하,8088.0,8088,37.0,29.0,55.75,127.0,1.0,54.02,37.49886393216069,127.03167064581598,958603.586039,1944503.275337,I,2025-12-15 16:14:09,2023-11-06 12:58:36
3220000,3220000-S200600017,서울특별시 강남구 도곡동 91-5 삼성래미안아파트,"서울특별시 강남구 언주로 202 (도곡동, 삼성래미안아파트)",6277.0,2006-11-23,,사용중,삼성래미안아파트 지하1층~지하3층,공공용시설,지하,30083.0,30083,37.0,29.0,22.41,127.0,3.0,6.59,37.4895592072447,127.051829988456,960380.598721966,1943462.30140873,U,2026-03-24 03:03:03,2026-03-23 14:01:41
3220000,3220000-S200500024,서울특별시 강남구 대치동 980번지 9호,"서울특별시 강남구 영동대로65길 24 (대치동, 대치2동주민센터)",6187.0,2005-06-30,,사용중,대치2주민센터 지하 1~2층,공공용시설,지하,5380.0,5380,37.0,30.0,8.28,127.0,3.0,51.1,37.5022988369907,127.064194443859,961480.1985256,1944870.5473575336,I,2026-01-30 22:28:35,2026-01-29 11:53:47
3220000,3220000-S200000009,서울특별시 강남구 역삼동 701번지 2호,서울특별시 강남구 테헤란로 301 (삼정빌딩),6152.0,2000-01-01,,사용중,삼정빌딩 앞 역삼지하보도 지하1층,공공용시설,지하,498.0,498,37.0,30.0,10.83,127.0,2.0,34.47,37.50305452151787,127.04312221396124,959618.071901,1944963.219132,I,2026-02-06 22:28:35,2026-02-05 09:21:28
3220000,3220000-S200500028,서울특별시 강남구 대치동 66번지,"서울특별시 강남구 영동대로 210 (대치동, 쌍용아파트)",6286.0,2005-06-30,2023-11-08,사용중지,쌍용1차아파트 모든 동 (지하1층),공공용시설,지하,1294.0,1294,37.0,29.0,51.38,127.0,4.0,18.46,37.49784174696653,127.06964654498528,961959.837913,1944373.844783,I,2025-12-15 16:14:09,2023-11-08 14:17:52
3220000,3220000-S198500012,서울특별시 강남구 개포동 652 우성3차아파트,"서울특별시 강남구 개포로 307 (개포동, 우성3차아파트)",6319.0,1985-01-01,2023-06-27,사용중지,우성3차아파트 우성3차상가 지하 1층,공공용시설,지하,990.0,990,37.0,29.0,1.93,127.0,3.0,25.26,37.4836133177769,127.0569402459783,960829.256803,1942800.506611,I,2025-12-15 16:14:09,2023-06-27 15:07:56
3220000,3220000-S200600020,서울특별시 강남구 일원동 735번지 3호,"서울특별시 강남구 광평로 126 (일원동, 일원본동주민센터)",6361.0,2006-11-22,2023-06-22,사용중지,일원본동주민센터 지하 1층,공공용시설,지하,330.0,330,37.0,29.0,0.12,127.0,5.0,11.28,37.48345250030754,127.0865336201932,963445.529661,1942770.76419,I,2025-12-15 16:14:09,2023-06-22 13:57:41
3220000,3220000-S200500014,서울특별시 강남구 압구정동 515번지,"서울특별시 강남구 압구정로 407 (압구정동, 갤러리아백화점)",6009.0,2005-06-23,,사용중,갤러리아백화점 동관 지하1층,공공용시설,지하,1954.0,1954,37.0,31.0,40.5,127.0,2.0,30.34,37.52785210885013,127.04156748084424,959494.058617,1947715.027443,I,2026-02-04 22:28:35,2026-02-03 13:47:25
3220000,3220000-S202400001,서울특별시 강남구 개포동 13-3 대청타워,"서울특별시 강남구 개포로 623, 대청타워 (개포동)",6336.0,2024-11-22,2024-11-15,사용중지,대청타워 지하3층~6층,공공용시설,지하,4331.0,4331,37.0,29.0,39.62,127.0,4.0,46.68,37.4943391789767,127.079633932929,962840.9202046968,1943981.26846541,I,2025-12-15 16:14:09,2024-11-15 12:20:04
3220000,3220000-S201600011,서울특별시 강남구 역삼동 800 신논현역,"서울특별시 강남구 봉은사로 지하102, 신논현역 (역삼동)",6120.0,2016-12-30,,사용중,신논현역 지하1층,공공용시설,지하,4500.0,4500,37.0,30.0,16.68,127.0,1.0,30.11,37.5046341094555,127.025031706927,958019.9864349202,1945146.3807090204,U,2026-04-11 03:03:03,2026-04-10 10:28:26
3220000,3220000-S200500023,서울특별시 강남구 일원동 711번지,"서울특별시 강남구 양재대로55길 10 (일원동, 수서1단지 에스에이치빌)",6341.0,2005-07-01,,사용중,수서1단지에스에이치빌 102동(지하1층),공공용시설,지하,2336.0,2336,37.0,29.0,31.17,127.0,5.0,26.65,37.49172379112315,127.08855363507702,963628.130013,1943687.624955,I,2026-02-04 22:28:35,2026-02-03 15:35:23
3220000,3220000-S202500002,서울특별시 강남구 일원동 688 상록 스타힐스,"서울특별시 강남구 영동대로 16 (일원동, 상록 스타힐스)",6345.0,2025-07-14,,사용중,상록 스타힐스 지하주차장(지하1층),공공용시설,지하,19799.94,19799,37.0,29.0,18.05,127.0,4.0,29.15,37.4883473616086,127.074765137387,962407.528591957,1943318.449783153,I,2026-02-04 22:28:35,2026-02-03 13:24:09
3220000,3220000-S201700011,서울특별시 강남구 삼성동 172번지,"서울특별시 강남구 봉은사로 지하 601 (삼성동, 봉은사역)",6170.0,2017-06-07,,사용중,봉은사역(지하1층),공공용시설,지하,9841.0,9841,37.0,30.0,51.62,127.0,3.0,38.85,37.51422827734841,127.06039090057251,961150.193862,1946195.606611,I,2026-02-05 22:28:35,2026-02-04 14:51:08
3220000,3220000-S198900002,서울특별시 강남구 삼성동 159번지 6호,"서울특별시 강남구 테헤란로87길 22 (삼성동, 한국도심공항터미널)",6164.0,1989-11-03,,사용중,한국도심공항터미널(지하2~4층),공공용시설,지하,21120.0,21120,37.0,30.0,34.68,127.0,3.0,33.99,37.5096330995662,127.059442569172,961063.9990081335,1945686.1924799336,I,2026-01-30 22:28:35,2026-01-29 14:08:58
3220000,3220000-S198500011,서울특별시 강남구 개포동 649번지,"서울특별시 강남구 언주로 110 (개포동, 경남아파트)",6317.0,1985-01-01,2023-06-27,사용중지,경남아파트 경남상가 지하 1층,공공용시설,지하,791.2,791,37.0,28.0,59.49,127.0,3.0,10.82,37.48334270927838,127.05283593263968,960466.251524,1942772.199903,I,2025-12-15 16:14:09,2023-06-27 15:05:52
3220000,3220000-S200800007,서울특별시 강남구 역삼동 858 강남역,"서울특별시 강남구 강남대로 지하396, 강남역 (역삼동)",6232.0,2008-09-01,2024-12-03,사용중지,강남 지하상가 지하1층,공공용시설,지하,8090.0,8090,37.0,29.0,53.39,127.0,1.0,41.91,37.4981646954977,127.028307882184,958305.9552134768,1944427.18386532,I,2025-12-15 16:14:09,2024-12-03 13:56:16
3220000,3220000-S201500001,서울특별시 강남구 삼성동 111번지 147호,"서울특별시 강남구 봉은사로 지하 501 (삼성동, 삼성중앙역)",6163.0,2015-03-28,,사용중,삼성중앙역 지하1~2층,공공용시설,지하,8016.0,8016,37.0,30.0,46.35,127.0,3.0,9.75,37.51304194149352,127.05335737388468,960527.988252,1946066.917539,I,2026-02-05 22:28:35,2026-02-04 14:50:41
3220000,3220000-S200800008,서울특별시 강남구 신사동 667 신사역,"서울특별시 강남구 도산대로 지하102, 신사역 (신사동)",6038.0,2008-09-01,2024-12-03,사용중지,신사역 3호선 지하1~2층,공공용시설,지하,7160.0,7160,37.0,30.0,59.15,127.0,1.0,13.16,37.5164300672024,127.020321084778,957610.3076881634,1946457.1815376133,I,2025-12-15 16:14:09,2024-12-03 14:12:53
3220000,3220000-S199300011,서울특별시 강남구 일원동 716번지,"서울특별시 강남구 광평로19길 15 (일원동, 목련타운아파트)",6355.0,1993-08-01,,사용중,목련타운아파트 지하주차장 1층~2층,공공용시설,지하,3640.0,3640,37.0,29.0,7.7,127.0,5.0,8.44,37.48466420307475,127.0862693795292,963422.758826,1942905.296875,I,2026-02-04 22:28:35,2026-02-03 13:53:34
3220000,3220000-S200000010,서울특별시 강남구 역삼동 701번지,"서울특별시 강남구 언주로 508 (역삼동, 공무원연금공단)",6152.0,2000-01-01,,사용중,공무원연금공단 지하 2~3층,공공용시설,지하,11289.0,11289,37.0,30.0,14.22,127.0,2.0,33.91,37.50393912310667,127.04255097749268,959568.058951,1945061.605313,I,2026-02-06 22:28:35,2026-02-05 09:22:08
3220000,3220000-S200700008,서울특별시 강남구 청담동 27번지,"서울특별시 강남구 삼성로135길 42 (청담동, 언북초등학교)",6066.0,2007-10-19,,사용중,언북초등학교 공영주차장 지하1층~2층,공공용시설,지하,3361.0,3361,37.0,31.0,10.6,127.0,2.0,45.4,37.5196123770571,127.045943124865,959876.2690017666,1946799.0032557333,I,2026-02-04 22:28:35,2026-02-03 10:18:08
3220000,3220000-S199600004,서울특별시 강남구 도곡동 907번지 41호,"서울특별시 강남구 남부순환로 2653 (도곡동, KT양재지점)",6271.0,1996-01-01,,사용중,KT양재지점 양재전화국 (지하1층),공공용시설,지하,403.0,403,37.0,29.0,9.19,127.0,2.0,24.98,37.48568002319266,127.0401816274958,959348.745397,1943036.897837,I,2026-02-04 22:28:35,2026-02-03 15:50:42
3220000,3220000-S201700010,서울특별시 강남구 청담동 77번지 76호,"서울특별시 강남구 학동로 지하 508 (청담동, 청담역)",6084.0,2017-02-06,,사용중,청담역 지하1층~2층,공공용시설,지하,11901.0,11901,37.0,31.0,8.81,127.0,3.0,6.79,37.51909362556105,127.05198451871264,960409.858786,1946738.891371,I,2026-02-05 22:28:35,2026-02-04 15:11:43
3220000,3220000-S201700007,서울특별시 강남구 수서동 721번지 1호,"서울특별시 강남구 광평로60길 32 (수서동, 하니움)",6369.0,2017-01-31,,사용중,하니움아파트 지하주차장 1층,공공용시설,지하,1220.0,1220,37.0,29.0,11.76,127.0,6.0,25.93,37.4866009616989,127.107203495648,965274.4137366666,1943112.2396012,I,2026-01-31 22:28:35,2026-01-30 11:14:09
3220000,3220000-S199300001,서울특별시 강남구 대치동 317번지 3호,"서울특별시 강남구 남부순환로 지하 2952 (대치동, 대치역)",6291.0,2006-11-23,,사용중,대치역(지하1층),공공용시설,지하,8138.0,8138,37.0,29.0,40.35,127.0,3.0,48.38,37.4945423373226,127.063438976637,961409.4328217334,1944010.323970667,I,2026-01-30 22:28:35,2026-01-29 17:17:08
3220000,3220000-S198800002,서울특별시 강남구 논현동 1번지,"서울특별시 강남구 강남대로 606 (논현동, 삼주빌딩)",6038.0,1988-10-24,,사용중,"삼주빌딩 지하2,3층",공공용시설,지하,1966.0,1966,37.0,30.0,57.28,127.0,1.0,12.61,37.51586748823855,127.02008691256488,957589.295157,1946394.872342,I,2026-01-31 22:28:35,2026-01-30 11:47:07
3220000,3220000-S200900001,서울특별시 강남구 논현동 279번지 67호,"서울특별시 강남구 학동로 지하 102 (논현동, 논현역)",6110.0,2009-08-26,,사용중,"논현역 지하1,2,3층",공공용시설,지하,5997.0,5997,37.0,30.0,40.27,127.0,1.0,17.83,37.511130469490624,127.02158470345434,957718.985915,1945868.654853,I,2026-01-31 22:28:35,2026-01-30 12:13:12
3220000,3220000-S199300012,서울특별시 강남구 일원동 718번지,"서울특별시 강남구 일원로 120 (일원동, 샘터마을아파트)",6356.0,1993-03-03,,사용중,샘터마을아파트 지하주차장 1층~2층,공공용시설,지하,2640.0,2640,37.0,29.0,3.89,127.0,4.0,55.48,37.48368932954624,127.0835806881489,963184.576606,1942798.189329,I,2026-02-04 22:28:35,2026-02-03 13:53:46
3220000,3220000-S201600002,서울특별시 강남구 자곡동 686 강남한양수자인아파트,"서울특별시 강남구 자곡로 260 (자곡동, 강남한양수자인아파트)",6370.0,2016-01-01,,사용중,강남한양수자인아파트 지하주차장 1층,공공용시설,지하,61656.0,61656,37.0,28.0,36.01,127.0,6.0,41.21,37.47667025490661,127.11144610601728,965644.941124,1942008.941117,I,2026-02-03 22:28:35,2026-02-02 14:43:42
3220000,3220000-S199100010,서울특별시 강남구 삼성동 142번지 35호,"서울특별시 강남구 테헤란로 411 (삼성동, 성담빌딩)",6160.0,1991-12-04,,사용중,성담빌딩 지하2~5층,공공용시설,지하,4643.0,4643,37.0,30.0,19.77,127.0,3.0,3.2,37.505391087760266,127.05087145750171,960304.242965,1945219.149271,I,2026-02-04 22:28:35,2026-02-03 12:13:14
3220000,3220000-S200800006,서울특별시 강남구 역삼동 858 강남역,"서울특별시 강남구 강남대로 지하396, 강남역 (역삼동)",6232.0,2008-09-01,,사용중,강남지하상가 지하1층,공공용시설,지하,8090.0,8090,37.0,29.0,53.39,127.0,1.0,41.91,37.4981646954977,127.028307882184,958305.9552134768,1944427.18386532,I,2026-02-06 22:28:35,2026-02-05 09:25:17
3220000,3220000-S199000002,서울특별시 강남구 대치동 891번지 44호,"서울특별시 강남구 테헤란로78길 16 (대치동, 노벨빌딩)",6194.0,1990-01-05,2023-11-03,사용중지,노벨빌딩(지하2~3층),공공용시설,지하,2000.0,2000,37.0,30.0,18.18,127.0,3.0,19.28,37.50511628654813,127.0554796499716,960711.391377,1945186.72795,I,2025-12-15 16:14:09,2023-11-03 14:22:22
3220000,3220000-S201700012,서울특별시 강남구 논현동 279번지 165호,"서울특별시 강남구 봉은사로 지하 201 (논현동, 언주역)",6109.0,2017-06-12,,사용중,언주역 지하1층,공공용시설,지하,5336.0,5336,37.0,30.0,26.38,127.0,2.0,2.1,37.50739170624407,127.0339863320547,958812.959514,1945448.361807,I,2026-02-05 22:28:35,2026-02-04 14:48:16
3220000,3220000-S200600014,서울특별시 강남구 도곡동 467번지 7호,"서울특별시 강남구 언주로30길 21 (도곡동, 아카데미스위트)",6292.0,2006-11-23,,사용중,아카데미스위트 지하1층 ~지하6층,공공용시설,지하,9900.0,9900,37.0,29.0,19.88,127.0,3.0,7.3,37.48853032324744,127.0517796303624,960375.60343,1943348.1748,I,2026-02-04 22:28:35,2026-02-03 10:19:51
3220000,3220000-S199000004,서울특별시 강남구 도곡동 459번지,"서울특별시 강남구 남부순환로378길 34-9 (도곡동, 도곡2동주민센터)",6300.0,1990-11-09,,사용중,도곡2동주민센터 지하1층~지하3층,공공용시설,지하,2570.0,2570,37.0,29.0,1.45,127.0,2.0,46.99,37.48379078570813,127.04635276587476,959893.311542,1942824.65293,I,2026-02-04 22:28:35,2026-02-03 10:17:26
3220000,3220000-S198800008,서울특별시 강남구 논현동 105번지 7호,"서울특별시 강남구 언주로 726 (논현동, 두산빌딩)",6057.0,1988-01-01,,사용중,두산빌딩 지하주차장 2층~4층,공공용시설,지하,6479.0,6479,37.0,31.0,9.81,127.0,2.0,6.65,37.519375059172326,127.03509650676357,958917.648283,1946777.355746,I,2026-02-03 22:28:35,2026-02-02 14:38:32
3220000,3220000-S200000006,서울특별시 강남구 일원동 703-3,,,2000-01-01,,사용중,양재4지하보도 지하1층,공공용시설,지하,126.0,126,,,,,,,,,,,I,2025-12-15 16:14:09,2025-07-15 16:02:32
3220000,3220000-S200600015,서울특별시 강남구 도곡동 467번지 10호,"서울특별시 강남구 언주로30길 27 (도곡동, 우성리빙텔)",6292.0,2006-11-23,,사용중,우성리빙텔아파트 지하1층~지하5층,공공용시설,지하,6389.0,6389,37.0,29.0,18.31,127.0,3.0,9.09,37.488399843660616,127.0527220850906,960458.851703,1943333.302695,I,2026-02-04 22:28:35,2026-02-03 10:20:11
3220000,3220000-S200800002,서울특별시 강남구 개포동 1273번지,"서울특별시 강남구 개포로22길 87 (개포동, 포이초등학교)",6311.0,2008-09-09,,사용중,포이초등학교 공영주차장 지하1층,공공용시설,지하,3469.0,3469,37.0,28.0,31.13,127.0,3.0,5.26,37.47516695710338,127.0523975298722,960423.18045,1941865.340466,I,2026-02-04 22:28:35,2026-02-03 17:34:47
3220000,3220000-S200200001,서울특별시 강남구 수서동 718번지 2호,"서울특별시 강남구 광평로 301-4 (수서동, 수서동주민센터)",6349.0,2002-03-15,2023-06-20,사용중지,수서동주민센터 지하1층,공공용시설,지하,327.0,327,37.0,29.0,20.09,127.0,6.0,18.04,37.488853385667625,127.10494003758934,965075.358162,1943362.967793,I,2025-12-15 16:14:09,2023-06-20 13:21:49
3220000,3220000-S200500034,서울특별시 강남구 도곡동 168번지,"서울특별시 강남구 언주로 201 (도곡동, 에스케이리더스뷰)",6274.0,2005-11-01,,사용중,에스케이리더스뷰아파트 (지하2층~지하4층),공공용시설,지하,17238.0,17238,37.0,29.0,18.31,127.0,2.0,55.73,37.48826376554164,127.04885469259176,960116.88462,1943319.837143,I,2026-02-04 22:28:35,2026-02-03 15:44:37
3220000,3220000-S200900006,서울특별시 강남구 일원동 700번지 1호,"서울특별시 강남구 개포로 지하 522 (일원동, 대모산입구역)",6330.0,2009-12-22,,사용중,대모산입구역(지하1~4층),공공용시설,지하,13478.0,13478,37.0,29.0,29.59,127.0,4.0,23.12,37.49126959411854,127.07260105927428,962217.686369,1943643.518144,I,2026-02-05 22:28:35,2026-02-04 14:53:24
3220000,3220000-S200000016,서울특별시 강남구 역삼동 647번지 14호,"서울특별시 강남구 테헤란로 133 (역삼동, 한국타이어빌딩)",6133.0,2000-01-01,,사용중,한국타이어빌딩 지하 1~4층,공공용시설,지하,5831.0,5831,37.0,30.0,0.42,127.0,2.0,0.25,37.50006175403916,127.0334942432192,958765.436482,1944635.365483,I,2026-02-06 22:28:35,2026-02-05 09:23:04
3220000,3220000-S198900001,서울특별시 강남구 논현동 120번지,"서울특별시 강남구 강남대로 548 (논현동, 건우빌딩)",6110.0,1989-05-17,,사용중,건우빌딩 지하2층,공공용시설,지하,446.0,446,37.0,30.0,39.69,127.0,1.0,18.64,37.51097707169906,127.02176005903966,957734.396949,1945851.557527,I,2026-01-31 22:28:35,2026-01-30 11:50:22
3220000,3220000-S201600009,서울특별시 강남구 신사동 568번지 2호,"서울특별시 강남구 논현로163길 33 (신사동, 교회)",6031.0,2017-01-09,,사용중,광림교회 사회봉사관 지하1~3층,공공용시설,지하,12027.0,12027,37.0,31.0,25.96,127.0,1.0,31.89,37.52403819261495,127.02540546435156,958063.880275,1947298.978814,I,2026-01-30 22:28:35,2026-01-29 14:25:15
3220000,3220000-S201700002,서울특별시 강남구 개포동 1163번지 4호,서울특별시 강남구 논현로 10 (개포동),6313.0,2017-01-02,,사용중,원불교 개포교당 지하1층,공공용시설,지하,263.0,263,37.0,28.0,20.64,127.0,3.0,1.82,37.472368206046944,127.05048531769788,960252.62044,1941555.643872,I,2026-02-04 22:28:35,2026-02-03 17:35:58
3220000,3220000-S200000007,서울특별시 강남구 역삼동 804번지,"서울특별시 강남구 테헤란로 지하 156 (역삼동, 역삼역)",6236.0,2000-01-01,,사용중,역삼역 지하1~2층,공공용시설,지하,9029.0,9029,37.0,30.0,2.52,127.0,2.0,11.86,37.500723072419945,127.0368054437226,959058.477106,1944707.28895,I,2026-02-06 22:28:35,2026-02-05 09:20:20
3220000,3220000-S201600012,서울특별시 강남구 논현동 279-67 논현역,"서울특별시 강남구 학동로 지하102, 논현역 (논현동)",6110.0,2016-12-30,2024-12-03,사용중지,논현역 지하 1~3층,공공용시설,지하,4500.0,4500,37.0,30.0,40.32,127.0,1.0,17.95,37.5111987522999,127.021652001346,957724.97206434,1945876.200165587,I,2025-12-15 16:14:09,2024-12-03 13:56:46
3220000,3220000-S198600001,서울특별시 강남구 개포동 654번지,"서울특별시 강남구 언주로 107 (개포동, 현대2차아파트)",6305.0,1986-01-01,,사용중,현대2차아파트 208동 지하1층,공공용시설,지하,3897.0,3897,37.0,28.0,56.86,127.0,3.0,4.19,37.48302651467327,127.05239539672556,960427.136793,1942737.305327,I,2026-02-04 22:28:35,2026-02-03 17:11:54
3220000,3220000-S199100006,서울특별시 강남구 청담동 5번지,"서울특별시 강남구 도산대로 446 (청담동, 경원오피스텔)",6062.0,1991-01-20,,사용중,경원오피스텔 지하1층~4층,공공용시설,지하,3884.32,3884,37.0,31.0,24.94,127.0,2.0,42.32,37.52364803887728,127.04503531259796,959798.213168,1947247.123151,I,2026-02-04 22:28:35,2026-02-03 10:15:26
3220000,3220000-S199600020,서울특별시 강남구 도곡동 963번지,"서울특별시 강남구 논현로 213 (도곡동, 역삼럭키아파트)",6262.0,1996-01-01,,사용중,역삼럭키아파트 108동 (지하1층),공공용시설,지하,1191.0,1191,37.0,29.0,25.41,127.0,2.0,20.31,37.49068820266486,127.04134431066711,959454.242516,1943592.020651,I,2026-02-04 22:28:35,2026-02-03 15:43:47
3220000,3220000-S199600015,서울특별시 강남구 도곡동 963번지,"서울특별시 강남구 논현로 213 (도곡동, 역삼럭키아파트)",6262.0,1996-01-01,,사용중,역삼럭키아파트 103동 (지하1층),공공용시설,지하,875.0,875,37.0,29.0,25.25,127.0,2.0,27.5,37.49068820266486,127.04134431066711,959454.242516,1943592.020651,I,2026-02-04 22:28:35,2026-02-03 15:43:08
3220000,3220000-S200600019,서울특별시 강남구 개포동 175번지 3호,"서울특별시 강남구 개포로 지하 403 (개포동, 구룡역)",6323.0,2006-11-20,,사용중,구룡역(지하1층),공공용시설,지하,12203.0,12203,37.0,29.0,13.44,127.0,3.0,33.63,37.4869980668144,127.05945268539917,961053.138906,1943174.979271,I,2026-02-05 22:28:35,2026-02-04 14:52:59
3220000,3220000-S198500015,서울특별시 강남구 신사동 667 신사역,"서울특별시 강남구 도산대로 지하102, 신사역 (신사동)",6038.0,1985-10-18,,사용중,신사역 지하3~4층,공공용시설,지하,3730.0,3730,37.0,30.0,59.15,127.0,1.0,13.16,37.51613954982109,127.01970244084212,957555.472644,1946425.229315,I,2026-01-31 22:28:35,2026-01-30 16:57:40
3220000,3220000-S199900001,서울특별시 강남구 청담동 124번지 1호,"서울특별시 강남구 압구정로79길 26 (청담동, 청담동주민센터)",6012.0,1999-01-01,,사용중,청담문화센터 지하1층,공공용시설,지하,264.0,264,37.0,31.0,30.31,127.0,2.0,57.47,37.5250863661743,127.049297259637,960175.5757984,1947404.883978967,I,2026-02-04 22:28:35,2026-02-03 10:16:27
3220000,3220000-S199300005,서울특별시 강남구 수서동 728번지,"서울특별시 강남구 광평로 지하 270 (수서동, 수서역)",6362.0,1993-10-30,,사용중,수서역 지하1층~2층,공공용시설,지하,3505.0,3505,37.0,29.0,14.6,127.0,6.0,6.68,37.4873881137751,127.101855046209,964801.9458038668,1943201.554901267,I,2026-01-31 22:28:35,2026-01-30 14:47:27
3220000,3220000-S200500029,서울특별시 강남구 대치동 65번지,"서울특별시 강남구 영동대로 220 (대치동, 쌍용아파트)",6285.0,2005-06-30,2023-11-08,사용중지,쌍용2차아파트 모든 동 (지하1층),공공용시설,지하,1214.0,1214,37.0,29.0,59.86,127.0,4.0,14.23,37.49900796075226,127.07056874023904,962041.94409,1944502.85622,I,2025-12-15 16:14:09,2023-11-08 14:18:08
3220000,3220000-S201700009,서울특별시 강남구 수서동 559번지,"서울특별시 강남구 광평로34길 55 (수서동, 강남데시앙포레아파트)",6362.0,2017-02-07,,사용중,강남데시앙포레아파트 지하주차장 1층~2층,공공용시설,지하,35911.0,35911,37.0,28.0,50.39,127.0,5.0,22.7,37.48118850382532,127.09213279260828,963939.465393,1942517.430368,I,2026-02-04 22:28:35,2026-02-03 13:55:28
3220000,3220000-S202500001,서울특별시 강남구 개포동 660-1 공공청사(주민센터/지구대),"서울특별시 강남구 선릉로 35, 공공청사(주민센터/지구대) (개포동)",6321.0,2025-06-27,,사용중,개포1동주민센터 지하1층,공공용시설,지하,1071.17,1071,37.0,28.0,56.87,127.0,3.0,36.37,37.4824648282435,127.060103165098,961108.2954050148,1942671.77831838,I,2026-01-31 22:28:35,2026-01-30 18:04:09
3220000,3220000-S201000002,서울특별시 강남구 논현동 279번지 67호,"서울특별시 강남구 학동로 지하 180 (논현동, 학동역)",6112.0,2010-01-22,,사용중,학동역 지하 1층~3층,공공용시설,지하,9293.0,9293,37.0,30.0,51.02,127.0,1.0,52.7,37.51389792322682,127.03064292727024,958521.062876,1946171.654973,I,2026-02-03 22:28:35,2026-02-02 14:45:24
3220000,3220000-S201600008,서울특별시 강남구 신사동 550번지 11호,"서울특별시 강남구 압구정로18길 28 (신사동, 신구초등학교)",6029.0,2017-01-09,,사용중,신구초등학교 복합화시설 지하2~3층,공공용시설,지하,4964.0,4964,37.0,31.0,24.17,127.0,1.0,26.47,37.5236844420163,127.02471815152504,958002.94928,1947260.038919,I,2026-02-04 22:28:35,2026-02-03 11:51:41
3220000,3220000-S198400002,서울특별시 강남구 논현동 58번지 6호,"서울특별시 강남구 논현로 703 (논현동, DI빌딩)",6046.0,1984-07-19,,사용중,디아이빌딩 지하1층,공공용시설,지하,654.0,654,37.0,30.0,51.66,127.0,1.0,48.49,37.5144675261286,127.03011898312909,958475.075194,1946235.080046,I,2026-01-31 22:28:35,2026-01-30 11:45:39
3220000,3220000-S200500003,서울특별시 강남구 역삼동 706 위워크타워,"서울특별시 강남구 테헤란로 302, 위워크타워 (역삼동)",6210.0,2005-06-23,,사용중,위워크타워앞역삼지하보도(지하1층),공공용시설,지하,399.0,399,37.0,30.0,8.57,127.0,2.0,36.22,37.50247725164984,127.04345423839584,959647.107924,1944899.032308,I,2026-02-04 22:28:35,2026-02-03 13:59:11
3220000,3220000-S200900002,서울특별시 강남구 역삼동 705번지 19호 엔지니어링공제빌딩,"서울특별시 강남구 테헤란로 335, 엔지니어링공제빌딩 (역삼동)",6150.0,2009-09-09,,사용중,엔지니어링공제빌딩 지하1~4층,공공용시설,지하,3656.0,3656,37.0,30.0,17.15,127.0,2.0,53.85,37.50463362328624,127.04831439703185,960077.835275,1945136.195112,I,2026-02-06 22:28:35,2026-02-05 09:25:45
3220000,3220000-S199500005,서울특별시 강남구 대치동 1024번지 4호,"서울특별시 강남구 도곡로 418 (대치동, 강원빌딩)",6278.0,1995-07-01,,사용중,강원빌딩(지하2층),공공용시설,지하,444.0,444,37.0,29.0,49.05,127.0,3.0,22.49,37.4969569761072,127.056248442846,960775.0727911,1944281.184538,I,2026-01-30 22:28:35,2026-01-29 16:50:56
3220000,3220000-S198100001,서울특별시 강남구 논현동 71번지,"서울특별시 강남구 언주로 721 (논현동, 서울세관)",6050.0,1981-01-01,2023-06-23,사용중지,서울세관 지하 1층,공공용시설,지하,747.0,747,37.0,31.0,6.4,127.0,2.0,3.52,37.51824323010295,127.03500214106728,958908.688714,1946651.827373,I,2025-12-15 16:14:09,2023-06-23 17:55:43
3220000,3220000-S199500004,서울특별시 강남구 대치동 629번지,"서울특별시 강남구 남부순환로 2913 (대치동, 동하빌딩)",6280.0,1995-07-01,2023-11-01,사용중지,동하빌딩(지하2~3층),공공용시설,지하,2804.0,2804,37.0,29.0,33.95,127.0,3.0,30.65,37.49266786988315,127.0586055558352,960981.196865,1943804.356794,I,2025-12-15 16:14:09,2023-11-02 14:04:50
3220000,3220000-S201000001,서울특별시 강남구 삼성동 111번지 44호,"서울특별시 강남구 학동로 지하 346 (삼성동, 강남구청역)",6099.0,2010-01-14,,사용중,강남구청역 지하1~5층,공공용시설,지하,10359.0,10359,37.0,31.0,1.95,127.0,2.0,28.63,37.517084508835694,127.04107099007037,959444.361641,1946520.640836,I,2026-03-19 22:28:37,2026-03-18 10:33:09
3220000,3220000-S199200002,서울특별시 강남구 수서동 736번지,"서울특별시 강남구 광평로47길 17 (수서동, 신동아아파트)",6352.0,1992-11-01,,사용중,신동아아파트 지하주차장 1층,공공용시설,지하,4032.0,4032,37.0,29.0,15.84,127.0,5.0,56.63,37.4877341594625,127.099065048428,964555.4581516,1943240.9930570005,I,2026-01-31 22:28:35,2026-01-30 10:52:02
3220000,3220000-S200500033,서울특별시 강남구 일원동 700번지 9호,"서울특별시 강남구 일원로 지하 2 (일원동, 대청역)",6337.0,2005-07-01,,사용중,대청역(지하1~지하2층),공공용시설,지하,7003.0,7003,37.0,29.0,37.51,127.0,4.0,46.21,37.493532032386845,127.07953905774812,962832.133496,1943891.758417,I,2026-02-05 22:28:35,2026-02-04 14:53:44
3220000,3220000-S199400004,서울특별시 강남구 일원동 719번지,"서울특별시 강남구 일원로14길 25 (일원동, 푸른마을아파트)",6356.0,1994-07-19,,사용중,푸른마을아파트 지하주차장 1층~2층,공공용시설,지하,2970.0,2970,37.0,29.0,2.19,127.0,4.0,51.83,37.48473254699996,127.08068348504902,962928.950591,1942915.063947,I,2026-02-04 22:28:35,2026-02-03 13:54:09
3220000,3220000-S201200001,서울특별시 강남구 대치동 891번지 10호,"서울특별시 강남구 테헤란로 432 (대치동, 동부금융센터)",6194.0,2012-11-30,,사용중,동부금융센터(지하3~6층),공공용시설,지하,11000.0,11000,37.0,30.0,20.76,127.0,3.0,16.61,37.50587764942951,127.05458084617575,960632.350645,1945271.571932,I,2026-02-04 22:28:35,2026-02-03 16:13:46
3220000,3220000-S200500027,서울특별시 강남구 대치동 985번지,"서울특별시 강남구 도곡로93길 12 (대치동, 래미안 대치 하이스턴)",6189.0,2005-06-30,,사용중,래미안대치하이스턴(모든동 지하) 지하 1층,공공용시설,지하,930.0,930,37.0,30.0,3.62,127.0,3.0,53.12,37.5010069174209,127.064756677945,961529.2304344666,1944726.9872919333,I,2026-01-30 22:28:35,2026-01-29 11:16:42
3220000,3220000-S200500012,서울특별시 강남구 역삼동 708번지,"서울특별시 강남구 테헤란로 328 (역삼동, 동우빌딩)",6212.0,2005-06-23,,사용중,동우빌딩(지하2층),공공용시설,지하,760.0,760,37.0,30.0,13.43,127.0,2.0,51.78,37.50373157703228,127.04756551150712,960011.163651,1945036.43679,I,2026-02-04 22:28:35,2026-02-03 13:13:07
3220000,3220000-S200700006,서울특별시 강남구 개포동 195번지,"서울특별시 강남구 개포로 지하 420 (개포동, 개포동역)",6324.0,2007-01-25,,사용중,개포동역(지하1층),공공용시설,지하,11184.0,11184,37.0,29.0,21.1,127.0,3.0,57.9,37.48906445029623,127.06590628283244,961624.733192,1943401.580312,I,2026-02-05 22:28:35,2026-02-04 14:52:45
3220000,3220000-S198900006,서울특별시 강남구 삼성동 159번지 7호,"서울특별시 강남구 테헤란로 517 (삼성동, 현대백화점)",6164.0,1989-11-03,,사용중,현대백화점 무역센터점(지하1~4층),공공용시설,지하,22770.0,22770,37.0,30.0,31.18,127.0,3.0,35.14,37.508439490132325,127.0599312256984,961106.566869,1945553.56699,I,2026-01-30 22:28:35,2026-01-29 14:10:04
3220000,3220000-S199100008,서울특별시 강남구 청담동 97번지,"서울특별시 강남구 도산대로 445 (청담동, M빌딩)",6015.0,1991-04-11,2023-06-19,사용중지,M빌딩 지하1층,공공용시설,지하,1198.0,1198,37.0,31.0,28.05,127.0,2.0,41.18,37.524188268586144,127.04483350558664,959780.670928,1947307.144666,I,2025-12-15 16:14:09,2023-06-19 10:36:20
3220000,3220000-S199900005,서울특별시 강남구 청담동 53번지 7호,"서울특별시 강남구 영동대로 737 (청담동, 리베라호텔)",6071.0,1999-01-02,,사용중,호텔리베라 지하2층~4층,공공용시설,지하,5577.79,5577,37.0,31.0,25.75,127.0,3.0,15.23,37.52383742884871,127.05427537995992,960614.791904,1947264.225902,I,2026-02-04 22:28:35,2026-02-03 10:17:02
3220000,3220000-S200500035,서울특별시 강남구 도곡동 164번지 6호,"서울특별시 강남구 남부순환로381길 15 (도곡동, 포스코트아파트)",6274.0,2005-11-01,,사용중,포스코트아파트 (지하1층~지하2층),공공용시설,지하,6458.0,6458,37.0,29.0,16.38,127.0,2.0,51.6,37.48785750890645,127.04754344161483,960000.74735,1943275.322003,I,2026-02-04 22:28:35,2026-02-03 15:45:00
3220000,3220000-S200600013,서울특별시 강남구 도곡동 467번지 6호,"서울특별시 강남구 언주로30길 13 (대림아크로빌,대림아크로텔)",6292.0,2006-11-23,,사용중,대림아크로텔 지하1층~지하5층,공공용시설,지하,16830.0,16830,37.0,29.0,17.29,127.0,3.0,3.49,37.48771570444543,127.05133437303816,960335.810048,1943257.985799,I,2026-02-04 22:28:35,2026-02-03 10:19:36
3220000,3220000-S198800005,서울특별시 강남구 논현동 58번지 3호,"서울특별시 강남구 학동로 171 (논현동, 삼익악기 빌딩)",6046.0,1988-12-20,,사용중,"삼익악기빌딩 지하1,2,3층",공공용시설,지하,5435.0,5435,37.0,30.0,50.43,127.0,1.0,46.13,37.513869474592106,127.02958077160494,958427.179657,1946168.967564,I,2026-01-31 22:28:35,2026-01-30 11:49:09
3220000,3220000-S197500001,서울특별시 강남구 삼성동 8 강남구 보건소,"서울특별시 강남구 선릉로 668, 강남구 보건소 (삼성동)",6088.0,1975-12-26,,사용중,강남구보건소 지하1층,공공용시설,지하,812.0,812,37.0,30.0,58.88,127.0,2.0,32.27,37.51620780753058,127.04180807634587,959509.024752,1946423.058704,I,2026-02-04 22:28:35,2026-02-03 12:12:11
3220000,3220000-S200300007,서울특별시 강남구 개포동 12번지 4호,"서울특별시 강남구 개포로 615 (개포동, 석탑프라자)",6335.0,2003-01-01,2023-10-24,사용중지,석탑프라자(지하2층),공공용시설,지하,6999.0,6999,37.0,29.0,33.58,127.0,4.0,32.27,37.49260056655994,127.07569762560564,962492.091516,1943789.942257,I,2025-12-15 16:14:09,2023-10-24 17:14:28
3220000,3220000-S200900004,서울특별시 강남구 삼성동 161번지 2호,"서울특별시 강남구 봉은사로 616 (삼성동, 삼성1동 주민센터)",6170.0,2009-11-09,,사용중,삼성1동주민센터(지하1~3층),공공용시설,지하,3301.0,3301,37.0,30.0,51.86,127.0,3.0,45.04,37.51443025363832,127.06260483744254,961345.952436,1946217.102745,I,2026-01-30 22:28:35,2026-01-29 14:10:20
3220000,3220000-S200500015,서울특별시 강남구 압구정동 518번지,"서울특별시 강남구 압구정로 417 (압구정동, 기아빌딩)",6009.0,2005-06-23,2026-01-07,사용중지,기아자동차 지하1~3층,공공용시설,지하,8630.0,8630,37.0,31.0,39.17,127.0,2.0,34.26,37.52744184342156,127.04302199027843,959622.354972,1947668.885523,I,2026-01-08 22:28:35,2026-01-07 13:02:09
3220000,3220000-S200100001,서울특별시 강남구 논현동 133번지 13호,"서울특별시 강남구 학동로20길 25 (논현동, 논현1동주민센터)",6115.0,2001-11-23,,사용중,논현1동주민센터 지하2층,공공용시설,지하,1142.0,1142,37.0,30.0,41.45,127.0,1.0,42.76,37.51155975546714,127.0283611090147,958318.108089,1945913.25802,I,2026-01-31 22:28:35,2026-01-30 12:08:50
3220000,3220000-S198700004,서울특별시 강남구 논현동 261번지 1호,"서울특별시 강남구 언주로 616 (논현동, KIDC 논현센터)",6101.0,1987-01-01,2023-06-23,사용중지,LGU+ 지하주차장 1층~2층,공공용시설,지하,2160.0,2160,37.0,30.0,39.74,127.0,2.0,12.97,37.51104060384749,127.0368116462426,959064.659494,1945851.951362,I,2025-12-15 16:14:09,2023-06-23 17:55:57
3220000,3220000-S198700003,서울특별시 강남구 논현동 84번지,"서울특별시 강남구 언주로 709 (논현동, 송암빌딩)",6053.0,1987-01-01,,사용중,송암빌딩 지하주차장 1층~3층,공공용시설,지하,4135.0,4135,37.0,31.0,0.34,127.0,2.0,5.73,37.516789159567104,127.03501959563624,958909.433846,1946490.499457,I,2026-02-03 22:28:35,2026-02-02 14:35:42
3220000,3220000-S199500006,서울특별시 강남구 개포동 655번지 3호,"서울특별시 강남구 언주로 101 (개포동, 쌍용개포아파트)",6305.0,1995-01-01,,사용중,쌍용개포아파트 지하1층,공공용시설,지하,832.0,832,37.0,28.0,51.95,127.0,3.0,11.86,37.48116051752496,127.05334020877908,960509.686291,1942529.888963,I,2026-02-04 22:28:35,2026-02-03 17:35:20
3220000,3220000-S198700001,서울특별시 강남구 논현동 71번지 2호,"서울특별시 강남구 언주로 711 (논현동, 건설회관)",6050.0,1987-01-01,,사용중,건설회관 지하주차장 1층,공공용시설,지하,4362.0,4362,37.0,31.0,2.85,127.0,2.0,4.34,37.517274481008606,127.03505174489104,958912.541006,1946544.328877,I,2026-02-03 22:28:35,2026-02-02 14:53:22
3220000,3220000-S199600016,서울특별시 강남구 도곡동 963번지,"서울특별시 강남구 논현로 213 (도곡동, 역삼럭키아파트)",6262.0,1996-01-01,,사용중,역삼럭키아파트 104동 (지하1층),공공용시설,지하,1554.0,1554,37.0,29.0,23.29,127.0,2.0,27.2,37.49068820266486,127.04134431066711,959454.242516,1943592.020651,I,2026-02-04 22:28:35,2026-02-03 15:43:33
3220000,3220000-S200000017,서울특별시 강남구 역삼동 642번지 6호,"서울특별시 강남구 논현로 507 (역삼동, 성지하이츠3차빌딩)",6132.0,2000-01-01,,사용중,성지하이츠3차빌딩 지하 2~6층,공공용시설,지하,7405.0,7405,37.0,30.0,5.59,127.0,2.0,10.18,37.501616771062125,127.03626444046972,959011.146391,1944806.674591,I,2026-02-06 22:28:35,2026-02-05 09:24:02
3230000,3230000-S199600002,서울특별시 송파구 문정동 58번지,"서울특별시 송파구 송파대로16길 12 (문정동, 현대2차아파트)",5807.0,1996-01-01,,사용중,문정현대2차아파트 지하주차장 1층,공공용시설,지하,2690.0,2690,37.0,29.0,2.98,127.0,7.0,28.6,37.48454810725045,127.12464634884113,966815.565348,1942878.198844,I,2026-02-11 22:28:35,2026-02-10 16:16:21
3230000,3230000-S200800008,서울특별시 송파구 잠실동 44번지,"서울특별시 송파구 잠실로 88 (잠실동, 레이크팰리스)",5607.0,2008-07-01,,사용중,레이크팰리스아파트 지하주차장 1층,공공용시설,지하,10605.0,10605,37.0,30.0,32.3,127.0,5.0,40.26,37.50737587727242,127.09299856419544,964028.572865,1945422.411901,I,2026-02-11 22:28:35,2026-02-10 14:20:54
3230000,3230000-S198900003,서울특별시 송파구 잠실동 198번지,"서울특별시 송파구 백제고분로9길 10 (잠실동, MBC아카데미)",5562.0,1989-12-27,,사용중,MBC방송아카데미 지하 1~2층,공공용시설,지하,1569.0,1569,37.0,30.0,32.11,127.0,4.0,48.7,37.50919040961892,127.08024309623444,962902.117358,1945628.674984,I,2026-02-07 22:28:35,2026-02-06 17:51:02
3230000,3230000-S199100006,서울특별시 송파구 가락동 166번지 9호,서울특별시 송파구 동남로 236 (가락동),5769.0,1991-04-01,2023-06-21,사용중지,영빌딩 지하1층,공공용시설,지하,408.0,408,37.0,29.0,51.37,127.0,8.0,0.34,37.49752949505609,127.13355867952264,967609.09973,1944315.289847,I,2025-12-15 16:14:09,2023-06-21 23:27:12
3230000,3230000-S199000006,서울특별시 송파구 잠실동 331번지,"서울특별시 송파구 백제고분로18길 7 (잠실동, 현대아파트)",5577.0,1990-08-01,2023-07-20,사용중지,잠실본동 현대아파트 101동~103동 지하 1층,공공용시설,지하,2126.0,2126,37.0,30.0,14.39,127.0,5.0,7.25,37.504444951808,127.08481394858156,963303.765757,1945100.40488,I,2025-12-15 16:14:09,2023-07-20 08:50:27
3230000,3230000-S198900006,서울특별시 송파구 삼전동 62번지,"서울특별시 송파구 백제고분로 236 (삼전동, 삼전동주민센터)",5584.0,1989-08-01,2023-06-14,사용중지,삼전동주민센터(지하1층),공공용시설,지하,211.26,211,37.0,30.0,9.89,127.0,5.0,33.05,37.50274919063287,127.09261667934848,963992.599067,1944909.25728,I,2025-12-15 16:14:09,2023-06-14 22:12:45
3230000,3230000-S200900003,서울특별시 송파구 방이동 66번지 3호,"서울특별시 송파구 오금로 113 (방이동, 석촌씨티빌딩)",5548.0,2009-05-01,,사용중,석촌씨티빌딩 지하주차장 1층,공공용시설,지하,2072.65,2072,37.0,30.0,43.87,127.0,6.0,31.03,37.51232496776062,127.10824560039222,965378.421467,1945965.762116,I,2026-02-04 22:28:35,2026-02-03 09:21:27
3230000,3230000-S199600001,서울특별시 송파구 마천동 307번지 4호,"서울특별시 송파구 마천로57길 지하 7 (마천동, 마천역)",5758.0,1996-01-01,,사용중,마천역 지하1층 대합실,공공용시설,지하,3590.0,3590,37.0,29.0,40.78,127.0,9.0,8.4,37.49465456883251,127.15224102195609,969259.317744,1943990.071235,I,2026-02-10 22:28:35,2026-02-09 14:54:49
3230000,3230000-S201000004,서울특별시 송파구 삼전동 172번지 1호,"서울특별시 송파구 삼학사로 11 (삼전동, 배명중고등학교)",5598.0,2010-12-16,2023-06-13,사용중지,배명고등학교 체육관(지하1층),공공용시설,지하,882.95,882,37.0,29.0,55.71,127.0,5.0,44.44,37.498304502964295,127.09641602820636,964326.299151,1944414.701767,I,2025-12-15 16:14:09,2023-06-13 20:24:06
3230000,3230000-S199600007,서울특별시 송파구 신천동 7번지 25호,"서울특별시 송파구 송파대로 558 (신천동, 월드타워빌딩)",5510.0,1996-10-01,,사용중,월드타워빌딩(지하2층 주차장),공공용시설,지하,2529.66,2529,37.0,30.0,54.85,127.0,6.0,0.26,37.51493135088494,127.0993678688856,964595.073488,1946258.227333,I,2026-02-26 22:28:37,2026-02-25 17:19:42
3230000,3230000-S200200006,서울특별시 송파구 오금동 43번지,"서울특별시 송파구 오금로35길 17 (오금동, 현대아파트)",5658.0,2002-08-01,2023-06-21,사용중지,현대아파트 중앙아케이드 상가 지하1층,공공용시설,지하,1196.0,1196,37.0,30.0,18.81,127.0,7.0,31.67,37.504790348736506,127.1272600829772,967055.535282,1945123.018958,I,2025-12-15 16:14:09,2023-06-21 23:31:47
3230000,3230000-S199100009,서울특별시 송파구 잠실동 175번지 2호,서울특별시 송파구 백제고분로 63 (잠실동),5556.0,1991-01-10,,사용중,위너스빌딩1 지하 1~3층,공공용시설,지하,2736.0,2736,37.0,30.0,39.76,127.0,4.0,44.01,37.51114026398887,127.07876643300594,962772.578479,1945845.582081,I,2026-02-07 22:28:35,2026-02-06 17:58:18
3230000,3230000-S199800002,서울특별시 송파구 거여동 290번지,"서울특별시 송파구 양산로8길 4 (거여동, 거여1단지아파트)",5779.0,1998-01-01,,사용중,거여1단지아파트 102동 지하주차장 1층,공공용시설,지하,5200.0,5200,37.0,29.0,30.57,127.0,8.0,39.38,37.49177715547493,127.1443360637442,968559.338491,1943673.453111,I,2026-02-26 22:28:37,2026-02-25 17:10:39
3230000,3230000-S200000001,서울특별시 송파구 방이동 217번지 2호,서울특별시 송파구 양재대로 지하 1127 (방이동),5647.0,2000-01-01,,사용중,5호선 방이역 승강장 지하1층,공공용시설,지하,4785.0,4785,37.0,30.0,30.8,127.0,7.0,33.08,37.5085564793846,127.125854708625,966932.9826307334,1945541.3391503,I,2026-02-07 22:28:35,2026-02-06 10:33:25
3230000,3230000-S201900004,서울특별시 송파구 방이동 2번지,"서울특별시 송파구 백제고분로 지하 446 (방이동, 송파나루역)",5641.0,2019-06-18,,사용중,송파나루역 지하 대합실 1~2층,공공용시설,지하,7833.0,7833,37.0,30.0,37.45,127.0,6.0,44.12,37.5103804919022,127.11247609480374,965751.407491,1945748.486872,I,2026-02-03 22:28:35,2026-02-02 13:58:35
3230000,3230000-S198300003,서울특별시 송파구 신천동 11-7 교통회관,"서울특별시 송파구 올림픽로 319, 교통회관 (신천동)",5510.0,1983-10-28,,사용중,교통회관(지하2~3층 주차장),공공용시설,지하,4723.89,4723,37.0,30.0,56.58,127.0,6.0,19.72,37.51560152180807,127.10565110626614,965150.653824,1946330.232621,I,2026-02-11 22:28:35,2026-02-10 14:22:30
3230000,3230000-S198800002,서울특별시 송파구 송파동 166 가락삼익맨숀,"서울특별시 송파구 오금로32길 5(송파동, 가락삼익맨숀)",5673.0,1988-07-01,2023-11-02,사용중지,가락삼익아파트 전체 동의 지하1층,공공용시설,지하,9203.0,9203,37.0,30.0,14.77,127.0,7.0,11.86,37.50540067059888,127.12088336203269,966492.202066,1945192.981555,I,2025-12-15 16:14:09,2023-11-02 17:28:50
3230000,3230000-S198000008,서울특별시 송파구 잠실동 33 잠실새내역,"서울특별시 송파구 올림픽로 지하140, 잠실새내역 (잠실동)",5555.0,1980-05-01,,사용중,잠실새내역 2호선 승강장 지하2층,공공용시설,지하,2195.0,2195,37.0,30.0,41.64,127.0,5.0,10.95,37.51143974269157,127.08633706880724,963441.798816,1945875.838951,I,2026-02-11 22:28:35,2026-02-10 14:19:48
3230000,3230000-S200100002,서울특별시 송파구 문정동 19번지,"서울특별시 송파구 송이로32길 37 (문정동, 문정푸르지오아파트)",5797.0,2001-05-23,,사용중,문정푸르지오2차아파트 지하주차장 1층,공공용시설,지하,3960.0,3960,37.0,29.0,12.47,127.0,7.0,37.96,37.486736027740726,127.12696678769116,967021.674275,1943120.117938,I,2026-02-11 22:28:35,2026-02-10 16:28:37
3230000,3230000-S201800001,서울특별시 송파구 문정동 650번지 서울동부지방법원,"서울특별시 송파구 법원로 101, 서울동부지방법원 (문정동)",5856.0,2018-05-23,,사용중,서울동부지방법원 지하주차장 1층,공공용시설,지하,1651.0,1651,37.0,28.0,59.64,127.0,7.0,9.39,37.484113375823554,127.12013463038762,966416.495196,1942831.568215,I,2026-02-11 22:28:35,2026-02-10 14:18:28
3230000,3230000-S200200003,서울특별시 송파구 가락동 165-2 개롱역,"서울특별시 송파구 오금로 지하402, 개롱역 (가락동)",5769.0,2002-09-01,,사용중,개롱역 승강장 지하1~4층,공공용시설,지하,7167.0,7167,37.0,29.0,52.13,127.0,8.0,6.56,37.49793657451479,127.13503158567993,967739.47012,1944359.946678,I,2026-02-11 22:28:35,2026-02-10 14:15:04
3230000,3230000-S201500003,서울특별시 송파구 장지동 901번지,"서울특별시 송파구 위례광장로 121 (장지동, 위례24단지)",5853.0,2015-09-01,,사용중,위례24단지아파트 전체 동의 지하주차장 지하1~2층,공공용시설,지하,63452.0,63452,37.0,28.0,29.22,127.0,8.0,19.54,37.47540571682081,127.1405856787632,968220.87019,1941858.417368,I,2026-02-11 22:28:35,2026-02-10 16:44:22
3230000,3230000-S200200007,서울특별시 송파구 오금동 51번지,"서울특별시 송파구 동남로 263 (오금동, 송파도서관)",5725.0,2002-09-01,,사용중,송파도서관 지하 1층,공공용시설,지하,1908.4,1908,37.0,29.0,59.9,127.0,8.0,5.55,37.49987591781024,127.13501772033376,967739.078868,1944575.108401,I,2026-02-11 22:28:35,2026-02-10 13:25:06
3230000,3230000-S200800010,서울특별시 송파구 잠실동 40번지,"서울특별시 송파구 올림픽로 212 (잠실동, 갤러리아팰리스)",5553.0,2008-07-01,,사용중,갤러리아팰리스아파트 지하주차장 1~5층,공공용시설,지하,3758.0,3758,37.0,30.0,40.1,127.0,5.0,38.15,37.51183457046786,127.09458377199635,964170.807901,1945916.470355,I,2026-02-06 22:28:35,2026-02-05 15:26:27
3230000,3230000-S201900002,서울특별시 송파구 삼전동 180번지 8호,"서울특별시 송파구 백제고분로 지하 274 (삼전동, 석촌고분역)",5585.0,2019-06-18,,사용중,석촌고분역 지하1~2층,공공용시설,지하,6841.0,6841,37.0,30.0,8.96,127.0,5.0,48.89,37.502280903252085,127.09676959947475,964359.442327,1944855.723046,I,2026-02-11 22:28:35,2026-02-10 13:30:32
3230000,3230000-S199300009,서울특별시 송파구 신천동 11번지 6호,"서울특별시 송파구 오금로 62 (신천동, 수협중앙회빌딩)",5510.0,1993-10-13,,사용중,수협중앙회(지하2~4층 주차장),공공용시설,지하,4292.0,4292,37.0,30.0,58.79,127.0,6.0,19.23,37.51651111737733,127.1057791930353,965162.395981,1946431.099018,I,2026-02-11 22:28:35,2026-02-10 14:23:08
3230000,3230000-S201200001,서울특별시 송파구 마천동 582번지,"서울특별시 송파구 성내천로37길 37 (마천동, 송파파크데일1단지)",5748.0,2012-07-01,,사용중,송파파크데일1단지 전체 동의 지하1주차장,공공용시설,지하,3216.0,3216,37.0,29.0,56.34,127.0,9.0,32.46,37.49816690561173,127.15878938930804,969839.584995,1944377.622285,I,2026-02-10 22:28:35,2026-02-09 15:04:07
3230000,3230000-S200800023,서울특별시 송파구 가락동 140번지,"서울특별시 송파구 동남로 193 (가락동, 가락쌍용아파트)",5823.0,2008-09-01,,사용중,가락쌍용1차아파트 지하주차장 지하1~3층,공공용시설,지하,8177.0,8177,37.0,29.0,44.19,127.0,7.0,41.24,37.49484765859103,127.13012490647024,967304.407459,1944018.945618,I,2026-02-26 22:28:37,2026-02-25 16:49:34
3230000,3230000-S199000004,서울특별시 송파구 잠실동 184번지,"서울특별시 송파구 올림픽로 114 (잠실동, 서경빌딩)",5558.0,1990-08-14,,사용중,서경빌딩(하나은행) 지하주차장 2~3층,공공용시설,지하,1017.0,1017,37.0,30.0,41.07,127.0,4.0,59.46,37.51145161762499,127.08331833338312,963175.017286,1945878.333568,I,2026-02-07 22:28:35,2026-02-06 17:58:36
3230000,3230000-S200800021,서울특별시 송파구 가락동 8번지,"서울특별시 송파구 오금로 306 (가락동, 가락스타클래스)",5701.0,2008-09-01,,사용중,가락 스타클래스(지하 1층 주차장),공공용시설,지하,4070.23,4070,37.0,30.0,10.38,127.0,7.0,33.96,37.50295061746527,127.1261141743747,966953.443352,1944919.314812,I,2026-02-10 22:28:35,2026-02-09 14:27:33
3230000,3230000-S198700002,서울특별시 송파구 잠실동 181번지,"서울특별시 송파구 올림픽로 96 (잠실동, 동신빌딩)",5557.0,1987-10-01,2023-11-15,사용중지,동신빌딩(엠타워) 지하주차장 1층,공공용시설,지하,714.0,714,37.0,30.0,41.34,127.0,4.0,52.33,37.51152590593177,127.08130053177942,962996.726332,1945887.367006,I,2025-12-15 16:14:09,2023-11-15 17:22:31
3230000,3230000-S201200002,서울특별시 송파구 마천동 607번지,"서울특별시 송파구 성내천로47길 38 (마천동, 송파파크데일2단지)",5748.0,2012-07-01,,사용중,송파파크데일2단지 전체 동의 지하1층 주차장,공공용시설,지하,3520.0,3520,37.0,29.0,45.24,127.0,9.0,32.11,37.49639863142463,127.15781833281144,969753.037545,1944181.756061,I,2026-02-10 22:28:35,2026-02-09 15:03:38
3230000,3230000-S200300006,서울특별시 송파구 송파동 84번지 7호,"서울특별시 송파구 송파대로 422 (송파동, 영빌딩)",5667.0,2003-07-01,,사용중,영빌딩 지하주차장 1층,공공용시설,지하,696.0,696,37.0,30.0,18.01,127.0,6.0,28.75,37.50476563979635,127.107996613261,965352.92322,1945127.195604,I,2026-02-11 22:28:35,2026-02-10 13:26:33
3230000,3230000-S202200001,서울특별시 송파구 잠실동 230-4,"서울특별시 송파구 백제고분로 145, 잠실본동 복합청사 지하 2층 (잠실동)",5568.0,2022-04-26,2023-06-18,사용중지,잠실본동 복합청사 지하2층,공공용시설,지하,353.0,353,37.0,30.0,21.87,127.0,4.0,59.56,37.50595887143404,127.08316234671486,963158.532164,1945269.009742,I,2025-12-15 16:14:09,2023-06-18 16:51:30
3230000,3230000-S199700013,서울특별시 송파구 장지동 201번지 5호,"서울특별시 송파구 송파대로 지하 82 (장지동, 장지역)",5816.0,1997-01-01,,사용중,8호선 장지역 승강장 지하1층,공공용시설,지하,5363.0,5363,37.0,28.0,40.51,127.0,7.0,35.81,37.47818662054744,127.12653463355332,966979.706958,1942171.773127,I,2026-02-11 22:28:35,2026-02-10 16:43:28
3230000,3230000-S201500001,서울특별시 송파구 장지동 878번지,"서울특별시 송파구 위례광장로 185 (장지동, 위례신도시송파푸르지오)",5848.0,2015-09-01,,사용중,위례송파푸르지오 전체 동의 지하주차장 지하1~2층,공공용시설,지하,43946.0,43946,37.0,28.0,50.37,127.0,8.0,29.64,37.48151690314383,127.14173073489684,968324.695089,1942536.023719,I,2026-02-11 22:28:35,2026-02-10 16:43:54
3230000,3230000-S198400001,서울특별시 송파구 송파동 151번지,"서울특별시 송파구 가락로 192 (송파동, 2차한양아파트)",5670.0,1985-01-01,2023-11-02,사용중지,한양2차아파트 지하1층,공공용시설,지하,8250.0,8250,37.0,30.0,16.39,127.0,6.0,56.94,37.50559044608359,127.1154945526353,966016.002375,1945215.968307,I,2025-12-15 16:14:09,2023-11-02 17:28:33
3230000,3230000-S198900010,서울특별시 송파구 방이동 89번지 10호,"서울특별시 송파구 양재대로 1232 (방이동, 오륜동주민센터)",5649.0,1989-01-01,2023-06-14,사용중지,오륜동주민센터 지하1층,공공용시설,지하,228.52,228,37.0,30.0,56.01,127.0,8.0,3.39,37.515481181567175,127.13419299896864,967672.911421,1946306.692076,I,2025-12-15 16:14:09,2023-06-14 22:13:07
3230000,3230000-S199200006,서울특별시 송파구 방이동 154번지,"서울특별시 송파구 백제고분로50길 12 (방이동, 해동빌딩)",5630.0,1992-01-01,2023-12-13,사용중지,해동빌딩  지하주차장 1층,공공용시설,지하,400.0,400,37.0,30.0,50.31,127.0,6.0,57.64,37.51402449764274,127.11604005337324,966068.034054,1946151.474457,I,2025-12-15 16:14:09,2023-12-13 16:45:22
3230000,3230000-S200400008,서울특별시 송파구 방이동 89번지,"서울특별시 송파구 양재대로 1218 (방이동, 올림픽선수기자촌아파트)",5649.0,2004-07-01,,사용중,올림픽 선수 기자촌 아파트 각 동 지하1층 주차장,공공용시설,지하,21938.0,21938,37.0,30.0,37.81,127.0,7.0,59.58,37.51554730184068,127.13089545664872,967381.528812,1946315.165831,I,2026-02-09 22:28:35,2026-02-08 16:27:56
3230000,3230000-S199700003,서울특별시 송파구 마천동 304번지,"서울특별시 송파구 마천로57길 16 (마천동, 마천금호아파트)",5759.0,1997-01-01,,사용중,마천금호아파트 101동 지하1층 주차장,공공용시설,지하,1357.0,1357,37.0,29.0,40.69,127.0,9.0,12.32,37.49488373946241,127.1531808821767,969342.492058,1944015.189603,I,2026-02-10 22:28:35,2026-02-09 15:01:36
3230000,3230000-S199200009,서울특별시 송파구 장지동 848번지,"서울특별시 송파구 충민로6길 17 (장지동, 아이코리아)",5792.0,1992-01-01,,사용중,아이코리아 지하 1층~2층 주차장,공공용시설,지하,5112.0,5112,37.0,28.0,52.34,127.0,7.0,59.81,37.4811767944766,127.13268258600232,967524.580046,1942501.373414,I,2026-02-11 22:28:35,2026-02-10 16:43:09
3230000,3230000-S199500013,서울특별시 송파구 방이동 89번지 28호,"서울특별시 송파구 양재대로 지하 1233 (방이동, 올림픽공원역)",5540.0,1995-12-01,,사용중,"5호선,9호선 올림픽공원역 승강장 지하1~2층",공공용시설,지하,16989.0,16989,37.0,31.0,0.42,127.0,7.0,52.37,37.51666776222158,127.13084043255314,967377.153966,1946439.492757,I,2026-02-09 22:28:35,2026-02-08 16:25:43
3230000,3230000-S201100001,서울특별시 송파구 문정동 38번지 3호,서울특별시 송파구 문정로 지하 12 (문정동),5807.0,2011-01-01,,사용중,문정근린공원 공영주차장 지하1층,공공용시설,지하,9835.0,9835,37.0,29.0,9.5,127.0,7.0,28.56,37.48600883598334,127.12395406820671,966755.008945,1943040.500687,I,2026-02-11 22:28:35,2026-02-10 16:33:01
3230000,3230000-S198900001,서울특별시 송파구 거여동 258번지 7호,"서울특별시 송파구 오금로68길 33 (거여동, 보화아파트)",5777.0,1989-01-01,2023-06-21,사용중지,보화2차아파트 지하주차장 1층,공공용시설,지하,920.0,920,37.0,29.0,25.2,127.0,8.0,55.74,37.49049290256973,127.14895373186616,968967.009982,1943529.441942,I,2025-12-15 16:14:09,2023-06-21 23:25:21
3230000,3230000-S200900004,서울특별시 송파구 방이동 200번지,"서울특별시 송파구 위례성대로16길 22 (방이동, 방이1동주민센터)",5640.0,2009-12-01,2023-06-14,사용중지,방이1동주민센터 지하1층,공공용시설,지하,315.0,315,37.0,30.0,39.57,127.0,7.0,26.09,37.51094996813892,127.1239565671816,966766.285178,1945807.549771,I,2025-12-15 16:14:09,2023-06-14 22:14:42
3230000,3230000-S198800013,서울특별시 송파구 신천동 29번지 5호,"서울특별시 송파구 올림픽로 326 (신천동, 송파구청)",5552.0,1993-01-15,,사용중,"송파구청(지하1층,지하1~2주차장)",공공용시설,지하,4425.0,4425,37.0,30.0,52.96,127.0,6.0,21.76,37.51488131416169,127.10663232630684,965237.03235,1946249.967183,I,2026-02-11 22:28:35,2026-02-10 14:22:54
3230000,3230000-S198500001,서울특별시 송파구 송파동 161번지,"서울특별시 송파구 오금로32길 10 (송파동, 미성맨션)",5672.0,1986-01-01,2023-11-02,사용중지,미성아파트 지하 1층,공공용시설,지하,3501.0,3501,37.0,30.0,21.68,127.0,7.0,8.48,37.50525364288145,127.12045659369235,966454.416694,1945176.821847,I,2025-12-15 16:14:09,2023-11-02 17:28:42
3230000,3230000-S199300001,서울특별시 송파구 거여동 195번지 1호,"서울특별시 송파구 거마로2길 19 (거여동, 거여2동주민센터)",5768.0,1993-01-01,2023-06-14,사용중지,거여2동주민센터 지하주차장 1층,공공용시설,지하,400.0,400,37.0,29.0,36.88,127.0,8.0,48.52,37.49349069495139,127.1468764980214,968784.626556,1943862.712949,I,2025-12-15 16:14:09,2023-06-14 22:15:38
3230000,3230000-S201500002,서울특별시 송파구 장지동 879번지,"서울특별시 송파구 위례광장로 163 (장지동, 위례22단지)",5848.0,2015-09-01,,사용중,송파더센트레 전체 동의 지하주차장 지하1~2층,공공용시설,지하,35673.0,35673,37.0,28.0,46.84,127.0,8.0,21.72,37.4790374464892,127.14156437197722,968308.939425,1942261.001736,I,2026-02-11 22:28:35,2026-02-10 16:44:07
3230000,3230000-S198800015,서울특별시 송파구 가락동 70-20 가락대림아파트,"서울특별시 송파구 송이로 88, 지하층 (가락동, 가락대림아파트)",5707.0,1988-11-18,2023-07-10,사용중지,"대림아파트 1,2동 지하1층 공간",공공용시설,지하,1057.0,1057,37.0,29.0,53.55,127.0,7.0,13.23,37.498297019644745,127.12025634274065,966433.603493,1944405.102424,I,2025-12-15 16:14:09,2023-07-10 15:05:56
3230000,3230000-S200100003,서울특별시 송파구 마천동 20번지,"서울특별시 송파구 성내천로21길 12 (마천동, 신동아아파트)",5733.0,2001-06-01,,사용중,신동아아파트 101~102동 지하주차장 1층,공공용시설,지하,3214.0,3214,37.0,30.0,1.54,127.0,8.0,41.21,37.5003612528377,127.14467980129967,968593.320024,1944625.684955,I,2026-02-07 22:28:35,2026-02-06 15:53:02
3230000,3230000-S201100007,서울특별시 송파구 삼전동 1번지 1호,"서울특별시 송파구 석촌호수로 130 (삼전동, 신원빌딩)",5599.0,2011-06-01,2023-06-14,사용중지,"신원빌딩(지하1층, 주차장)",공공용시설,지하,398.0,398,37.0,30.0,25.94,127.0,5.0,29.12,37.50727755147184,127.09140995093392,963888.12074,1945412.111747,I,2025-12-15 16:14:09,2023-06-21 17:50:43
3230000,3230000-S199900001,서울특별시 송파구 문정동 18번지,"서울특별시 송파구 문정로 55 (문정동, 문정푸르지오아파트)",5797.0,1999-10-20,,사용중,"문정푸르지오1차아파트 지하주차장 1층, 2층",공공용시설,지하,7930.0,7930,37.0,29.0,12.79,127.0,7.0,41.57,37.487006848276685,127.1286996864865,967174.991761,1943149.557972,I,2026-02-11 22:28:35,2026-02-10 16:25:02
3230000,3230000-S202300002,서울특별시 송파구 거여동 696 e편한세상 송파 파크센트럴,"서울특별시 송파구 오금로 551 (거여동, e편한세상 송파 파크센트럴)",5764.0,2023-06-26,,사용중,e편한세상 송파파크센트럴 지하주차장 지하1층,공공용시설,지하,18467.0,18467,37.0,29.0,34.94,127.0,8.0,59.88,37.49303855436446,127.14996675835746,969057.613422,1943811.530794,I,2026-02-12 22:28:35,2026-02-11 10:46:25
3230000,3230000-S202300001,서울특별시 송파구 거여동 697 송파시그니처롯데캐슬,"서울특별시 송파구 거마로 56 (거여동, 송파시그니처롯데캐슬)",5767.0,2023-06-26,,사용중,송파시그니처롯데캐슬 지하주차장 지하1층,공공용시설,지하,20653.0,20653,37.0,29.0,50.16,127.0,8.0,47.91,37.49726636413188,127.14664243039374,968765.507911,1944281.675065,I,2026-02-11 22:28:35,2026-02-10 13:14:04
3230000,3230000-S199500001,서울특별시 송파구 풍납동 388번지 1호,"서울특별시 송파구 올림픽로43길 88 (풍납동, 서울아산병원)",5505.0,1995-05-01,,사용중,서울아산병원 지하주차장 동관(신관포함) 2~5층,공공용시설,지하,61343.0,61343,37.0,31.0,29.56,127.0,6.0,28.39,37.524832167197104,127.10886554245444,965438.978556,1947353.12874,I,2026-02-26 22:28:37,2026-02-25 17:21:54
3230000,3230000-S199700012,서울특별시 송파구 가락동 95번지 1호,"서울특별시 송파구 송파대로32길 15 (가락동, 가락금호아파트)",5710.0,1997-08-11,,사용중,가락금호아파트(지하1층 주차장),공공용시설,지하,2237.1,2237,37.0,29.0,45.32,127.0,7.0,0.65,37.49615622477037,127.11695803601587,966141.091054,1944168.777099,I,2026-02-10 22:28:35,2026-02-09 14:17:18
3230000,3230000-S198900009,서울특별시 송파구 문정동 145번지,"서울특별시 송파구 송이로31길 56 (문정동, 문정시영아파트)",5786.0,1989-03-01,2023-06-15,사용중지,문정시영아파트 5동 지하 1층,공공용시설,지하,7920.0,7920,37.0,29.0,29.91,127.0,8.0,8.69,37.49167380159847,127.13578621242604,967803.485369,1943664.87666,I,2025-12-15 16:14:09,2023-06-16 17:23:07
3230000,3230000-S200800029,서울특별시 송파구 마천동 184번지 46호,"서울특별시 송파구 마천로61바길 31-1 (마천동, 마천중앙교회)",5758.0,2008-09-01,,사용중,세계로교회 지하1~2층 주차장,공공용시설,지하,2968.0,2968,37.0,29.0,46.67,127.0,9.0,7.78,37.496257082119314,127.15232101440525,969267.045518,1944167.832891,I,2026-02-10 22:28:35,2026-02-09 15:04:40
3230000,3230000-S199700011,서울특별시 송파구 가락동 120번지 4호,"서울특별시 송파구 중대로12길 35 (가락동, 가락우성2차아파트)",5832.0,2000-06-14,,사용중,가락우성2차아파트(지하1층 주차장),공공용시설,지하,2723.07,2723,37.0,29.0,31.23,127.0,7.0,31.71,37.49189989668099,127.12527526881996,966874.41393,1943693.607239,U,2026-04-08 03:03:03,2026-04-07 10:50:37
3230000,3230000-S200400003,서울특별시 송파구 송파동 33번지,"서울특별시 송파구 송파대로48길 29 (송파동, 호수임광아파트)",5623.0,2004-07-01,,사용중,호수임광아파트 전체 동의 지하주차장 1~2층,공공용시설,지하,2343.0,2343,37.0,30.0,36.46,127.0,6.0,25.58,37.51010786650031,127.10709340984684,965275.568263,1945720.213651,I,2026-02-11 22:28:35,2026-02-10 13:26:46
3230000,3230000-S201900005,서울특별시 송파구 가락동 913 헬리오시티,"서울특별시 송파구 송파대로 345 (가락동, 헬리오시티)",5698.0,2019-09-23,,사용중,헬리오시티 전체 동의 지하주차장 2층 ~ 3층,공공용시설,지하,327436.86,327436,37.0,29.0,56.68,127.0,6.0,44.26,37.4990769511333,127.112295606505,965730.2897525572,1944494.4993890468,I,2026-02-07 22:28:35,2026-02-06 17:13:19
3230000,3230000-S199700015,서울특별시 송파구 신천동 7번지 4호,서울특별시 송파구 올림픽로 305 (신천동),5551.0,1997-05-01,,사용중,잠실역 공영주차장(지하1~2층),공공용시설,지하,4508.0,4508,37.0,30.0,53.93,127.0,6.0,15.18,37.514959783749816,127.10430724664523,965031.594521,1946259.534504,I,2026-02-11 22:28:35,2026-02-10 14:24:30
3230000,3230000-S199600012,서울특별시 송파구 문정동 72번지 3호,"서울특별시 송파구 새말로8길 12 (문정동, 건영아파트)",5817.0,1996-10-10,,사용중,건영아파트 전체 동의 지하 1층 주차장,공공용시설,지하,2158.0,2158,37.0,28.0,55.8,127.0,7.0,32.67,37.48167505858145,127.1264710143548,966975.617264,1942558.812808,I,2025-12-15 16:14:09,2025-04-22 10:37:46
3230000,3230000-S198100002,서울특별시 송파구 잠실동 187번지,"서울특별시 송파구 올림픽로12길 9 (잠실동, 잠실천주교회)",5559.0,1981-01-06,2023-11-15,사용중지,잠실성당 지하강의실 1층,공공용시설,지하,876.0,876,37.0,30.0,38.63,127.0,4.0,58.93,37.51073001801758,127.0830360581581,963149.715833,1945798.387209,I,2025-12-15 16:14:09,2023-11-15 17:21:40
3230000,3230000-S199800003,서울특별시 송파구 거여동 291번지,서울특별시 송파구 양산로8길 24 (거여동),5778.0,1998-01-01,,사용중,거여2단지아파트 201동 지하주차장 1층,공공용시설,지하,3200.0,3200,37.0,29.0,25.49,127.0,8.0,46.72,37.49120825907474,127.14636050728946,968738.062619,1943609.663785,I,2026-02-26 22:28:37,2026-02-25 17:10:54
3230000,3230000-S199300016,서울특별시 송파구 문정동 62번지 5호,"서울특별시 송파구 송파대로20길 28 (문정동, 문정현대아파트)",5807.0,1993-09-28,,사용중,"문정현대1차아파트 지하주차장 1층, 2층",공공용시설,지하,2970.0,2970,37.0,29.0,8.46,127.0,7.0,33.0,37.485738505150856,127.12586543258853,966923.867867,1943009.836152,I,2026-02-11 22:28:35,2026-02-10 16:13:55
3230000,3230000-S199000011,서울특별시 송파구 문정동 104번지,"서울특별시 송파구 송이로34길 26 (문정동, 현대아파트)",5801.0,1990-01-01,2023-06-15,사용중지,장지동 현대아파트 101동 지하1층,공공용시설,지하,713.0,713,37.0,29.0,7.99,127.0,7.0,47.55,37.48576784708819,127.13040915515246,967325.579207,1943011.504815,I,2025-12-15 16:14:09,2023-06-15 12:56:09
3230000,3230000-S199800006,서울특별시 송파구 거여동 295번지,서울특별시 송파구 양산로2길 38 (거여동),5789.0,1998-01-01,,사용중,거여6단지아파트 603동 지하주차장 1층,공공용시설,지하,2614.0,2614,37.0,29.0,18.93,127.0,8.0,48.18,37.48876037606338,127.1460833496877,968712.540651,1943338.18036,I,2026-02-26 22:28:37,2026-02-25 17:11:44
3230000,3230000-S199500012,서울특별시 송파구 석촌동 174-1 두암빌딩,"서울특별시 송파구 백제고분로 359, 두암빌딩 (석촌동)",5616.0,1995-05-16,,사용중,"두암빌딩 지하주차장 2, 3층",공공용시설,지하,1352.0,1352,37.0,30.0,18.34,127.0,6.0,21.27,37.505018547651176,127.10595813080454,965172.869435,1945156.006523,I,2026-02-11 22:28:35,2026-02-10 13:29:28
3230000,3230000-S201000002,서울특별시 송파구 삼전동 172번지,"서울특별시 송파구 백제고분로32길 35 (삼전동, 삼전종합사회복지관)",5598.0,2010-12-01,2023-06-14,사용중지,"삼전종합사회복지관(지하1층, 강당)",공공용시설,지하,407.0,407,37.0,29.0,57.21,127.0,5.0,42.03,37.49923389065864,127.094906859776,964193.343542,1944518.384224,I,2025-12-15 16:14:09,2023-06-21 17:48:08
3230000,3230000-S200200004,서울특별시 송파구 오금동 162번지,"서울특별시 송파구 오금로49길 18 (오금동, 보인중고등학교)",5742.0,2002-09-01,,사용중,보인고등학교 본관 지하 1층,공공용시설,지하,549.88,549,37.0,29.0,51.91,127.0,8.0,18.12,37.49828766032308,127.13766236235494,967972.162236,1944397.998796,I,2026-02-11 22:28:35,2026-02-10 13:24:53
3230000,3230000-S199800004,서울특별시 송파구 거여동 293번지,서울특별시 송파구 양산로4길 8 (거여동),5787.0,1998-01-01,,사용중,거여4단지아파트404동앞 지하주차장(1층),공공용시설,지하,7032.0,7032,37.0,29.0,21.61,127.0,8.0,37.77,37.48988488291307,127.14399558096888,968528.445818,1943463.632434,I,2026-02-26 22:28:37,2026-02-25 17:11:11
3230000,3230000-S199300017,서울특별시 송파구 석촌동 174-2 태문빌딩,"서울특별시 송파구 백제고분로 365, 태문빌딩 (석촌동)",5616.0,1993-09-28,,사용중,"태문빌딩 지하주차장 3, 4층",공공용시설,지하,2247.0,2247,37.0,30.0,18.92,127.0,6.0,22.63,37.50522539771184,127.10641683315336,965213.507685,1945178.785517,I,2026-02-13 22:28:35,2026-02-12 14:29:33
3230000,3230000-S198800011,서울특별시 송파구 잠실동 40번지 1호,"서울특별시 송파구 올림픽로 240 (잠실동, 롯데월드)",5554.0,1988-01-01,,사용중,롯데월드 지하주차장 2~4층,공공용시설,지하,14341.0,14341,37.0,30.0,40.81,127.0,5.0,53.64,37.51232891779487,127.09761630336912,964439.047547,1945970.164575,I,2026-02-06 22:28:35,2026-02-05 15:25:29
3230000,3230000-S199400003,서울특별시 송파구 삼전동 62번지 2호,"서울특별시 송파구 백제고분로 242 (삼전동, 송파구의회및구민회관)",5584.0,1994-10-01,2023-06-14,사용중지,"송파구의회,구민회관(지하1층, 주차장)",공공용시설,지하,3137.94,3137,37.0,30.0,7.59,127.0,5.0,35.69,37.5026475258534,127.0931824602059,964042.558219,1944897.76192,I,2025-12-15 16:14:09,2023-06-21 17:46:15
3230000,3230000-S200800020,서울특별시 송파구 가락동 99번지 7호,"서울특별시 송파구 중대로 105 (가락동, 가락 ID TOWER)",5719.0,2008-09-01,,사용중,가락 ID 타워(지하 1층 주차장),공공용시설,지하,4621.71,4621,37.0,29.0,36.79,127.0,7.0,12.17,37.49347602640178,127.12009666361142,966417.3303,1943870.302953,I,2026-02-10 22:28:35,2026-02-09 14:27:14
3230000,3230000-S199300013,서울특별시 송파구 가락동 102번지,"서울특별시 송파구 송파대로 220 (가락동, 가락한신아파트)",5831.0,1993-04-29,,사용중,가락한신아파트(지하1층 주차장),공공용시설,지하,2767.6,2767,37.0,29.0,23.48,127.0,7.0,17.73,37.489788933651575,127.12120225404853,966513.416544,1943460.85152,I,2026-02-10 22:28:35,2026-02-09 14:16:37
3230000,3230000-S199800005,서울특별시 송파구 거여동 294번지,서울특별시 송파구 양산로4길 16 (거여동),5788.0,1998-01-01,,사용중,거여5단지아파트 504동 지하주차장 1층,공공용시설,지하,2396.0,2396,37.0,29.0,20.48,127.0,8.0,43.4,37.488964168282166,127.14476035909308,968595.668618,1943361.230191,I,2026-02-26 22:28:37,2026-02-25 17:11:28
3230000,3230000-S199100010,서울특별시 송파구 잠실동 181번지 4호,"서울특별시 송파구 올림픽로 102 (잠실동, 서일빌딩)",5557.0,1991-05-22,,사용중,서일빌딩(국민은행) 지하주차장 2~3층,공공용시설,지하,986.0,986,37.0,30.0,41.12,127.0,4.0,55.06,37.511497620342055,127.08201406386708,963059.772289,1945883.94853,I,2026-02-07 22:28:35,2026-02-06 17:59:39
3230000,3230000-S198600002,서울특별시 송파구 잠실동 86번지,"서울특별시 송파구 올림픽로4길 15 (잠실동, 아시아선수촌아파트)",5572.0,1986-07-01,2023-06-21,사용중지,아시아선수촌아파트 동별 지하 1층,공공용시설,지하,8625.0,8625,37.0,30.0,28.48,127.0,4.0,43.09,37.50933892612884,127.0743399761037,962380.474917,1945647.495627,I,2025-12-15 16:14:09,2023-06-21 23:29:40
3230000,3230000-S200900005,서울특별시 송파구 송파동 113번지 1호,"서울특별시 송파구 백제고분로 392 (송파동, 송파1동주민센터)",5666.0,2009-12-01,2023-06-12,사용중지,송파1동주민센터 지하 다목적실(지하1층),공공용시설,지하,403.0,403,37.0,30.0,22.6,127.0,6.0,33.47,37.506266159375805,127.10921886991568,965461.643662,1945293.219083,I,2025-12-15 16:14:09,2023-06-12 14:18:43
3230000,3230000-S199100001,서울특별시 송파구 마천동 128번지 10호,"서울특별시 송파구 마천로 303 (마천동, 마천1동주민센터)",5757.0,1991-01-01,2023-06-14,사용중지,마천1동주민센터 지하1층,공공용시설,지하,255.6,255,37.0,29.0,45.68,127.0,8.0,59.79,37.49593664293709,127.1498362985344,969047.277017,1944133.096559,I,2025-12-15 16:14:09,2023-06-14 22:15:59
3230000,3230000-S200800015,서울특별시 송파구 석촌동 285 잠실한솔아파트,"서울특별시 송파구 백제고분로 348(석촌동, 잠실한솔아파트)",5684.0,2008-10-01,,사용중,"잠실한솔아파트 101동~107동 지하주차장 1, 2층",공공용시설,지하,15269.0,15269,37.0,30.0,14.58,127.0,6.0,17.68,37.5040504814434,127.10491137954436,965079.901736,1945048.993851,I,2026-02-11 22:28:35,2026-02-10 13:30:03
3230000,3230000-S199900005,서울특별시 송파구 가락동 21번지 6호,"서울특별시 송파구 송이로15길 33 (가락동, 가락2차쌍용아파트)",5705.0,1999-10-27,,사용중,가락2차 쌍용아파트(지하1층 주차장),공공용시설,지하,7069.44,7069,37.0,30.0,4.17,127.0,7.0,21.54,37.50106760015721,127.12265625527664,966646.970325,1944711.626491,I,2026-02-10 22:28:35,2026-02-09 14:26:36
3230000,3230000-S200800012,서울특별시 송파구 방이동 193번지 37호,"서울특별시 송파구 위례성대로14길 11 (방이동, 옥산크리스탈아파트)",5637.0,2008-10-01,,사용중,옥산크리스탈아파트 전체 동의 지하주차장 1층,공공용시설,지하,2343.0,2343,37.0,30.0,43.74,127.0,7.0,24.69,37.51216416800944,127.12342037189386,966719.436622,1945942.446855,I,2026-02-07 22:28:35,2026-02-06 11:02:24
3230000,3230000-S199500004,서울특별시 송파구 풍납동 506번지,서울특별시 송파구 한가람로 448 (풍납동),5516.0,1995-01-01,,사용중,동아한가람아파트  전체 동의 지하주차장 지하1층,공공용시설,지하,3097.0,3097,37.0,32.0,14.54,127.0,6.0,55.72,37.5371711950508,127.11521566081484,966005.684068,1948719.754101,I,2026-02-07 22:28:35,2026-02-06 17:28:29
3230000,3230000-S198000010,서울특별시 송파구 신천동 8 잠실역2호선,"서울특별시 송파구 올림픽로 지하265, 잠실역2호선 (신천동)",5510.0,1980-10-01,,사용중,잠실(송파구청)역 2호선 승강장 지하2층,공공용시설,지하,4752.0,4752,37.0,30.0,49.89,127.0,6.0,6.69,37.5138592653787,127.101857777205,964814.6109134,1946138.35222413,U,2026-03-24 03:03:03,2026-03-23 14:13:32
3230000,3230000-S201800002,서울특별시 송파구 장지동 882번지,"서울특별시 송파구 위례광장로 210 (장지동, 위례동주민센터/송파위례도서관)",5849.0,2018-11-22,2023-06-14,사용중지,위례동주민센터 지하주차장 1층,공공용시설,지하,394.0,394,37.0,28.0,52.13,127.0,8.0,38.17,37.48126942423418,127.14395619604646,968521.349421,1942507.821359,I,2025-12-15 16:14:09,2023-06-14 22:14:18
3230000,3230000-S200200015,서울특별시 송파구 방이동 171번지,"서울특별시 송파구 위례성대로 58 (방이동, 올림픽베어스타운)",5628.0,2002-03-01,,사용중,올림픽베어스타운  지하주차장 1층,공공용시설,지하,4374.35,4374,37.0,30.0,53.29,127.0,7.0,7.96,37.514879966813936,127.11847982881076,966284.031757,1946245.506151,I,2026-02-04 22:28:35,2026-02-03 09:23:56
3230000,3230000-S199200004,서울특별시 송파구 방이동 180번지 8호,서울특별시 송파구 위례성대로 38 (방이동),5627.0,1994-08-01,,사용중,해태그린피아 빌라트  지하주차장 1층,공공용시설,지하,1116.0,1116,37.0,30.0,56.48,127.0,6.0,59.39,37.5157419632979,127.11652635759005,966111.787342,1946341.840957,I,2026-02-04 22:28:35,2026-02-03 09:22:04
3230000,3230000-S200200016,서울특별시 송파구 마천동 575번지,"서울특별시 송파구 성내천로 245 (마천동, 마천금호어울림1차아파트)",5747.0,2002-03-26,,사용중,마천금호어울림1차아파트 지하주차장 1층,공공용시설,지하,9309.0,9309,37.0,29.0,55.11,127.0,9.0,16.0,37.498641994649375,127.15446098535004,969457.179402,1944431.725957,I,2026-02-07 22:28:35,2026-02-06 15:53:23
3230000,3230000-S198100003,서울특별시 송파구 잠실동 230-2,서울특별시 송파구 백제고분로 157(잠실동),5568.0,1981-12-01,2023-07-20,사용중지,잠실종합시장 지하주차장 1층,공공용시설,지하,1478.0,1478,37.0,30.0,20.66,127.0,5.0,3.6,37.50571357160465,127.08452388365568,963278.749627,1945241.263148,I,2025-12-15 16:14:09,2023-07-20 08:49:58
3230000,3230000-S199500005,서울특별시 송파구 풍납동 506번지,"서울특별시 송파구 한가람로16길 7 (풍납동, 동아한가람아파트)",5516.0,1995-01-01,2023-11-09,사용중지,동아한가람아파트 상가 지하 1층,공공용시설,지하,827.0,827,37.0,32.0,13.99,127.0,6.0,57.53,37.53705505447065,127.115524878093,966032.949731,1948706.757265,I,2025-12-15 16:14:09,2023-11-13 15:03:36
3230000,3230000-S198800010,서울특별시 송파구 가락동 70번지 20호,"서울특별시 송파구 송이로 88 (가락동, 가락대림아파트)",5707.0,1988-11-18,,사용중,가락대림아파트(2동 지하1층 주차장),공공용시설,지하,1031.76,1031,37.0,29.0,58.65,127.0,7.0,8.18,37.498297019644745,127.12025634274065,966433.603493,1944405.102424,I,2026-02-10 22:28:35,2026-02-09 14:25:28
3230000,3230000-S200400006,서울특별시 송파구 송파동 113번지 2호,"서울특별시 송파구 백제고분로42길 5 (송파동, 송파여성문화회관)",5666.0,2004-07-01,,사용중,송파여성문화회관 지하주차장 1~2층,공공용시설,지하,10926.0,10926,37.0,30.0,21.44,127.0,6.0,34.93,37.505975794566105,127.10948577044655,965485.099509,1945260.907089,I,2026-02-11 22:28:35,2026-02-10 13:27:11
3230000,3230000-S200400004,서울특별시 송파구 송파동 20번지,서울특별시 송파구 백제고분로 393 (송파동),5621.0,2004-07-01,,사용중,황제빌딩 지하주차장 1층,공공용시설,지하,548.0,548,37.0,30.0,24.28,127.0,6.0,32.19,37.50666048523157,127.10897663609016,965440.416039,1945337.055883,I,2026-02-11 22:28:35,2026-02-10 13:26:58
3230000,3230000-S199700002,서울특별시 송파구 마천동 181번지,"서울특별시 송파구 마천로 315 (마천동, 현대그린빌)",5758.0,1997-01-01,,사용중,현대그린빌아파트 지하2~4층,공공용시설,지하,7348.0,7348,37.0,29.0,42.59,127.0,9.0,3.61,37.49521880652184,127.15075351837734,969128.059444,1944053.156336,I,2026-02-10 22:28:35,2026-02-09 14:59:27
3230000,3230000-S198800008,서울특별시 송파구 송파동 173번지,"서울특별시 송파구 송이로 32 (송파동, 송파2동주민센터)",5674.0,1988-01-01,2023-06-14,사용중지,송파2동주민센터 지하1층 헬스장 및 서고,공공용시설,지하,211.0,211,37.0,30.0,8.29,127.0,7.0,0.41,37.50235794324091,127.11674136423508,966124.740071,1944856.894033,I,2025-12-15 16:14:09,2023-06-14 17:50:09
3230000,3230000-S201100005,서울특별시 송파구 삼전동 111번지 5호,"서울특별시 송파구 석촌호수로 166 (삼전동, 산림조합중앙회)",5601.0,2011-06-01,2023-06-14,사용중지,"산림조합중앙회(지하1~2층, 주차장)",공공용시설,지하,1236.12,1236,37.0,30.0,23.76,127.0,5.0,43.3,37.50668794683193,127.09530017528355,964231.665528,1945345.213155,I,2025-12-15 16:14:09,2023-06-21 17:48:55
3230000,3230000-S199300002,서울특별시 송파구 거여동 44번지,"서울특별시 송파구 오금로61길 20 (거여동, 현대아파트)",5768.0,1993-01-01,,사용중,현대2차아파트 201동 지하주차장 1층,공공용시설,지하,1400.0,1400,37.0,29.0,41.11,127.0,8.0,47.66,37.4944312525315,127.14716730517569,968810.724514,1943966.964906,I,2026-02-26 22:28:37,2026-02-25 17:10:25
3230000,3230000-S199500010,서울특별시 송파구 문정동 114번지 4호,"서울특별시 송파구 새말로19길 6 (문정동, 장지동주민센터)",5800.0,1995-07-01,2023-06-14,사용중지,장지동주민센터 지하1층 식당,공공용시설,지하,330.0,330,37.0,29.0,12.96,127.0,7.0,56.53,37.48692844784713,127.13231797564248,967494.835788,1943139.604569,I,2025-12-15 16:14:09,2023-06-14 22:14:01
3230000,3230000-S198400009,서울특별시 송파구 신천동 7번지 16호,"서울특별시 송파구 올림픽로35다길 13 (신천동, 국민연금공단)",5510.0,1985-04-01,,사용중,국민연금공단(지하1층 주차장),공공용시설,지하,1791.4,1791,37.0,30.0,56.73,127.0,6.0,2.66,37.51561419910374,127.1007524147546,964717.751483,1946333.464878,I,2026-02-11 22:28:35,2026-02-10 14:22:41
3230000,3230000-S200800028,서울특별시 송파구 문정동 150번지 2호,"서울특별시 송파구 중대로 80 (문정동, 문정프라자)",5833.0,2008-09-01,,사용중,문정프라자 지하주차장 3~6층,공공용시설,지하,31340.0,31340,37.0,29.0,30.66,127.0,7.0,3.85,37.49203205281911,127.11768001389586,966203.051985,1943710.968893,I,2026-02-07 22:28:35,2026-02-06 17:15:19
3230000,3230000-S200000005,서울특별시 송파구 거여동 46 현대3차아파트,"서울특별시 송파구 거마로 41(거여동, 현대3차아파트)",5735.0,2000-01-01,,사용중,거여1동 현대3차아파트 전체 동의 지하주차장 지하1층,공공용시설,지하,848.0,848,37.0,29.0,48.69,127.0,8.0,44.41,37.49671910519762,127.1457586343564,968687.157373,1944221.254093,I,2026-02-26 22:28:37,2026-02-25 16:55:20
3230000,3230000-S200800002,서울특별시 송파구 풍납동 509번지,"서울특별시 송파구 한가람로 478 (풍납동, 씨티극동아파트)",5514.0,2008-09-01,,사용중,씨티극동아파트 전체 동의 지하주차장 지하1층,공공용시설,지하,6569.0,6569,37.0,32.0,20.98,127.0,7.0,3.13,37.53942130250735,127.11736715316545,966196.777213,1948968.614452,I,2026-02-07 22:28:35,2026-02-06 11:52:55
3230000,3230000-S202500003,서울특별시 송파구 풍납동 299-1 현대아파트,"서울특별시 송파구 한가람로 402, 현대아파트 (풍납동, 현대아파트)",5525.0,2025-12-09,,사용중,강변현대아파트 지하주차장,공공용시설,지하,511.25,511,37.0,32.0,2.03,127.0,6.0,41.37,37.5338975804127,127.111492583217,965675.2617944,1948357.9186707663,I,2026-02-11 22:28:35,2026-02-10 13:07:51
3230000,3230000-S202500002,서울특별시 송파구 풍납동 508 한강극동아파트,"서울특별시 송파구 토성로 38-6 (풍납동, 한강극동아파트)",5536.0,2025-12-09,,사용중,한강극동아파트 지하주차장,공공용시설,지하,5670.62,5670,37.0,31.0,46.93,127.0,6.0,51.38,37.5297037628935,127.114271631161,965918.8841524334,1947891.629535852,I,2026-02-11 22:28:35,2026-02-10 13:07:34
3230000,3230000-S201900006,서울특별시 송파구 삼전동 157-1 석촌고분역,"서울특별시 송파구 백제고분로 지하274, 석촌고분역 (삼전동)",5585.0,2019-06-18,,사용중,석촌고분역 지하1~2층,공공용시설,지하,6841.0,6841,37.0,30.0,8.89,127.0,5.0,48.13,37.502470303373,127.096703743445,964353.7114923332,1944876.760675,I,2026-01-30 22:28:35,2026-01-29 16:13:38
3230000,3230000-S199700010,서울특별시 송파구 마천동 175번지,"서울특별시 송파구 마천로51길 25 (마천동, 한보아파트)",5751.0,1998-05-01,,사용중,한보아파트 지하주차장 1층,공공용시설,지하,1267.0,1267,37.0,29.0,50.66,127.0,9.0,6.35,37.49712724801287,127.1522295600223,969259.318107,1944264.40167,I,2026-02-07 22:28:35,2026-02-06 15:52:09
3230000,3230000-S199900003,서울특별시 강동구 천호동 455번지,"서울특별시 강동구 천호대로 지하 997 (천호동, 천호역)",5248.0,1999-01-01,2024-12-06,사용중지,풍납동 천호역5호선9~10번 출구 지하1층~지하3층,공공용시설,지하,5137.0,5137,37.0,32.0,19.39,127.0,7.0,22.64,37.53894282428873,127.12321162254112,966712.888833,1948913.445214,I,2025-12-15 16:14:09,2024-12-06 16:09:41
3230000,3230000-S199000009,서울특별시 송파구 가락동 175번지 14호,"서울특별시 송파구 오금로 422 (가락동, 연암빌딩)",5770.0,1990-12-01,2023-06-21,사용중지,연암빌딩 지하1층,공공용시설,지하,184.0,184,37.0,29.0,48.53,127.0,8.0,12.26,37.49676417272117,127.13666419966503,967883.279625,1944229.318366,I,2025-12-15 16:14:09,2023-06-21 23:26:14
3230000,3230000-S200200010,서울특별시 송파구 신천동 19번지,"서울특별시 송파구 올림픽로 지하 383 (신천동, 몽촌토성역)",5508.0,2002-01-01,,사용중,8호선 몽촌토성역(지하1층~3층),공공용시설,지하,7414.7,7414,37.0,31.0,3.09,127.0,6.0,45.67,37.51767934120391,127.11243456730443,965751.072938,1946558.262376,I,2026-02-11 22:28:35,2026-02-10 14:21:51
3230000,3230000-S198300005,서울특별시 송파구 잠실동 320번지,"서울특별시 송파구 백제고분로18길 30 (잠실동, 우성아파트)",5580.0,1983-08-01,2023-07-20,사용중지,잠실우성4차아파트 101동~108동 지하 1층,공공용시설,지하,5498.0,5498,37.0,30.0,11.18,127.0,4.0,58.3,37.5026465268767,127.0838705287606,963219.498933,1944901.249668,I,2025-12-15 16:14:09,2023-07-20 08:50:47
3230000,3230000-S200800024,서울특별시 송파구 가락동 194번지 16호,"서울특별시 송파구 동남로16길 5 (가락동, 잠실교회 제2성전)",5784.0,2008-09-01,,사용중,잠실교회 별관 지하1~2층,공공용시설,지하,3056.0,3056,37.0,29.0,39.9,127.0,7.0,53.11,37.494547628583646,127.1312276532721,967401.75615,1943985.276875,I,2026-02-11 22:28:35,2026-02-10 14:15:37
3230000,3230000-S200200001,서울특별시 송파구 오금동 50번지 1호,"서울특별시 송파구 중대로25길 5 (오금동, 오금동주민센터)",5661.0,2002-09-01,2023-06-14,사용중지,오금동주민센터 지하1층 헬스장,공공용시설,지하,266.7,266,37.0,30.0,10.73,127.0,7.0,41.13,37.50299313924909,127.12815281693618,967133.651665,1944923.31841,I,2025-12-15 16:14:09,2023-06-14 22:15:01
3230000,3230000-S200200008,서울특별시 송파구 오금동 51번지,"서울특별시 송파구 동남로 271 (오금동, 서울곰두리체육센터)",5725.0,2002-08-01,,사용중,서울곰두리체육센터 지하 1층~2층,공공용시설,지하,407.16,407,37.0,30.0,1.74,127.0,8.0,7.65,37.5003820117314,127.13561598643268,967792.177402,1944631.051194,I,2026-02-11 22:28:35,2026-02-10 13:25:23
3230000,3230000-S200000008,서울특별시 송파구 마천동 22번지,"서울특별시 송파구 마천로35길 6 (마천동, 성영아파트)",5733.0,2000-03-01,,사용중,성영아파트 지하주차장 1층~2층,공공용시설,지하,1867.0,1867,37.0,29.0,58.85,127.0,8.0,42.62,37.49977102612026,127.14509538780246,968629.80683,1944560.064714,I,2026-02-07 22:28:35,2026-02-06 15:52:36
3230000,3230000-S200800009,서울특별시 송파구 잠실동 35번지,"서울특별시 송파구 잠실로 62 (잠실동, 트리지움)",5555.0,2008-07-01,,사용중,트리지움아파트 지하주차장 1층,공공용시설,지하,15488.0,15488,37.0,30.0,37.25,127.0,5.0,30.78,37.50958391625188,127.09206448621865,963947.079199,1945667.737028,I,2026-02-11 22:28:35,2026-02-10 14:21:08
3230000,3230000-S199100007,서울특별시 송파구 가락동 174번지 14호,"서울특별시 송파구 오금로 420 (가락동, 한라산업개발빌딩)",5769.0,1991-06-01,,사용중,유니팜코리아 지하주차장 지하1~2층,공공용시설,지하,862.0,862,37.0,29.0,49.09,127.0,8.0,11.0,37.49688666236079,127.13642868562292,967862.514005,1944242.988142,I,2026-02-10 22:28:35,2026-02-09 13:05:28
3230000,3230000-S198600003,서울특별시 송파구 잠실동 101번지 1호,서울특별시 송파구 올림픽로4길 42 (잠실동),5571.0,1986-07-01,2023-06-21,사용중지,우성아파트 전동 지하 1층,공공용시설,지하,8625.0,8625,37.0,30.0,29.7,127.0,4.0,22.26,37.50691321643729,127.0744663098215,962390.423261,1945378.328175,I,2025-12-15 16:14:09,2023-06-21 23:29:50
3230000,3230000-S201000005,서울특별시 송파구 가락동 10번지 15호,"서울특별시 송파구 중대로 지하 149 (가락동, 경찰병원역)",5715.0,2010-12-01,,사용중,경찰병원역(지하1~2층),공공용시설,지하,9705.0,9705,37.0,29.0,44.15,127.0,7.0,26.64,37.49570084928483,127.1241181937038,966773.812244,1944115.704694,I,2026-02-10 22:28:35,2026-02-09 14:27:59
3230000,3230000-S200900006,서울특별시 송파구 신천동 17번지,"서울특별시 송파구 올림픽로 435 (신천동, 파크리오)",5507.0,2009-12-01,,사용중,파크리오아파트 지하주차장(전체 동의 지하 1~2층),공공용시설,지하,361211.0,361211,37.0,31.0,13.9,127.0,6.0,44.31,37.52174930375696,127.1148777991114,965968.829223,1947008.912304,I,2026-02-26 22:28:37,2026-02-25 17:17:12
3230000,3230000-S201900003,서울특별시 송파구 방이동 88번지 17호,"서울특별시 송파구 위례성대로 지하 29 (방이동, 한성백제역)",5540.0,2019-06-18,,사용중,9호선 한성백제역 승강장 지하1~2층,공공용시설,지하,8969.0,8969,37.0,30.0,58.94,127.0,6.0,58.18,37.516353640484255,127.1150916464977,965985.276639,1946410.220366,I,2026-02-09 22:28:35,2026-02-08 16:27:24
3230000,3230000-S199400001,서울특별시 송파구 가락동 123번지,"서울특별시 송파구 중대로 150 (가락동, 백암빌딩)",5828.0,1994-04-01,,사용중,백암빌딩 지하1~2층,공공용시설,지하,824.0,824,37.0,29.0,43.86,127.0,7.0,27.68,37.49557390260544,127.1243658166329,966795.644826,1944101.533444,I,2026-02-11 22:28:35,2026-02-10 14:14:44
3230000,3230000-S200400007,서울특별시 송파구 방이동 89번지 11호,"서울특별시 송파구 양재대로 1222 (방이동, 올림픽프라자)",5648.0,2004-07-01,,사용중,올림픽 프라자 상가 지하1층 주차장,공공용시설,지하,5881.0,5881,37.0,30.0,55.21,127.0,7.0,59.59,37.51578419010848,127.1311055656632,967400.199659,1946341.37423,I,2026-02-09 22:28:35,2026-02-08 16:25:53
3230000,3230000-S201300001,서울특별시 송파구 문정동 634번지,"서울특별시 송파구 충민로 66 (문정동, 가든파이브라이프)",5838.0,2013-06-01,,사용중,가든파이브 라이프관 지하주차장 3층,공공용시설,지하,36973.0,36973,37.0,28.0,40.54,127.0,7.0,29.85,37.478572247875526,127.12440811047004,966791.858355,1942215.303555,I,2026-02-11 22:28:35,2026-02-10 14:18:15
3230000,3230000-S199700004,서울특별시 송파구 문정동 119번지 4호,서울특별시 송파구 송파대로 지하 179 (문정동),5854.0,1997-02-01,,사용중,8호선 문정역 지하1층,공공용시설,지하,6600.0,6600,37.0,29.0,10.53,127.0,7.0,19.8,37.48621150618721,127.12219850991576,966599.895419,1943063.606897,I,2026-02-11 22:28:35,2026-02-10 16:20:46
3230000,3230000-S199600009,서울특별시 송파구 신천동 7번지 4호,"서울특별시 송파구 올림픽로 305 (신천동, 잠실역8호선)",5510.0,1996-01-01,,사용중,8호선 잠실역(지하1~3층),공공용시설,지하,2558.0,2558,37.0,30.0,53.93,127.0,6.0,15.18,37.514959783749816,127.10430724664523,965031.594521,1946259.534504,I,2026-02-11 22:28:35,2026-02-10 14:24:16
3230000,3230000-S199200010,서울특별시 송파구 거여동 362번지,"서울특별시 송파구 오금로54길 10 (거여동, 현대아파트)",5771.0,1992-01-01,,사용중,거여1동 현대1차아파트 전체 동의 지하주차장 지하1층,공공용시설,지하,3113.0,3113,37.0,29.0,37.43,127.0,8.0,27.93,37.4940608125078,127.14135874997623,968297.108589,1943927.807625,I,2026-02-26 22:28:37,2026-02-25 16:54:53
3230000,3230000-S200800017,서울특별시 송파구 삼전동 172번지 2호,"서울특별시 송파구 백제고분로32길 41 (삼전동, 송파노인종합복지관)",5598.0,2008-09-01,2023-06-14,사용중지,"송파노인종합복지관(지하2층, 대강당)",공공용시설,지하,1144.83,1144,37.0,29.0,55.17,127.0,5.0,41.55,37.498784323320045,127.09478366149138,964182.239118,1944468.554595,I,2025-12-15 16:14:09,2023-06-21 17:47:20
3230000,3230000-S199600008,서울특별시 송파구 신천동 7번지 28호,"서울특별시 송파구 올림픽로 293-19 (신천동, 현대타워아파트)",5510.0,1997-01-01,,사용중,현대타워(지하2~6층 주차장),공공용시설,지하,7737.71,7737,37.0,30.0,54.44,127.0,6.0,8.94,37.515274522164106,127.10245549515722,964868.097249,1946295.142574,I,2026-02-11 22:28:35,2026-02-10 14:24:00
3230000,3230000-S201100003,서울특별시 송파구 가락동 184번지 23호,서울특별시 송파구 송파대로 지하 257 (가락동),5699.0,2011-06-01,,사용중,가락시장역(지하1~2층),공공용시설,지하,25687.0,25687,37.0,29.0,33.9,127.0,7.0,6.78,37.4927301763772,127.11854520077486,966279.848344,1943788.110637,I,2026-02-11 22:28:35,2026-02-10 16:41:48
3230000,3230000-S201900001,서울특별시 송파구 잠실동 289번지,"서울특별시 송파구 백제고분로 지하 189 (잠실동, 삼전역)",5567.0,2019-06-18,,사용중,9호선 삼전역 역사 지하 1~2층,공공용시설,지하,8644.0,8644,37.0,30.0,16.28,127.0,5.0,14.85,37.50459367508909,127.08757852252457,963548.186142,1945115.830325,I,2026-02-07 22:28:35,2026-02-06 18:01:28
3230000,3230000-S199100008,서울특별시 송파구 잠실동 175번지 1호,서울특별시 송파구 백제고분로 67 (잠실동),5556.0,1991-01-10,,사용중,위너스빌딩2 지하주차장 2~3층,공공용시설,지하,958.0,958,37.0,30.0,38.88,127.0,4.0,44.25,37.51079126968376,127.0788799021839,962782.433321,1945806.818498,I,2026-02-07 22:28:35,2026-02-06 17:57:34
3230000,3230000-S200000006,서울특별시 송파구 거여동 20번지 14호,"서울특별시 송파구 오금로 지하 499 (거여동, 거여역)",5744.0,2000-01-01,,사용중,5호선 거여역 지하1층,공공용시설,지하,7188.0,7188,37.0,29.0,35.56,127.0,8.0,38.59,37.4932038572271,127.144204714474,968548.325447,1943831.779648,I,2026-02-26 22:28:37,2026-02-25 16:55:34
3230000,3230000-S199200012,서울특별시 송파구 마천동 9번지,"서울특별시 송파구 마천로35길 18 (마천동, 마천동아남아파트)",5733.0,1992-12-01,,사용중,아남아파트 101동 지하주차장 1층,공공용시설,지하,2609.0,2609,37.0,30.0,2.1,127.0,8.0,46.01,37.50075426079489,127.14584864660486,968696.798436,1944668.897115,I,2026-02-07 22:28:35,2026-02-06 15:50:52
3230000,3230000-S200200002,서울특별시 송파구 오금동 44번지 2호,"서울특별시 송파구 오금로 지하 321 (오금동, 오금역)",5661.0,2002-09-01,,사용중,오금역 지하 1층,공공용시설,지하,7781.0,7781,37.0,30.0,8.17,127.0,7.0,40.32,37.50233057323493,127.12775645220373,967098.327416,1944849.949644,I,2026-02-11 22:28:35,2026-02-10 13:24:40
3230000,3230000-S200800022,서울특별시 송파구 가락동 478번지,"서울특별시 송파구 송파대로37길 29 (가락동, 송파 동부센트레빌)",5698.0,2008-10-01,,사용중,송파동부센트레빌아파트 전체 동의 지하주차장 1층,공공용시설,지하,6973.0,6973,37.0,30.0,2.36,127.0,6.0,34.73,37.50068400849729,127.10884329383936,965425.874973,1944674.054292,I,2026-02-05 22:28:35,2026-02-04 09:45:32
3230000,3230000-S200200017,서울특별시 송파구 마천동 576번지,"서울특별시 송파구 성내천로 211 (마천동, 우방아파트)",5746.0,2002-01-01,,사용중,우방아파트 101동 지하주차장 1층,공공용시설,지하,8659.0,8659,37.0,30.0,0.04,127.0,9.0,7.53,37.50049535164771,127.15166566394916,969210.856072,1944638.254034,I,2026-02-07 22:28:35,2026-02-06 15:53:46
3230000,3230000-S199700001,서울특별시 송파구 송파동 163번지 14호,"서울특별시 송파구 오금로32길 42, 지층 (송파동, 현대아파트)",5672.0,1997-05-16,,사용중,송파2동 현대아파트 지하주차장 지하1~2층,공공용시설,지하,9900.0,9900,37.0,30.0,12.21,127.0,7.0,5.14,37.5030321971528,127.1181824091048,966252.414356,1944931.180287,I,2026-02-05 22:28:35,2026-02-04 16:34:25
3230000,3230000-S199500006,서울특별시 송파구 마천동 191번지 17호,"서울특별시 송파구 마천로51길 27 (마천동, 기영아파트)",5751.0,1998-10-01,,사용중,기영아파트 지하주차장 1층,공공용시설,지하,664.0,664,37.0,29.0,50.81,127.0,9.0,8.82,37.49726155858105,127.1525262935088,969285.602542,1944279.205632,I,2026-02-07 22:28:35,2026-02-06 15:51:15
3230000,3230000-S202300003,서울특별시 송파구 신천동 29 롯데월드타워앤드롯데월드몰,"서울특별시 송파구 올림픽로 300, 롯데월드타워앤드롯데월드몰 (신천동)",5551.0,2023-07-28,,사용중,롯데월드타워·몰 지하 주차장 지하 2층~6층,공공용시설,지하,136343.0,136343,37.0,30.0,51.1,127.0,6.0,14.45,37.5141939193623,127.104014802232,965005.3927254452,1946174.675471331,I,2026-02-11 22:28:35,2026-02-10 14:24:50
3230000,3230000-S199600003,서울특별시 송파구 가락동 459번지 4호,서울특별시 송파구 송파대로 지하 354 (가락동),5676.0,1996-11-01,,사용중,8호선 송파역 대합실 지하 2층,공공용시설,지하,4752.0,4752,37.0,30.0,0.21,127.0,6.0,42.7,37.49969549207128,127.11233197845031,965733.787384,1944563.109123,I,2026-02-26 22:28:37,2026-02-25 17:14:34
3230000,3230000-S200800016,서울특별시 송파구 거여동 593번지,"서울특별시 송파구 오금로56길 28 (거여동, 어울림아파트)",5771.0,2008-12-30,,사용중,거여1동 금호어울림아파트 전체 동의 지하주차장 지하1층,공공용시설,지하,4554.0,4554,37.0,29.0,31.42,127.0,8.0,35.9,37.49261284041409,127.14307783648891,968448.462469,1943766.587541,I,2026-02-26 22:28:37,2026-02-25 16:55:48
3230000,3230000-S198400002,서울특별시 송파구 문정동 29번지 21호,"서울특별시 송파구 동남로 116 (문정동, 문정1동주민센터)",5804.0,1984-03-01,2023-06-14,사용중지,문정1동주민센터 지하1층,공공용시설,지하,119.0,119,37.0,29.0,24.33,127.0,7.0,27.16,37.490113471178354,127.1241286912126,966772.264989,1943495.819755,I,2025-12-15 16:14:09,2023-06-14 18:14:17
3230000,3230000-S199100011,서울특별시 송파구 잠실동 196번지,"서울특별시 송파구 백제고분로 75 (잠실동, 올림피아)",5561.0,1991-09-17,,사용중,올림피아빌딩 지하주차장 3~4층,공공용시설,지하,3058.0,3058,37.0,30.0,35.92,127.0,4.0,44.88,37.51011230451938,127.07905989631942,962798.003857,1945731.420465,I,2026-02-07 22:28:35,2026-02-06 18:00:10
3230000,3230000-S199900006,서울특별시 송파구 석촌동 209번지,"서울특별시 송파구 송파대로 지하 439 (석촌동, 석촌역)",5616.0,1999-07-01,,사용중,"석촌역 8, 9호선 지하 1~4층",공공용시설,지하,12220.0,12220,37.0,30.0,21.46,127.0,6.0,22.87,37.50587323270378,127.10642901037887,965214.884553,1945250.654052,I,2026-02-11 22:28:35,2026-02-10 13:29:46
3230000,3230000-S200000003,서울특별시 송파구 거여동 136번지 16호,"서울특별시 송파구 오금로53길 32 (거여동, 거여1동주민센터)",5735.0,2000-07-01,2023-06-14,사용중지,거여1동주민센터 지하1층 체력단련실,공공용시설,지하,267.2,267,37.0,29.0,49.14,127.0,8.0,35.63,37.49702034720213,127.14319139097394,968460.354162,1944255.531984,I,2025-12-15 16:14:09,2023-06-14 22:15:18
3230000,3230000-S199600006,서울특별시 송파구 신천동 7번지 19호,"서울특별시 송파구 올림픽로 289 (신천동, 잠실시그마타워)",5510.0,1997-01-01,,사용중,시그마타워(지하3~5층 주차장),공공용시설,지하,11343.39,11343,37.0,30.0,52.7,127.0,6.0,9.02,37.51446166289804,127.10258026980053,964878.742981,1946204.914441,I,2026-02-11 22:28:35,2026-02-10 14:23:31
3230000,3230000-S200800011,서울특별시 송파구 방이동 197번지,"서울특별시 송파구 위례성대로12길 25 (방이동, 신구블레스밸리아파트)",5640.0,2008-10-01,,사용중,신구블레스밸리아파트 전체 동의 지하주차장 1층,공공용시설,지하,6617.0,6617,37.0,30.0,41.61,127.0,7.0,21.04,37.51157122206469,127.1218592038835,966581.202099,1945877.216699,I,2026-02-07 22:28:35,2026-02-06 10:49:35
3230000,3230000-S198000006,서울특별시 송파구 잠실동 122번지,"서울특별시 송파구 올림픽로 지하 23 (잠실동, 종합운동장역)",5571.0,1980-05-01,,사용중,"종합운동장역 2호선,9호선 승강장(지하2층/4층)",공공용시설,지하,18388.0,18388,37.0,30.0,39.49,127.0,4.0,24.1,37.51085380038617,127.07332649725956,962291.666049,1945815.966953,I,2026-02-13 22:28:35,2026-02-12 17:45:08
3230000,3230000-S200900001,서울특별시 송파구 잠실동 19번지,"서울특별시 송파구 올림픽로 99 (잠실동, 잠실엘스)",5501.0,2009-05-01,2023-05-01,사용중지,"엘스아파트 전동 지하주차장 지하1,2층",공공용시설,지하,22485.0,22485,37.0,30.0,56.11,127.0,4.0,52.43,37.51401876320028,127.0781439501218,962718.996781,1946165.179795,I,2025-12-15 16:14:09,2023-05-01 14:45:57
3230000,3230000-S198700003,서울특별시 송파구 풍납동 473번지 5호,서울특별시 송파구 올림픽로 633 (풍납동),5511.0,1987-01-01,,사용중,삼성생명 지하주차장 지하1층,공공용시설,지하,568.0,568,37.0,32.0,17.08,127.0,7.0,22.26,37.53831993635839,127.12293870617287,966688.501032,1948844.436184,I,2026-02-07 22:28:35,2026-02-06 11:51:25
3230000,3230000-S199200011,서울특별시 송파구 석촌동 286-5 대신빌딩,"서울특별시 송파구 백제고분로 364, 대신빌딩 (석촌동)",5685.0,1992-09-02,,사용중,"대신빌딩 지하주차장 1, 2층",공공용시설,지하,728.88,728,37.0,30.0,16.53,127.0,6.0,24.65,37.50464959092898,127.106798584967,965246.981697,1945114.762497,I,2026-02-11 22:28:35,2026-02-10 13:28:44
3230000,3230000-S200900002,서울특별시 송파구 잠실동 22번지,"서울특별시 송파구 올림픽로 135 (잠실동, 리센츠)",5502.0,2009-05-01,,사용중,"리센츠아파트 전체 동의 지하주차장 지하 1,2층",공공용시설,지하,308775.0,308775,37.0,30.0,46.51,127.0,5.0,20.78,37.514037625496464,127.08526985355404,963348.751745,1946164.472714,I,2026-02-11 22:28:35,2026-02-10 14:20:01
3230000,3230000-S200800025,서울특별시 송파구 문정동 1번지,"서울특별시 송파구 문정로 83 (문정동, 문정래미안아파트)",5794.0,2008-09-01,,사용중,문정래미안아파트 전체 동 지하주차장 1층,공공용시설,지하,6716.0,6716,37.0,29.0,27.19,127.0,7.0,49.65,37.48864643207539,127.13086723306972,967367.328829,1943330.704801,I,2026-02-11 22:28:35,2026-02-10 16:30:49
3230000,3230000-S198400006,서울특별시 송파구 가락동 600번지,"서울특별시 송파구 양재대로 932 (가락동, 가락농수산물시장)",5699.0,1984-10-01,,사용중,서울시농수산식품공사 전체 동의 지하주차장 2층 ~ 3층,공공용시설,지하,23059.0,23059,37.0,29.0,37.56,127.0,6.0,58.6,37.49602465655242,127.11075320084788,965592.553481,1944156.430593,I,2026-02-26 22:28:37,2026-02-25 16:44:16
3230000,3230000-S199600010,서울특별시 송파구 마천동 573번지,"서울특별시 송파구 성내천로 236 (마천동, 마천동삼익아파트)",5750.0,1996-11-01,,사용중,마천삼익아파트 101동 지하주차장 1~2층,공공용시설,지하,4111.0,4111,37.0,29.0,56.66,127.0,9.0,12.68,37.49904889950969,127.15367569041165,969387.931646,1944477.124389,I,2026-02-07 22:28:35,2026-02-06 15:51:45
3230000,3230000-S202500001,서울특별시 송파구 삼전동 62-1,서울특별시 송파구 백제고분로 240 (삼전동),5584.0,2025-03-19,,사용중,삼전근린공원 공영주차장 지하1~2층,공공용시설,지하,6019.6,6019,37.0,30.0,9.41,127.0,5.0,34.89,37.5026147791283,127.093025434145,964028.6633617628,1944894.188886156,I,2026-02-26 22:28:37,2026-02-25 17:13:06
3230000,3230000-S201100002,서울특별시 송파구 방이동 215번지,"서울특별시 송파구 오금로31길 28 (방이동, 코오롱아파트)",5646.0,2011-06-01,,사용중,방이코오롱아파트 전체 동의 지하주차장 1층,공공용시설,지하,8701.0,8701,37.0,30.0,31.74,127.0,7.0,27.11,37.50825701167359,127.12267810339917,966652.099503,1945509.236207,I,2026-02-07 22:28:35,2026-02-06 11:02:44
3230000,3230000-S199700007,서울특별시 송파구 문정동 15번지,"서울특별시 송파구 문정로5길 13 (문정동, 문정동아아파트)",5797.0,1997-10-01,,사용중,문정동아아파트 지하주차장 1층,공공용시설,지하,1508.0,1508,37.0,29.0,15.48,127.0,7.0,42.66,37.48792136902514,127.12851361657523,967158.942441,1943251.082555,I,2026-02-11 22:28:35,2026-02-10 16:22:52
3230000,3230000-S199500007,서울특별시 송파구 방이동 108번지,서울특별시 송파구 백제고분로 463 (방이동),5550.0,1995-02-01,,사용중,웅산빌딩  지하주차장 1층,공공용시설,지하,696.31,696,37.0,30.0,42.89,127.0,6.0,45.17,37.5119859752262,127.11288343264052,965788.140152,1945926.456648,I,2026-02-04 22:28:35,2026-02-03 09:22:54
3240000,3240000-S199100005,서울특별시 강동구 성내동 541번지 4호,"서울특별시 강동구 성내로 51 (성내동, 강동수도사업소)",5397.0,1991-01-01,,사용중,강동수도사업소 지하1층,공공용시설,지하,561.0,561,37.0,31.0,44.49,127.0,7.0,33.71,37.52868069349889,127.12589862162092,966945.741886,1947773.976677,I,2026-05-07 22:30:17,2026-01-30 14:42:45
3240000,3240000-S199000012,서울특별시 강동구 천호동 168번지 6호,서울특별시 강동구 진황도로 47-2 (천호동),5337.0,1990-01-01,2025-09-11,사용중지,현대아파트(전동지하),공공용시설,지하,1559.0,1559,37.0,32.0,18.86,127.0,7.0,58.71,37.53815685635484,127.1325166652204,967534.598659,1948822.993585,I,2026-05-07 22:30:13,2025-09-11 18:18:59
3240000,3240000-S198500008,서울특별시 강동구 천호동 453번지 14호,서울특별시 강동구 천호대로 1037 (천호동),5335.0,1990-01-01,,사용중,세우빌딩(지하2층),공공용시설,지하,848.0,848,37.0,32.0,16.22,127.0,7.0,38.37,37.537750244128624,127.12732140775364,967075.441966,1948779.688736,I,2026-05-07 22:30:13,2026-02-24 15:01:02
3240000,3240000-S201300002,서울특별시 강동구 상일동 149 강동경희대학교병원 본관 지하1층,"서울특별시 강동구 동남로 892, 강동경희대학교병원 본관동 지하 1층 (상일동)",5278.0,2013-06-26,,사용중,강동경희대학교 병원 본관동 지하1층,공공용시설,지하,17913.98,17913,37.0,33.0,11.96,127.0,9.0,26.31,37.5533217122459,127.157307622519,969730.9009951669,1950497.1733564,I,2026-05-07 22:30:16,2026-02-08 22:07:06
3240000,3240000-S199700009,서울특별시 강동구 천호동 563번지,서울특별시 강동구 구천면로 189 (천호동),5327.0,1997-01-01,,사용중,동아코아아파트(2001아웃렛) 지하주차장(지하2~6층),공공용시설,지하,19754.0,19754,37.0,32.0,27.63,127.0,7.0,33.17,37.5410084888718,127.125879335463,966949.4787809,1949141.6773145,I,2026-05-07 22:30:18,2026-02-24 15:00:49
3240000,3240000-S202500004,서울특별시 강동구 고덕동 297-1 원케어메디컬타운,"서울특별시 강동구 고덕로 295-60, 원케어메디컬타운 (고덕동)",5225.0,2025-07-01,,사용중,서울숲요양병원 지하주차장,공공용시설,지하,4000.0,4000,37.0,33.0,30.41,127.0,9.0,34.76,37.5584483132554,127.159656583398,969940.4384100152,1951065.1862424293,I,2026-05-07 22:30:17,2026-02-09 16:01:14
3240000,3240000-S200900008,서울특별시 강동구 암사동 414번지 2호,"서울특별시 강동구 고덕로 131 (암사동, 강동롯데캐슬퍼스트아파트)",5236.0,2009-09-01,,사용중,"강동롯데캐슬 지하주차장(지하1,2층)",공공용시설,지하,21200.0,21200,37.0,33.0,23.02,127.0,8.0,24.58,37.55493974692739,127.1399266255958,968196.36663,1950682.423602,I,2026-05-07 22:30:17,2026-03-09 11:22:02
3240000,3240000-S199300003,서울특별시 강동구 둔촌동 544번지,서울특별시 강동구 풍성로65길 29 (둔촌동),5372.0,1993-01-01,2023-11-06,사용중지,라이프아파트 지하주차장 지하1층,공공용시설,지하,660.0,660,37.0,31.0,45.9,127.0,8.0,22.76,37.52924343595333,127.13964368550586,968160.44996,1947831.66771,I,2026-05-07 22:30:13,2023-11-06 16:13:26
3240000,3240000-S200700008,서울특별시 강동구 성내동 164번지 1호,서울특별시 강동구 천호대로 1078 (성내동),5380.0,2007-06-20,,사용중,씨제이나인파크(지하1~5층),공공용시설,지하,10026.0,10026,37.0,32.0,9.19,127.0,7.0,52.35,37.535918994939,127.1313423362643,967429.878599,1948575.12251,I,2026-05-07 22:30:15,2026-02-24 15:03:36
3240000,3240000-S201000016,서울특별시 강동구 성내동 512번지,"서울특별시 강동구 풍성로45길 11 (성내동, 안말어린이공원 공영주차장)",5390.0,2010-12-07,,사용중,안말어린이공원 공영주차장(지하1~3층),공공용시설,지하,5348.0,5348,37.0,31.0,52.53,127.0,7.0,47.7,37.53123262422795,127.129858108525,967296.703453,1948055.713461,I,2026-05-07 22:30:16,2026-02-24 15:03:49
3240000,3240000-S200900018,서울특별시 강동구 강일동 670번지,서울특별시 강동구 아리수로97길 20 (강일동),5209.0,2009-12-24,,사용중,강일리버파크5단지(지하1층 주차장),공공용시설,지하,21145.0,21145,37.0,34.0,2.19,127.0,10.0,42.37,37.56699993714782,127.17757951997814,971526.674123,1952008.359012,I,2026-05-07 22:30:15,2026-02-24 14:56:03
3240000,3240000-S198200001,서울특별시 강동구 길동 403번지,"서울특별시 강동구 양재대로112길 57 (길동, 서울강동우체국)",5350.0,1990-01-01,2023-06-22,사용중지,강동우체국 지하1층,공공용시설,지하,119.0,119,37.0,32.0,11.32,127.0,8.0,35.39,37.53628441610108,127.14297153085629,968457.45067,1948611.699594,I,2026-05-07 22:30:18,2023-06-22 18:08:40
3240000,3240000-S199500016,서울특별시 강동구 천호동 447번지,서울특별시 강동구 천호대로 지하 1097 (천호동),5339.0,1995-01-01,,사용중,지하철 강동역(지하1층),공공용시설,지하,9409.0,9409,37.0,32.0,8.17,127.0,7.0,59.72,37.53562063281187,127.13366682424768,967635.113959,1948541.218519,I,2026-05-07 22:30:16,2026-02-02 15:00:45
3240000,3240000-S199600005,서울특별시 강동구 천호동 528번지,서울특별시 강동구 성안로25길 6 (천호동),5338.0,1996-01-01,,사용중,삼성아파트(전동지하1층),공공용시설,지하,2430.0,2430,37.0,32.0,17.89,127.0,8.0,5.15,37.53810180288051,127.1353057600977,967780.979081,1948815.926464,I,2026-05-07 22:30:13,2026-02-02 10:05:18
3240000,3240000-S200400001,서울특별시 강동구 명일동 47번지 12호,서울특별시 강동구 동남로73길 26 (명일동),5269.0,2004-04-02,,사용중,고덕복합빌딩(지하2층~지하4층),공공용시설,지하,8887.0,8887,37.0,33.0,11.83,127.0,9.0,17.31,37.55319697414095,127.15477775435424,969507.393,1950484.152024,I,2026-05-07 22:30:18,2026-02-09 17:23:17
3240000,3240000-S199300014,서울특별시 강동구 천호동 449번지 49호,서울특별시 강동구 천호대로 1073 (천호동),5340.0,1993-01-01,,사용중,힐탑오피스텔(지하1~4층),공공용시설,지하,6064.0,6064,37.0,32.0,11.53,127.0,7.0,53.03,37.53656320200786,127.13117251531196,967415.155536,1948646.652199,I,2026-05-07 22:30:16,2026-02-24 15:01:15
3240000,3240000-S200700023,서울특별시 강동구 천호동 87번지 26호,"서울특별시 강동구 구천면로42길 60 (천호동, 천호동 노외주차장)",5311.0,2007-06-20,,사용중,천호1동 공영주차장  지하1층~지하3층 주차장,공공용시설,지하,6598.0,6598,37.0,32.0,41.68,127.0,8.0,11.82,37.5449104043499,127.13661529829,967899.5902567572,1949570.8520886728,I,2026-05-07 22:30:14,2026-02-09 12:27:14
3240000,3240000-S200900011,서울특별시 강동구 암사동 445번지,"서울특별시 강동구 고덕로19길 30 (암사동, 한강포스파크아파트)",5237.0,2009-09-01,,사용중,한강포스파크아파트 지하주차장(지하1층),공공용시설,지하,2240.0,2240,37.0,33.0,22.52,127.0,8.0,3.4,37.55608287836512,127.13383029634626,967658.397918,1950811.327572,I,2026-05-07 22:30:17,2026-02-04 17:44:15
3240000,3240000-S202300004,서울특별시 강동구 상일동 514 고덕 롯데캐슬 베네루체,"서울특별시 강동구 상암로79길 88 (상일동, 고덕 롯데캐슬 베네루체)",5281.0,2023-07-12,,사용중,고덕 롯데캐슬 베네루체 전체 동의 지하1~4층주차장,공공용시설,지하,105465.0,105465,37.0,32.0,56.89,127.0,9.0,57.96,37.5491347792612,127.166100859595,970505.9364931,1950029.8627604332,I,2026-05-07 22:30:17,2026-02-09 09:48:59
3240000,3240000-S198800003,서울특별시 강동구 둔촌동 135번지 1호,서울특별시 강동구 진황도로 211 (둔촌동),5369.0,1988-01-01,,사용중,현대3차아파트 지하주차장 지하1층,공공용시설,지하,1594.0,1594,37.0,31.0,39.07,127.0,8.0,39.56,37.5275202611744,127.144323516385,968573.2183565334,1947638.918319733,I,2026-05-07 22:30:13,2026-02-10 11:04:25
3240000,3240000-S201000014,서울특별시 강동구 암사동 59번지 2호,서울특별시 강동구 고덕로28길 36 (암사동),5255.0,2010-12-07,,사용중,암사1동공영주차장 지하주차장 전층(지하1~3층),공공용시설,지하,3791.0,3791,37.0,33.0,10.7,127.0,8.0,15.83,37.553054635787,127.13773926580812,968002.3605,1950474.023704,I,2026-05-07 22:30:16,2026-02-09 16:12:11
3240000,3240000-S198600002,서울특별시 강동구 길동 445번지,"서울특별시 강동구 성안로 150 (길동, 강동성심병원)",5355.0,1990-01-01,,사용중,강동성심병원 지하2층,공공용시설,지하,7840.0,7840,37.0,32.0,10.92,127.0,8.0,7.29,37.5364074101808,127.13510266135104,967762.306764,1948628.013487,I,2026-05-07 22:30:17,2026-02-10 10:33:38
3240000,3240000-S199500004,서울특별시 강동구 길동 335번지 5호,서울특별시 강동구 양재대로 1544 (길동),5302.0,1995-01-01,,사용중,KT&G강동지사(담배인삼공사) 지하1층,공공용시설,지하,1945.0,1945,37.0,32.0,35.82,127.0,8.0,33.39,37.54342927706761,127.14231182033517,968402.182007,1949404.60021,I,2026-05-07 22:30:15,2026-02-10 10:34:10
3240000,3240000-S200900020,서울특별시 강동구 강일동 701번지,서울특별시 강동구 아리수로94길 72 (강일동),5212.0,2009-12-24,,사용중,강일리버파크8단지(지하1층 주차장),공공용시설,지하,12316.0,12316,37.0,33.0,38.62,127.0,10.0,34.56,37.56214494868583,127.17729988682936,971500.12981,1951469.810409,I,2026-05-07 22:30:15,2026-02-09 10:45:30
3240000,3240000-S201900002,서울특별시 강동구 둔촌동 227번지 7호,"서울특별시 강동구 강동대로 지하 303 (둔촌동, 둔촌오륜역)",5411.0,2019-04-10,,사용중,둔촌오륜역 지하1층 역사,공공용시설,지하,7505.0,7505,37.0,31.0,10.15,127.0,8.0,17.83,37.51952812715176,127.13882294113232,968083.79366,1946754.093798,I,2026-05-07 22:30:17,2026-02-10 11:03:30
3240000,3240000-S201000011,서울특별시 강동구 명일동 48번지 17호,서울특별시 강동구 동남로 877 (명일동),5269.0,2010-11-19,,사용중,한화오벨리스크(지하1층~지하4층),공공용시설,지하,3195.0,3195,37.0,33.0,7.22,127.0,9.0,20.91,37.55190232291177,127.15578860422607,969596.153156,1950340.190625,I,2026-05-07 22:30:16,2026-02-09 17:22:46
3240000,3240000-S199500002,서울특별시 강동구 고덕동 312번지,"서울특별시 강동구 고덕로61길 37 (고덕동, 현대아파트)",5234.0,1995-01-01,,사용중,배재현대아파트 지하1~3층주차장,공공용시설,지하,11780.0,11780,37.0,33.0,23.81,127.0,9.0,9.8,37.556614788498,127.152722619467,969327.2684437336,1950864.0073380664,I,2026-05-07 22:30:13,2026-02-02 15:26:31
3240000,3240000-S199700008,서울특별시 강동구 천호동 288번지 5호,서울특별시 강동구 상암로12길 13 (천호동),5318.0,1997-01-01,,사용중,삼익아파트 지하주차장(지하1~2층),공공용시설,지하,6750.0,6750,37.0,32.0,54.98,127.0,7.0,42.31,37.54911529873174,127.12846259726535,967181.243929,1950040.175159,I,2026-05-07 22:30:17,2026-03-11 16:04:32
3240000,3240000-S202500002,서울특별시 강동구 둔촌동 174-1 올림픽파크포레온,"서울특별시 강동구 양재대로 1300, 지하2,3층 (둔촌동, 올림픽파크포레온)",5410.0,2025-03-27,,사용중,"올림픽파크포레온 1~3단지 지하주차장(지하2층,3층)",공공용시설,지하,335600.91,335600,37.0,31.0,20.75,127.0,8.0,4.72,37.5224293647055,127.134644846365,967715.8358973386,1947077.3932724816,I,2026-05-07 22:30:17,2026-02-10 11:03:48
3240000,3240000-S198800004,서울특별시 강동구 둔촌동 70번지 5호,서울특별시 강동구 풍성로65길 34 (둔촌동),5371.0,1993-01-01,2023-11-06,사용중지,현대2차아파트 지하주차장 지하1층,공공용시설,지하,1323.0,1323,37.0,31.0,45.11,127.0,8.0,25.62,37.52946513541717,127.14007379320584,968198.5467,1947856.118369,I,2026-05-07 22:30:13,2023-11-06 16:12:54
3240000,3240000-S200400002,서울특별시 강동구 명일동 46-4 신세계이마트명일점,"서울특별시 강동구 고덕로 276, 신세계이마트명일점 (명일동)",5269.0,2004-04-02,,사용중,이마트 명일점(지하2층),공공용시설,지하,4298.0,4298,37.0,33.0,17.68,127.0,9.0,22.1,37.55491243990913,127.15613963105892,969628.380694,1950674.032074,I,2026-05-07 22:30:14,2026-02-09 16:49:39
3240000,3240000-S201000015,서울특별시 강동구 천호동 167번지 195호,"서울특별시 강동구 진황도로29길 34 (천호동, 천호동공영주차장)",5337.0,2010-12-07,,사용중,천호3동 공영주차장(지하1~3층),공공용시설,지하,6460.0,6460,37.0,32.0,20.34,127.0,7.0,59.74,37.539144555668535,127.13324729362702,967599.573806,1948932.320863,I,2026-05-07 22:30:16,2026-02-02 14:59:36
3240000,3240000-S199600002,서울특별시 강동구 성내동 541번지 1호,"서울특별시 강동구 성내로 55 (성내동, 강동구의회의사당)",5397.0,1996-01-01,,사용중,"강동구의회 식당,주차장 지하1~2층",공공용시설,지하,1935.0,1935,37.0,31.0,43.06,127.0,7.0,34.9,37.52855116432178,127.12631358898858,966982.349958,1947759.460466,I,2026-05-07 22:30:15,2026-01-30 14:45:08
3240000,3240000-S199500012,서울특별시 강동구 성내동 407번지 2호,서울특별시 강동구 양재대로95길 74 (성내동),5377.0,1995-01-01,2025-09-01,사용중지,동방아파트 지하주차장 1층,공공용시설,지하,991.0,991,37.0,31.0,52.73,127.0,7.0,59.03,37.531187671346544,127.1329003297008,967565.475549,1948049.672717,I,2026-05-07 22:30:15,2025-09-05 13:23:00
3240000,3240000-S197900005,서울특별시 강동구 성내동 540 강동구청,"서울특별시 강동구 성내로 25, 강동구청 지하1층 (성내동)",5397.0,1979-01-01,,사용중,강동구청 본청사 및 제2청사 지하1층,공공용시설,지하,2196.0,2196,37.0,31.0,48.57,127.0,7.0,25.54,37.52946921943308,127.12418652484403,966794.816132,1947862.061814,I,2026-05-07 22:30:14,2026-02-24 15:01:49
3240000,3240000-S200700009,서울특별시 강동구 천호동 425번지 5호,서울특별시 강동구 올림픽로 664 (천호동),5328.0,2007-06-28,,사용중,대우한강베네시티 지하(지하1~7층),공공용시설,지하,27500.0,27500,37.0,32.0,26.0,127.0,7.0,29.91,37.5405554159081,127.124975811882,966869.4590399668,1949091.7295396668,I,2026-05-07 22:30:14,2026-03-26 17:45:05
3240000,3240000-S199300011,서울특별시 강동구 성내동 430번지 12호,서울특별시 강동구 강동대로53길 80 (성내동),5405.0,1993-01-01,,사용중,화영빌딩(우리홈마트) 지하주차장 2층,공공용시설,지하,677.0,677,37.0,31.0,34.47,127.0,7.0,58.56,37.52627307495375,127.13284342754216,967558.319614,1947504.448459,I,2026-05-07 22:30:16,2026-02-05 15:44:23
3240000,3240000-S201900001,서울특별시 강동구 둔촌동 8번지 1호,"서울특별시 강동구 동남로 지하 625 (둔촌동, 중앙보훈병원역)",5368.0,2019-04-10,,사용중,중앙보훈병원역 지하1층 역사,공공용시설,지하,9105.0,9105,37.0,31.0,44.15,127.0,8.0,55.02,37.53018786014685,127.1490147924405,968988.834818,1947933.314586,I,2026-05-07 22:30:17,2026-02-24 15:05:02
3240000,3240000-S200100001,서울특별시 강동구 암사동 508번지,서울특별시 강동구 상암로3길 77 (암사동),5240.0,2002-11-01,,사용중,삼성광나루아파트(지하 1층 주차장),공공용시설,지하,3375.0,3375,37.0,33.0,14.24,127.0,7.0,39.87,37.5539545178696,127.127742426226,967119.7553246332,1950577.3101973669,I,2026-05-07 22:30:14,2026-02-09 15:16:51
3240000,3240000-S200900019,서울특별시 강동구 강일동 686번지,서울특별시 강동구 아리수로98길 25 (강일동),5214.0,2009-12-24,,사용중,강일리버파크7단지(지하1층 주차장),공공용시설,지하,22015.0,22015,37.0,33.0,54.06,127.0,10.0,42.03,37.56492574861596,127.17836195360606,971594.98434,1951778.002757,I,2026-05-07 22:30:14,2026-02-06 16:02:45
3240000,3240000-S200900016,서울특별시 강동구 강일동 665번지,서울특별시 강동구 아리수로93가길 25 (강일동),5211.0,2009-12-24,,사용중,강일리버파크1단지(지하1층 주차장),공공용시설,지하,8251.0,8251,37.0,34.0,5.44,127.0,10.0,17.97,37.56833714728176,127.17212306422373,971045.324468,1952158.382217,I,2026-05-07 22:30:14,2026-02-09 10:43:32
3240000,3240000-S200900015,서울특별시 강동구 고덕동 296번지,서울특별시 강동구 고덕로 285 (고덕동),5225.0,2009-12-15,,사용중,온조대왕체육관 지하1층,공공용시설,지하,2057.0,2057,37.0,33.0,24.27,127.0,9.0,26.84,37.55662563879662,127.1574830189926,969747.728983,1950863.668361,I,2026-05-07 22:30:14,2026-02-02 14:11:42
3240000,3240000-S200700007,서울특별시 강동구 성내동 25번지 1호,서울특별시 강동구 천호대로162길 34 (성내동),5384.0,2007-06-20,,사용중,이안강동(지하1~3층),공공용시설,지하,12483.0,12483,37.0,32.0,8.39,127.0,7.0,40.78,37.5353921652153,127.12809817212327,967143.031401,1948517.802491,I,2026-05-07 22:30:15,2026-02-24 15:03:22
3240000,3240000-S201200004,서울특별시 강동구 상일동 490 고덕리엔파크3단지아파트,"서울특별시 강동구 상일로 74 (상일동, 고덕리엔파크3단지아파트)",5287.0,2012-02-23,,사용중,고덕리엔파크 3단지(지하 1층),공공용시설,지하,77077.0,77077,37.0,33.0,14.48,127.0,10.0,28.17,37.5540230881334,127.174490927856,971248.9300917,1950569.5925729333,I,2026-05-07 22:30:16,2026-02-02 16:16:52
3240000,3240000-S199000008,서울특별시 강동구 명일동 48번지 1호,서울특별시 강동구 동남로73길 31 (명일동),5269.0,1990-01-01,,사용중,한국4-H본부(지하2층),공공용시설,지하,865.0,865,37.0,33.0,9.39,127.0,9.0,15.99,37.55286744939873,127.15442078010624,969475.727871,1950447.709031,I,2026-05-07 22:30:16,2026-02-09 16:50:04
3240000,3240000-S200700014,서울특별시 강동구 둔촌동 555번지,서울특별시 강동구 양재대로96길 79 (둔촌동),5371.0,2007-06-20,,사용중,둔촌신동아아파트 지하주차장 지하1층,공공용시설,지하,12698.0,12698,37.0,31.0,44.62,127.0,8.0,29.05,37.52875142455623,127.14162699476638,968335.479337,1947776.412572,I,2026-05-07 22:30:15,2026-02-10 11:05:50
3240000,3240000-S199900002,서울특별시 강동구 길동 92번지,"서울특별시 강동구 명일로 260 (길동, 신동아아파트)",5300.0,1999-01-01,,사용중,길동 신동아4차아파트 지하1층,공공용시설,지하,2353.0,2353,37.0,32.0,28.33,127.0,8.0,50.62,37.5418050729202,127.14745222207549,968855.605848,1949222.689448,I,2026-05-07 22:30:15,2026-02-09 11:02:25
3240000,3240000-S201000013,서울특별시 강동구 길동 445번지 1호,"서울특별시 강동구 천호대로 1107 (길동, 강동역에스케이허브)",5355.0,2010-11-19,,사용중,강동역SK허브 지하1층,공공용시설,지하,5931.0,5931,37.0,32.0,7.95,127.0,8.0,5.91,37.53549625413727,127.1347359262533,967729.513961,1948527.052061,I,2026-05-07 22:30:16,2026-02-09 11:04:10
3240000,3240000-S201200003,서울특별시 강동구 강일동 717번지,서울특별시 강동구 고덕로 427 (강일동),5217.0,2012-02-23,,사용중,고덕리엔파크 2단지(지하1층 주차장),공공용시설,지하,19477.0,19477,37.0,33.0,31.63,127.0,10.0,23.4,37.55844965342114,127.1731346053986,971130.83832,1951061.109894,I,2026-05-07 22:30:16,2026-02-24 14:58:39
3240000,3240000-S198800009,서울특별시 강동구 천호동 41번지,서울특별시 강동구 상암로 168 (천호동),5314.0,1988-01-01,2023-11-17,사용중지,강동구민회관 지하1층,공공용시설,지하,1046.0,1046,37.0,32.0,44.79,127.0,8.0,28.18,37.54585705319535,127.1411732510291,968302.629527,1949674.330759,I,2026-05-07 22:30:16,2023-11-17 15:21:56
3240000,3240000-S201000006,서울특별시 강동구 천호동 442번지 34호,서울특별시 강동구 올림픽로 667 (천호동),5248.0,2010-11-19,,사용중,대동피렌체리버 지하주차장(지하2~4층),공공용시설,지하,1830.0,1830,37.0,32.0,28.09,127.0,7.0,26.22,37.5411360273224,127.123951139774,966779.1943107666,1949156.5064370332,I,2026-05-07 22:30:16,2026-02-09 18:12:42
3240000,3240000-S200000001,서울특별시 강동구 암사동 509번지,서울특별시 강동구 상암로 11 (암사동),5240.0,2000-06-15,,사용중,선사현대아파트(지하 2-3층 주차장),공공용시설,지하,20657.0,20657,37.0,33.0,6.19,127.0,7.0,35.17,37.55127397506602,127.12532097641932,966904.690791,1950280.769135,I,2026-05-07 22:30:15,2026-02-06 15:15:59
3240000,3240000-S200900017,서울특별시 강동구 강일동 668번지,서울특별시 강동구 아리수로97길 68 (강일동),5208.0,2009-12-24,,사용중,강일리버파크2단지(지하1층 주차장),공공용시설,지하,13046.0,13046,37.0,34.0,7.5,127.0,10.0,38.19,37.56887532954421,127.17615629200988,971401.703889,1952216.855437,I,2026-05-07 22:30:15,2026-02-09 10:43:49
3240000,3240000-S199000002,서울특별시 강동구 길동 415번지 9호,서울특별시 강동구 천호대로175길 39 (길동),5354.0,1990-01-01,2023-05-31,사용중지,KT강동지사,공공용시설,지하,1993.0,1993,37.0,32.0,12.75,127.0,8.0,11.0,37.53701113106227,127.136971642737,967927.6853594176,1948694.353576491,I,2026-05-07 22:30:15,2023-05-31 13:48:07
3240000,3240000-S200700021,서울특별시 강동구 천호동 217번지 132호,서울특별시 강동구 구천면로 278 (천호동),5310.0,2007-06-20,,사용중,"동아하이빌아파트(지하1층, 지하3층, 지하5층 주차장)",공공용시설,지하,12374.0,12374,37.0,32.0,40.9,127.0,7.0,59.79,37.5446957433335,127.133275028735,967604.4260555668,1949548.1823884668,I,2026-05-07 22:30:14,2026-02-09 12:22:49
3240000,3240000-S200700024,서울특별시 강동구 암사동 670번지,서울특별시 강동구 고덕로 52-11 (암사동),5252.0,2007-06-20,,사용중,동원베네스트아파트 지하주차장 1층,공공용시설,지하,3126.0,3126,37.0,33.0,14.82,127.0,7.0,51.85,37.554148845929134,127.1310181888178,967409.177957,1950597.729019,I,2026-05-07 22:30:14,2026-02-09 16:07:23
3240000,3240000-S198000004,서울특별시 강동구 상일동 267 강동고등학교 본관 지하 1층,"서울특별시 강동구 구천면로 572, 강동고등학교 본관동 지하 1층 (상일동)",5279.0,1990-01-05,2023-06-16,사용중지,강동고등학교 본관 지하1층,공공용시설,지하,614.0,614,37.0,33.0,0.3,127.0,9.0,38.3,37.550694457133964,127.16161683316416,970110.473976,1950204.316002,I,2026-05-07 22:30:17,2023-06-16 15:15:17
3240000,3240000-S198400013,서울특별시 강동구 상일동 166 한영중.고등학교 지하1층,"서울특별시 강동구 동남로 832, 한영중.고등학교 지하 1층 (상일동)",5279.0,1990-01-03,2023-06-16,사용중지,한영고등학교 지하1층,공공용시설,지하,4838.0,4838,37.0,32.0,56.69,127.0,9.0,29.29,37.54777576746549,127.15658115351138,969664.486066,1949882.117618,I,2026-05-07 22:30:16,2023-06-16 15:15:39
3240000,3240000-S198500005,서울특별시 강동구 성내동 541번지,서울특별시 강동구 성내로 39 (성내동),5397.0,1985-01-01,,사용중,강동소방서 지하1층,공공용시설,지하,324.0,324,37.0,31.0,46.47,127.0,7.0,29.48,37.52920992681794,127.12489774435156,966857.541788,1947833.044048,I,2026-05-07 22:30:14,2026-01-30 14:41:34
3240000,3240000-S199500019,서울특별시 강동구 상일동 148번지,서울특별시 강동구 고덕로 지하 359 (상일동),5223.0,1995-01-01,,사용중,상일동역 지하1층 역사,공공용시설,지하,7701.0,7701,37.0,33.0,23.99,127.0,9.0,56.99,37.5566643501056,127.165829202358,970484.9099033666,1950865.3096941328,I,2026-05-07 22:30:14,2026-02-10 16:32:05
3240000,3240000-S201000004,서울특별시 강동구 천호동 360번지,서울특별시 강동구 올림픽로 702 (천호동),5324.0,2010-11-19,2023-06-29,사용중지,해공도서관 지하1층,공공용시설,지하,126.14,126,37.0,32.0,40.48,127.0,7.0,35.95,37.54397066617418,127.12552334754014,966919.338874,1949470.438479,I,2026-05-07 22:30:16,2023-06-29 15:00:22
3240000,3240000-S199300006,서울특별시 강동구 명일동 345번지 12호,"서울특별시 강동구 양재대로 지하 1572 (명일동, 굽은다리역)",5296.0,1993-01-01,,사용중,굽은다리역 지하1층,공공용시설,지하,3227.0,3227,37.0,32.0,44.62,127.0,8.0,34.7,37.545729058534,127.142972245854,968461.4924006668,1949659.5255155333,I,2026-05-07 22:30:17,2026-02-09 12:28:27
3240000,3240000-S198400005,서울특별시 강동구 둔촌동 518번지,서울특별시 강동구 풍성로 241 (둔촌동),5372.0,1993-01-01,2023-11-06,사용중지,천주교둔촌동교회 지하 1층,공공용시설,지하,614.0,614,37.0,31.0,43.31,127.0,8.0,18.95,37.52850201054901,127.1384658367508,968056.063718,1947749.810567,I,2026-05-07 22:30:16,2023-11-06 16:12:41
3240000,3240000-S202200002,서울특별시 강동구 강일동 114 강동리버스트4단지,"서울특별시 강동구 아리수로93가길 110(강일동, 강동리버스트4단지)",5414.0,2022-11-21,,사용중,강동리버스트4단지(지하1층~2층 주차장),공공용시설,지하,41271.63,41271,37.0,34.0,19.87,127.0,10.0,17.99,37.57218487389714,127.1716643079646,971006.303372,1952585.407533,I,2026-05-07 22:30:17,2026-02-09 10:47:07
3240000,3240000-S200700013,서울특별시 강동구 둔촌동 435번지 7호,서울특별시 강동구 천호대로 1156-12 (둔촌동),5362.0,2007-06-20,,사용중,광남캐스빌아파트 지하주차장 지하1층,공공용시설,지하,5449.0,5449,37.0,31.0,59.51,127.0,8.0,20.72,37.533198152956,127.139088963162,968113.1205568668,1948270.6069778332,I,2026-05-07 22:30:14,2026-02-10 11:05:39
3240000,3240000-S200900009,서울특별시 강동구 암사동 400번지,"서울특별시 강동구 고덕로27길 36 (암사동, 강동현대홈타운)",5236.0,2009-09-01,,사용중,현대홈타운 지하주차장(지하1층),공공용시설,지하,13545.0,13545,37.0,33.0,24.55,127.0,8.0,22.24,37.55637401504274,127.1380374769548,968030.118944,1950842.188271,I,2026-05-07 22:30:15,2026-03-09 11:22:23
3240000,3240000-S200700011,서울특별시 강동구 둔촌동 134번지 10호,서울특별시 강동구 진황도로 212 (둔촌동),5370.0,2007-06-20,,사용중,신성미소지움2차아파트 지하주차장 지하1층,공공용시설,지하,3210.0,3210,37.0,31.0,39.07,127.0,8.0,38.52,37.5275200973945,127.144033925523,968547.6305987,1947638.9969469667,I,2026-05-07 22:30:15,2026-02-10 11:05:08
3240000,3240000-S199300005,서울특별시 강동구 명일동 312번지,"서울특별시 강동구 양재대로 지하 1632 (명일동, 명일역)",5266.0,1993-10-30,,사용중,명일역 지하,공공용시설,지하,3085.0,3085,37.0,33.0,4.54,127.0,8.0,38.4,37.5512602569021,127.144000928626,968554.6864314332,1950272.8348333335,I,2026-05-07 22:30:13,2026-02-07 20:22:03
3240000,3240000-S198400006,서울특별시 강동구 둔촌동 6번지 2호,서울특별시 강동구 진황도로61길 53 (둔촌동),5368.0,1993-01-01,,사용중,중앙보훈병원 중앙관 지하 1층,공공용시설,지하,3002.0,3002,37.0,31.0,42.72,127.0,8.0,46.16,37.5285320719246,127.146156673627,968735.6148828,1947750.5614521,I,2026-05-07 22:30:16,2026-02-10 11:04:14
3240000,3240000-S199800003,서울특별시 강동구 성내동 199번지,서울특별시 강동구 천호대로 1102 (성내동),5381.0,1998-01-01,,사용중,강동웨딩문화센터(지하1~3층),공공용시설,지하,6764.0,6764,37.0,32.0,5.24,127.0,8.0,1.27,37.53511374735458,127.13380552717663,967647.14918,1948484.934944,I,2026-05-07 22:30:15,2026-02-24 15:03:05
3240000,3240000-S200700016,서울특별시 강동구 둔촌동 611번지,서울특별시 강동구 천호대로198길 36 (둔촌동),5360.0,2007-06-20,,사용중,한솔솔파크아파트 지하주차장 지하1층,공공용시설,지하,4627.0,4627,37.0,32.0,4.24,127.0,8.0,53.74,37.5345099719431,127.148260720515,968924.0022279668,1948413.0749670668,I,2026-05-07 22:30:15,2026-02-10 16:06:27
3240000,3240000-S200900003,서울특별시 강동구 강일동 684번지,서울특별시 강동구 아리수로94길 19 (강일동),5213.0,2009-09-01,,사용중,강일리버파크 6단지(지하1층 주차장),공공용시설,지하,14348.0,14348,37.0,33.0,50.21,127.0,10.0,33.76,37.56404105498269,127.17585083860764,971372.87957,1951680.612973,I,2026-05-07 22:30:14,2026-02-10 16:15:03
3240000,3240000-S198900011,서울특별시 강동구 성내동 451번지,"서울특별시 강동구 올림픽로 528 (성내동, 농협서울지역본부)",5398.0,1989-01-01,2023-11-06,사용중지,농협중앙회 서울지역본부 지하1층,공공용시설,지하,2620.0,2620,37.0,31.0,44.1,127.0,7.0,13.42,37.52885001815532,127.1199310561434,966418.543082,1947794.87613,I,2026-05-07 22:30:16,2023-11-06 15:29:41
3240000,3240000-S199700003,서울특별시 강동구 성내동 192번지 3호,서울특별시 강동구 천호대로 1096 (성내동),5381.0,1997-01-01,,사용중,현대모터프라자(지하1~3층),공공용시설,지하,1859.0,1859,37.0,32.0,6.74,127.0,7.0,59.71,37.53533926096632,127.13319715382372,967593.497505,1948510.163773,I,2026-05-07 22:30:15,2026-02-10 16:38:15
3240000,3240000-S200700020,서울특별시 강동구 암사동 672번지,서울특별시 강동구 구천면로47길 69-18 (암사동),5260.0,2007-06-20,,사용중,효정하나플러스아파트 지하주차장 1층,공공용시설,지하,1988.0,1988,37.0,33.0,4.58,127.0,8.0,2.45,37.55126605681164,127.13411234671663,967681.229798,1950276.831957,I,2026-05-07 22:30:14,2026-02-09 16:04:15
3240000,3240000-S200700017,서울특별시 강동구 암사동 497번지 6호,서울특별시 강동구 암사1길 9 (암사동),5263.0,2007-06-20,,사용중,한건브리앙아파트 지하주차장 1층,공공용시설,지하,1204.0,1204,37.0,33.0,4.27,127.0,7.0,48.28,37.551329881944106,127.13020249882943,967335.900471,1950285.264333,I,2026-05-07 22:30:16,2026-02-09 16:01:46
3240000,3240000-S198400010,서울특별시 강동구 명일동 270번지,서울특별시 강동구 상암로 214 (명일동),5297.0,1984-01-01,2023-11-14,사용중지,삼익가든아파트(전동지하1층),공공용시설,지하,6090.0,6090,37.0,32.0,48.77,127.0,8.0,49.42,37.5464082112197,127.14631692265296,968757.23317,1949733.756771,I,2026-05-07 22:30:13,2023-11-14 19:04:49
3240000,3240000-S199900004,서울특별시 강동구 암사동 501번지,서울특별시 강동구 올림픽로 지하 776 (암사동),5264.0,1999-01-01,,사용중,암사역 지하1층,공공용시설,지하,4878.0,4878,37.0,33.0,0.55,127.0,7.0,39.09,37.550272598078735,127.12766433006186,967111.239405,1950168.849761,I,2026-05-07 22:30:14,2026-02-24 14:59:36
3240000,3240000-S198700001,서울특별시 강동구 고덕동 639번지 2호,서울특별시 강동구 동남로83길 66 (고덕동),5227.0,1995-01-01,2023-06-22,사용중지,명덕유치원 지하1층,공공용시설,지하,346.0,346,37.0,33.0,35.56,127.0,9.0,11.49,37.5597932031174,127.1531756231376,969368.580567,1951216.486493,I,2026-05-07 22:30:13,2023-06-22 17:59:38
3240000,3240000-S202200001,서울특별시 강동구 고덕동 693 고덕그라시움,"서울특별시 강동구 고덕로 333(고덕동, 고덕그라시움)",5224.0,2022-11-08,,사용중,"고덕그라시움 지하주차장1(지1층,지2층,지3층 주차장)",공공용시설,지하,221251.03,221251,37.0,33.0,23.35,127.0,9.0,45.49,37.55648671748041,127.16263645860822,970202.844451,1950846.609711,I,2026-05-07 22:30:17,2026-02-02 13:44:17
3240000,3240000-S199500003,서울특별시 강동구 길동 378번지,"서울특별시 강동구 양재대로 지하 1480 (길동, 길동역)",5351.0,1995-01-01,,사용중,길동역 지하1층,공공용시설,지하,1752.0,1752,37.0,32.0,16.0,127.0,8.0,23.57,37.53785923333288,127.1401222137879,968206.388587,1948787.375501,I,2026-05-07 22:30:15,2026-02-10 16:32:42
3240000,3240000-S198900008,서울특별시 강동구 성내동 120번지 89호,서울특별시 강동구 천호옛길 34 (성내동),5392.0,1989-01-01,2023-11-06,사용중지,신한오피스텔 지하1층 지하주차장,공공용시설,지하,461.0,461,37.0,31.0,56.08,127.0,7.0,21.53,37.53236413683192,127.12255262165078,966651.740209,1948183.813193,I,2026-05-07 22:30:16,2023-11-06 15:29:54
3240000,3240000-S198400007,서울특별시 강동구 둔촌동 603번지,서울특별시 강동구 천호대로 1240 (둔촌동),5359.0,1993-01-01,2023-06-30,사용중지,프라자아파트 지하1층 주차장,공공용시설,지하,1153.0,1153,37.0,32.0,6.16,127.0,8.0,54.15,37.536062121423626,127.1486655977901,968960.416392,1948585.1427,I,2026-05-07 22:30:13,2023-06-30 10:04:17
3240000,3240000-S202400001,서울특별시 강동구 암사동 378,서울특별시 강동구 아리수로27길 2 (암사동),5207.0,2024-08-10,,사용중,암사역사공원역 지하(지하1층),공공용시설,지하,7666.0,7666,37.0,33.0,26.17,127.0,8.0,15.33,37.5572689269937,127.137592846169,967991.230158558,1950941.624953404,I,2026-05-07 22:30:13,2026-03-09 11:23:16
3240000,3240000-S198600010,서울특별시 강동구 성내동 428번지 6호,서울특별시 강동구 양재대로 1349 (성내동),5404.0,1986-01-01,,사용중,경창빌딩 지하주차장 1층,공공용시설,지하,277.0,277,37.0,31.0,36.21,127.0,8.0,7.37,37.52672934905233,127.13549730521068,967793.011254,1947554.15719,I,2026-05-07 22:30:16,2026-02-05 15:44:48
3240000,3240000-S199800005,서울특별시 강동구 천호동 455 천호역,"서울특별시 강동구 천호대로 지하997, 천호역지하환승주차장 (천호동)",5248.0,1998-01-01,,사용중,천호역지하환승주차장(지하1~2층),공공용시설,지하,49493.0,49493,37.0,32.0,18.88,127.0,7.0,25.44,37.5385766029269,127.123734624543,966758.9306841,1948872.6301366668,I,2026-05-07 22:30:13,2026-03-27 17:00:58
3240000,3240000-S201000009,서울특별시 강동구 길동 459번지 3호,"서울특별시 강동구 천호대로 1139 (길동, 강동그린타워)",5355.0,2010-11-19,,사용중,강동그린타워 지하2층,공공용시설,지하,6736.0,6736,37.0,32.0,4.31,127.0,8.0,16.85,37.53445553339733,127.13813696062664,968029.546573,1948410.428826,I,2026-05-07 22:30:17,2026-02-10 10:34:34
3240000,3240000-S199400005,서울특별시 강동구 암사동 474번지 6호,서울특별시 강동구 고덕로24길 49 (암사동),5255.0,1994-01-01,2023-06-22,사용중지,암사1동자치회관 지하주차장 1층,공공용시설,지하,443.0,443,37.0,33.0,8.51,127.0,8.0,8.59,37.552407677225375,127.13564499921436,967817.100007,1950402.962315,I,2026-05-07 22:30:15,2023-06-22 18:03:58
3240000,3240000-S198900003,서울특별시 강동구 명일동 331번지 1호,서울특별시 강동구 구천면로 452 (명일동),5293.0,1989-11-01,,사용중,"명성교회 지하주차장(지하2,3,4,층)",공공용시설,지하,13757.0,13757,37.0,32.0,57.17,127.0,8.0,54.07,37.5492147175478,127.148351577399,968938.1305864002,1950044.4478574,I,2026-05-07 22:30:16,2026-02-07 20:52:34
3240000,3240000-S202500003,서울특별시 강동구 둔촌동 174-1 올림픽파크포레온,"서울특별시 강동구 양재대로 1300, 4단지동 지하2,3층 (둔촌동, 올림픽파크포레온)",5410.0,2025-04-17,,사용중,"올림픽파크포레온 4단지 지하주차장(지하2,3층)",공공용시설,지하,154846.33,154846,37.0,31.0,20.75,127.0,8.0,4.72,37.5224293647055,127.134644846365,967715.8358973386,1947077.3932724816,I,2026-05-07 22:30:13,2026-02-10 11:03:58
3240000,3240000-S197900004,서울특별시 강동구 상일동 189 상일여자고등학교 본관 지하1층,"서울특별시 강동구 천호대로219길 61, 상일여자고등학교 본관동 지하 1층 (상일동)",5282.0,1990-05-29,2023-06-16,사용중지,상일여자고등학교 본관 지하1층,공공용시설,지하,2381.0,2381,37.0,32.0,54.69,127.0,10.0,15.08,37.54852404490436,127.1708558916186,970925.723175,1949960.624278,I,2026-05-07 22:30:13,2023-06-16 15:14:56
3240000,3240000-S201200002,서울특별시 강동구 강일동 707번지,서울특별시 강동구 상일로 152 (강일동),5218.0,2012-02-23,,사용중,고덕리엔파크 1단지(지하1층 주차장),공공용시설,지하,23226.0,23226,37.0,33.0,44.67,127.0,10.0,18.89,37.560660758850695,127.17096481720048,970940.058123,1951307.08795,I,2026-05-07 22:30:17,2026-02-09 10:46:09
3240000,3240000-S199500018,서울특별시 강동구 천호동 361번지 1호,서울특별시 강동구 천중로12길 17 (천호동),5324.0,1995-01-01,,사용중,제일아파트 지하주차장(지하1층),공공용시설,지하,1349.0,1349,37.0,32.0,39.85,127.0,7.0,39.18,37.5444019883139,127.127549860777,967098.5479868334,1949517.5800403,I,2026-05-07 22:30:14,2026-02-09 17:24:56
3240000,3240000-S199500005,서울특별시 강동구 둔촌동 444번지,서울특별시 강동구 풍성로63길 84 (둔촌동),5364.0,1995-01-01,2025-09-01,사용중지,신성통상 지하주차장 지하1층,공공용시설,지하,8566.0,8566,37.0,31.0,54.17,127.0,8.0,25.17,37.53180029222,127.1401521492042,968206.461127,1948115.163021,I,2026-05-07 22:30:13,2025-09-05 13:21:11
3240000,3240000-S201000018,서울특별시 강동구 천호동 453번지 19호,서울특별시 강동구 천호대로157길 14 (천호동),5335.0,2010-12-07,,사용중,나비빌딩(지하2층),공공용시설,지하,1461.0,1461,37.0,32.0,17.79,127.0,7.0,38.13,37.53832996571472,127.12719816941282,967064.809327,1948844.048506,I,2026-05-07 22:30:16,2026-01-30 18:25:49
3240000,3240000-S202300006,서울특별시 강동구 상일동 33 강동리엔파크13단지,"서울특별시 강동구 고덕로98길 161 (상일동, 강동리엔파크13단지)",5416.0,2023-09-11,,사용중,강동리엔파크 13단지 지하주차장 1~2층,공공용시설,지하,25320.58,25320,37.0,33.0,6.36,127.0,10.0,52.61,37.5517657683105,127.181280711132,971847.800262663,1950317.101254085,I,2026-05-07 22:30:14,2026-01-29 17:22:18
3240000,3240000-S200700012,서울특별시 강동구 둔촌동 426번지,서울특별시 강동구 천호대로 1162 (둔촌동),5362.0,2007-06-20,,사용중,세양청마루아파트 지하주차장 지하1층,공공용시설,지하,5106.0,5106,37.0,31.0,59.69,127.0,8.0,26.14,37.5332464532502,127.140594216013,968246.1322035666,1948275.4562969,I,2026-05-07 22:30:14,2026-02-10 11:05:26
3240000,3240000-S202300001,서울특별시 강동구 성내동 601 하나플러스ll,"서울특별시 강동구 양재대로85길 60, 지하1층 (성내동, 하나플러스ll)",5406.0,2023-02-01,,사용중,하나플러스2차아파트 지하주차장 1층,공공용시설,지하,2961.0,2961,37.0,31.0,30.49,127.0,7.0,53.48,37.52506769069231,127.1317002067488,967456.7815,1947371.113554,I,2026-05-07 22:30:17,2026-02-05 16:04:01
3240000,3240000-S199400007,서울특별시 강동구 천호동 287번지 9호,서울특별시 강동구 상암로12길 24 (천호동),5318.0,1994-01-01,,사용중,유원아파트 지하주차장(지하1층),공공용시설,지하,4987.0,4987,37.0,32.0,55.05,127.0,7.0,41.09,37.548624960032,127.128080598171,967147.2857344667,1949985.9083536337,I,2026-05-07 22:30:18,2026-02-09 17:10:17
3240000,3240000-S199500001,서울특별시 강동구 고덕동 310번지,서울특별시 강동구 고덕로 지하 253 (고덕동),5233.0,1995-01-01,,사용중,고덕전철역 지하1층역사,공공용시설,지하,4418.0,4418,37.0,33.0,18.17,127.0,9.0,14.24,37.5550463746807,127.153954569991,969435.4383026334,1950689.5995967668,I,2026-05-07 22:30:15,2026-02-02 15:17:04
3240000,3240000-S199300002,서울특별시 강동구 길동 454번지 1호,"서울특별시 강동구 천호대로 1121 (길동, 일성하이츠오피스텔)",5355.0,1993-01-01,2025-09-09,사용중지,일성하이츠오피스텔 지하2층,공공용시설,지하,1840.0,1840,37.0,32.0,6.41,127.0,8.0,10.62,37.535087571797774,127.136293317366,967866.932056,1948481.177969,I,2026-05-07 22:30:18,2025-09-10 10:15:46
3240000,3240000-S198900013,서울특별시 강동구 성내동 416번지 6호,서울특별시 강동구 양재대로 1365 (성내동),5404.0,1989-01-01,,사용중,심포니타워 지하주차장 2층,공공용시설,지하,644.0,644,37.0,31.0,41.03,127.0,8.0,9.29,37.52803581856678,127.13597982597146,967836.207272,1947698.936695,I,2026-05-07 22:30:15,2026-02-05 15:40:44
3240000,3240000-S200900001,서울특별시 강동구 강일동 674번지,서울특별시 강동구 아리수로93길 40 (강일동),5210.0,2009-09-01,,사용중,강일리버파크 3단지(지하1층 주차장),공공용시설,지하,30682.0,30682,37.0,33.0,59.66,127.0,10.0,26.85,37.56629600373736,127.17389207655503,971200.759809,1951931.385219,I,2026-05-07 22:30:15,2026-02-06 14:25:01
3240000,3240000-S201000002,서울특별시 강동구 명일동 312번지 250호,서울특별시 강동구 구천면로 395 (명일동),5257.0,2010-11-19,,사용중,"명일동 공영주차장(지하1,2,3층)",공공용시설,지하,6436.0,6436,37.0,33.0,3.78,127.0,8.0,34.47,37.5510491865806,127.142907241079,968457.9919949336,1950249.7842109,I,2026-05-07 22:30:15,2026-02-10 15:22:45
3240000,3240000-S201700002,서울특별시 강동구 강일동 689번지,"서울특별시 강동구 고덕로97길 100 (강일동, 강일리버파크11단지)",5214.0,2017-09-20,,사용중,강일리버파크11단지(지하1층 주차장),공공용시설,지하,6905.32,6905,37.0,33.0,46.05,127.0,10.0,49.9,37.56284747494942,127.17968319893424,971710.882732,1951547.031625,I,2026-05-07 22:30:16,2026-02-09 10:46:46
3240000,3240000-S202300002,서울특별시 강동구 강일동 66 강동리버스트8단지,"서울특별시 강동구 아리수로93나길 88 (강일동, 강동리버스트8단지)",5415.0,2023-06-27,,사용중,강동리버스트8단지(지하1~2층 주차장),공공용시설,지하,31558.18,31558,37.0,34.0,20.33,127.0,10.0,35.57,37.57233023340006,127.17658763121672,971441.114344,1952600.026591,I,2026-05-07 22:30:17,2026-02-09 10:47:29
3240000,3240000-S198500007,서울특별시 강동구 천호동 454번지 1호,서울특별시 강동구 천호대로 1017 (천호동),5328.0,1994-01-01,,사용중,이마트 천호점(지하1~2층),공공용시설,지하,5925.0,5925,37.0,32.0,18.35,127.0,7.0,31.27,37.5384317534648,127.125353461484,966901.8829296,1948855.9889340664,I,2026-05-07 22:30:13,2026-03-27 17:34:42
3240000,3240000-S201000003,서울특별시 강동구 명일동 345번지 24호,서울특별시 강동구 양재대로 1584 (명일동),5295.0,2010-11-19,2025-08-28,사용중지,동산빌딩(지하1층 주차장),공공용시설,지하,381.0,381,37.0,32.0,49.22,127.0,8.0,37.12,37.5469363157218,127.14352162622356,968510.530625,1949793.279405,I,2026-05-07 22:30:16,2025-08-28 15:17:10
3240000,3240000-S200600002,서울특별시 강동구 암사동 473번지 37호,서울특별시 강동구 암사길 51 (암사동),5254.0,2006-08-30,2023-11-06,사용중지,한스빌딩 지하주차장 1층,공공용시설,지하,383.0,383,37.0,33.0,7.24,127.0,8.0,6.12,37.55195883761356,127.1349902849432,967759.076579,1950353.390504,I,2026-05-07 22:30:13,2023-11-06 16:20:01
3240000,3240000-S200900014,서울특별시 강동구 강일동 685번지,서울특별시 강동구 아리수로98길 24 (강일동),5213.0,2009-12-15,2023-06-14,사용중지,강일초등학교,공공용시설,지하,481.0,481,37.0,33.0,54.23,127.0,10.0,38.2,37.56508951229482,127.17763256740604,971530.631761,1951796.392114,I,2026-05-07 22:30:14,2023-06-15 15:00:43
3240000,3240000-S202500001,서울특별시 강동구 상일동 산 73 강일역,"서울특별시 강동구 고덕로 지하456, 강일역 (상일동)",5286.0,2025-04-04,,사용중,강일역 지하철 역사,공공용시설,지하,10170.0,10170,37.0,33.0,27.1,127.0,10.0,33.38,37.5575266076663,127.175937957559,971378.0815203218,1950957.8459805169,I,2026-05-07 22:30:17,2026-02-10 16:31:47
3240000,3240000-S200600001,서울특별시 강동구 명일동 48번지 6호,서울특별시 강동구 동남로 885 (명일동),5269.0,2006-08-30,2023-06-14,사용중지,양지빌딩(공사중-현재 이용불가),공공용시설,지하,932.0,932,37.0,33.0,9.56,127.0,9.0,21.52,37.55268156868724,127.15604538188649,969619.150459,1950426.560365,I,2026-05-07 22:30:14,2023-06-15 15:01:45
3240000,3240000-S199700004,서울특별시 강동구 성내동 419번지 13호,서울특별시 강동구 풍성로54길 12-11 (성내동),5403.0,1997-01-01,,사용중,동아1차아파트 지하주차장 1층,공공용시설,지하,3960.0,3960,37.0,31.0,43.66,127.0,7.0,58.52,37.52905036171262,127.13318010814322,967589.270222,1947812.455013,I,2026-05-07 22:30:17,2026-02-05 15:59:42
3240000,3240000-S200900013,서울특별시 강동구 강일동 678번지,서울특별시 강동구 아리수로93길 9-14 (강일동),5211.0,2009-12-15,2023-06-21,사용중지,강일동복합청사(지하1층 주차장),공공용시설,지하,1056.0,1056,37.0,33.0,54.23,127.0,10.0,26.01,37.56493087559525,127.17402553619908,971212.020591,1951779.891083,I,2026-05-07 22:30:15,2023-06-21 09:21:53
3240000,3240000-S201000017,서울특별시 강동구 명일동 340번지 1호,"서울특별시 강동구 양재대로134길 52 (명일동, 명성교회문화집회시설)",5294.0,2010-12-07,2024-01-30,사용중지,명성교회 월드글로리아센터(지하1층 주차장),공공용시설,지하,6998.0,6998,37.0,32.0,50.62,127.0,8.0,47.11,37.54758688270618,127.14649700015686,968773.632138,1949864.463564,I,2026-05-07 22:30:16,2024-01-30 17:14:38
3240000,3240000-S201300001,서울특별시 강동구 상일동 500번지,서울특별시 강동구 상일로6길 26 (상일동),5288.0,2013-06-26,,사용중,삼성이앤에이(지하주차장 2~4층),공공용시설,지하,85439.57,85439,37.0,32.0,56.45,127.0,10.0,31.14,37.54894256407536,127.17487287743272,971280.717037,1950005.821782,I,2026-05-07 22:30:16,2026-02-02 16:10:20
3240000,3240000-S199500009,서울특별시 강동구 성내동 448번지 8호,"서울특별시 강동구 강동대로 199 (성내동, 다성빌딩)",5402.0,1995-01-01,2023-11-13,사용중지,다성빌딩 지하1층~지하3층 주차장,공공용시설,지하,1548.0,1548,37.0,31.0,27.17,127.0,7.0,43.33,37.52419047007964,127.12854447231793,967177.553341,1947274.887913,I,2026-05-07 22:30:13,2023-11-13 09:05:46
3240000,3240000-S201000007,서울특별시 강동구 천호동 42번지,서울특별시 강동구 양재대로 1571 (천호동),5314.0,2010-11-19,,사용중,홈플러스 지하3층~지하6층 주차장,공공용시설,지하,26258.0,26258,37.0,32.0,44.57,127.0,8.0,32.12,37.5457145730344,127.142255335741,968398.1568916208,1949658.1591621907,I,2026-05-07 22:30:16,2026-02-09 14:37:41
3240000,3240000-S198600004,서울특별시 강동구 명일동 347번지 3호,서울특별시 강동구 상암로 210 (명일동),5296.0,1986-01-01,2025-08-28,사용중지,현대종합상가 지하1층,공공용시설,지하,1129.0,1129,37.0,32.0,46.69,127.0,8.0,44.8,37.54639309436699,127.14577806583024,968709.626514,1949732.258848,I,2026-05-07 22:30:13,2025-08-28 15:16:36
3240000,3240000-S201500002,서울특별시 강동구 고덕동 499번지,"서울특별시 강동구 동남로79길 26 (고덕동, 고덕아이파크)",5232.0,2015-08-31,,사용중,"고덕아이파크(지하2~3층주차장(p3,p4(지하1~3층)",공공용시설,지하,58704.23,58704,37.0,33.0,28.08,127.0,9.0,18.23,37.5577988833334,127.155064018111,969534.5515536,1950994.614373867,I,2026-05-07 22:30:17,2026-02-24 14:59:09
3240000,3240000-S199500007,서울특별시 강동구 둔촌동 416번지,"서울특별시 강동구 양재대로 지하 1369 (둔촌동, 둔촌역)",5404.0,1995-01-01,,사용중,둔촌동역 대합실 지하 1층,공공용시설,지하,2722.0,2722,37.0,31.0,40.44,127.0,8.0,10.95,37.52840158830956,127.13642574941544,967875.764804,1947739.364169,I,2026-05-07 22:30:13,2026-02-10 16:32:23
3240000,3240000-S201300003,서울특별시 강동구 명일동 48번지 7호,서울특별시 강동구 동남로 881 (명일동),5269.0,2013-06-26,,사용중,서희스타힐스 빌딩(지하1층~지하4층),공공용시설,지하,3217.0,3217,37.0,33.0,8.1,127.0,9.0,21.05,37.55227175509078,127.15594601970672,969610.207557,1950381.126061,I,2026-05-07 22:30:16,2026-02-24 14:58:51
3240000,3240000-S197900006,서울특별시 강동구 성내동 541번지 1호,"서울특별시 강동구 성내로 57 (성내동, 강동경찰서)",5397.0,2015-12-15,,사용중,강동경찰서 주차장 지하1~2층,공공용시설,지하,8261.9,8261,37.0,31.0,43.3,127.0,7.0,36.92,37.5286387972309,127.126913916025,967035.431557,1947768.972222,I,2026-05-07 22:30:14,2026-02-24 15:02:03
3240000,3240000-S199100002,서울특별시 강동구 길동 318번지,서울특별시 강동구 천호대로 1165 (길동),5356.0,1991-01-01,2025-08-27,사용중지,동화빌딩 지하1층,공공용시설,지하,940.0,940,37.0,32.0,2.93,127.0,8.0,28.01,37.53402504709892,127.14091351291714,968274.672326,1948361.728737,I,2026-05-07 22:30:15,2025-08-27 16:19:12
3240000,3240000-S201700001,서울특별시 강동구 고덕동 688번지,"서울특별시 강동구 아리수로50길 50 (고덕동, 래미안힐스테이트고덕)",5229.0,2017-08-24,,사용중,래미안힐스테이트 고덕(지하1~3층 주차장),공공용시설,지하,261492.0,261492,37.0,33.0,34.44,127.0,8.0,50.92,37.5595677662739,127.147478316629,968865.3008144666,1951193.3475717,I,2026-05-07 22:30:16,2026-02-24 14:59:23
3240000,3240000-S201000010,서울특별시 강동구 둔촌동 630번지,서울특별시 강동구 명일로 172 (둔촌동),5360.0,2010-11-19,,사용중,둔촌푸르지오아파트 지하주차장 지하1층,공공용시설,지하,3893.0,3893,37.0,32.0,2.72,127.0,8.0,42.17,37.5340895720984,127.145046662409,968639.8647464,1948367.5011102,I,2026-05-07 22:30:18,2026-02-10 11:06:21
3240000,3240000-S199600001,서울특별시 강동구 둔촌동 89번지,서울특별시 강동구 진황도로61길 7 (둔촌동),5367.0,1996-01-01,,사용중,현대4차아파트 지하주차장 지하1층,공공용시설,지하,3207.0,3207,37.0,31.0,47.81,127.0,8.0,36.06,37.5292662136106,127.14373536388008,968521.984037,1947832.817488,I,2026-05-07 22:30:15,2026-02-24 15:04:09
3240000,3240000-S200600003,서울특별시 강동구 암사동 501번지 4호,서울특별시 강동구 상암로 41 (암사동),5264.0,2006-08-30,,사용중,501타워빌딩(동양덱스빌) 지하주차장 2층,공공용시설,지하,520.0,520,37.0,33.0,0.64,127.0,7.0,41.55,37.55002406011096,127.12812577322748,967151.89019,1950141.114583,I,2026-05-07 22:30:16,2026-02-24 14:59:50
3240000,3240000-S199800004,서울특별시 강동구 성내동 419번지 1호,서울특별시 강동구 풍성로 194 (성내동),5403.0,1998-01-01,,사용중,둔촌역 청구아파트 지하주차장 1층,공공용시설,지하,5608.0,5608,37.0,31.0,46.57,127.0,8.0,0.16,37.52961552599335,127.13334665504637,967604.230118,1947875.0991,I,2026-05-07 22:30:15,2026-02-05 14:52:26
3240000,3240000-S200900006,서울특별시 강동구 암사동 414번지 18호,서울특별시 강동구 고덕로 133 (암사동),5236.0,2009-09-01,,사용중,강동롯데캐슬상가 지하주차장(지하1층),공공용시설,지하,6536.0,6536,37.0,33.0,18.91,127.0,8.0,25.25,37.5552527987714,127.140347162896,968233.6437777396,1950717.012695882,I,2026-05-07 22:30:14,2026-02-04 17:48:03
3240000,3240000-S198700006,서울특별시 강동구 성내동 541번지 2호,서울특별시 강동구 성내로 45 (성내동),5397.0,1987-01-01,2023-06-30,사용중지,강동보건소 지하1층,공공용시설,지하,350.0,350,37.0,31.0,45.31,127.0,7.0,32.12,37.52892076138119,127.1253752911747,966899.608194,1947800.794765,I,2026-05-07 22:30:17,2023-06-30 10:07:24
3240000,3240000-S200700025,서울특별시 강동구 천호동 234번지 6호,서울특별시 강동구 구천면로 304 (천호동),5310.0,2007-06-20,,사용중,일주빌딩 지하1층~지하2층,공공용시설,지하,471.0,471,37.0,32.0,48.22,127.0,8.0,5.31,37.5467270210277,127.134809442125,967740.8481406363,1949773.0130567637,I,2026-05-07 22:30:14,2026-02-24 15:00:36
3240000,3240000-S199300009,서울특별시 강동구 성내동 448번지 3호,"서울특별시 강동구 강동대로 195 (성내동, 뉴타임빌딩)",5402.0,1993-01-01,,사용중,(주)한섬 성내사옥 본관 지하1층,공공용시설,지하,1651.0,1651,37.0,31.0,27.79,127.0,7.0,41.78,37.52430216579416,127.12828502780012,967154.677264,1947287.37041,I,2026-05-07 22:30:15,2026-02-24 15:02:16
3240000,3240000-S202300009,서울특별시 강동구 상일동 36-3 강동리엔파크11단지,"서울특별시 강동구 고덕로98길 101 (상일동, 강동리엔파크11단지)",5416.0,2023-11-06,,사용중,강동리엔파크 11단지 지하주차장 1~2층,공공용시설,지하,14078.18,14078,37.0,33.0,14.31,127.0,10.0,48.83,37.5539761623012,127.180230689809,971755.8867187998,1950562.6463637687,I,2026-05-07 22:30:15,2026-02-02 16:18:14
3240000,3240000-S200900005,서울특별시 강동구 암사동 414번지 19호,서울특별시 강동구 고덕로 137 (암사동),5236.0,2009-09-01,,사용중,"암사3동주민센터 지하주차장(지하1,2층)",공공용시설,지하,1542.0,1542,37.0,33.0,17.99,127.0,8.0,26.81,37.55492786606893,127.14076687987856,968270.577661,1950680.821531,I,2026-05-07 22:30:13,2026-03-09 11:21:28
3240000,3240000-S200900004,서울특별시 강동구 강일동 699번지,서울특별시 강동구 고덕로97길 29 (강일동),5216.0,2009-09-01,,사용중,강일리버파크 9단지(지하1층 주차장),공공용시설,지하,24645.0,24645,37.0,33.0,30.86,127.0,10.0,45.17,37.55981409630977,127.17931881965296,971677.553846,1951210.605455,I,2026-05-07 22:30:14,2026-02-09 10:42:44
3240000,3240000-S198900005,서울특별시 강동구 명일동 335번지 3호,서울특별시 강동구 양재대로 1596 (명일동),5295.0,1989-10-12,,사용중,"대신증권 지하주차장(지하1,2층)",공공용시설,지하,1084.0,1084,37.0,32.0,53.08,127.0,8.0,37.64,37.5480785631349,127.143789748029,968534.6953502,1949919.9152329,I,2026-05-07 22:30:13,2026-02-07 20:59:04
3240000,3240000-S199500015,서울특별시 강동구 천호동 455번지,"서울특별시 강동구 천호대로 지하 997 (천호동, 천호역)",5248.0,1995-01-01,,사용중,지하철 천호역 1~8번출구(지하1~3층),공공용시설,지하,13185.0,13185,37.0,32.0,18.88,127.0,7.0,25.44,37.5385766029269,127.123734624543,966758.9306841,1948872.6301366668,I,2026-05-07 22:30:18,2026-03-26 19:22:28
3240000,3240000-S201000019,서울특별시 강동구 성내동 590번지,"서울특별시 강동구 풍성로 128 (성내동, 성내동삼성아파트)",5393.0,2010-12-07,,사용중,성내동삼성아파트(전체동 지하1층),공공용시설,지하,34241.0,34241,37.0,31.0,50.86,127.0,7.0,31.89,37.53142876954661,127.12620859582738,966974.34188,1948078.749849,I,2026-05-07 22:30:17,2026-02-24 15:02:51
3240000,3240000-S199500010,서울특별시 강동구 성내동 539번지 3호,"서울특별시 강동구 성내로 19 (성내동, (주)서경산업개발)",5392.0,1995-01-01,2024-01-05,사용중지,서경빌딩 지하1층~지하2층 주차장,공공용시설,지하,1108.0,1108,37.0,31.0,49.3,127.0,7.0,22.19,37.530148687925326,127.12276840901647,966669.819689,1947937.946253,I,2026-05-07 22:30:14,2024-01-05 09:17:30
3240000,3240000-S199500011,서울특별시 강동구 성내동 549번지 1호,"서울특별시 강동구 성내로 48 (성내동, 씨네월드)",5399.0,1995-01-01,2023-11-13,사용중지,강동메가박스 지하1층~지하2층 주차장,공공용시설,지하,2266.0,2266,37.0,31.0,42.37,127.0,7.0,31.31,37.528590944685305,127.12535344923202,966897.532566,1947764.211334,I,2026-05-07 22:30:15,2023-11-13 09:05:54
3240000,3240000-S199800006,서울특별시 강동구 천호동 565번지,서울특별시 강동구 천호대로 1095 (천호동),5339.0,1998-01-01,,사용중,현대타워(지하3층),공공용시설,지하,2159.0,2159,37.0,32.0,9.39,127.0,8.0,1.12,37.53581697171322,127.13357983795888,967627.513721,1948563.031064,I,2026-05-07 22:30:14,2026-02-24 15:01:34
3240000,3240000-S199700006,서울특별시 강동구 천호동 455번지 8호,서울특별시 강동구 천호대로 1005 (천호동),5328.0,1997-01-01,,사용중,현대백화점 지하주차장(지하3~5층),공공용시설,지하,22303.0,22303,37.0,32.0,20.31,127.0,7.0,27.99,37.5389750570431,127.124441003488,966821.5123383,1948916.5867572331,I,2026-05-07 22:30:15,2026-03-26 18:09:34
3240000,3240000-S200700018,서울특별시 강동구 암사동 461번지,서울특별시 강동구 고덕로 52 (암사동),5251.0,2007-06-20,,사용중,대원아파트 지하주차장 전층(지하1~3층),공공용시설,지하,5459.0,5459,37.0,33.0,16.23,127.0,7.0,49.8,37.5546332987775,127.13079259378382,967389.462999,1950651.554523,I,2026-05-07 22:30:14,2026-02-09 16:02:14
3240000,3240000-S200900010,서울특별시 강동구 암사동 442번지 1호,"서울특별시 강동구 올림픽로104길 41 (암사동, 한강현대아파트)",5238.0,2009-09-01,,사용중,한강현대아파트 지하주차장(지하1층),공공용시설,지하,8040.0,8040,37.0,33.0,19.65,127.0,7.0,54.03,37.55563051302168,127.13216674759164,967511.269589,1950761.713899,I,2026-05-07 22:30:14,2026-03-09 11:22:42
3240000,3240000-S198900004,서울특별시 강동구 명일동 332번지,서울특별시 강동구 상암로51길 61 (명일동),5292.0,1999-12-01,,사용중,"명일지에스아파트 지하주차장 (지하1,2층)",공공용시설,지하,9497.0,9497,37.0,32.0,57.49,127.0,8.0,46.72,37.5493018643125,127.146310405464,968757.8652142332,1950054.7926463336,I,2026-05-07 22:30:16,2026-02-07 20:49:38
3240000,3240000-S199700001,서울특별시 강동구 둔촌동 621번지,서울특별시 강동구 동남로49길 60-5 (둔촌동),5366.0,1997-01-01,,사용중,동아아파트 지하주차장 지하1층,공공용시설,지하,2913.0,2913,37.0,31.0,58.64,127.0,8.0,47.31,37.5329566590084,127.146474243469,968765.5195040336,1948241.3363144668,I,2026-05-07 22:30:15,2026-02-24 15:04:23
3240000,3240000-S199200003,서울특별시 강동구 명일동 306번지 1호,서울특별시 강동구 양재대로 1661 (명일동),5257.0,1992-11-14,,사용중,"국민은행 명일동지점 지하 주차장 (지하1,3,4층)",공공용시설,지하,1985.0,1985,37.0,33.0,13.89,127.0,8.0,38.2,37.5538571475709,127.143943984055,968550.7477670002,1950560.9638095333,I,2026-05-07 22:30:13,2026-02-09 10:51:04
3240000,3240000-S202300005,서울특별시 강동구 암사동 413 프라이어팰리스,"서울특별시 강동구 고덕로 130 (암사동, 프라이어팰리스)",5256.0,2023-07-31,,사용중,프라이어팰리스아파트 지하1층주차장,공공용시설,지하,39795.53,39795,37.0,33.0,16.16,127.0,8.0,23.37,37.554489775949,127.139825603245,968187.2524763728,1950632.5360909645,I,2026-05-07 22:30:16,2026-02-09 16:09:13
3240000,3240000-S198400009,서울특별시 강동구 명일동 15번지,서울특별시 강동구 고덕로 210 (명일동),5267.0,1984-01-01,2023-11-14,사용중지,삼익2차아파트(전동지하1층),공공용시설,지하,10195.0,10195,37.0,33.0,4.83,127.0,8.0,53.05,37.55454502311471,127.14888403540162,968987.372675,1950635.638345,I,2026-05-07 22:30:16,2023-11-14 19:04:43
3240000,3240000-S202300003,서울특별시 강동구 명일동 359 래미안 솔베뉴,"서울특별시 강동구 양재대로 1650 (명일동, 래미안 솔베뉴)",5266.0,2023-06-27,,사용중,"래미안솔베뉴아파트 지하주차장(지하1,2,3층)",공공용시설,지하,76965.0,76965,37.0,33.0,9.74,127.0,8.0,39.71,37.5527043901346,127.144364837922,968587.4366819,1950432.9313401,I,2026-05-07 22:30:17,2026-02-09 10:51:19
3240000,3240000-S201500003,서울특별시 강동구 암사동 518번지,"서울특별시 강동구 선사로 120 (암사동, 한솔 솔파크 더 리버)",5242.0,2015-12-24,,사용중,한솔솔파크 더리버 아파트(지하 1층 주차장),공공용시설,지하,10789.52,10789,37.0,32.0,56.58,127.0,7.0,23.54,37.5490486939568,127.123205235855,966716.8177212668,1950034.634024433,I,2026-05-07 22:30:17,2026-02-09 15:17:13
3240000,3240000-S200700019,서울특별시 강동구 암사동 493번지 14호,서울특별시 강동구 올림픽로98가길 47 (암사동),5262.0,2007-06-20,,사용중,중앙하이츠아파트 지하주차장 전층(지하1~2층),공공용시설,지하,4397.0,4397,37.0,33.0,4.33,127.0,7.0,55.27,37.55095488326597,127.13153451973736,967453.394823,1950243.198409,I,2026-05-07 22:30:14,2026-02-24 15:00:04
3240000,3240000-S200700010,서울특별시 강동구 길동 474번지,"서울특별시 강동구 천호대로 1239 (길동, GS강동자이아파트)",5348.0,2007-06-20,,사용중,GS강동자이아파트 지하1층,공공용시설,지하,32994.0,32994,37.0,32.0,15.25,127.0,8.0,55.3,37.53688307573397,127.1486073894906,968955.61414,1948676.241764,I,2026-05-07 22:30:17,2026-02-10 10:34:23
3240000,3240000-S201200001,서울특별시 강동구 암사동 503번지 8호,"서울특별시 강동구 상암로3길 28 (암사동, 암사2동주민센터)",5241.0,2012-01-01,2023-06-21,사용중지,암사2동 청사(지하 1층 주차장),공공용시설,지하,361.65,361,37.0,33.0,6.31,127.0,7.0,37.55,37.55172183553901,127.12714366311236,967065.885939,1950329.81655,I,2026-05-07 22:30:16,2023-06-21 11:29:46
3240000,3240000-S200900021,서울특별시 강동구 강일동 695번지,서울특별시 강동구 고덕로97길 20 (강일동),5215.0,2009-12-24,,사용중,강일리버파크10단지(지하1층 주차장),공공용시설,지하,20369.0,20369,37.0,33.0,33.14,127.0,10.0,47.9,37.55940687769892,127.17989749466707,971728.508488,1951165.252688,I,2026-05-07 22:30:16,2026-02-09 10:45:48
3240000,3240000-S200900002,서울특별시 강동구 강일동 673번지,서울특별시 강동구 아리수로97길 19 (강일동),5210.0,2009-09-01,,사용중,강일리버파크 4단지(지하1층 주차장),공공용시설,지하,5850.0,5850,37.0,34.0,3.17,127.0,10.0,35.1,37.5668973260863,127.17711205435926,971485.352465,1951997.116634,I,2026-05-07 22:30:17,2026-02-09 10:41:56
3240000,3240000-S199300010,서울특별시 강동구 성내동 539번지 1호,"서울특별시 강동구 성내로 13 (성내동, 성내1동주민센터)",5392.0,1993-01-01,2023-06-30,사용중지,성내1동주민센터 지하1층 주차장,공공용시설,지하,396.0,396,37.0,31.0,49.73,127.0,7.0,20.88,37.53039425985312,127.1223668509072,966634.449404,1947965.333325,I,2026-05-07 22:30:13,2023-06-30 10:07:45
3240000,3240000-S200700015,서울특별시 강동구 둔촌동 556번지,서울특별시 강동구 명일로 110 (둔촌동),5370.0,2007-06-20,,사용중,암펠로스타워아파트 지하주차장 지하1층,공공용시설,지하,4617.0,4617,37.0,31.0,43.71,127.0,8.0,35.4,37.5288078281985,127.143165952832,968471.480211,1947782.1532067664,I,2026-05-07 22:30:16,2026-02-24 15:04:49
3240000,3240000-S198300002,서울특별시 강동구 명일동 257번지,서울특별시 강동구 구천면로 476 (명일동),5272.0,1990-01-01,2023-11-13,사용중지,명일주공9단지아파트(전체동의 지하1층),공공용시설,지하,1858.0,1858,37.0,32.0,56.29,127.0,9.0,3.89,37.549038706855335,127.15116674156867,969186.728501,1950023.994099,I,2026-05-07 22:30:13,2023-11-13 09:53:45
3240000,3240000-S198600006,서울특별시 강동구 성내동 397번지 3호,서울특별시 강동구 양재대로 1395 (성내동),5376.0,1986-01-01,2025-09-01,사용중지,기아자동차 강동지점 지하1층,공공용시설,지하,1440.0,1440,37.0,31.0,50.79,127.0,8.0,12.51,37.53068506186284,127.13700678943847,967928.081516,1947992.503061,I,2026-05-07 22:30:15,2025-09-05 13:23:25
3240000,3240000-S199900003,서울특별시 강동구 성내동 319번지,"서울특별시 강동구 올림픽로 지하 550 (성내동, 강동구청역)",5391.0,1999-01-01,,사용중,강동구청역 지하1층,공공용시설,지하,5601.0,5601,37.0,31.0,51.39,127.0,7.0,14.52,37.53080399958287,127.12072284390116,966489.376915,1948011.375921,I,2026-05-07 22:30:13,2026-02-24 15:02:30
3240000,3240000-S202300007,서울특별시 강동구 상일동 28 강동리엔파크14단지,"서울특별시 강동구 고덕로98길 160 (상일동, 강동리엔파크14단지)",5286.0,2023-09-14,,사용중,강동리엔파크 14단지 지하주차장 1~2층,공공용시설,지하,28303.32,28303,37.0,33.0,5.3,127.0,10.0,51.84,37.5514717938872,127.181067187998,971828.8292479276,1950284.5505030705,I,2026-05-07 22:30:13,2026-01-29 17:25:50
3240000,3240000-S199500006,서울특별시 강동구 둔촌동 545번지,서울특별시 강동구 명일로 113 (둔촌동),5371.0,1995-01-01,,사용중,하이츠아파트 지하주차장 지하1층,공공용시설,지하,736.0,736,37.0,31.0,45.29,127.0,8.0,33.44,37.529246413626,127.142622610533,968423.6572432668,1947830.9937927,I,2026-05-07 22:30:13,2026-02-10 11:04:36
3240000,3240000-S201000005,서울특별시 강동구 천호동 432번지 10호,서울특별시 강동구 올림픽로 659 (천호동),5248.0,2010-11-19,,사용중,쌍용플래티넘리버 지하주차장(지하1~4층),공공용시설,지하,5872.0,5872,37.0,32.0,25.1,127.0,7.0,24.83,37.5403046976612,127.12356468365,966744.6847489,1949064.411979467,I,2026-05-07 22:30:16,2026-03-27 13:40:43
3240000,3240000-S201500001,서울특별시 강동구 고덕동 691-6 고덕1동주민센터,"서울특별시 강동구 양재대로156길 123, 고덕1동주민센터 (고덕동)",5231.0,2015-08-11,2023-06-22,사용중지,고덕1동 주민센터 지하1층,공공용시설,지하,278.0,278,37.0,33.0,26.21,127.0,9.0,5.43,37.55719689551054,127.1514906610651,969218.696746,1950928.991493,I,2026-05-07 22:30:17,2023-06-22 18:00:04
